ISO-10303-21;
HEADER;
FILE_DESCRIPTION (( 'STEP AP214' ),
    '1' );
FILE_NAME ('JF-1039.STEP',
    '2026-02-17T16:37:05',
    ( '' ),
    ( '' ),
    'SwSTEP 2.0',
    'SolidWorks 2025',
    '' );
FILE_SCHEMA (( 'AUTOMOTIVE_DESIGN' ));
ENDSEC;

DATA;
#1 =( BOUNDED_SURFACE ( )  B_SPLINE_SURFACE ( 3, 1, ( 
 ( #744, #3829 ),
 ( #3803, #1679 ),
 ( #1384, #3067 ),
 ( #2456, #3851 ) ),
 .UNSPECIFIED., .F., .F., .T. ) 
 B_SPLINE_SURFACE_WITH_KNOTS ( ( 4, 4 ),
 ( 2, 2 ),
 ( 0.000000000000000000, 1.000000000000000000 ),
 ( 0.000000000000000000, 1.000000000000000000 ),
 .UNSPECIFIED. ) 
 GEOMETRIC_REPRESENTATION_ITEM ( )  RATIONAL_B_SPLINE_SURFACE ( (
 ( 1.000000000000000000, 1.000000000000000000),
 ( 0.3333333333333335369, 0.3333333333333335369),
 ( 0.3333333333333335369, 0.3333333333333335369),
 ( 1.000000000000000000, 1.000000000000000000) ) ) 
 REPRESENTATION_ITEM ( '' )  SURFACE ( )  );
#2 = CARTESIAN_POINT ( 'NONE',  ( 14.14610259887269805, 0.8872977105012439525, 7.911077348990829705 ) ) ;
#3 = ORIENTED_EDGE ( 'NONE', *, *, #1122, .T. ) ;
#4 = CARTESIAN_POINT ( 'NONE',  ( 7.465102036015630382, -7.696035622831689516, 3.853209662789960355 ) ) ;
#5 = DIRECTION ( 'NONE',  ( 1.000000000000000000, 0.000000000000000000, 0.000000000000000000 ) ) ;
#6 = CARTESIAN_POINT ( 'NONE',  ( 10.00000000000000000, 7.744397795369440729, 13.29999999999999893 ) ) ;
#7 = EDGE_CURVE ( 'NONE', #1827, #1484, #4164, .T. ) ;
#8 = DIRECTION ( 'NONE',  ( 0.000000000000000000, 0.000000000000000000, -1.000000000000000000 ) ) ;
#9 = CARTESIAN_POINT ( 'NONE',  ( 0.5639171138910169523, -4.612702289498350261, 14.53142432752926005 ) ) ;
#10 = CARTESIAN_POINT ( 'NONE',  ( 7.098551779979320742, -9.362702289498688657, 24.08203654805069860 ) ) ;
#11 = ORIENTED_EDGE ( 'NONE', *, *, #2101, .F. ) ;
#12 = CARTESIAN_POINT ( 'NONE',  ( 10.72105315914311952, 4.553964377169330113, 7.820253568518330312 ) ) ;
#13 = DIRECTION ( 'NONE',  ( -1.000000000000000000, 0.000000000000000000, 0.000000000000000000 ) ) ;
#14 = CARTESIAN_POINT ( 'NONE',  ( 16.31310873358822633, 2.603964377168695332, 16.94294689688987177 ) ) ;
#15 = ORIENTED_EDGE ( 'NONE', *, *, #2694, .F. ) ;
#16 = CLOSED_SHELL ( 'NONE', ( #2152, #1416, #4063, #618, #3232, #2189, #1982, #986, #2000, #2726, #1944, #3143, #1446, #3699, #414, #1478, #394, #2834, #1734, #4400, #3345, #2671, #4001, #971, #1249, #448, #3034, #2705 ) ) ;
#17 = CARTESIAN_POINT ( 'NONE',  ( 2.590000000040109551, -15.63225098456195283, 24.03999999999999915 ) ) ;
#18 = DIRECTION ( 'NONE',  ( 0.000000000000000000, -1.000000000000000000, 0.000000000000000000 ) ) ;
#19 = CARTESIAN_POINT ( 'NONE',  ( 7.825610132964835763, -2.896035622832182632, 5.194672411462271988 ) ) ;
#20 = DIRECTION ( 'NONE',  ( 0.000000000000000000, 1.000000000000000000, 0.000000000000000000 ) ) ;
#21 = CARTESIAN_POINT ( 'NONE',  ( 1.421305049095811235, -5.246035622831771938, 12.17329542739492965 ) ) ;
#22 = CARTESIAN_POINT ( 'NONE',  ( 1.493217497144943895, -8.112702289498770369, 6.757811377275560361 ) ) ;
#23 = AXIS2_PLACEMENT_3D ( 'NONE', #2627, #963, #869 ) ;
#24 = CARTESIAN_POINT ( 'NONE',  ( 4.987657940294879744, 3.803964377167705191, 10.40676813031562098 ) ) ;
#25 = ORIENTED_EDGE ( 'NONE', *, *, #3598, .T. ) ;
#26 = CARTESIAN_POINT ( 'NONE',  ( 17.55112225545059701, -6.946035622833170109, 7.501633556960890736 ) ) ;
#27 = LINE ( 'NONE', #2786, #403 ) ;
#28 = ADVANCED_FACE ( 'NONE', ( #3734 ), #613, .T. ) ;
#29 = PLANE ( 'NONE',  #1063 ) ;
#30 = DIRECTION ( 'NONE',  ( 0.000000000000000000, 0.000000000000000000, 1.000000000000000000 ) ) ;
#31 = CARTESIAN_POINT ( 'NONE',  ( 16.07839841383270141, -5.946035622831000289, 21.21550835391564860 ) ) ;
#32 = CARTESIAN_POINT ( 'NONE',  ( 13.57820334800573114, 1.337297710501008652, 19.51569388137101058 ) ) ;
#33 = ORIENTED_EDGE ( 'NONE', *, *, #270, .F. ) ;
#34 = CARTESIAN_POINT ( 'NONE',  ( 17.76996190127935193, -2.696035622831720158, 11.21573715723140019 ) ) ;
#35 = DIRECTION ( 'NONE',  ( 0.000000000000000000, -1.000000000000000000, 0.000000000000000000 ) ) ;
#36 = CARTESIAN_POINT ( 'NONE',  ( 5.836823338237707048, -0.3960356228317425398, 20.51571507830239582 ) ) ;
#37 = TOROIDAL_SURFACE ( 'NONE', #401, 3.000000000000000000, 1.000000000000000000 ) ;
#38 = CIRCLE ( 'NONE', #3607, 2.000000000000000000 ) ;
#39 = ORIENTED_EDGE ( 'NONE', *, *, #4036, .T. ) ;
#40 = DIRECTION ( 'NONE',  ( 0.000000000000000000, 0.000000000000000000, 1.000000000000000000 ) ) ;
#41 = DIRECTION ( 'NONE',  ( 0.000000000000000000, 1.000000000000000000, 0.000000000000000000 ) ) ;
#42 = AXIS2_PLACEMENT_3D ( 'NONE', #1840, #2866, #471 ) ;
#43 = CARTESIAN_POINT ( 'NONE',  ( 15.83894584125581062, -6.312702289496951558, 5.708298346332686179 ) ) ;
#44 = FACE_OUTER_BOUND ( 'NONE', #2593, .T. ) ;
#45 = CARTESIAN_POINT ( 'NONE',  ( 17.76996190127936259, -3.496035622831720424, 11.21573715723138776 ) ) ;
#46 = CARTESIAN_POINT ( 'NONE',  ( 10.00000000000000000, -9.529368956165059856, 24.42902698495500147 ) ) ;
#47 = VECTOR ( 'NONE', #1822, 1000.000000000000000 ) ;
#48 = CARTESIAN_POINT ( 'NONE',  ( 8.389474378434998769, 2.637297710500714931, 19.27847016036829686 ) ) ;
#49 = ORIENTED_EDGE ( 'NONE', *, *, #4461, .F. ) ;
#50 = DIRECTION ( 'NONE',  ( 0.000000000000000000, 0.000000000000000000, 1.000000000000000000 ) ) ;
#51 = CARTESIAN_POINT ( 'NONE',  ( 22.10000000000000142, -12.51560220463055906, 13.29999999999999893 ) ) ;
#52 = FACE_OUTER_BOUND ( 'NONE', #3796, .T. ) ;
#53 = EDGE_CURVE ( 'NONE', #4298, #836, #4473, .T. ) ;
#54 = CARTESIAN_POINT ( 'NONE',  ( 20.00000000000000000, -9.955602204630560337, 26.59999999999999787 ) ) ;
#55 = CARTESIAN_POINT ( 'NONE',  ( 3.461228522665984908, -0.9460356228318049787, 18.32037138750595062 ) ) ;
#56 = CARTESIAN_POINT ( 'NONE',  ( 4.687697435835839421, -7.862702289498429309, 4.075618302544520510 ) ) ;
#57 = VERTEX_POINT ( 'NONE', #1048 ) ;
#58 = EDGE_CURVE ( 'NONE', #2241, #4136, #2390, .T. ) ;
#59 = CARTESIAN_POINT ( 'NONE',  ( 6.529293014917660010, 4.053964377168324695, 8.777698873022290016 ) ) ;
#60 =( NAMED_UNIT ( * ) SI_UNIT ( $, .STERADIAN. ) SOLID_ANGLE_UNIT ( ) );
#61 = ORIENTED_EDGE ( 'NONE', *, *, #1031, .F. ) ;
#62 = ORIENTED_EDGE ( 'NONE', *, *, #3124, .T. ) ;
#63 = EDGE_CURVE ( 'NONE', #3637, #2655, #1409, .T. ) ;
#64 = CARTESIAN_POINT ( 'NONE',  ( 4.584264969356262043, -4.312702289498247410, 20.34100690302586756 ) ) ;
#65 = CARTESIAN_POINT ( 'NONE',  ( 14.29902937654251538, 12.74684310325372216, 11.80961167660246680 ) ) ;
#66 = CARTESIAN_POINT ( 'NONE',  ( 14.01218577410768340, 5.087297710501451853, 16.38807557244667734 ) ) ;
#67 = CARTESIAN_POINT ( 'NONE',  ( 0.4747495209609259859, -8.862702289499370778, 18.78571248573305041 ) ) ;
#68 = CARTESIAN_POINT ( 'NONE',  ( 9.278946840856869827, 4.387297710500544845, 7.762865633682390687 ) ) ;
#69 = ORIENTED_EDGE ( 'NONE', *, *, #109, .F. ) ;
#70 = DIRECTION ( 'NONE',  ( 0.000000000000000000, 1.000000000000000000, 0.000000000000000000 ) ) ;
#71 =( NAMED_UNIT ( * ) SI_UNIT ( $, .STERADIAN. ) SOLID_ANGLE_UNIT ( ) );
#72 = CARTESIAN_POINT ( 'NONE',  ( 7.884999999999999787, -12.51560220463055906, 24.03999999999999915 ) ) ;
#73 = DIRECTION ( 'NONE',  ( 0.000000000000000000, 0.000000000000000000, 1.000000000000000000 ) ) ;
#74 = CARTESIAN_POINT ( 'NONE',  ( 2.121591331802120006, -0.6960356228314399374, 15.41340710206555009 ) ) ;
#75 = CARTESIAN_POINT ( 'NONE',  ( 8.337228018775434180, 3.503964377168584221, 7.098419767767894406 ) ) ;
#76 = VERTEX_POINT ( 'NONE', #2801 ) ;
#77 = CARTESIAN_POINT ( 'NONE',  ( 9.008512565152948071, -1.446035622832863909, 20.84571211103465416 ) ) ;
#78 = SURFACE_SIDE_STYLE ('',( #3204 ) ) ;
#79 = EDGE_CURVE ( 'NONE', #4136, #1724, #659, .T. ) ;
#80 = VERTEX_POINT ( 'NONE', #2052 ) ;
#81 = VERTEX_POINT ( 'NONE', #2778 ) ;
#82 = CARTESIAN_POINT ( 'NONE',  ( 18.22448380506527243, -6.062702289498582253, 8.564002541573499272 ) ) ;
#83 = CARTESIAN_POINT ( 'NONE',  ( 10.00000000000000000, -57.85560220463059977, 13.29999999999999893 ) ) ;
#84 = CARTESIAN_POINT ( 'NONE',  ( 17.51658385986430133, -2.196035622831499889, 17.63658658335549845 ) ) ;
#85 = CARTESIAN_POINT ( 'NONE',  ( 10.00000000000000000, 7.744397795369440729, 13.29999999999999893 ) ) ;
#86 = PRESENTATION_LAYER_ASSIGNMENT (  '', '', ( #3941 ) ) ;
#87 = ORIENTED_EDGE ( 'NONE', *, *, #1860, .T. ) ;
#88 = CARTESIAN_POINT ( 'NONE',  ( 8.186118229871720331, 0.3039643771680420326, 6.536135160219169293 ) ) ;
#89 = DIRECTION ( 'NONE',  ( 1.000000000000000000, 0.000000000000000000, 0.000000000000000000 ) ) ;
#90 = CARTESIAN_POINT ( 'NONE',  ( 10.00000000000000000, 6.844397795369439486, 13.29999999999999893 ) ) ;
#91 = LINE ( 'NONE', #3565, #1487 ) ;
#92 = VECTOR ( 'NONE', #1236, 1000.000000000000000 ) ;
#93 = CARTESIAN_POINT ( 'NONE',  ( 5.785470835461010708, 2.887297710501124826, 18.77796137394489762 ) ) ;
#94 = CARTESIAN_POINT ( 'NONE',  ( 11.48251793300471491, 5.503964377169366706, 18.83084885784253970 ) ) ;
#95 = EDGE_LOOP ( 'NONE', ( #752, #1677, #2827, #2771 ) ) ;
#96 = DIRECTION ( 'NONE',  ( 0.000000000000000000, 1.000000000000000000, 0.000000000000000000 ) ) ;
#97 = FILL_AREA_STYLE_COLOUR ( '', #2993 ) ;
#98 = EDGE_LOOP ( 'NONE', ( #1447, #3749, #3270, #412, #3886, #1665, #1425, #3937 ) ) ;
#99 = EDGE_LOOP ( 'NONE', ( #4426, #3911 ) ) ;
#100 = CARTESIAN_POINT ( 'NONE',  ( 0.2178439755822454971, -7.896035622830755329, 15.92502498824825174 ) ) ;
#101 = CARTESIAN_POINT ( 'NONE',  ( 10.00000000000000000, 16.54439779536944854, 13.29999999999999893 ) ) ;
#102 = MECHANICAL_DESIGN_GEOMETRIC_PRESENTATION_REPRESENTATION (  '', ( #3459 ), #3685 ) ;
#103 = ADVANCED_FACE ( 'NONE', ( #44 ), #4501, .T. ) ;
#104 = AXIS2_PLACEMENT_3D ( 'NONE', #914, #206, #3700 ) ;
#105 = CARTESIAN_POINT ( 'NONE',  ( 12.20353412626135992, -1.696035622831054912, 21.51377435534960014 ) ) ;
#106 = AXIS2_PLACEMENT_3D ( 'NONE', #550, #3717, #2713 ) ;
#107 = DIRECTION ( 'NONE',  ( 0.000000000000000000, 1.000000000000000000, 0.000000000000000000 ) ) ;
#108 = ORIENTED_EDGE ( 'NONE', *, *, #1228, .F. ) ;
#109 = EDGE_CURVE ( 'NONE', #397, #161, #1732, .T. ) ;
#110 = CARTESIAN_POINT ( 'NONE',  ( 15.81753355222754998, 1.137297710501152137, 9.951281914319249466 ) ) ;
#111 = DIRECTION ( 'NONE',  ( 0.000000000000000000, 0.000000000000000000, 1.000000000000000000 ) ) ;
#112 = VECTOR ( 'NONE', #1079, 1000.000000000000000 ) ;
#113 = AXIS2_PLACEMENT_3D ( 'NONE', #3465, #18, #1407 ) ;
#114 = CARTESIAN_POINT ( 'NONE',  ( 0.04399459592876519415, -8.446035622830459388, 11.99300591042559994 ) ) ;
#115 = ADVANCED_FACE ( 'NONE', ( #3165 ), #2434, .T. ) ;
#116 = CARTESIAN_POINT ( 'NONE',  ( 5.982763380027349420, 7.744397795369440729, 15.39680847698675059 ) ) ;
#117 = CARTESIAN_POINT ( 'NONE',  ( 6.768616495325509241, 4.137297710501290027, 7.686043681812340544 ) ) ;
#118 = CARTESIAN_POINT ( 'NONE',  ( 18.69003972440129857, -2.446035622832780199, 14.44127956899500020 ) ) ;
#119 = PLANE ( 'NONE',  #2727 ) ;
#120 = ORIENTED_EDGE ( 'NONE', *, *, #786, .T. ) ;
#121 = DIRECTION ( 'NONE',  ( 0.000000000000000000, 0.000000000000000000, -1.000000000000000000 ) ) ;
#122 = SURFACE_STYLE_FILL_AREA ( #142 ) ;
#123 = VERTEX_POINT ( 'NONE', #1094 ) ;
#124 = ORIENTED_EDGE ( 'NONE', *, *, #4374, .F. ) ;
#125 = CARTESIAN_POINT ( 'NONE',  ( 17.94742765945334284, -1.812702289497347241, 12.26344018589868767 ) ) ;
#126 = DIRECTION ( 'NONE',  ( -0.000000000000000000, 1.000000000000000000, 0.000000000000000000 ) ) ;
#127 = CARTESIAN_POINT ( 'NONE',  ( 14.38555517178711973, 2.053964377167664779, 19.01272935132269737 ) ) ;
#128 = EDGE_CURVE ( 'NONE', #2308, #2606, #1126, .T. ) ;
#129 = CYLINDRICAL_SURFACE ( 'NONE', #4410, 6.049999999999999822 ) ;
#130 = ORIENTED_EDGE ( 'NONE', *, *, #3454, .F. ) ;
#131 = CARTESIAN_POINT ( 'NONE',  ( 2.999572495164794628, -4.946035622831869816, 18.67515563245305188 ) ) ;
#132 = CARTESIAN_POINT ( 'NONE',  ( 6.468466501280969894, 7.744397795369440729, 13.29999999999999893 ) ) ;
#133 = EDGE_CURVE ( 'NONE', #1304, #3644, #4195, .T. ) ;
#134 = PLANE ( 'NONE',  #327 ) ;
#135 = CARTESIAN_POINT ( 'NONE',  ( 5.152560377535870373, 6.944397795369440018, 11.88408012000510006 ) ) ;
#136 = CARTESIAN_POINT ( 'NONE',  ( 10.91591767250820055, 2.387297710501564918, 20.32578959297075016 ) ) ;
#137 = CARTESIAN_POINT ( 'NONE',  ( 11.00606243113880112, 0.5539643771691570295, 5.642943115463880055 ) ) ;
#138 = EDGE_CURVE ( 'NONE', #1864, #2354, #2458, .T. ) ;
#139 = DIRECTION ( 'NONE',  ( 0.000000000000000000, 0.000000000000000000, 1.000000000000000000 ) ) ;
#140 = ORIENTED_EDGE ( 'NONE', *, *, #128, .F. ) ;
#141 = CARTESIAN_POINT ( 'NONE',  ( 20.00000000000000000, -47.95560220463060119, 25.10000000000000142 ) ) ;
#142 = FILL_AREA_STYLE ('',( #3635 ) ) ;
#143 = CARTESIAN_POINT ( 'NONE',  ( -0.7560054040713520829, -9.246035622830454770, 11.88828615545472722 ) ) ;
#144 = EDGE_LOOP ( 'NONE', ( #185, #1736, #3877, #2336 ) ) ;
#145 = ORIENTED_EDGE ( 'NONE', *, *, #4433, .F. ) ;
#146 = CARTESIAN_POINT ( 'NONE',  ( 8.546626326647935201, 5.103964377168597188, 7.877597908943679172 ) ) ;
#147 = CYLINDRICAL_SURFACE ( 'NONE', #1902, 4.549999999999999822 ) ;
#148 = CARTESIAN_POINT ( 'NONE',  ( 11.18635194827112045, -3.446035622832640311, 4.265632662325860025 ) ) ;
#149 = CARTESIAN_POINT ( 'NONE',  ( 8.650000000000000355, 6.944397795369440018, 10.03668437742000030 ) ) ;
#150 = ORIENTED_EDGE ( 'NONE', *, *, #3652, .T. ) ;
#151 = CARTESIAN_POINT ( 'NONE',  ( 2.377253758107114479, -4.862702289497749852, 17.68917761528139820 ) ) ;
#152 = CARTESIAN_POINT ( 'NONE',  ( 7.884999999999999787, -9.955602204630560337, 2.322088829909565030E-15 ) ) ;
#153 = VECTOR ( 'NONE', #2098, 1000.000000000000000 ) ;
#154 = CARTESIAN_POINT ( 'NONE',  ( -1.948795174129779644E-15, 12.94439779536943824, 11.79999999999999893 ) ) ;
#155 = DIRECTION ( 'NONE',  ( 0.000000000000000000, 1.000000000000000000, 0.000000000000000000 ) ) ;
#156 = CARTESIAN_POINT ( 'NONE',  ( 16.46000000004010033, -37.43225098456194644, 26.57500000000000284 ) ) ;
#157 = CARTESIAN_POINT ( 'NONE',  ( 3.085153703255965052, -0.1960356228321235017, 9.310233259843359477 ) ) ;
#158 = EDGE_CURVE ( 'NONE', #3276, #567, #3801, .T. ) ;
#159 = PRESENTATION_LAYER_ASSIGNMENT (  '', '', ( #2128 ) ) ;
#160 = CIRCLE ( 'NONE', #3883, 4.000000000000000000 ) ;
#161 = VERTEX_POINT ( 'NONE', #1023 ) ;
#162 = DIRECTION ( 'NONE',  ( -1.000000000000000000, 0.000000000000000000, 1.224646799147353947E-16 ) ) ;
#163 = CARTESIAN_POINT ( 'NONE',  ( 4.449543965503977461, -9.996035622831429990, 22.92266533108237780 ) ) ;
#164 = EDGE_CURVE ( 'NONE', #3638, #3644, #2559, .T. ) ;
#165 = ORIENTED_EDGE ( 'NONE', *, *, #4319, .T. ) ;
#166 = CARTESIAN_POINT ( 'NONE',  ( 16.21496477702059735, -1.312702289498601793, 18.08091881472632068 ) ) ;
#167 = DIRECTION ( 'NONE',  ( 0.000000000000000000, 0.000000000000000000, -1.000000000000000000 ) ) ;
#168 = ADVANCED_FACE ( 'NONE', ( #407 ), #4168, .T. ) ;
#169 = CARTESIAN_POINT ( 'NONE',  ( 5.381337122224760350, -3.862702289497940367, 5.279093429024440454 ) ) ;
#170 = CARTESIAN_POINT ( 'NONE',  ( 8.625000000000000000, 16.54439779536944854, 17.63726584382374796 ) ) ;
#171 = CIRCLE ( 'NONE', #2437, 1.500000000000001332 ) ;
#172 = FACE_OUTER_BOUND ( 'NONE', #4163, .T. ) ;
#173 = AXIS2_PLACEMENT_3D ( 'NONE', #1233, #459, #554 ) ;
#174 = ORIENTED_EDGE ( 'NONE', *, *, #241, .T. ) ;
#175 = CARTESIAN_POINT ( 'NONE',  ( 4.356895526906590099, 3.637297710502169767, 11.77960140265784084 ) ) ;
#176 = DIRECTION ( 'NONE',  ( 0.000000000000000000, 1.000000000000000000, 0.000000000000000000 ) ) ;
#177 = AXIS2_PLACEMENT_3D ( 'NONE', #1375, #2487, #3152 ) ;
#178 = CARTESIAN_POINT ( 'NONE',  ( 10.00000000000000000, -9.529368956165059856, 23.62902698495494747 ) ) ;
#179 = LINE ( 'NONE', #3629, #3896 ) ;
#180 = DIRECTION ( 'NONE',  ( -0.1005920011948163995, 0.000000000000000000, 0.9949277608427770092 ) ) ;
#181 = CARTESIAN_POINT ( 'NONE',  ( 0.7801285830887280115, -4.696035622832379630, 15.77391519890940152 ) ) ;
#182 = CIRCLE ( 'NONE', #4258, 2.000000000000000000 ) ;
#183 = ADVANCED_FACE ( 'NONE', ( #1172 ), #1836, .T. ) ;
#184 = CARTESIAN_POINT ( 'NONE',  ( 20.00000000000000000, -12.51560220463055906, 2.560000000000000053 ) ) ;
#185 = ORIENTED_EDGE ( 'NONE', *, *, #1557, .T. ) ;
#186 = DIRECTION ( 'NONE',  ( 0.000000000000000000, 0.000000000000000000, 1.000000000000000000 ) ) ;
#187 = CARTESIAN_POINT ( 'NONE',  ( 5.635024485945769435, 6.944397795369440018, 18.83619804213210003 ) ) ;
#188 = CARTESIAN_POINT ( 'NONE',  ( 11.43027157313655806, 3.837297710502340031, 7.992261214160769178 ) ) ;
#189 = EDGE_CURVE ( 'NONE', #876, #2134, #1689, .T. ) ;
#190 = ORIENTED_EDGE ( 'NONE', *, *, #3504, .T. ) ;
#191 = VERTEX_POINT ( 'NONE', #1559 ) ;
#192 = CARTESIAN_POINT ( 'NONE',  ( 13.89391779556958184, 2.853964377167665045, 18.37299587764178099 ) ) ;
#193 = CARTESIAN_POINT ( 'NONE',  ( 5.592246156130526558, 11.95420819347165775, 12.16887348201574603 ) ) ;
#194 = CARTESIAN_POINT ( 'NONE',  ( 6.768616495325509241, 4.137297710501290027, 7.686043681812340544 ) ) ;
#195 = ORIENTED_EDGE ( 'NONE', *, *, #1697, .T. ) ;
#196 = ADVANCED_FACE ( 'NONE', ( #1494 ), #809, .F. ) ;
#197 = LINE ( 'NONE', #2684, #4472 ) ;
#198 = DIRECTION ( 'NONE',  ( -1.000000000000000000, 0.000000000000000000, 0.000000000000000000 ) ) ;
#199 = ORIENTED_EDGE ( 'NONE', *, *, #138, .F. ) ;
#200 = CARTESIAN_POINT ( 'NONE',  ( 19.32473811273292696, -7.412702289498430019, 12.08315066889758249 ) ) ;
#201 = DIRECTION ( 'NONE',  ( 0.000000000000000000, 0.000000000000000000, -1.000000000000000000 ) ) ;
#202 = CARTESIAN_POINT ( 'NONE',  ( 4.836449772907070788, -3.946035622830680101, 6.574919870549240208 ) ) ;
#203 = DIRECTION ( 'NONE',  ( -0.000000000000000000, 1.000000000000000000, 0.000000000000000000 ) ) ;
#204 = CARTESIAN_POINT ( 'NONE',  ( 14.55000805090791616, 14.44441559245994711, 13.49911474343135076 ) ) ;
#205 = CARTESIAN_POINT ( 'NONE',  ( 3.461228522665984908, -0.9460356228318049787, 18.32037138750595062 ) ) ;
#206 = DIRECTION ( 'NONE',  ( 0.000000000000000000, -1.000000000000000000, 0.000000000000000000 ) ) ;
#207 = ORIENTED_EDGE ( 'NONE', *, *, #7, .T. ) ;
#208 = LINE ( 'NONE', #1258, #3013 ) ;
#209 = CARTESIAN_POINT ( 'NONE',  ( 6.468466501280969894, 7.744397795369440729, 13.29999999999999893 ) ) ;
#210 = CARTESIAN_POINT ( 'NONE',  ( 6.529293014917842086, 3.253964377168318212, 8.777698873023039638 ) ) ;
#211 = ORIENTED_EDGE ( 'NONE', *, *, #2996, .F. ) ;
#212 = ORIENTED_EDGE ( 'NONE', *, *, #270, .T. ) ;
#213 = CARTESIAN_POINT ( 'NONE',  ( 11.79077967000333871, 1.437297710501801218, 6.650798465177486740 ) ) ;
#214 = CARTESIAN_POINT ( 'NONE',  ( 5.463086299190269557, 11.48274133456486723, 13.69176963828886784 ) ) ;
#215 = CARTESIAN_POINT ( 'NONE',  ( 10.82577291383587870, 4.553964377169330113, 7.020253568518319831 ) ) ;
#216 = EDGE_CURVE ( 'NONE', #3554, #802, #1470, .T. ) ;
#217 = ORIENTED_EDGE ( 'NONE', *, *, #1340, .T. ) ;
#218 = LINE ( 'NONE', #3046, #1119 ) ;
#219 = CARTESIAN_POINT ( 'NONE',  ( 12.11500000000000021, -9.955602204630560337, 1.804063233870234612E-15 ) ) ;
#220 = EDGE_LOOP ( 'NONE', ( #1834, #555, #2797, #762, #2563, #2481, #2839, #3958 ) ) ;
#221 = CARTESIAN_POINT ( 'NONE',  ( 9.188802082261561921, 2.553964377168310040, 19.46840165798559852 ) ) ;
#222 = FACE_OUTER_BOUND ( 'NONE', #2473, .T. ) ;
#223 = CARTESIAN_POINT ( 'NONE',  ( 3.234340472227875019, -4.112702289499444497, 8.095870374585720342 ) ) ;
#224 = DIRECTION ( 'NONE',  ( 0.000000000000000000, 1.000000000000000000, 0.000000000000000000 ) ) ;
#225 = DIRECTION ( 'NONE',  ( 0.000000000000000000, 0.000000000000000000, 1.000000000000000000 ) ) ;
#226 = CARTESIAN_POINT ( 'NONE',  ( 15.31308753660260003, 5.137297710501459669, 10.24202641702584060 ) ) ;
#227 = AXIS2_PLACEMENT_3D ( 'NONE', #101, #126, #427 ) ;
#228 = ORIENTED_EDGE ( 'NONE', *, *, #2864, .F. ) ;
#229 = CARTESIAN_POINT ( 'NONE',  ( 20.00000000000000000, -46.89560220463059892, 2.560000000000000053 ) ) ;
#230 = ORIENTED_EDGE ( 'NONE', *, *, #1831, .F. ) ;
#231 = CARTESIAN_POINT ( 'NONE',  ( 10.00000000000000000, 16.54439779536944854, 17.85000000000000142 ) ) ;
#232 = MECHANICAL_DESIGN_GEOMETRIC_PRESENTATION_REPRESENTATION (  '', ( #2128 ), #381 ) ;
#233 = PLANE ( 'NONE',  #23 ) ;
#234 = CARTESIAN_POINT ( 'NONE',  ( 13.81635681851699182, 0.003964377168072993722, 6.686022484848011871 ) ) ;
#235 = CIRCLE ( 'NONE', #681, 4.549999999999998934 ) ;
#236 = ORIENTED_EDGE ( 'NONE', *, *, #4069, .F. ) ;
#237 = CARTESIAN_POINT ( 'NONE',  ( 18.99676134530670168, -6.362702289498860075, 15.72166883968250239 ) ) ;
#238 = CARTESIAN_POINT ( 'NONE',  ( 11.36664146529854236, -6.646035622832501488, 2.888322209202526025 ) ) ;
#239 = VERTEX_POINT ( 'NONE', #2926 ) ;
#240 = DIRECTION ( 'NONE',  ( 0.000000000000000000, -1.000000000000000000, 0.000000000000000000 ) ) ;
#241 = EDGE_CURVE ( 'NONE', #3667, #3083, #3273, .T. ) ;
#242 = CARTESIAN_POINT ( 'NONE',  ( 10.00000000000000000, -49.45560220463060119, 15.29999999999999893 ) ) ;
#243 = VERTEX_POINT ( 'NONE', #3209 ) ;
#244 = CARTESIAN_POINT ( 'NONE',  ( 11.26192171033764922, -8.246035622831906053, 3.688322209202522739 ) ) ;
#245 = PLANE ( 'NONE',  #1709 ) ;
#246 = CARTESIAN_POINT ( 'NONE',  ( 14.74033941661730118, -1.946035622831524980, 19.47438537891110144 ) ) ;
#247 = CARTESIAN_POINT ( 'NONE',  ( 10.00000000000000000, 6.944397795369440018, 13.29999999999999893 ) ) ;
#248 = LINE ( 'NONE', #3718, #815 ) ;
#249 = CARTESIAN_POINT ( 'NONE',  ( 9.174227086164108869, 4.387297710500544845, 6.962865633682389976 ) ) ;
#250 = AXIS2_PLACEMENT_3D ( 'NONE', #1127, #4155, #3496 ) ;
#251 = CIRCLE ( 'NONE', #2579, 8.050000000000000711 ) ;
#252 = EDGE_LOOP ( 'NONE', ( #3996, #1217 ) ) ;
#253 = EDGE_CURVE ( 'NONE', #2611, #239, #1900, .T. ) ;
#254 = PLANE ( 'NONE',  #2438 ) ;
#255 = DIRECTION ( 'NONE',  ( 1.000000000000000000, 0.000000000000000000, 0.000000000000000000 ) ) ;
#256 = DIRECTION ( 'NONE',  ( 1.000000000000000000, 0.000000000000000000, 0.000000000000000000 ) ) ;
#257 = CARTESIAN_POINT ( 'NONE',  ( 18.72005898617350894, -6.996035622831266565, 18.33022626971951041 ) ) ;
#258 = AXIS2_PLACEMENT_3D ( 'NONE', #6, #1030, #318 ) ;
#259 = CIRCLE ( 'NONE', #2810, 1.649999999999999911 ) ;
#260 = ORIENTED_EDGE ( 'NONE', *, *, #2015, .F. ) ;
#261 = ORIENTED_EDGE ( 'NONE', *, *, #3641, .T. ) ;
#262 = CARTESIAN_POINT ( 'NONE',  ( 0.04399459592876519415, -8.446035622830459388, 11.99300591042559994 ) ) ;
#263 = DIRECTION ( 'NONE',  ( 0.000000000000000000, 0.000000000000000000, 1.000000000000000000 ) ) ;
#264 = CARTESIAN_POINT ( 'NONE',  ( 15.10963360752325002, 5.803964377167670108, 16.24930721028430014 ) ) ;
#265 = DIRECTION ( 'NONE',  ( 0.000000000000000000, -1.000000000000000000, 0.000000000000000000 ) ) ;
#266 = CARTESIAN_POINT ( 'NONE',  ( 5.450029987422460920, 14.44430019026553325, 13.09979692682239261 ) ) ;
#267 = ORIENTED_EDGE ( 'NONE', *, *, #3729, .F. ) ;
#268 = CARTESIAN_POINT ( 'NONE',  ( 15.19280675297909866, 5.387297710501189663, 12.62401922017292044 ) ) ;
#269 = LINE ( 'NONE', #3350, #3238 ) ;
#270 = EDGE_CURVE ( 'NONE', #3637, #328, #2783, .T. ) ;
#271 = CARTESIAN_POINT ( 'NONE',  ( 14.10710132083864110, -3.196035622831040257, 6.181576469377700001 ) ) ;
#272 = PLANE ( 'NONE',  #4488 ) ;
#273 = CARTESIAN_POINT ( 'NONE',  ( 12.11500000000000021, -12.51560220463055906, 2.560000000000000053 ) ) ;
#274 = CARTESIAN_POINT ( 'NONE',  ( 7.884999999999999787, -9.955602204630560337, 2.560000000000000053 ) ) ;
#275 = ADVANCED_FACE ( 'NONE', ( #2952, #2224 ), #147, .T. ) ;
#276 = EDGE_LOOP ( 'NONE', ( #1946, #4463, #894, #2103 ) ) ;
#277 = CARTESIAN_POINT ( 'NONE',  ( 20.00000000000000000, -9.955602204630560337, 2.560000000000000053 ) ) ;
#278 = DIRECTION ( 'NONE',  ( 0.000000000000000000, 0.000000000000000000, -1.000000000000000000 ) ) ;
#279 = CARTESIAN_POINT ( 'NONE',  ( 8.813648051728868893, -3.612702289497484731, 4.208244727240065153 ) ) ;
#280 = CARTESIAN_POINT ( 'NONE',  ( 11.09620718972234243, -2.412702289497262509, 21.70310004624046840 ) ) ;
#281 = EDGE_CURVE ( 'NONE', #4003, #2580, #1114, .T. ) ;
#282 = EDGE_LOOP ( 'NONE', ( #124, #3215 ) ) ;
#283 = CARTESIAN_POINT ( 'NONE',  ( 14.10710132083864110, -3.196035622831040257, 6.181576469377700001 ) ) ;
#284 = CARTESIAN_POINT ( 'NONE',  ( 14.65191924766917886, 5.887297710501449899, 16.87971294878265027 ) ) ;
#285 = ORIENTED_EDGE ( 'NONE', *, *, #1289, .F. ) ;
#286 = DIRECTION ( 'NONE',  ( 0.000000000000000000, 0.000000000000000000, 1.000000000000000000 ) ) ;
#287 = DIRECTION ( 'NONE',  ( 1.000000000000000000, 0.000000000000000000, 0.000000000000000000 ) ) ;
#288 = ORIENTED_EDGE ( 'NONE', *, *, #521, .F. ) ;
#289 = CARTESIAN_POINT ( 'NONE',  ( 4.335729973684136596, -0.9127022894979518464, 8.942291995881655353 ) ) ;
#290 = DIRECTION ( 'NONE',  ( 1.000000000000000000, 0.000000000000000000, 0.000000000000000000 ) ) ;
#291 = CARTESIAN_POINT ( 'NONE',  ( 2.999572495164794628, -4.946035622831869816, 18.67515563245305188 ) ) ;
#292 = CARTESIAN_POINT ( 'NONE',  ( 20.00000000000000000, -9.955602204630560337, 26.59999999999999787 ) ) ;
#293 = CYLINDRICAL_SURFACE ( 'NONE', #3814, 1.499999999999999556 ) ;
#294 = DIRECTION ( 'NONE',  ( 0.000000000000000000, -1.000000000000000000, 0.000000000000000000 ) ) ;
#295 = ORIENTED_EDGE ( 'NONE', *, *, #1289, .T. ) ;
#296 = PLANE ( 'NONE',  #3604 ) ;
#297 = ADVANCED_FACE ( 'NONE', ( #4280 ), #3596, .F. ) ;
#298 = DIRECTION ( 'NONE',  ( 1.000000000000000000, 0.000000000000000000, 0.000000000000000000 ) ) ;
#299 = CARTESIAN_POINT ( 'NONE',  ( 18.92351291581084638, -6.862702289498579411, 8.161107357430621434 ) ) ;
#300 = CARTESIAN_POINT ( 'NONE',  ( 15.23197679276341887, -2.746035622831521916, 20.11411885266145916 ) ) ;
#301 = VECTOR ( 'NONE', #3872, 1000.000000000000000 ) ;
#302 = ORIENTED_EDGE ( 'NONE', *, *, #3292, .F. ) ;
#303 = CARTESIAN_POINT ( 'NONE',  ( 12.48166847742932184, 6.937297710500516246, 17.61318964410625654 ) ) ;
#304 = SURFACE_STYLE_FILL_AREA ( #4184 ) ;
#305 = CARTESIAN_POINT ( 'NONE',  ( 16.51656266302682141, 1.937297710501154180, 9.548386730308314085 ) ) ;
#306 = EDGE_LOOP ( 'NONE', ( #511, #3248, #1916, #1141 ) ) ;
#307 = CARTESIAN_POINT ( 'NONE',  ( 20.00000000000000000, -49.45560220463060119, 25.10000000000000142 ) ) ;
#308 = CARTESIAN_POINT ( 'NONE',  ( 12.11500000000000021, -12.51560220463055906, 2.560000000000000053 ) ) ;
#309 = EDGE_CURVE ( 'NONE', #802, #1304, #742, .T. ) ;
#310 = AXIS2_PLACEMENT_3D ( 'NONE', #1008, #2763, #3788 ) ;
#311 = CARTESIAN_POINT ( 'NONE',  ( 14.45820928934601568, 11.74374402970915021, 12.37937569146376404 ) ) ;
#312 = CARTESIAN_POINT ( 'NONE',  ( 17.31635427836248908, -6.912702289499126351, 18.92734043597074489 ) ) ;
#313 = CARTESIAN_POINT ( 'NONE',  ( 18.92351291581084638, -6.862702289498579411, 8.161107357430621434 ) ) ;
#314 = CARTESIAN_POINT ( 'NONE',  ( 9.188802082261561921, 2.553964377168310040, 19.46840165798559852 ) ) ;
#315 = ORIENTED_EDGE ( 'NONE', *, *, #2940, .F. ) ;
#316 = CARTESIAN_POINT ( 'NONE',  ( 7.884999999999999787, -12.51560220463055906, 2.560000000000000053 ) ) ;
#317 = LINE ( 'NONE', #3053, #1839 ) ;
#318 = DIRECTION ( 'NONE',  ( 0.000000000000000000, 0.000000000000000000, 1.000000000000000000 ) ) ;
#319 = EDGE_LOOP ( 'NONE', ( #3827, #2701, #3251, #402 ) ) ;
#320 = CARTESIAN_POINT ( 'NONE',  ( 2.590000000040109551, -15.63225098456195283, 26.57500000000000284 ) ) ;
#321 = AXIS2_PLACEMENT_3D ( 'NONE', #1917, #186, #255 ) ;
#322 = VECTOR ( 'NONE', #2277, 1000.000000000000000 ) ;
#323 = DIRECTION ( 'NONE',  ( 1.000000000000000000, 0.000000000000000000, 0.000000000000000000 ) ) ;
#324 = CARTESIAN_POINT ( 'NONE',  ( 11.27649670679451965, -5.612702289498840535, 23.08041049951425094 ) ) ;
#325 = CARTESIAN_POINT ( 'NONE',  ( 18.69003972440125949, -3.246035622832780021, 14.44127956899500376 ) ) ;
#326 = AXIS2_PLACEMENT_3D ( 'NONE', #1742, #1034, #73 ) ;
#327 = AXIS2_PLACEMENT_3D ( 'NONE', #3582, #2597, #2169 ) ;
#328 = VERTEX_POINT ( 'NONE', #1859 ) ;
#329 = CARTESIAN_POINT ( 'NONE',  ( 1.673970029050459996, -4.362702289498315622, 11.05858520880371998 ) ) ;
#330 = DIRECTION ( 'NONE',  ( 0.000000000000000000, 0.000000000000000000, 1.000000000000000000 ) ) ;
#331 = AXIS2_PLACEMENT_3D ( 'NONE', #1659, #2980, #978 ) ;
#332 = CARTESIAN_POINT ( 'NONE',  ( 4.344812396785743935, -3.146035622830678058, 5.935186396772080819 ) ) ;
#333 = VERTEX_POINT ( 'NONE', #1194 ) ;
#334 = FACE_OUTER_BOUND ( 'NONE', #306, .T. ) ;
#335 = DIRECTION ( 'NONE',  ( -0.000000000000000000, 1.000000000000000000, 0.000000000000000000 ) ) ;
#336 = CARTESIAN_POINT ( 'NONE',  ( 3.375925955237596199, 4.353964377168464850, 12.42915470681982981 ) ) ;
#337 = CARTESIAN_POINT ( 'NONE',  ( 14.35838299447990174, 12.18579990152027293, 11.99106342575458584 ) ) ;
#338 = CARTESIAN_POINT ( 'NONE',  ( 2.580707687802547223, -4.996035622831811907, 9.019488757582013960 ) ) ;
#339 = CARTESIAN_POINT ( 'NONE',  ( 7.884999999999999787, -12.51560220463055906, 24.03999999999999915 ) ) ;
#340 = EDGE_CURVE ( 'NONE', #2261, #1077, #2163, .T. ) ;
#341 = CARTESIAN_POINT ( 'NONE',  ( 16.42849915255500193, 1.303964377168717714, 11.57624525409532090 ) ) ;
#342 = EDGE_LOOP ( 'NONE', ( #4254, #560, #2221, #3313 ) ) ;
#343 = DIRECTION ( 'NONE',  ( 0.000000000000000000, 1.000000000000000000, 0.000000000000000000 ) ) ;
#344 = CARTESIAN_POINT ( 'NONE',  ( -6.065551073586579503E-16, -12.51560220463055906, 24.03999999999999915 ) ) ;
#345 = DIRECTION ( 'NONE',  ( 0.000000000000000000, 0.000000000000000000, 1.000000000000000000 ) ) ;
#346 = SURFACE_SIDE_STYLE ('',( #756 ) ) ;
#347 = CARTESIAN_POINT ( 'NONE',  ( 14.98412097704066070, 7.744397795369440729, 19.62147436016499924 ) ) ;
#348 = CARTESIAN_POINT ( 'NONE',  ( 5.836823338237709713, -1.196035622831743916, 20.51571507830239938 ) ) ;
#349 = ORIENTED_EDGE ( 'NONE', *, *, #4244, .F. ) ;
#350 = CARTESIAN_POINT ( 'NONE',  ( 8.028966281551982220, -1.362702289498380015, 20.61993290924365141 ) ) ;
#351 = CARTESIAN_POINT ( 'NONE',  ( 0.8947918877925939984, -3.562702289498314023, 10.84918690113195971 ) ) ;
#352 = ORIENTED_EDGE ( 'NONE', *, *, #2342, .T. ) ;
#353 = DIRECTION ( 'NONE',  ( -1.000000000000000000, 0.000000000000000000, 0.000000000000000000 ) ) ;
#354 = CARTESIAN_POINT ( 'NONE',  ( 14.98412097704066070, 6.944397795369440018, 19.62147436016499924 ) ) ;
#355 = CARTESIAN_POINT ( 'NONE',  ( 7.307950087598890754, -8.562702289498691499, 23.30285840677042231 ) ) ;
#356 = CARTESIAN_POINT ( 'NONE',  ( 14.39071389066654483, 12.02536852694591474, 14.50211983955633244 ) ) ;
#357 = EDGE_CURVE ( 'NONE', #76, #3228, #2525, .T. ) ;
#358 = CARTESIAN_POINT ( 'NONE',  ( 13.86894785050345824, -2.662702289499070396, 20.02013989705468688 ) ) ;
#359 = UNCERTAINTY_MEASURE_WITH_UNIT (LENGTH_MEASURE( 1.000000000000000082E-05 ), #2156, 'distance_accuracy_value', 'NONE');
#360 = CARTESIAN_POINT ( 'NONE',  ( 20.06735017743330118, -6.446035622831690404, 14.62156908605201977 ) ) ;
#361 = CARTESIAN_POINT ( 'NONE',  ( 14.61405842574260028, 5.137297710501459669, 10.64492160089347905 ) ) ;
#362 = ORIENTED_EDGE ( 'NONE', *, *, #2974, .T. ) ;
#363 = CARTESIAN_POINT ( 'NONE',  ( 8.647933525780610253, -9.446035622834498824, 23.60033301696584829 ) ) ;
#364 = CARTESIAN_POINT ( 'NONE',  ( 20.00000000000000000, -47.95560220463060119, 1.500000000000000000 ) ) ;
#365 = CARTESIAN_POINT ( 'NONE',  ( 13.53153349871904076, 6.944397795369440018, 13.29999999999999893 ) ) ;
#366 = DIRECTION ( 'NONE',  ( 0.000000000000000000, 0.000000000000000000, -1.000000000000000000 ) ) ;
#367 = CARTESIAN_POINT ( 'NONE',  ( 16.33058321734955243, -7.112702289496950492, 5.068564872530270549 ) ) ;
#368 = CARTESIAN_POINT ( 'NONE',  ( 15.10963360752326068, 5.003964377167662292, 16.24930721028362157 ) ) ;
#369 = MANIFOLD_SOLID_BREP ( 'NONE', #16 ) ;
#370 = ORIENTED_EDGE ( 'NONE', *, *, #423, .T. ) ;
#371 = CARTESIAN_POINT ( 'NONE',  ( 11.79077967000289995, 0.6372977105017980648, 6.650798465177060415 ) ) ;
#372 = CARTESIAN_POINT ( 'NONE',  ( 7.344708172808370072, 7.744397795369440729, 8.004429570773011093 ) ) ;
#373 = CARTESIAN_POINT ( 'NONE',  ( 16.85469825077246497, -1.312702289498601793, 18.57255619087634102 ) ) ;
#374 = ORIENTED_EDGE ( 'NONE', *, *, #4374, .T. ) ;
#375 = VECTOR ( 'NONE', #3954, 1000.000000000000000 ) ;
#376 = CARTESIAN_POINT ( 'NONE',  ( -2.100000000000000089, -12.51560220463055906, 13.29999999999999893 ) ) ;
#377 = DIRECTION ( 'NONE',  ( 1.000000000000000000, 0.000000000000000000, 0.000000000000000000 ) ) ;
#378 = CARTESIAN_POINT ( 'NONE',  ( 14.80074100717592245, -6.396035622830500422, 4.978101342905007165 ) ) ;
#379 = CARTESIAN_POINT ( 'NONE',  ( 14.54997001257752665, 11.44449540046985625, 13.09979692675627838 ) ) ;
#380 = CARTESIAN_POINT ( 'NONE',  ( 3.784182814043637766, -0.9960356228321258776, 9.713128443890184371 ) ) ;
#381 =( GEOMETRIC_REPRESENTATION_CONTEXT ( 3 ) GLOBAL_UNCERTAINTY_ASSIGNED_CONTEXT ( ( #1683 ) ) GLOBAL_UNIT_ASSIGNED_CONTEXT ( ( #2773, #4161, #3798 ) ) REPRESENTATION_CONTEXT ( 'NONE', 'WORKASPACE' ) );
#382 = CARTESIAN_POINT ( 'NONE',  ( 10.00000000000000000, 6.944397795369440018, 9.768466501280959946 ) ) ;
#383 = EDGE_CURVE ( 'NONE', #2177, #1112, #4281, .T. ) ;
#384 = VECTOR ( 'NONE', #2080, 1000.000000000000000 ) ;
#385 = CARTESIAN_POINT ( 'NONE',  ( 5.437119475127650148, 3.887297710501549819, 9.788713617023040214 ) ) ;
#386 = MANIFOLD_SOLID_BREP ( 'NONE', #2127 ) ;
#387 = ORIENTED_EDGE ( 'NONE', *, *, #3372, .T. ) ;
#388 = CARTESIAN_POINT ( 'NONE',  ( 14.01723661997264081, 6.944397795369440018, 15.39680847698675059 ) ) ;
#389 = APPLICATION_PROTOCOL_DEFINITION ( 'draft international standard', 'automotive_design', 1998, #694 ) ;
#390 = CARTESIAN_POINT ( 'NONE',  ( 10.00000000000000000, -50.45560220463060119, 13.29999999999999893 ) ) ;
#391 = DIRECTION ( 'NONE',  ( 0.000000000000000000, 0.000000000000000000, -1.000000000000000000 ) ) ;
#392 = CARTESIAN_POINT ( 'NONE',  ( 12.00017797776467887, 0.6372977105017980648, 5.871620323954950038 ) ) ;
#393 = CARTESIAN_POINT ( 'NONE',  ( 3.375925955237596199, 2.753964377168461652, 12.42915470681982981 ) ) ;
#394 = ADVANCED_FACE ( 'NONE', ( #4391 ), #2972, .T. ) ;
#395 = VECTOR ( 'NONE', #1013, 1000.000000000000000 ) ;
#396 = VECTOR ( 'NONE', #353, 1000.000000000000000 ) ;
#397 = VERTEX_POINT ( 'NONE', #969 ) ;
#398 = CARTESIAN_POINT ( 'NONE',  ( 11.63362772173713999, 2.303964377168860267, 19.39313346542929750 ) ) ;
#399 = CARTESIAN_POINT ( 'NONE',  ( 22.09999999999999432, -12.51560220463055195, -10.29999999999998472 ) ) ;
#400 = CARTESIAN_POINT ( 'NONE',  ( 5.785470835460816197, 3.687297710501127312, 18.77796137394487630 ) ) ;
#401 = AXIS2_PLACEMENT_3D ( 'NONE', #3608, #2963, #3943 ) ;
#402 = ORIENTED_EDGE ( 'NONE', *, *, #216, .F. ) ;
#403 = VECTOR ( 'NONE', #4175, 1000.000000000000000 ) ;
#404 = ORIENTED_EDGE ( 'NONE', *, *, #1216, .F. ) ;
#405 = AXIS2_PLACEMENT_3D ( 'NONE', #4286, #3646, #520 ) ;
#406 = CARTESIAN_POINT ( 'NONE',  ( 3.990028151725965699, -7.146035622831355738, 5.473530369314427269 ) ) ;
#407 = FACE_OUTER_BOUND ( 'NONE', #2021, .T. ) ;
#408 = CARTESIAN_POINT ( 'NONE',  ( 3.498390775636264216, -8.746035622831344725, 4.833796895505642510 ) ) ;
#409 = CARTESIAN_POINT ( 'NONE',  ( 12.72119417154572041, -7.362702289499330810, 3.188694826293509976 ) ) ;
#410 = CIRCLE ( 'NONE', #549, 1.000000000000000888 ) ;
#411 = CARTESIAN_POINT ( 'NONE',  ( 5.202351497730120400, 3.053964377168745248, 16.98231239028504902 ) ) ;
#412 = ORIENTED_EDGE ( 'NONE', *, *, #3256, .T. ) ;
#413 = CARTESIAN_POINT ( 'NONE',  ( 7.884999999999999787, -12.51560220463055906, 26.59999999999999787 ) ) ;
#414 = ADVANCED_FACE ( 'NONE', ( #3018, #4367, #4421 ), #1241, .T. ) ;
#415 = CARTESIAN_POINT ( 'NONE',  ( 20.00000000000000000, -9.955602204630560337, 0.000000000000000000 ) ) ;
#416 = LINE ( 'NONE', #3108, #2147 ) ;
#417 = CARTESIAN_POINT ( 'NONE',  ( 6.530463024748070389, 2.803964377169160027, 19.31223995204459953 ) ) ;
#418 = CARTESIAN_POINT ( 'NONE',  ( 17.31272927126113714, 0.7539643771673710804, 14.26099005183539070 ) ) ;
#419 = EDGE_CURVE ( 'NONE', #2970, #1644, #2681, .T. ) ;
#420 = VERTEX_POINT ( 'NONE', #3847 ) ;
#421 = CARTESIAN_POINT ( 'NONE',  ( 16.57011720627605200, 1.387297710502497949, 12.44372970296809910 ) ) ;
#422 = DIRECTION ( 'NONE',  ( 0.000000000000000000, 0.000000000000000000, 1.000000000000000000 ) ) ;
#423 = EDGE_CURVE ( 'NONE', #2383, #3362, #3823, .T. ) ;
#424 = EDGE_LOOP ( 'NONE', ( #4418, #1382, #1468, #1633 ) ) ;
#425 = ORIENTED_EDGE ( 'NONE', *, *, #2276, .T. ) ;
#426 = CARTESIAN_POINT ( 'NONE',  ( 2.580707687802547223, -3.396035622831807821, 9.019488757580949922 ) ) ;
#427 = DIRECTION ( 'NONE',  ( 1.000000000000000000, 0.000000000000000000, 0.000000000000000000 ) ) ;
#428 = CARTESIAN_POINT ( 'NONE',  ( 0.6213050490956759653, -4.446035622831774781, 12.06857567247073959 ) ) ;
#429 = DIRECTION ( 'NONE',  ( 0.000000000000000000, -1.000000000000000000, 0.000000000000000000 ) ) ;
#430 = ORIENTED_EDGE ( 'NONE', *, *, #3400, .T. ) ;
#431 = CARTESIAN_POINT ( 'NONE',  ( 14.74033941661730118, -1.946035622831524980, 19.47438537891110144 ) ) ;
#432 = CARTESIAN_POINT ( 'NONE',  ( 10.00000000000000000, -50.45560220463060119, 10.30000000000000071 ) ) ;
#433 = CARTESIAN_POINT ( 'NONE',  ( 10.00000000000000000, 16.54439779536944854, 13.29999999999999893 ) ) ;
#434 = DIRECTION ( 'NONE',  ( 0.000000000000000000, 0.000000000000000000, -1.000000000000000000 ) ) ;
#435 = CARTESIAN_POINT ( 'NONE',  ( 15.31308753660260003, 5.137297710501459669, 10.24202641702584060 ) ) ;
#436 = CARTESIAN_POINT ( 'NONE',  ( 16.31310873358822633, 1.003964377168693023, 16.94294689688818778 ) ) ;
#437 = MANIFOLD_SOLID_BREP ( 'NONE', #3220 ) ;
#438 = EDGE_CURVE ( 'NONE', #1405, #3951, #2159, .T. ) ;
#439 = VERTEX_POINT ( 'NONE', #3159 ) ;
#440 = CARTESIAN_POINT ( 'NONE',  ( 15.81753355222754998, 1.137297710501152137, 9.951281914319249466 ) ) ;
#441 =( LENGTH_UNIT ( ) NAMED_UNIT ( * ) SI_UNIT ( .MILLI., .METRE. ) );
#442 = MANIFOLD_SOLID_BREP ( 'NONE', #1467 ) ;
#443 = ORIENTED_EDGE ( 'NONE', *, *, #2060, .F. ) ;
#444 = VERTEX_POINT ( 'NONE', #2385 ) ;
#445 = CARTESIAN_POINT ( 'NONE',  ( 2.132950970953714886, -7.312702289498769659, 7.249448753365256515 ) ) ;
#446 = FILL_AREA_STYLE ('',( #3254 ) ) ;
#447 = CARTESIAN_POINT ( 'NONE',  ( 16.31310873358825120, 1.803964377168694844, 16.94294689688905109 ) ) ;
#448 = ADVANCED_FACE ( 'NONE', ( #3085 ), #450, .F. ) ;
#449 = LINE ( 'NONE', #3233, #3020 ) ;
#450 = CONICAL_SURFACE ( 'NONE', #600, 1.675000000000000266, 0.7853981633974476129 ) ;
#451 = VERTEX_POINT ( 'NONE', #3113 ) ;
#452 = CARTESIAN_POINT ( 'NONE',  ( 5.682871393906069990, 0.05396437716782320759, 7.676309371708120111 ) ) ;
#453 = DIRECTION ( 'NONE',  ( 0.000000000000000000, 0.000000000000000000, -1.000000000000000000 ) ) ;
#454 = CIRCLE ( 'NONE', #4392, 1.649999999999998579 ) ;
#455 = DIRECTION ( 'NONE',  ( -1.000000000000000000, 0.000000000000000000, -5.500074432393179673E-17 ) ) ;
#456 = CARTESIAN_POINT ( 'NONE',  ( 0.000000000000000000, -12.51560220463055906, 0.000000000000000000 ) ) ;
#457 = CARTESIAN_POINT ( 'NONE',  ( 1.998615502166965152, -0.4460356228318835270, 12.24886518957177906 ) ) ;
#458 = CARTESIAN_POINT ( 'NONE',  ( 18.92351291581084638, -6.862702289498579411, 8.161107357430621434 ) ) ;
#459 = DIRECTION ( 'NONE',  ( 0.000000000000000000, -1.000000000000000000, 0.000000000000000000 ) ) ;
#460 = ORIENTED_EDGE ( 'NONE', *, *, #1283, .T. ) ;
#461 = FACE_OUTER_BOUND ( 'NONE', #3577, .T. ) ;
#462 = EDGE_CURVE ( 'NONE', #3065, #2257, #4385, .T. ) ;
#463 = ORIENTED_EDGE ( 'NONE', *, *, #614, .T. ) ;
#464 = VERTEX_POINT ( 'NONE', #1726 ) ;
#465 = CARTESIAN_POINT ( 'NONE',  ( 15.81753355222753932, 1.937297710501154180, 9.951281914319244137 ) ) ;
#466 = DIRECTION ( 'NONE',  ( 0.000000000000000000, -1.000000000000000000, 0.000000000000000000 ) ) ;
#467 = CARTESIAN_POINT ( 'NONE',  ( 14.27184303457879899, -1.862702289499070130, 20.71916900783164905 ) ) ;
#468 = EDGE_CURVE ( 'NONE', #2129, #2855, #4517, .T. ) ;
#469 = CIRCLE ( 'NONE', #3536, 1.000000000000000888 ) ;
#470 = AXIS2_PLACEMENT_3D ( 'NONE', #1884, #857, #3643 ) ;
#471 = DIRECTION ( 'NONE',  ( 0.000000000000000000, 0.000000000000000000, -1.000000000000000000 ) ) ;
#472 = ORIENTED_EDGE ( 'NONE', *, *, #462, .T. ) ;
#473 = CARTESIAN_POINT ( 'NONE',  ( 14.99252422001905849, -3.112702289498494590, 6.809687847634640079 ) ) ;
#474 = DIRECTION ( 'NONE',  ( -1.000000000000000000, 0.000000000000000000, 0.000000000000000000 ) ) ;
#475 = VECTOR ( 'NONE', #4430, 1000.000000000000114 ) ;
#476 = ADVANCED_FACE ( 'NONE', ( #2092 ), #3480, .T. ) ;
#477 = CIRCLE ( 'NONE', #2737, 1.500000000000001332 ) ;
#478 = CARTESIAN_POINT ( 'NONE',  ( 16.46000000004010033, -37.43225098456194644, 26.59999999999999787 ) ) ;
#479 = CARTESIAN_POINT ( 'NONE',  ( -6.065551073586579503E-16, -12.51560220463055906, 24.03999999999999915 ) ) ;
#480 = CARTESIAN_POINT ( 'NONE',  ( 4.939049214411850741, -1.112702289498320063, 19.87935087541619694 ) ) ;
#481 = CARTESIAN_POINT ( 'NONE',  ( 12.56404222313096142, -5.696035622831189471, 22.85523710407609954 ) ) ;
#482 = MANIFOLD_SOLID_BREP ( 'NONE', #1174 ) ;
#483 = CARTESIAN_POINT ( 'NONE',  ( 16.46000000004010033, -37.43225098456194644, 24.03999999999999915 ) ) ;
#484 = ORIENTED_EDGE ( 'NONE', *, *, #1306, .T. ) ;
#485 = CARTESIAN_POINT ( 'NONE',  ( 10.00000000000000000, 6.844397795369439486, 13.29999999999999893 ) ) ;
#486 = FILL_AREA_STYLE ('',( #97 ) ) ;
#487 = CARTESIAN_POINT ( 'NONE',  ( 3.246205972099570403, -9.912702289498028563, 22.08212987805472594 ) ) ;
#488 = CARTESIAN_POINT ( 'NONE',  ( 8.180076070617401385, 3.437297710500718306, 20.05764830156468292 ) ) ;
#489 = VERTEX_POINT ( 'NONE', #804 ) ;
#490 = VERTEX_POINT ( 'NONE', #3225 ) ;
#491 = CARTESIAN_POINT ( 'NONE',  ( 3.784182814043637766, 0.6039643771678780970, 9.713128443889269548 ) ) ;
#492 = DIRECTION ( 'NONE',  ( 0.000000000000000000, -1.000000000000000000, 0.000000000000000000 ) ) ;
#493 = CARTESIAN_POINT ( 'NONE',  ( 12.36068607463827895, -3.362702289499085229, 4.530157575016150240 ) ) ;
#494 = EDGE_CURVE ( 'NONE', #1671, #4090, #3808, .T. ) ;
#495 = CARTESIAN_POINT ( 'NONE',  ( 14.29563732174866075, 12.94439779536943824, 11.79999999999999893 ) ) ;
#496 = ORIENTED_EDGE ( 'NONE', *, *, #1306, .F. ) ;
#497 = CARTESIAN_POINT ( 'NONE',  ( 11.17177695185671915, -5.612702289498840535, 22.28041049951419694 ) ) ;
#498 = DIRECTION ( 'NONE',  ( 0.000000000000000000, 1.000000000000000000, 0.000000000000000000 ) ) ;
#499 = ADVANCED_FACE ( 'NONE', ( #2857 ), #1189, .F. ) ;
#500 = CARTESIAN_POINT ( 'NONE',  ( 8.738078289662340126, -7.612702289497930153, 3.630934274046225152 ) ) ;
#501 = CARTESIAN_POINT ( 'NONE',  ( -2.100000000000000089, -46.89560220463059892, 13.29999999999999893 ) ) ;
#502 = CARTESIAN_POINT ( 'NONE',  ( 14.48982263607617149, 14.25257326007012715, 14.06063268049728343 ) ) ;
#503 = CARTESIAN_POINT ( 'NONE',  ( 11.09620718972233888, -1.612702289497265129, 21.70310004624050038 ) ) ;
#504 = EDGE_CURVE ( 'NONE', #439, #1132, #1449, .T. ) ;
#505 = DIRECTION ( 'NONE',  ( 0.000000000000000000, 0.000000000000000000, -1.000000000000000000 ) ) ;
#506 = ORIENTED_EDGE ( 'NONE', *, *, #504, .T. ) ;
#507 = CARTESIAN_POINT ( 'NONE',  ( 8.625000000000000000, 9.344397795369440374, 8.962734156176269451 ) ) ;
#508 = CARTESIAN_POINT ( 'NONE',  ( 20.00000000000000000, -9.955602204630560337, 2.560000000000000053 ) ) ;
#509 = CARTESIAN_POINT ( 'NONE',  ( -0.5613341656971536642, -9.496035622830758527, 16.13442329587183721 ) ) ;
#510 = ORIENTED_EDGE ( 'NONE', *, *, #2330, .T. ) ;
#511 = ORIENTED_EDGE ( 'NONE', *, *, #1000, .F. ) ;
#512 = CARTESIAN_POINT ( 'NONE',  ( 15.34834325292290202, 1.853964377168626720, 9.194476799213123996 ) ) ;
#513 = DIRECTION ( 'NONE',  ( 0.000000000000000000, -1.000000000000000000, 0.000000000000000000 ) ) ;
#514 = CARTESIAN_POINT ( 'NONE',  ( 0.7801285830887280115, -4.696035622832379630, 15.77391519890940152 ) ) ;
#515 = CARTESIAN_POINT ( 'NONE',  ( 7.884999999999999787, -9.955602204630560337, 2.560000000000000053 ) ) ;
#516 = DIRECTION ( 'NONE',  ( 0.000000000000000000, -1.000000000000000000, 0.000000000000000000 ) ) ;
#517 = MANIFOLD_SOLID_BREP ( 'NONE', #1829 ) ;
#518 = ORIENTED_EDGE ( 'NONE', *, *, #1608, .T. ) ;
#519 = CARTESIAN_POINT ( 'NONE',  ( 5.784232306332079965, -3.862702289497940367, 5.978122539787380063 ) ) ;
#520 = DIRECTION ( 'NONE',  ( 0.000000000000000000, 0.000000000000000000, -1.000000000000000000 ) ) ;
#521 = EDGE_CURVE ( 'NONE', #656, #1619, #823, .T. ) ;
#522 = COLOUR_RGB ( '',0.7921568627450980005, 0.8196078431372548767, 0.9333333333333333481 ) ;
#523 = DIRECTION ( 'NONE',  ( 0.000000000000000000, 1.000000000000000000, 0.000000000000000000 ) ) ;
#524 = CARTESIAN_POINT ( 'NONE',  ( 10.00000000000000000, 7.744397795369440729, 13.29999999999999893 ) ) ;
#525 = CARTESIAN_POINT ( 'NONE',  ( 14.36038919281370596, 13.69781817233976717, 11.99898140358277843 ) ) ;
#526 = CARTESIAN_POINT ( 'NONE',  ( 15.48416159615180021, -3.112702289498494590, 6.169954373870930375 ) ) ;
#527 = AXIS2_PLACEMENT_3D ( 'NONE', #1597, #3316, #3723 ) ;
#528 = LINE ( 'NONE', #3265, #3748 ) ;
#529 = AXIS2_PLACEMENT_3D ( 'NONE', #3306, #1183, #2575 ) ;
#530 = CARTESIAN_POINT ( 'NONE',  ( 14.01218577410799959, 5.887297710501449899, 16.38807557244600233 ) ) ;
#531 = PLANE ( 'NONE',  #2425 ) ;
#532 = CARTESIAN_POINT ( 'NONE',  ( 20.12473811273866886, -7.412702289498430019, 11.97843091394796922 ) ) ;
#533 = EDGE_CURVE ( 'NONE', #2268, #3222, #748, .T. ) ;
#534 = ORIENTED_EDGE ( 'NONE', *, *, #1185, .T. ) ;
#535 = CARTESIAN_POINT ( 'NONE',  ( 17.65529859646660782, -1.562702289498623109, 15.36116074269359011 ) ) ;
#536 = CARTESIAN_POINT ( 'NONE',  ( 5.641721847964017655, 12.18636584220816488, 14.60928268916907946 ) ) ;
#537 = CARTESIAN_POINT ( 'NONE',  ( 5.785470835461010708, 2.887297710501124826, 18.77796137394489762 ) ) ;
#538 = LINE ( 'NONE', #611, #1542 ) ;
#539 = AXIS2_PLACEMENT_3D ( 'NONE', #2881, #2279, #3590 ) ;
#540 = CARTESIAN_POINT ( 'NONE',  ( 7.884999999999999787, -9.955602204630560337, 24.03999999999999915 ) ) ;
#541 = AXIS2_PLACEMENT_3D ( 'NONE', #889, #3613, #2190 ) ;
#542 = ORIENTED_EDGE ( 'NONE', *, *, #1163, .F. ) ;
#543 = CARTESIAN_POINT ( 'NONE',  ( 8.738078289662350784, -8.412702289498223962, 3.630934274046225596 ) ) ;
#544 = CARTESIAN_POINT ( 'NONE',  ( 10.00000000000000000, 7.844397795369440374, 8.750000000000000000 ) ) ;
#545 = AXIS2_PLACEMENT_3D ( 'NONE', #2831, #4512, #30 ) ;
#546 = VECTOR ( 'NONE', #2486, 1000.000000000000000 ) ;
#547 = CARTESIAN_POINT ( 'NONE',  ( 14.56258753687109930, -5.862702289498940011, 21.22361502353030005 ) ) ;
#548 = AXIS2_PLACEMENT_3D ( 'NONE', #777, #1393, #3148 ) ;
#549 = AXIS2_PLACEMENT_3D ( 'NONE', #432, #838, #3214 ) ;
#550 = CARTESIAN_POINT ( 'NONE',  ( 10.00000000000000000, 6.844397795369439486, 13.29999999999999893 ) ) ;
#551 = CARTESIAN_POINT ( 'NONE',  ( 14.34652022601890131, 13.61383992898857542, 11.95393072543900104 ) ) ;
#552 = CARTESIAN_POINT ( 'NONE',  ( 16.07839841383270141, -5.946035622831000289, 21.21550835391564860 ) ) ;
#553 = CIRCLE ( 'NONE', #900, 2.000000000000000000 ) ;
#554 = DIRECTION ( 'NONE',  ( 0.000000000000000000, 0.000000000000000000, -1.000000000000000000 ) ) ;
#555 = ORIENTED_EDGE ( 'NONE', *, *, #675, .F. ) ;
#556 = EDGE_CURVE ( 'NONE', #4213, #57, #785, .T. ) ;
#557 = CARTESIAN_POINT ( 'NONE',  ( 13.04749617461903988, 6.053964377168419730, 17.27160637628099948 ) ) ;
#558 = DIRECTION ( 'NONE',  ( 0.000000000000000000, -1.000000000000000000, 0.000000000000000000 ) ) ;
#559 = CARTESIAN_POINT ( 'NONE',  ( 11.27311962503963549, 5.503964377169366706, 18.05167071670825507 ) ) ;
#560 = ORIENTED_EDGE ( 'NONE', *, *, #3985, .F. ) ;
#561 = CARTESIAN_POINT ( 'NONE',  ( 3.580728884594421402, -0.06270228949868381085, 16.99553792889209092 ) ) ;
#562 = SURFACE_STYLE_USAGE ( .BOTH. , #3708 ) ;
#563 = CARTESIAN_POINT ( 'NONE',  ( 3.463054080567369741, 3.303964377168394861, 15.05289900536469894 ) ) ;
#564 = VERTEX_POINT ( 'NONE', #3268 ) ;
#565 = FACE_OUTER_BOUND ( 'NONE', #3371, .T. ) ;
#566 = CARTESIAN_POINT ( 'NONE',  ( 5.704350235391835611, 13.04405400890598443, 11.80003563334112471 ) ) ;
#567 = VERTEX_POINT ( 'NONE', #1528 ) ;
#568 = CARTESIAN_POINT ( 'NONE',  ( 5.090592619987122092, -8.662702289498440678, 4.774647413285351583 ) ) ;
#569 = CARTESIAN_POINT ( 'NONE',  ( -6.065551073586579503E-16, -9.955602204630560337, 24.03999999999999915 ) ) ;
#570 = CARTESIAN_POINT ( 'NONE',  ( 8.028966281551982220, -1.362702289498380015, 20.61993290924365141 ) ) ;
#571 = DIRECTION ( 'NONE',  ( 0.000000000000000000, 0.000000000000000000, 1.000000000000000000 ) ) ;
#572 = CARTESIAN_POINT ( 'NONE',  ( -6.065551073586579503E-16, -12.51560220463055906, 2.560000000000000053 ) ) ;
#573 = CARTESIAN_POINT ( 'NONE',  ( 10.82577291383587870, 4.553964377169330113, 7.020253568518319831 ) ) ;
#574 = CARTESIAN_POINT ( 'NONE',  ( 8.311856788113749062, 7.744397795369440729, 8.750217934704009437 ) ) ;
#575 = EDGE_LOOP ( 'NONE', ( #1069, #2332, #1874, #4275 ) ) ;
#576 = CARTESIAN_POINT ( 'NONE',  ( 13.53153349871904076, 7.744397795369440729, 13.29999999999999893 ) ) ;
#577 = CARTESIAN_POINT ( 'NONE',  ( 7.098551779979320742, -9.362702289498688657, 24.08203654805069860 ) ) ;
#578 = CARTESIAN_POINT ( 'NONE',  ( 8.813648051728868893, -4.412702289497486774, 4.208244727240058936 ) ) ;
#579 = ADVANCED_FACE ( 'NONE', ( #1465, #2920 ), #4316, .F. ) ;
#580 = ORIENTED_EDGE ( 'NONE', *, *, #1920, .F. ) ;
#581 = EDGE_LOOP ( 'NONE', ( #3995, #4026, #639, #1334, #2349, #3041, #3660, #2943 ) ) ;
#582 = CARTESIAN_POINT ( 'NONE',  ( 19.32473811273409936, -6.612702289498430197, 12.08315066889760026 ) ) ;
#583 = CARTESIAN_POINT ( 'NONE',  ( 5.510177363929820160, 11.63622233066877598, 14.06063268054420234 ) ) ;
#584 = CARTESIAN_POINT ( 'NONE',  ( 9.999999999999998224, -8.729368956165055593, 24.42902698495495528 ) ) ;
#585 = EDGE_CURVE ( 'NONE', #3055, #1671, #1622, .T. ) ;
#586 = VERTEX_POINT ( 'NONE', #2697 ) ;
#587 = CARTESIAN_POINT ( 'NONE',  ( 4.192671343384559712, 7.744397795369440729, 11.60369994574866048 ) ) ;
#588 = ORIENTED_EDGE ( 'NONE', *, *, #2766, .T. ) ;
#589 = CARTESIAN_POINT ( 'NONE',  ( 10.72105315914311952, 4.553964377169330113, 7.820253568518330312 ) ) ;
#590 = CARTESIAN_POINT ( 'NONE',  ( 7.884999999999999787, -12.51560220463055906, 26.59999999999999787 ) ) ;
#591 = EDGE_CURVE ( 'NONE', #4136, #3637, #1905, .T. ) ;
#592 = CARTESIAN_POINT ( 'NONE',  ( 7.668458184601549377, -5.362702289498310293, 21.96139565802160121 ) ) ;
#593 = DIRECTION ( 'NONE',  ( 1.000000000000000000, 0.000000000000000000, -1.427144654353157974E-16 ) ) ;
#594 = FACE_OUTER_BOUND ( 'NONE', #2094, .T. ) ;
#595 = CARTESIAN_POINT ( 'NONE',  ( 3.318538020383880127, 3.387297710501409931, 14.17084529318013963 ) ) ;
#596 = EDGE_LOOP ( 'NONE', ( #3726, #1390, #1187, #4364 ) ) ;
#597 = DIRECTION ( 'NONE',  ( 0.000000000000000000, 0.000000000000000000, 1.000000000000000000 ) ) ;
#598 = ORIENTED_EDGE ( 'NONE', *, *, #2584, .F. ) ;
#599 = CARTESIAN_POINT ( 'NONE',  ( 7.884999999999999787, -12.51560220463055906, 24.03999999999999915 ) ) ;
#600 = AXIS2_PLACEMENT_3D ( 'NONE', #4211, #4493, #1358 ) ;
#601 = LINE ( 'NONE', #2676, #2491 ) ;
#602 = CARTESIAN_POINT ( 'NONE',  ( 14.63773997506478075, 0.08729771050124168763, 7.271343875289595360 ) ) ;
#603 = VECTOR ( 'NONE', #4454, 1000.000000000000000 ) ;
#604 = ORIENTED_EDGE ( 'NONE', *, *, #3237, .F. ) ;
#605 = ORIENTED_EDGE ( 'NONE', *, *, #2393, .T. ) ;
#606 = CARTESIAN_POINT ( 'NONE',  ( 14.41060449665168264, 6.603964377167666377, 15.84641202644096225 ) ) ;
#607 = CARTESIAN_POINT ( 'NONE',  ( 5.608877235537600647, 12.02972413014924413, 12.10681762984443210 ) ) ;
#608 = EDGE_CURVE ( 'NONE', #2978, #3336, #2604, .T. ) ;
#609 = CARTESIAN_POINT ( 'NONE',  ( -0.8133933392594335787, -7.812702289499665831, 14.71171384454525111 ) ) ;
#610 = ORIENTED_EDGE ( 'NONE', *, *, #419, .F. ) ;
#611 = CARTESIAN_POINT ( 'NONE',  ( 8.311856788113749062, 7.744397795369440729, 8.750217934704009437 ) ) ;
#612 = DIRECTION ( 'NONE',  ( 0.000000000000000000, -1.000000000000000000, 0.000000000000000000 ) ) ;
#613 = PLANE ( 'NONE',  #3145 ) ;
#614 = EDGE_CURVE ( 'NONE', #4090, #4449, #2343, .T. ) ;
#615 = CARTESIAN_POINT ( 'NONE',  ( 14.41060449665167909, 5.803964377167670108, 15.84641202644099955 ) ) ;
#616 = DIRECTION ( 'NONE',  ( 0.000000000000000000, -1.000000000000000000, 0.000000000000000000 ) ) ;
#617 = CARTESIAN_POINT ( 'NONE',  ( 9.098657323691600851, 0.3872977105007160414, 6.385555180419450139 ) ) ;
#618 = ADVANCED_FACE ( 'NONE', ( #1948 ), #1308, .F. ) ;
#619 = CARTESIAN_POINT ( 'NONE',  ( 8.650000000000000355, 7.744397795369440729, 10.03668437742000030 ) ) ;
#620 = CARTESIAN_POINT ( 'NONE',  ( 0.000000000000000000, -12.51560220463055906, 0.000000000000000000 ) ) ;
#621 = CARTESIAN_POINT ( 'NONE',  ( 10.91591767250820055, 2.387297710501564918, 20.32578959297075016 ) ) ;
#622 = CIRCLE ( 'NONE', #1927, 3.531533498719041653 ) ;
#623 = AXIS2_PLACEMENT_3D ( 'NONE', #2388, #1021, #40 ) ;
#624 = ORIENTED_EDGE ( 'NONE', *, *, #1038, .F. ) ;
#625 = VECTOR ( 'NONE', #3005, 1000.000000000000000 ) ;
#626 = CARTESIAN_POINT ( 'NONE',  ( 10.00000000000000000, -9.955602204630560337, 17.85000000000000142 ) ) ;
#627 = DIRECTION ( 'NONE',  ( -0.000000000000000000, 1.000000000000000000, 0.000000000000000000 ) ) ;
#628 = CARTESIAN_POINT ( 'NONE',  ( 7.616211825288009329, -3.696035622832185119, 4.415494270207154237 ) ) ;
#629 = CARTESIAN_POINT ( 'NONE',  ( 5.381337122224766567, -4.662702289497942409, 5.279093429024442230 ) ) ;
#630 = CIRCLE ( 'NONE', #3836, 0.4000000000000010214 ) ;
#631 = VERTEX_POINT ( 'NONE', #939 ) ;
#632 = ORIENTED_EDGE ( 'NONE', *, *, #1228, .T. ) ;
#633 = CARTESIAN_POINT ( 'NONE',  ( 4.852439149668560603, -9.196035622831439937, 22.22363622034460207 ) ) ;
#634 = DIRECTION ( 'NONE',  ( 1.000000000000000000, 0.000000000000000000, 0.000000000000000000 ) ) ;
#635 = CARTESIAN_POINT ( 'NONE',  ( 4.797386001494629681, 3.887297710501549819, 9.297076240754599041 ) ) ;
#636 = ORIENTED_EDGE ( 'NONE', *, *, #720, .F. ) ;
#637 = DIRECTION ( 'NONE',  ( 0.000000000000000000, 0.000000000000000000, -1.000000000000000000 ) ) ;
#638 = CARTESIAN_POINT ( 'NONE',  ( 5.704337482903398815, 13.14080712755423264, 14.79992784661536831 ) ) ;
#639 = ORIENTED_EDGE ( 'NONE', *, *, #4287, .T. ) ;
#640 = CARTESIAN_POINT ( 'NONE',  ( 7.465102036015630382, -8.496035622831687562, 3.853209662789955026 ) ) ;
#641 = PLANE ( 'NONE',  #3612 ) ;
#642 = EDGE_CURVE ( 'NONE', #4236, #2678, #601, .T. ) ;
#643 = CARTESIAN_POINT ( 'NONE',  ( 17.31635427836250329, -6.112702289499130082, 18.92734043597075200 ) ) ;
#644 = CARTESIAN_POINT ( 'NONE',  ( 2.590000000040109551, -15.63225098456195283, 26.59999999999999787 ) ) ;
#645 = LINE ( 'NONE', #3423, #3948 ) ;
#646 = CARTESIAN_POINT ( 'NONE',  ( 7.884999999999999787, -12.51560220463055906, 2.560000000000000053 ) ) ;
#647 = ORIENTED_EDGE ( 'NONE', *, *, #4263, .F. ) ;
#648 = DIRECTION ( 'NONE',  ( 1.000000000000000000, 0.000000000000000000, 0.000000000000000000 ) ) ;
#649 = DIRECTION ( 'NONE',  ( 0.000000000000000000, -1.000000000000000000, 0.000000000000000000 ) ) ;
#650 = CARTESIAN_POINT ( 'NONE',  ( 14.27184303457879899, -1.862702289499070130, 20.71916900783164905 ) ) ;
#651 = CARTESIAN_POINT ( 'NONE',  ( 1.941227567137012944, -1.412702289498242170, 14.35113481042822947 ) ) ;
#652 = EDGE_CURVE ( 'NONE', #4017, #879, #1117, .T. ) ;
#653 = ORIENTED_EDGE ( 'NONE', *, *, #786, .F. ) ;
#654 = CARTESIAN_POINT ( 'NONE',  ( 15.13541881824037993, 6.353964377168680677, 13.97598077982668308 ) ) ;
#655 = CARTESIAN_POINT ( 'NONE',  ( 2.236254636753106428, 0.4372977105019977828, 11.20969499805132763 ) ) ;
#656 = VERTEX_POINT ( 'NONE', #3290 ) ;
#657 = CARTESIAN_POINT ( 'NONE',  ( -6.065551073586579503E-16, -47.95560220463060119, 0.000000000000000000 ) ) ;
#658 = CARTESIAN_POINT ( 'NONE',  ( 6.869270479910480454, 7.744397795369440729, 14.93409348710981988 ) ) ;
#659 = LINE ( 'NONE', #746, #153 ) ;
#660 = CARTESIAN_POINT ( 'NONE',  ( 14.14610259887228416, 0.08729771050124168763, 7.911077348990830593 ) ) ;
#661 = CARTESIAN_POINT ( 'NONE',  ( 8.543213770382680039, -9.446035622834498824, 24.40033301697345181 ) ) ;
#662 = CARTESIAN_POINT ( 'NONE',  ( 16.31383584760434857, 1.637297710501175008, 15.00065264577975022 ) ) ;
#663 = CARTESIAN_POINT ( 'NONE',  ( 1.173778631699628150, -8.862702289499370778, 18.38281730157249783 ) ) ;
#664 = DIRECTION ( 'NONE',  ( -1.000000000000000000, 0.000000000000000000, 0.000000000000000000 ) ) ;
#665 = CARTESIAN_POINT ( 'NONE',  ( 11.63966988102894007, 4.637297710502349624, 7.213083072994099787 ) ) ;
#666 = ORIENTED_EDGE ( 'NONE', *, *, #1675, .F. ) ;
#667 = CARTESIAN_POINT ( 'NONE',  ( 10.00000000000000000, 7.744397795369440729, 13.29999999999999893 ) ) ;
#668 = FILL_AREA_STYLE ('',( #1692 ) ) ;
#669 = CARTESIAN_POINT ( 'NONE',  ( 3.498390775636265104, -7.946035622831349343, 4.833796895505650504 ) ) ;
#670 = CARTESIAN_POINT ( 'NONE',  ( 18.74742765945334710, -3.412702289497347330, 12.15872043100497635 ) ) ;
#671 = VECTOR ( 'NONE', #1775, 1000.000000000000000 ) ;
#672 = ORIENTED_EDGE ( 'NONE', *, *, #1329, .T. ) ;
#673 = CARTESIAN_POINT ( 'NONE',  ( 7.668458184601549377, -5.362702289498310293, 21.96139565802160121 ) ) ;
#674 = SURFACE_SIDE_STYLE ('',( #3063 ) ) ;
#675 = EDGE_CURVE ( 'NONE', #3478, #2629, #4042, .T. ) ;
#676 = CARTESIAN_POINT ( 'NONE',  ( 11.27649670679507210, -4.812702289498827390, 23.08041049951420831 ) ) ;
#677 = VECTOR ( 'NONE', #1259, 1000.000000000000000 ) ;
#678 = ORIENTED_EDGE ( 'NONE', *, *, #1058, .T. ) ;
#679 = CARTESIAN_POINT ( 'NONE',  ( 20.00000000000000000, -9.955602204630560337, 26.59999999999999787 ) ) ;
#680 = CARTESIAN_POINT ( 'NONE',  ( -6.065551073586579503E-16, -46.89560220463059892, 2.560000000000000053 ) ) ;
#681 = AXIS2_PLACEMENT_3D ( 'NONE', #3767, #4081, #1345 ) ;
#682 = CARTESIAN_POINT ( 'NONE',  ( 7.884999999999999787, -12.51560220463055906, 2.560000000000000053 ) ) ;
#683 = CARTESIAN_POINT ( 'NONE',  ( 2.377253758107112702, -5.662702289497751451, 17.68917761528140886 ) ) ;
#684 = CARTESIAN_POINT ( 'NONE',  ( 6.818907810988240392, 7.744397795369440729, 8.153821564985490156 ) ) ;
#685 = DIRECTION ( 'NONE',  ( 0.2542116360690024335, 0.000000000000000000, -0.9671486153053837631 ) ) ;
#686 = CARTESIAN_POINT ( 'NONE',  ( 8.738078289662340126, -7.612702289497930153, 3.630934274046225152 ) ) ;
#687 = CARTESIAN_POINT ( 'NONE',  ( -1.734723475976804925E-15, 12.94439779536943824, 13.29999999999999893 ) ) ;
#688 = CARTESIAN_POINT ( 'NONE',  ( 13.37004775321146077, 6.944397795369440018, 18.93679004332689786 ) ) ;
#689 = CIRCLE ( 'NONE', #3102, 1.674999999999999378 ) ;
#690 = VECTOR ( 'NONE', #2745, 1000.000000000000000 ) ;
#691 = LINE ( 'NONE', #735, #3606 ) ;
#692 = CARTESIAN_POINT ( 'NONE',  ( 18.19085572925535033, -6.946035622833170109, 7.009996180864829896 ) ) ;
#693 = CARTESIAN_POINT ( 'NONE',  ( 15.75330874929392344, 1.087297710502205250, 17.72613456975874868 ) ) ;
#694 = APPLICATION_CONTEXT ( 'automotive_design' ) ;
#695 = AXIS2_PLACEMENT_3D ( 'NONE', #2929, #4264, #4241 ) ;
#696 = ADVANCED_FACE ( 'NONE', ( #4386 ), #233, .F. ) ;
#697 = ORIENTED_EDGE ( 'NONE', *, *, #4433, .T. ) ;
#698 = CARTESIAN_POINT ( 'NONE',  ( 17.94742765945334995, -2.612702289497349728, 12.26344018589870011 ) ) ;
#699 = DIRECTION ( 'NONE',  ( 0.000000000000000000, 1.000000000000000000, 0.000000000000000000 ) ) ;
#700 = AXIS2_PLACEMENT_3D ( 'NONE', #4352, #2184, #3579 ) ;
#701 = CARTESIAN_POINT ( 'NONE',  ( 0.6213050490956081306, -3.646035622831767409, 12.06857567247018714 ) ) ;
#702 = ORIENTED_EDGE ( 'NONE', *, *, #4103, .T. ) ;
#703 = CARTESIAN_POINT ( 'NONE',  ( -6.065551073586579503E-16, -46.89560220463059892, 24.03999999999999915 ) ) ;
#704 = DIRECTION ( 'NONE',  ( 0.000000000000000000, 0.000000000000000000, 1.000000000000000000 ) ) ;
#705 = CARTESIAN_POINT ( 'NONE',  ( 14.65191924766916109, 6.687297710501455050, 16.87971294878267159 ) ) ;
#706 = CARTESIAN_POINT ( 'NONE',  ( 14.53675205612691279, 11.48327894048623854, 13.69308017718640791 ) ) ;
#707 = CARTESIAN_POINT ( 'NONE',  ( 13.41346163449461670, 0.003964377168073006732, 7.385051595644186229 ) ) ;
#708 = CARTESIAN_POINT ( 'NONE',  ( -0.8133933392593950540, -8.612702289499670982, 14.71171384454525999 ) ) ;
#709 = CARTESIAN_POINT ( 'NONE',  ( 6.933358208715008963, 2.803964377169160027, 18.61321084122370451 ) ) ;
#710 = ORIENTED_EDGE ( 'NONE', *, *, #383, .T. ) ;
#711 = CARTESIAN_POINT ( 'NONE',  ( 0.3325072803731820570, -8.362702289497430996, 10.69807711184130028 ) ) ;
#712 = CARTESIAN_POINT ( 'NONE',  ( 2.590000000040109551, -15.63225098456195283, 26.59999999999999787 ) ) ;
#713 = FACE_OUTER_BOUND ( 'NONE', #1531, .T. ) ;
#714 = CYLINDRICAL_SURFACE ( 'NONE', #177, 1.499999999999999556 ) ;
#715 = CARTESIAN_POINT ( 'NONE',  ( 20.12473811273870083, -6.612702289498430197, 11.97843091394796033 ) ) ;
#716 = CARTESIAN_POINT ( 'NONE',  ( 15.20363619132389843, -7.196035622830799561, 4.279072232160590517 ) ) ;
#717 = ORIENTED_EDGE ( 'NONE', *, *, #3119, .F. ) ;
#718 = CARTESIAN_POINT ( 'NONE',  ( 16.31383584760434857, 1.637297710501175008, 15.00065264577975022 ) ) ;
#719 = CARTESIAN_POINT ( 'NONE',  ( 0.5639171138910836767, -3.812702289498351771, 14.53142432752978941 ) ) ;
#720 = EDGE_CURVE ( 'NONE', #2403, #775, #3993, .T. ) ;
#721 = VERTEX_POINT ( 'NONE', #1918 ) ;
#722 = CARTESIAN_POINT ( 'NONE',  ( 12.11500000000000021, -12.51560220463055906, 24.03999999999999915 ) ) ;
#723 = CARTESIAN_POINT ( 'NONE',  ( 20.00000000000000000, -47.95560220463060119, 25.10000000000000142 ) ) ;
#724 = CARTESIAN_POINT ( 'NONE',  ( 11.08163219336202765, -2.646035622832639600, 5.065632662325866953 ) ) ;
#725 = CARTESIAN_POINT ( 'NONE',  ( 14.48977454232015560, 11.63638767571763388, 12.53912219509734527 ) ) ;
#726 = CARTESIAN_POINT ( 'NONE',  ( 16.21496477701963812, -2.912702289498604102, 18.08091881472632068 ) ) ;
#727 = CARTESIAN_POINT ( 'NONE',  ( 4.265000000040109818, -15.63225098456195283, 26.59999999999999787 ) ) ;
#728 = EDGE_CURVE ( 'NONE', #867, #3327, #2352, .T. ) ;
#729 = CARTESIAN_POINT ( 'NONE',  ( 15.13541881824069968, 5.553964377168689737, 13.97598077982704012 ) ) ;
#730 = ORIENTED_EDGE ( 'NONE', *, *, #3279, .T. ) ;
#731 = CARTESIAN_POINT ( 'NONE',  ( 18.02102987542745183, -6.196035622831270295, 17.92733108557940369 ) ) ;
#732 = DIRECTION ( 'NONE',  ( 0.000000000000000000, 0.000000000000000000, 1.000000000000000000 ) ) ;
#733 = ADVANCED_FACE ( 'NONE', ( #2328 ), #531, .T. ) ;
#734 =( NAMED_UNIT ( * ) PLANE_ANGLE_UNIT ( ) SI_UNIT ( $, .RADIAN. ) );
#735 = CARTESIAN_POINT ( 'NONE',  ( -6.065551073586579503E-16, -9.955602204630560337, 2.560000000000000053 ) ) ;
#736 = CARTESIAN_POINT ( 'NONE',  ( 14.65191924766917886, 5.887297710501449899, 16.87971294878265027 ) ) ;
#737 = CARTESIAN_POINT ( 'NONE',  ( 1.258449520067895788, -8.946035622832091860, 20.01321462977779930 ) ) ;
#738 = VERTEX_POINT ( 'NONE', #3037 ) ;
#739 = CARTESIAN_POINT ( 'NONE',  ( 10.99148743484706081, -1.612702289497265129, 20.90310004624050322 ) ) ;
#740 = CARTESIAN_POINT ( 'NONE',  ( 17.72003778944458574, -2.062702289498401509, 8.854747043797223327 ) ) ;
#741 = ORIENTED_EDGE ( 'NONE', *, *, #3553, .F. ) ;
#742 = CIRCLE ( 'NONE', #883, 1.649999999999999467 ) ;
#743 = EDGE_CURVE ( 'NONE', #3483, #1136, #4414, .T. ) ;
#744 = CARTESIAN_POINT ( 'NONE',  ( 22.10000000000000142, -46.89560220463059892, 13.29999999999999893 ) ) ;
#745 = CARTESIAN_POINT ( 'NONE',  ( 15.10963360752326068, 6.603964377167666377, 16.24930721028497160 ) ) ;
#746 = CARTESIAN_POINT ( 'NONE',  ( 13.37004775321146077, 7.744397795369440729, 18.93679004332689786 ) ) ;
#747 = CARTESIAN_POINT ( 'NONE',  ( 4.584264969356262043, -5.912702289498250607, 20.34100690302586756 ) ) ;
#748 = CIRCLE ( 'NONE', #1326, 3.531533498719041653 ) ;
#749 = CARTESIAN_POINT ( 'NONE',  ( 7.255703728382759898, -7.696035622831689516, 3.074031521512734955 ) ) ;
#750 = EDGE_CURVE ( 'NONE', #1349, #2451, #2305, .T. ) ;
#751 = CARTESIAN_POINT ( 'NONE',  ( 8.650000000000000355, 7.744397795369440729, 10.03668437742000030 ) ) ;
#752 = ORIENTED_EDGE ( 'NONE', *, *, #642, .F. ) ;
#753 = CARTESIAN_POINT ( 'NONE',  ( 14.56258753687109930, -5.862702289498940011, 21.22361502353030005 ) ) ;
#754 = LINE ( 'NONE', #2143, #2006 ) ;
#755 = EDGE_CURVE ( 'NONE', #57, #1413, #1552, .T. ) ;
#756 = SURFACE_STYLE_FILL_AREA ( #3475 ) ;
#757 = CARTESIAN_POINT ( 'NONE',  ( 7.344708172808370072, 7.744397795369440729, 9.004429570773009317 ) ) ;
#758 = CARTESIAN_POINT ( 'NONE',  ( 10.82577291383587870, 4.553964377169330113, 7.020253568518319831 ) ) ;
#759 = CARTESIAN_POINT ( 'NONE',  ( 5.785470835461206107, 2.087297710501123671, 18.77796137394487630 ) ) ;
#760 = VECTOR ( 'NONE', #1667, 1000.000000000000000 ) ;
#761 = AXIS2_PLACEMENT_3D ( 'NONE', #2432, #3758, #637 ) ;
#762 = ORIENTED_EDGE ( 'NONE', *, *, #3490, .F. ) ;
#763 = CARTESIAN_POINT ( 'NONE',  ( 3.580728884594539974, -0.8627022894986859924, 16.99553792889210158 ) ) ;
#764 = CARTESIAN_POINT ( 'NONE',  ( 9.084082327491008968, 3.353964377168307642, 20.26840165798720861 ) ) ;
#765 = AXIS2_PLACEMENT_3D ( 'NONE', #1394, #2790, #2514 ) ;
#766 = CIRCLE ( 'NONE', #1134, 3.531533498719041653 ) ;
#767 = VERTEX_POINT ( 'NONE', #4340 ) ;
#768 = CIRCLE ( 'NONE', #2444, 1.675000000000000266 ) ;
#769 = CARTESIAN_POINT ( 'NONE',  ( 4.852439149668552609, -8.396035622831426792, 22.22363622034456654 ) ) ;
#770 = DIRECTION ( 'NONE',  ( 0.000000000000000000, 0.000000000000000000, -1.000000000000000000 ) ) ;
#771 = CARTESIAN_POINT ( 'NONE',  ( 15.13541881824103896, 4.753964377168677480, 13.97598077982737053 ) ) ;
#772 = CARTESIAN_POINT ( 'NONE',  ( 7.976719922119809070, 0.3039643771680420326, 5.756957018991729846 ) ) ;
#773 = AXIS2_PLACEMENT_3D ( 'NONE', #3191, #4503, #2119 ) ;
#774 = PLANE ( 'NONE',  #695 ) ;
#775 = VERTEX_POINT ( 'NONE', #3703 ) ;
#776 = CARTESIAN_POINT ( 'NONE',  ( 5.430686590570229733, -1.112702289498320063, 19.23961740167989731 ) ) ;
#777 = CARTESIAN_POINT ( 'NONE',  ( 10.00000000000000000, 6.944397795369440018, 13.29999999999999893 ) ) ;
#778 = EDGE_CURVE ( 'NONE', #4455, #1246, #3184, .T. ) ;
#779 = LINE ( 'NONE', #3840, #3962 ) ;
#780 = PLANE ( 'NONE',  #3464 ) ;
#781 = CARTESIAN_POINT ( 'NONE',  ( 9.174227086164108869, 4.387297710500544845, 6.962865633682389976 ) ) ;
#782 = CARTESIAN_POINT ( 'NONE',  ( 11.63966988102893296, 3.837297710502340031, 7.213083072993911493 ) ) ;
#783 = EDGE_CURVE ( 'NONE', #3449, #439, #3522, .T. ) ;
#784 = CARTESIAN_POINT ( 'NONE',  ( 4.175925955237600462, 3.553964377168465028, 12.53387446155496043 ) ) ;
#785 = LINE ( 'NONE', #1812, #2854 ) ;
#786 = EDGE_CURVE ( 'NONE', #3471, #2261, #454, .T. ) ;
#787 = ORIENTED_EDGE ( 'NONE', *, *, #109, .T. ) ;
#788 = ORIENTED_EDGE ( 'NONE', *, *, #2609, .F. ) ;
#789 = CARTESIAN_POINT ( 'NONE',  ( 2.377253758107112702, -4.062702289497747365, 17.68917761528140886 ) ) ;
#790 = DIRECTION ( 'NONE',  ( 0.000000000000000000, -1.000000000000000000, 0.000000000000000000 ) ) ;
#791 = CARTESIAN_POINT ( 'NONE',  ( 11.27649670679451965, -5.612702289498840535, 23.08041049951425094 ) ) ;
#792 = DIRECTION ( 'NONE',  ( 0.000000000000000000, 0.000000000000000000, -1.000000000000000000 ) ) ;
#793 = VERTEX_POINT ( 'NONE', #3283 ) ;
#794 = CARTESIAN_POINT ( 'NONE',  ( 12.35464391547899865, -5.696035622831189471, 22.07605896280700009 ) ) ;
#795 = DIRECTION ( 'NONE',  ( 4.336808689942006692E-15, 0.000000000000000000, 1.000000000000000000 ) ) ;
#796 = CARTESIAN_POINT ( 'NONE',  ( 12.11500000000000021, -12.51560220463055906, 2.560000000000000053 ) ) ;
#797 = ADVANCED_FACE ( 'NONE', ( #594 ), #2300, .F. ) ;
#798 = CARTESIAN_POINT ( 'NONE',  ( 20.00000000000000000, -46.89560220463059892, 24.03999999999999915 ) ) ;
#799 = CARTESIAN_POINT ( 'NONE',  ( 13.53913355095636106, 6.053964377168419730, 17.91133984984284666 ) ) ;
#800 = CARTESIAN_POINT ( 'NONE',  ( 8.903792810277670000, -1.446035622832863909, 21.64571211103464776 ) ) ;
#801 = DIRECTION ( 'NONE',  ( -0.9615349643490423981, 0.000000000000000000, 0.2746825664913698506 ) ) ;
#802 = VERTEX_POINT ( 'NONE', #842 ) ;
#803 = CARTESIAN_POINT ( 'NONE',  ( 20.00000000000000000, -49.45560220463060119, 1.500000000000000000 ) ) ;
#804 = CARTESIAN_POINT ( 'NONE',  ( 12.11500000000000021, -9.955602204630560337, 26.59999999999999787 ) ) ;
#805 = ORIENTED_EDGE ( 'NONE', *, *, #1589, .T. ) ;
#806 = ORIENTED_EDGE ( 'NONE', *, *, #2759, .F. ) ;
#807 = EDGE_CURVE ( 'NONE', #2678, #867, #2669, .T. ) ;
#808 = CARTESIAN_POINT ( 'NONE',  ( 4.242232221758578170, 4.103964377168398237, 14.84350069752890100 ) ) ;
#809 = CYLINDRICAL_SURFACE ( 'NONE', #2490, 1.499999999999999556 ) ;
#810 = CARTESIAN_POINT ( 'NONE',  ( 0.8947918877926609449, -4.362702289498315622, 10.84918690113196149 ) ) ;
#811 = CYLINDRICAL_SURFACE ( 'NONE', #42, 0.9999999999999991118 ) ;
#812 = EDGE_LOOP ( 'NONE', ( #2807, #3301, #4343, #1064 ) ) ;
#813 = CARTESIAN_POINT ( 'NONE',  ( 16.57011720627605200, 1.387297710502497949, 12.44372970296809910 ) ) ;
#814 = DIRECTION ( 'NONE',  ( 0.000000000000000000, 1.000000000000000000, 0.000000000000000000 ) ) ;
#815 = VECTOR ( 'NONE', #1912, 1000.000000000000000 ) ;
#816 = CARTESIAN_POINT ( 'NONE',  ( 0.2178439755822070001, -8.696035622830759593, 15.92502498824824997 ) ) ;
#817 = CARTESIAN_POINT ( 'NONE',  ( 4.877877811044500689, 7.744397795369440729, 12.84561508435411881 ) ) ;
#818 = CARTESIAN_POINT ( 'NONE',  ( 15.98807672662974966, 1.053964377168625788, 8.702839423015879206 ) ) ;
#819 = CARTESIAN_POINT ( 'NONE',  ( 6.074976808687140739, 0.1372977105018309829, 6.482568555414199629 ) ) ;
#820 = CARTESIAN_POINT ( 'NONE',  ( 20.00000000000000000, -9.955602204630560337, 0.000000000000000000 ) ) ;
#821 = ORIENTED_EDGE ( 'NONE', *, *, #3089, .F. ) ;
#822 = DIRECTION ( 'NONE',  ( 0.000000000000000000, 0.000000000000000000, 1.000000000000000000 ) ) ;
#823 = LINE ( 'NONE', #1876, #2637 ) ;
#824 = EDGE_CURVE ( 'NONE', #4449, #1950, #248, .T. ) ;
#825 = EDGE_LOOP ( 'NONE', ( #230, #4083, #2958, #3061 ) ) ;
#826 = ORIENTED_EDGE ( 'NONE', *, *, #1038, .T. ) ;
#827 = CARTESIAN_POINT ( 'NONE',  ( 4.118538020383875953, 4.187297710501407977, 14.06612553844463243 ) ) ;
#828 = CARTESIAN_POINT ( 'NONE',  ( 10.00000000000000000, 7.744397795369440729, 13.29999999999999893 ) ) ;
#829 = AXIS2_PLACEMENT_3D ( 'NONE', #4289, #2186, #1521 ) ;
#830 = CIRCLE ( 'NONE', #3014, 1.649999999999998579 ) ;
#831 = CARTESIAN_POINT ( 'NONE',  ( 3.085153703255965052, -0.1960356228321235017, 9.310233259843359477 ) ) ;
#832 = EDGE_CURVE ( 'NONE', #3701, #3899, #4033, .T. ) ;
#833 = AXIS2_PLACEMENT_3D ( 'NONE', #364, #2764, #2483 ) ;
#834 = CIRCLE ( 'NONE', #1276, 1.649999999999999467 ) ;
#835 = FACE_OUTER_BOUND ( 'NONE', #2284, .T. ) ;
#836 = VERTEX_POINT ( 'NONE', #1546 ) ;
#837 = CARTESIAN_POINT ( 'NONE',  ( 11.99413581855205990, -1.696035622831054912, 20.73459621410850318 ) ) ;
#838 = DIRECTION ( 'NONE',  ( -1.000000000000000000, 0.000000000000000000, 0.000000000000000000 ) ) ;
#839 = AXIS2_PLACEMENT_3D ( 'NONE', #1336, #3117, #4192 ) ;
#840 = CARTESIAN_POINT ( 'NONE',  ( 4.852439149668560603, -9.196035622831439937, 22.22363622034460207 ) ) ;
#841 = CARTESIAN_POINT ( 'NONE',  ( 22.10000000000000142, -46.89560220463059892, 13.29999999999999893 ) ) ;
#842 = CARTESIAN_POINT ( 'NONE',  ( 4.240000000040110351, -15.63225098456195283, 26.57500000000000284 ) ) ;
#843 = CARTESIAN_POINT ( 'NONE',  ( 7.616211825288009329, -3.696035622832185119, 4.415494270207154237 ) ) ;
#844 = DIRECTION ( 'NONE',  ( 0.000000000000000000, 1.000000000000000000, 0.000000000000000000 ) ) ;
#845 = ORIENTED_EDGE ( 'NONE', *, *, #1011, .F. ) ;
#846 = CARTESIAN_POINT ( 'NONE',  ( 14.01723661997264081, 7.744397795369440729, 15.39680847698675059 ) ) ;
#847 = DIRECTION ( 'NONE',  ( -1.427144654353158220E-16, 0.000000000000000000, -1.000000000000000000 ) ) ;
#848 = CARTESIAN_POINT ( 'NONE',  ( 15.19280675297876115, 4.587297710501187176, 12.62401922017257938 ) ) ;
#849 = CARTESIAN_POINT ( 'NONE',  ( 6.530463024748465628, 3.603964377169156297, 19.31223995204539889 ) ) ;
#850 = ORIENTED_EDGE ( 'NONE', *, *, #4185, .F. ) ;
#851 = VERTEX_POINT ( 'NONE', #3004 ) ;
#852 = CARTESIAN_POINT ( 'NONE',  ( 6.239718522303821402, -0.3960356228317425398, 19.81668596752270872 ) ) ;
#853 = SURFACE_STYLE_USAGE ( .BOTH. , #3977 ) ;
#854 = EDGE_CURVE ( 'NONE', #2177, #3914, #911, .T. ) ;
#855 = CARTESIAN_POINT ( 'NONE',  ( 11.09620718972233888, -1.612702289497265129, 21.70310004624050038 ) ) ;
#856 = CARTESIAN_POINT ( 'NONE',  ( 10.00000000000000000, 6.470631043834940144, 18.91978517232030299 ) ) ;
#857 = DIRECTION ( 'NONE',  ( 0.000000000000000000, -1.000000000000000000, 0.000000000000000000 ) ) ;
#858 = ORIENTED_EDGE ( 'NONE', *, *, #4088, .F. ) ;
#859 = EDGE_CURVE ( 'NONE', #871, #464, #1963, .T. ) ;
#860 = CARTESIAN_POINT ( 'NONE',  ( 14.14610259887269805, 0.8872977105012439525, 7.911077348990829705 ) ) ;
#861 = CARTESIAN_POINT ( 'NONE',  ( -6.065551073586579503E-16, -9.955602204630560337, 0.000000000000000000 ) ) ;
#862 = ADVANCED_FACE ( 'NONE', ( #4334 ), #4403, .T. ) ;
#863 = LINE ( 'NONE', #4453, #2082 ) ;
#864 = CARTESIAN_POINT ( 'NONE',  ( 14.45838595965921769, 14.14580308497838423, 12.38007651076400784 ) ) ;
#865 = CARTESIAN_POINT ( 'NONE',  ( 19.77593948657870015, -6.362702289498860075, 15.93106714732650175 ) ) ;
#866 = LINE ( 'NONE', #3312, #1419 ) ;
#867 = VERTEX_POINT ( 'NONE', #2622 ) ;
#868 = DIRECTION ( 'NONE',  ( 0.000000000000000000, -1.000000000000000000, 0.000000000000000000 ) ) ;
#869 = DIRECTION ( 'NONE',  ( 1.000000000000000000, 0.000000000000000000, 0.000000000000000000 ) ) ;
#870 = CARTESIAN_POINT ( 'NONE',  ( 11.36664146529854236, -8.246035622831906053, 2.888322209202526025 ) ) ;
#871 = VERTEX_POINT ( 'NONE', #4357 ) ;
#872 = ORIENTED_EDGE ( 'NONE', *, *, #4158, .T. ) ;
#873 = CARTESIAN_POINT ( 'NONE',  ( 3.015432777983493740, 0.4372977105019977828, 11.41909330579002813 ) ) ;
#874 = CARTESIAN_POINT ( 'NONE',  ( 5.690458123662135215, 12.55277716339738703, 11.83818226699611920 ) ) ;
#875 = CARTESIAN_POINT ( 'NONE',  ( 19.77593948657869660, -5.562702289498857589, 15.93106714732649287 ) ) ;
#876 = VERTEX_POINT ( 'NONE', #4008 ) ;
#877 = CARTESIAN_POINT ( 'NONE',  ( 20.00000000000000000, -46.89560220463059892, 2.560000000000000053 ) ) ;
#878 = CARTESIAN_POINT ( 'NONE',  ( 5.700970623457396691, 13.14195248747323497, 11.80961167660272260 ) ) ;
#879 = VERTEX_POINT ( 'NONE', #4380 ) ;
#880 = CARTESIAN_POINT ( 'NONE',  ( 14.97237309855970011, 5.637297710502199521, 14.64014454893846029 ) ) ;
#881 = CARTESIAN_POINT ( 'NONE',  ( 10.00000000000000000, 6.470631043834940144, 18.51978517232030086 ) ) ;
#882 = EDGE_CURVE ( 'NONE', #1239, #2403, #1043, .T. ) ;
#883 = AXIS2_PLACEMENT_3D ( 'NONE', #3891, #1534, #4321 ) ;
#884 = CARTESIAN_POINT ( 'NONE',  ( 8.918367806637959916, -3.612702289497484731, 5.008244727240069416 ) ) ;
#885 = FACE_OUTER_BOUND ( 'NONE', #3555, .T. ) ;
#886 = CARTESIAN_POINT ( 'NONE',  ( 14.39105459185208424, 13.86490276892951634, 14.50077901578510975 ) ) ;
#887 = CARTESIAN_POINT ( 'NONE',  ( 7.819567973833950525, -1.362702289498380015, 21.39911105048199857 ) ) ;
#888 = MECHANICAL_DESIGN_GEOMETRIC_PRESENTATION_REPRESENTATION (  '', ( #1399 ), #962 ) ;
#889 = CARTESIAN_POINT ( 'NONE',  ( 10.00000000000000000, -50.45560220463060119, 13.29999999999999893 ) ) ;
#890 = ORIENTED_EDGE ( 'NONE', *, *, #438, .T. ) ;
#891 = CARTESIAN_POINT ( 'NONE',  ( 12.11500000000000021, -12.51560220463055906, 2.560000000000000053 ) ) ;
#892 = DIRECTION ( 'NONE',  ( 0.000000000000000000, 0.000000000000000000, -1.000000000000000000 ) ) ;
#893 = CARTESIAN_POINT ( 'NONE',  ( 1.258449520067895788, -9.746035622832083689, 20.01321462977779930 ) ) ;
#894 = ORIENTED_EDGE ( 'NONE', *, *, #4353, .F. ) ;
#895 = ORIENTED_EDGE ( 'NONE', *, *, #2424, .F. ) ;
#896 = CARTESIAN_POINT ( 'NONE',  ( 5.682871393906061996, 0.8539643771678244732, 7.676309371707670692 ) ) ;
#897 = CARTESIAN_POINT ( 'NONE',  ( 17.95608775215848141, -5.312702289499121378, 19.41897781207552853 ) ) ;
#898 = ORIENTED_EDGE ( 'NONE', *, *, #2812, .T. ) ;
#899 = DIRECTION ( 'NONE',  ( 0.2542116360690024335, 0.000000000000000000, -0.9671486153053837631 ) ) ;
#900 = AXIS2_PLACEMENT_3D ( 'NONE', #3420, #4126, #2005 ) ;
#901 = CARTESIAN_POINT ( 'NONE',  ( 10.00000000000000000, 9.344397795369440374, 17.85000000000000142 ) ) ;
#902 = AXIS2_PLACEMENT_3D ( 'NONE', #2718, #4109, #4084 ) ;
#903 = EDGE_LOOP ( 'NONE', ( #4303, #2211, #2556, #4440 ) ) ;
#904 = CARTESIAN_POINT ( 'NONE',  ( 8.546626326647569272, 4.303964377168590261, 7.877597908943330118 ) ) ;
#905 = FACE_OUTER_BOUND ( 'NONE', #3692, .T. ) ;
#906 = AXIS2_PLACEMENT_3D ( 'NONE', #2813, #2447, #3841 ) ;
#907 = VECTOR ( 'NONE', #3815, 1000.000000000000000 ) ;
#908 = CARTESIAN_POINT ( 'NONE',  ( 1.673970029050459996, -4.362702289498315622, 11.05858520880371998 ) ) ;
#909 = AXIS2_PLACEMENT_3D ( 'NONE', #1022, #377, #2409 ) ;
#910 = CARTESIAN_POINT ( 'NONE',  ( 10.00000000000000000, 7.844397795369440374, 13.29999999999999893 ) ) ;
#911 = LINE ( 'NONE', #2935, #1696 ) ;
#912 = DIRECTION ( 'NONE',  ( 0.000000000000000000, 0.000000000000000000, -1.000000000000000000 ) ) ;
#913 = ADVANCED_FACE ( 'NONE', ( #1642 ), #2646, .F. ) ;
#914 = CARTESIAN_POINT ( 'NONE',  ( 10.00000000000000000, 7.744397795369440729, 13.29999999999999893 ) ) ;
#915 = ORIENTED_EDGE ( 'NONE', *, *, #2955, .T. ) ;
#916 = LINE ( 'NONE', #4064, #1130 ) ;
#917 = DIRECTION ( 'NONE',  ( -1.000000000000000000, 0.000000000000000000, -5.500074432393179673E-17 ) ) ;
#918 = CARTESIAN_POINT ( 'NONE',  ( 5.191234017730046446, -0.7460356228321781691, 7.036575897986785399 ) ) ;
#919 = EDGE_CURVE ( 'NONE', #2606, #2308, #2961, .T. ) ;
#920 = ORIENTED_EDGE ( 'NONE', *, *, #1221, .F. ) ;
#921 = EDGE_LOOP ( 'NONE', ( #2109, #1491, #3341, #1813 ) ) ;
#922 = CARTESIAN_POINT ( 'NONE',  ( 17.55112225545059701, -6.946035622833170109, 7.501633556960890736 ) ) ;
#923 = CARTESIAN_POINT ( 'NONE',  ( 5.653479773980988554, 12.27495566175008967, 11.95393072543935631 ) ) ;
#924 = EDGE_CURVE ( 'NONE', #851, #3356, #3126, .T. ) ;
#925 = CARTESIAN_POINT ( 'NONE',  ( 15.93541881824484996, 5.553964377168689737, 14.08070053447130121 ) ) ;
#926 = CARTESIAN_POINT ( 'NONE',  ( -2.100000000000000089, -46.89560220463059892, 13.29999999999999893 ) ) ;
#927 = LINE ( 'NONE', #2315, #1929 ) ;
#928 = DIRECTION ( 'NONE',  ( -1.000000000000000000, 0.000000000000000000, 0.000000000000000000 ) ) ;
#929 = CARTESIAN_POINT ( 'NONE',  ( 1.898182993887763903, -9.746035622832083689, 19.52157725369420049 ) ) ;
#930 = DIRECTION ( 'NONE',  ( 0.000000000000000000, 1.000000000000000000, 0.000000000000000000 ) ) ;
#931 = CARTESIAN_POINT ( 'NONE',  ( 14.80074100717591890, -7.196035622830799561, 4.978101342905010718 ) ) ;
#932 = CARTESIAN_POINT ( 'NONE',  ( 12.11500000000000021, -12.51560220463055906, 2.560000000000000053 ) ) ;
#933 = DIRECTION ( 'NONE',  ( 0.000000000000000000, -1.000000000000000000, 0.000000000000000000 ) ) ;
#934 = CARTESIAN_POINT ( 'NONE',  ( 11.48251793300503998, 6.303964377169370081, 18.83084885784255036 ) ) ;
#935 = ORIENTED_EDGE ( 'NONE', *, *, #4095, .F. ) ;
#936 = EDGE_CURVE ( 'NONE', #656, #738, #3403, .T. ) ;
#937 = CARTESIAN_POINT ( 'NONE',  ( 16.46000000004010033, -37.43225098456194644, 26.57500000000000284 ) ) ;
#938 = DIRECTION ( 'NONE',  ( 0.000000000000000000, -1.000000000000000000, 0.000000000000000000 ) ) ;
#939 = CARTESIAN_POINT ( 'NONE',  ( 8.625000000000000000, 12.94439779536943824, 11.79999999999999893 ) ) ;
#940 = CARTESIAN_POINT ( 'NONE',  ( 1.881678577042219969, -4.996035622831811907, 8.616593573469083722 ) ) ;
#941 = EDGE_CURVE ( 'NONE', #1855, #420, #3446, .T. ) ;
#942 = ORIENTED_EDGE ( 'NONE', *, *, #948, .F. ) ;
#943 = VERTEX_POINT ( 'NONE', #2714 ) ;
#944 = CARTESIAN_POINT ( 'NONE',  ( 1.377232561305502090, -8.196035622832690493, 8.325849071249729505 ) ) ;
#945 = CARTESIAN_POINT ( 'NONE',  ( 5.463311955013876897, 11.48348337150560283, 12.90635181798604947 ) ) ;
#946 = CARTESIAN_POINT ( 'NONE',  ( 13.79131835401129891, 4.887297710501780301, 8.372733376906149161 ) ) ;
#947 = ORIENTED_EDGE ( 'NONE', *, *, #3553, .T. ) ;
#948 = EDGE_CURVE ( 'NONE', #464, #1373, #4106, .T. ) ;
#949 = DIRECTION ( 'NONE',  ( 0.000000000000000000, -1.000000000000000000, 0.000000000000000000 ) ) ;
#950 = CARTESIAN_POINT ( 'NONE',  ( 5.510225457680443029, 14.25240791502479709, 12.53912219509264681 ) ) ;
#951 = DIRECTION ( 'NONE',  ( 0.000000000000000000, 0.000000000000000000, 1.000000000000000000 ) ) ;
#952 = CARTESIAN_POINT ( 'NONE',  ( 4.784204011046250038, 3.137297710501480097, 16.30189824240904883 ) ) ;
#953 = CARTESIAN_POINT ( 'NONE',  ( 10.00000000000000000, -9.529368956165059856, 23.62902698495494747 ) ) ;
#954 = CARTESIAN_POINT ( 'NONE',  ( 8.186118229871720331, 0.3039643771680420326, 6.536135160219169293 ) ) ;
#955 = CARTESIAN_POINT ( 'NONE',  ( 5.982763380027349420, 6.944397795369440018, 15.39680847698675059 ) ) ;
#956 = DIRECTION ( 'NONE',  ( -1.427144654353158220E-16, 0.000000000000000000, -1.000000000000000000 ) ) ;
#957 = CARTESIAN_POINT ( 'NONE',  ( 7.884999999999999787, -12.51560220463055906, 24.03999999999999915 ) ) ;
#958 = COLOUR_RGB ( '',0.7921568627450980005, 0.8196078431372548767, 0.9333333333333333481 ) ;
#959 = ORIENTED_EDGE ( 'NONE', *, *, #4469, .T. ) ;
#960 = DIRECTION ( 'NONE',  ( -0.000000000000000000, 1.000000000000000000, 0.000000000000000000 ) ) ;
#961 = DIRECTION ( 'NONE',  ( -1.000000000000000000, 0.000000000000000000, 0.000000000000000000 ) ) ;
#962 =( GEOMETRIC_REPRESENTATION_CONTEXT ( 3 ) GLOBAL_UNCERTAINTY_ASSIGNED_CONTEXT ( ( #1495 ) ) GLOBAL_UNIT_ASSIGNED_CONTEXT ( ( #1427, #3134, #2405 ) ) REPRESENTATION_CONTEXT ( 'NONE', 'WORKASPACE' ) );
#963 = DIRECTION ( 'NONE',  ( -0.000000000000000000, 1.000000000000000000, 0.000000000000000000 ) ) ;
#964 = CARTESIAN_POINT ( 'NONE',  ( 11.27649670679396365, -6.412702289498845687, 23.08041049951420831 ) ) ;
#965 = AXIS2_PLACEMENT_3D ( 'NONE', #187, #1577, #1214 ) ;
#966 = ORIENTED_EDGE ( 'NONE', *, *, #1072, .T. ) ;
#967 = ORIENTED_EDGE ( 'NONE', *, *, #832, .F. ) ;
#968 = CARTESIAN_POINT ( 'NONE',  ( 14.56258753687109930, -5.862702289498940011, 21.22361502353030005 ) ) ;
#969 = CARTESIAN_POINT ( 'NONE',  ( 10.00000000000000000, 6.844397795369439486, 8.750000000000000000 ) ) ;
#970 = CARTESIAN_POINT ( 'NONE',  ( 20.06735017743331895, -5.646035622831687029, 14.62156908605203931 ) ) ;
#971 = ADVANCED_FACE ( 'NONE', ( #1392 ), #2691, .T. ) ;
#972 = VERTEX_POINT ( 'NONE', #273 ) ;
#973 = CYLINDRICAL_SURFACE ( 'NONE', #761, 1.000000000000000888 ) ;
#974 = LINE ( 'NONE', #2363, #4336 ) ;
#975 = CARTESIAN_POINT ( 'NONE',  ( 13.79131835401094008, 5.687297710501781900, 8.372733376906493774 ) ) ;
#976 = ORIENTED_EDGE ( 'NONE', *, *, #1011, .T. ) ;
#977 = CARTESIAN_POINT ( 'NONE',  ( 3.737843348178178093, -9.912702289498028563, 21.44239640423983673 ) ) ;
#978 = DIRECTION ( 'NONE',  ( 0.000000000000000000, 0.000000000000000000, 1.000000000000000000 ) ) ;
#979 = CIRCLE ( 'NONE', #1268, 1.000000000000000888 ) ;
#980 = VECTOR ( 'NONE', #2601, 1000.000000000000000 ) ;
#981 = CARTESIAN_POINT ( 'NONE',  ( 3.784182814043639986, -0.1960356228321235017, 9.713128443889729624 ) ) ;
#982 = FACE_BOUND ( 'NONE', #2398, .T. ) ;
#983 = CARTESIAN_POINT ( 'NONE',  ( 20.00000000000000000, -9.955602204630560337, 0.000000000000000000 ) ) ;
#984 = CARTESIAN_POINT ( 'NONE',  ( 15.75330874929354863, 1.887297710502209958, 17.72613456975789958 ) ) ;
#985 = CIRCLE ( 'NONE', #765, 3.550000000000001155 ) ;
#986 = ADVANCED_FACE ( 'NONE', ( #3075 ), #3104, .F. ) ;
#987 = CONICAL_SURFACE ( 'NONE', #3677, 1.674999999999999378, 0.7853981633974476129 ) ;
#988 = EDGE_LOOP ( 'NONE', ( #460, #1841, #890, #1990 ) ) ;
#990 = FACE_OUTER_BOUND ( 'NONE', #4313, .T. ) ;
#989 = VECTOR ( 'NONE', #453, 1000.000000000000000 ) ;
#991 = CARTESIAN_POINT ( 'NONE',  ( 0.000000000000000000, -9.955602204630560337, 0.000000000000000000 ) ) ;
#992 = CARTESIAN_POINT ( 'NONE',  ( 20.06735017743330118, -6.446035622831690404, 14.62156908605201977 ) ) ;
#993 = CARTESIAN_POINT ( 'NONE',  ( 1.998615502167076841, -1.246035622831886291, 12.24886518957177728 ) ) ;
#994 = VECTOR ( 'NONE', #3121, 1000.000000000000000 ) ;
#995 = EDGE_LOOP ( 'NONE', ( #443, #2078, #1749, #2203 ) ) ;
#996 = CARTESIAN_POINT ( 'NONE',  ( 12.15128776695264001, -3.362702289499085229, 5.309335716268789973 ) ) ;
#997 = CARTESIAN_POINT ( 'NONE',  ( 18.43447673771377637, -1.562702289498623109, 15.57055905039544896 ) ) ;
#998 = ORIENTED_EDGE ( 'NONE', *, *, #2874, .T. ) ;
#999 = CARTESIAN_POINT ( 'NONE',  ( 15.12212218895549931, 7.744397795369440729, 12.84561508435411881 ) ) ;
#1000 = EDGE_CURVE ( 'NONE', #3560, #1532, #317, .T. ) ;
#1001 = DIRECTION ( 'NONE',  ( 0.000000000000000000, 1.000000000000000000, 0.000000000000000000 ) ) ;
#1002 = CARTESIAN_POINT ( 'NONE',  ( 3.577717385724975330, 4.437297710502171810, 11.57020309480557785 ) ) ;
#1003 = ORIENTED_EDGE ( 'NONE', *, *, #1031, .T. ) ;
#1004 = CARTESIAN_POINT ( 'NONE',  ( 1.363917113890883437, -5.412702289498347419, 14.42670457260506112 ) ) ;
#1005 = CARTESIAN_POINT ( 'NONE',  ( -0.7560054040713141132, -8.446035622830459388, 11.88828615545474143 ) ) ;
#1006 = CARTESIAN_POINT ( 'NONE',  ( 6.277108211701460050, 2.887297710501124826, 18.13822790028335064 ) ) ;
#1007 = CARTESIAN_POINT ( 'NONE',  ( 20.00000000000000000, -9.955602204630560337, 0.000000000000000000 ) ) ;
#1008 = CARTESIAN_POINT ( 'NONE',  ( 10.00000000000000000, 6.844397795369439486, 13.29999999999999893 ) ) ;
#1009 = CARTESIAN_POINT ( 'NONE',  ( 17.20767729377380206, 1.303964377168717714, 11.36684694632212000 ) ) ;
#1010 = ORIENTED_EDGE ( 'NONE', *, *, #1815, .F. ) ;
#1011 = EDGE_CURVE ( 'NONE', #161, #1802, #235, .T. ) ;
#1012 = CARTESIAN_POINT ( 'NONE',  ( 22.09999999999999432, -46.89560220463061313, -10.29999999999998472 ) ) ;
#1013 = DIRECTION ( 'NONE',  ( -1.000000000000000000, 0.000000000000000000, 0.000000000000000000 ) ) ;
#1014 = CARTESIAN_POINT ( 'NONE',  ( 8.903792810277670000, -1.446035622832863909, 21.64571211103464776 ) ) ;
#1015 = CARTESIAN_POINT ( 'NONE',  ( 14.27184303457832293, -2.662702289499070396, 20.71916900783164550 ) ) ;
#1016 = ORIENTED_EDGE ( 'NONE', *, *, #4407, .T. ) ;
#1017 = CARTESIAN_POINT ( 'NONE',  ( 14.80074100717591890, -7.196035622830799561, 4.978101342905010718 ) ) ;
#1018 = FILL_AREA_STYLE_COLOUR ( '', #3221 ) ;
#1019 = CARTESIAN_POINT ( 'NONE',  ( 0.7801285830887950690, -3.896035622832369594, 15.77391519890936067 ) ) ;
#1020 = ORIENTED_EDGE ( 'NONE', *, *, #4176, .T. ) ;
#1021 = DIRECTION ( 'NONE',  ( 0.000000000000000000, -1.000000000000000000, 0.000000000000000000 ) ) ;
#1022 = CARTESIAN_POINT ( 'NONE',  ( 12.11500000000000021, -12.51560220463055906, 24.03999999999999915 ) ) ;
#1023 = CARTESIAN_POINT ( 'NONE',  ( 10.00000000000000000, -9.955602204630560337, 8.750000000000000000 ) ) ;
#1024 = CARTESIAN_POINT ( 'NONE',  ( 10.99148743484705015, -2.412702289497262509, 20.90310004624048901 ) ) ;
#1025 = LINE ( 'NONE', #3875, #3905 ) ;
#1026 = LINE ( 'NONE', #1412, #3537 ) ;
#1027 = EDGE_LOOP ( 'NONE', ( #3982, #2990, #666, #2228, #3380, #1701, #260, #967, #1450, #288 ) ) ;
#1028 = DIRECTION ( 'NONE',  ( 1.000000000000000000, 0.000000000000000000, 0.000000000000000000 ) ) ;
#1029 = FACE_OUTER_BOUND ( 'NONE', #1997, .T. ) ;
#1030 = DIRECTION ( 'NONE',  ( 0.000000000000000000, -1.000000000000000000, 0.000000000000000000 ) ) ;
#1031 = EDGE_CURVE ( 'NONE', #489, #4236, #2396, .T. ) ;
#1032 = VERTEX_POINT ( 'NONE', #1321 ) ;
#1033 = DIRECTION ( 'NONE',  ( 1.000000000000000000, 0.000000000000000000, 0.000000000000000000 ) ) ;
#1034 = DIRECTION ( 'NONE',  ( 0.000000000000000000, 1.000000000000000000, 0.000000000000000000 ) ) ;
#1035 = CARTESIAN_POINT ( 'NONE',  ( 11.18635194827112045, -3.446035622832640311, 4.265632662325860025 ) ) ;
#1036 = CARTESIAN_POINT ( 'NONE',  ( 0.4747495209609259859, -8.862702289499370778, 18.78571248573305041 ) ) ;
#1037 = VECTOR ( 'NONE', #1364, 1000.000000000000114 ) ;
#1038 = EDGE_CURVE ( 'NONE', #564, #4265, #1404, .T. ) ;
#1039 = EDGE_LOOP ( 'NONE', ( #1994, #3889, #4251, #3654 ) ) ;
#1040 = CARTESIAN_POINT ( 'NONE',  ( 5.430686590570229733, -1.112702289498320063, 19.23961740167989731 ) ) ;
#1041 = SURFACE_SIDE_STYLE ('',( #304 ) ) ;
#1042 = CARTESIAN_POINT ( 'NONE',  ( 3.085153703255968161, 0.6039643771678780970, 9.310233259843810671 ) ) ;
#1043 = CIRCLE ( 'NONE', #2271, 2.000000000000000000 ) ;
#1044 = ORIENTED_EDGE ( 'NONE', *, *, #4444, .F. ) ;
#1045 = CARTESIAN_POINT ( 'NONE',  ( 10.00000000000000000, -9.529368956165059856, 24.02902698495494960 ) ) ;
#1046 = CARTESIAN_POINT ( 'NONE',  ( -6.065551073586579503E-16, -9.955602204630560337, 24.03999999999999915 ) ) ;
#1047 = CARTESIAN_POINT ( 'NONE',  ( 15.86621454502399864, 6.103964377168407118, 11.72735504289876651 ) ) ;
#1048 = CARTESIAN_POINT ( 'NONE',  ( 12.11500000000000021, -12.51560220463055906, 26.59999999999999787 ) ) ;
#1049 = CARTESIAN_POINT ( 'NONE',  ( 3.580728884594649220, -1.662702289498687591, 16.99553792889209092 ) ) ;
#1050 = UNCERTAINTY_MEASURE_WITH_UNIT (LENGTH_MEASURE( 1.000000000000000082E-05 ), #441, 'distance_accuracy_value', 'NONE');
#1051 = CARTESIAN_POINT ( 'NONE',  ( -6.065551073586579503E-16, -47.95560220463060119, 1.500000000000000000 ) ) ;
#1052 = CARTESIAN_POINT ( 'NONE',  ( 13.04749617461903988, 6.053964377168419730, 17.27160637628099948 ) ) ;
#1053 = ORIENTED_EDGE ( 'NONE', *, *, #1216, .T. ) ;
#1054 = CARTESIAN_POINT ( 'NONE',  ( 7.307950087598890754, -9.362702289498688657, 23.30285840677045073 ) ) ;
#1055 = DIRECTION ( 'NONE',  ( 0.000000000000000000, 1.000000000000000000, 0.000000000000000000 ) ) ;
#1056 = CARTESIAN_POINT ( 'NONE',  ( 14.36497551405423856, 7.744397795369440729, 18.83619804213210003 ) ) ;
#1057 = AXIS2_PLACEMENT_3D ( 'NONE', #3331, #290, #1684 ) ;
#1058 = EDGE_CURVE ( 'NONE', #1360, #397, #1256, .T. ) ;
#1059 = CIRCLE ( 'NONE', #1783, 1.650000000000000355 ) ;
#1060 = FACE_OUTER_BOUND ( 'NONE', #95, .T. ) ;
#1061 = CARTESIAN_POINT ( 'NONE',  ( 7.459059876943110012, -5.362702289498310293, 22.74057379928540001 ) ) ;
#1062 = CARTESIAN_POINT ( 'NONE',  ( 12.88456366124705532, 5.337297710500496173, 18.31221875499002039 ) ) ;
#1063 = AXIS2_PLACEMENT_3D ( 'NONE', #1719, #4226, #4511 ) ;
#1064 = ORIENTED_EDGE ( 'NONE', *, *, #1865, .T. ) ;
#1065 = CARTESIAN_POINT ( 'NONE',  ( 12.71982194806608213, 4.803964377167520006, 8.588526721834169209 ) ) ;
#1066 = AXIS2_PLACEMENT_3D ( 'NONE', #2785, #1028, #1713 ) ;
#1067 = CIRCLE ( 'NONE', #2661, 1.000000000000000888 ) ;
#1068 = CARTESIAN_POINT ( 'NONE',  ( 11.09620718972234243, -0.8127022894972600886, 21.70310004624046840 ) ) ;
#1069 = ORIENTED_EDGE ( 'NONE', *, *, #1544, .F. ) ;
#1070 = FACE_BOUND ( 'NONE', #3078, .T. ) ;
#1071 = PLANE ( 'NONE',  #839 ) ;
#1072 = EDGE_CURVE ( 'NONE', #3701, #3048, #645, .T. ) ;
#1073 = CARTESIAN_POINT ( 'NONE',  ( 1.377232561305538949, -7.396035622832695999, 8.325849071249724176 ) ) ;
#1074 = CARTESIAN_POINT ( 'NONE',  ( 14.29563732174866075, 12.94439779536943824, 14.80000000000000071 ) ) ;
#1075 = CARTESIAN_POINT ( 'NONE',  ( 2.999572495164795960, -5.746035622831872303, 18.67515563245303767 ) ) ;
#1076 = CARTESIAN_POINT ( 'NONE',  ( 16.07839841383270141, -5.946035622831000289, 21.21550835391564860 ) ) ;
#1077 = VERTEX_POINT ( 'NONE', #2417 ) ;
#1078 = CARTESIAN_POINT ( 'NONE',  ( 18.99676134530670168, -6.362702289498860075, 15.72166883968250239 ) ) ;
#1079 = DIRECTION ( 'NONE',  ( 0.000000000000000000, 0.000000000000000000, 1.000000000000000000 ) ) ;
#1080 =( LENGTH_UNIT ( ) NAMED_UNIT ( * ) SI_UNIT ( .MILLI., .METRE. ) );
#1081 = FACE_OUTER_BOUND ( 'NONE', #2519, .T. ) ;
#1082 = CARTESIAN_POINT ( 'NONE',  ( 4.344812396785750153, -3.946035622830680101, 5.935186396772079931 ) ) ;
#1083 = CARTESIAN_POINT ( 'NONE',  ( 4.085174900219199046, 2.337297710501476722, 16.70479342635701059 ) ) ;
#1084 = ADVANCED_FACE ( 'NONE', ( #1029 ), #293, .F. ) ;
#1085 = ORIENTED_EDGE ( 'NONE', *, *, #2044, .F. ) ;
#1086 = CARTESIAN_POINT ( 'NONE',  ( 5.682871393906069990, 0.05396437716782320759, 7.676309371708120111 ) ) ;
#1087 = SURFACE_STYLE_USAGE ( .BOTH. , #1041 ) ;
#1088 = CARTESIAN_POINT ( 'NONE',  ( 7.616211825288011106, -2.896035622832182632, 4.415494270207156013 ) ) ;
#1089 = EDGE_CURVE ( 'NONE', #1271, #3228, #2057, .T. ) ;
#1090 = VERTEX_POINT ( 'NONE', #3473 ) ;
#1091 = LINE ( 'NONE', #4011, #980 ) ;
#1092 = FACE_OUTER_BOUND ( 'NONE', #1971, .T. ) ;
#1093 = CARTESIAN_POINT ( 'NONE',  ( 9.999999999999998224, -8.729368956165055593, 23.62902698495497944 ) ) ;
#1094 = CARTESIAN_POINT ( 'NONE',  ( 10.00000000000000000, 6.944397795369440018, 5.250000000000000000 ) ) ;
#1095 = CARTESIAN_POINT ( 'NONE',  ( 1.559306724349067474, -5.496035622832375012, 15.56451689124518190 ) ) ;
#1096 = DIRECTION ( 'NONE',  ( 1.000000000000000000, 0.000000000000000000, 0.000000000000000000 ) ) ;
#1097 = EDGE_CURVE ( 'NONE', #2580, #1489, #1605, .T. ) ;
#1098 = CARTESIAN_POINT ( 'NONE',  ( 13.89391779557040074, 2.053964377167664779, 18.37299587764094966 ) ) ;
#1099 = ORIENTED_EDGE ( 'NONE', *, *, #3376, .T. ) ;
#1100 = LINE ( 'NONE', #4129, #4494 ) ;
#1101 = CARTESIAN_POINT ( 'NONE',  ( 4.877877811044500689, 6.944397795369440018, 12.84561508435411881 ) ) ;
#1102 = LINE ( 'NONE', #415, #2002 ) ;
#1103 = LINE ( 'NONE', #4247, #3310 ) ;
#1104 = CARTESIAN_POINT ( 'NONE',  ( 17.37011720627604916, 1.387297710502497949, 12.33900994816498020 ) ) ;
#1105 = CARTESIAN_POINT ( 'NONE',  ( 15.93541881824551965, 4.753964377168677480, 14.08070053447196202 ) ) ;
#1106 =( BOUNDED_SURFACE ( )  B_SPLINE_SURFACE ( 3, 3, ( 
 ( #46, #661, #2825, #4526, #2392, #3834, #67, #2781, #708, #1005, #4170, #1437, #22, #1708, #3855, #749, #2139, #3142, #409, #2054, #1800, #2436, #313, #2100, #3489, #360, #1411, #2803, #4197, #1076, #2460, #1173, #791, #3935, #1197, #1472, #3640, #2200, #3210, #514, #1838, #428, #810, #2502, #1535, #2590, #169, #3978, #2928, #148, #493, #4301, #3622, #1514, #1882, #1818, #3274, #2526, #3918, #84, #4240, #2865, #467, #105, #855, #1901, #3955, #3231, #3298, #4260, #4322, #1155, #3597, #3895, #3255, #831, #1562, #2244, #1118, #772, #1139, #2568, #1496, #2164, #2225, #2887, #2180, #3558, #3575, #1862, #4283, #447, #2545, #127, #2906, #3755, #3326, #1313, #2659, #3688, #537, #1973, #3728, #563, #2633, #2289, #3414, #2335, #635, #3664, #194, #4072, #1996, #215, #2359, #4050, #946, #2992, #4393, #1953, #3392, #925, #4369, #264, #284, #1628, #2024, #2312, #1242, #1653 ),
 ( #584, #2683, #3344, #2953, #1582, #1265, #4346, #1603, #609, #3044, #3709, #1930, #4445, #2973, #2703, #3366, #4022, #238, #4093, #3021, #1220, #3998, #4422, #1293, #2610, #970, #875, #2263, #897, #2796, #3848, #1727, #676, #1700, #2430, #4186, #3114, #4139, #1333, #1019, #719, #701, #351, #2818, #2724, #332, #1430, #1088, #2111, #3501, #3135, #4162, #2406, #1676, #740, #3086, #2132, #3799, #997, #4496, #373, #3527, #3064, #1769, #1068, #2386, #3160, #36, #2068, #4466, #4518, #4118, #3778, #3481, #655, #1042, #4212, #3458, #1381, #2774, #1359, #2047, #2471, #2453, #3867, #3435, #305, #3824, #2752, #2093, #1748, #14, #1403, #2538, #2901, #2215, #4233, #764, #488, #849, #400, #2158, #2858, #2029, #1251, #336, #1002, #4355, #1705, #1363, #3782, #2644, #2051, #4523, #4031, #4143, #975, #1680, #4167, #1047, #2365, #3438, #3573, #745, #705, #3208, #3916, #4237, #2885, #1434 ),
 ( #1093, #2457, #355, #769, #1451, #3871, #2800, #100, #2524, #3139, #1493, #1073, #445, #406, #2822, #4194, #1113, #1469, #4216, #378, #43, #1153, #82, #4279, #1408, #3852, #1816, #4256, #2476, #2542, #1797, #2862, #2136, #3530, #3188, #1137, #64, #2115, #789, #2097, #3890, #2178, #3486, #426, #1752, #1835, #3506, #19, #2841, #724, #1774, #2498, #3164, #2162, #3229, #3556, #125, #2262, #535, #4019, #166, #3686, #2197, #2285, #2904, #1858, #3661, #852, #1600, #1880, #561, #1263, #3595, #1952, #873, #491, #3639, #896, #1171, #3342, #1899, #4299, #213, #1533, #1512, #512, #465, #1240, #2991, #4390, #3933, #2631, #4366, #192, #3997, #3324, #1219, #1581, #2565, #2971, #2223, #3619, #3953, #808, #827, #1558, #4320, #3253, #3272, #1925, #2925, #146, #1193, #2588, #3976, #2242, #3295, #2951, #4344, #2608, #3413, #654, #2702, #606, #2310, #1995, #303, #1673, #1332, #3797 ),
 ( #3084, #4492, #4116, #633, #3389, #2656, #1725, #2680, #3112, #262, #1972, #944, #1699, #4516, #4048, #1357, #2046, #3363, #2750, #1017, #1651, #922, #4091, #3707, #582, #4464, #237, #2022, #4137, #3042, #968, #2356, #2333, #1626, #673, #3432, #2404, #3017, #2067, #3751, #4420, #3456, #329, #3062, #1291, #4442, #1311, #2723, #4070, #3727, #996, #283, #2384, #3776, #3203, #34, #698, #1811, #2469, #2772, #1108, #2493, #3865, #4160, #739, #77, #350, #2155, #1040, #4210, #763, #3887, #2175, #2130, #4183, #1464, #2856, #1086, #2110, #3846, #3526, #3551, #371, #3569, #1746, #2817, #440, #1426, #421, #4252, #718, #2091, #1133, #1401, #2520, #398, #2795, #3500, #3912, #1792, #1828, #2427, #3183, #1768, #3223, #784, #3158, #1379, #3133, #59, #1448, #3822, #3479, #12, #2836, #1065, #2452, #4231, #1527, #4315, #4276, #3634, #4339, #4012, #530, #557, #2626, #2192, #1551, #2212 ) ),
 .UNSPECIFIED., .F., .F., .T. ) 
 B_SPLINE_SURFACE_WITH_KNOTS ( ( 4, 4 ),
 ( 4, 2, 2, 2, 2, 2, 2, 2, 2, 2, 2, 2, 2, 2, 2, 2, 2, 2, 2, 2, 2, 2, 2, 2, 2, 2, 2, 2, 2, 2, 2, 2, 2, 2, 2, 2, 2, 2, 2, 2, 2, 2, 2, 2, 2, 2, 2, 2, 2, 2, 2, 2, 2, 2, 2, 2, 2, 2, 2, 2, 2, 2, 2, 2, 4 ),
 ( 0.000000000000000000, 0.5000000000000000000 ),
 ( 0.000000000000000000, 0.01562500000000000000, 0.03125000000000000000, 0.04687500000000000000, 0.06250000000000000000, 0.07812500000000000000, 0.09375000000000000000, 0.1093750000000000000, 0.1250000000000000000, 0.1406250000000000000, 0.1562500000000000000, 0.1718750000000000000, 0.1875000000000000000, 0.2031250000000000000, 0.2187500000000000000, 0.2343750000000000000, 0.2500000000000000000, 0.2656250000000000000, 0.2812500000000000000, 0.2968750000000000000, 0.3125000000000000000, 0.3281250000000000000, 0.3437500000000000000, 0.3593750000000000000, 0.3750000000000000000, 0.3906250000000000000, 0.4062500000000000000, 0.4218750000000000000, 0.4375000000000000000, 0.4531250000000000000, 0.4687500000000000000, 0.4843750000000000000, 0.5000000000000000000, 0.5156250000000000000, 0.5312500000000000000, 0.5468750000000000000, 0.5625000000000000000, 0.5781250000000000000, 0.5937500000000000000, 0.6093750000000000000, 0.6250000000000000000, 0.6406250000000000000, 0.6562500000000000000, 0.6718750000000000000, 0.6875000000000000000, 0.7031250000000000000, 0.7187500000000000000, 0.7343750000000000000, 0.7500000000000000000, 0.7656250000000000000, 0.7812500000000000000, 0.7968750000000000000, 0.8125000000000000000, 0.8281250000000000000, 0.8437500000000000000, 0.8593750000000000000, 0.8750000000000000000, 0.8906250000000000000, 0.9062500000000000000, 0.9218750000000000000, 0.9375000000000000000, 0.9531250000000000000, 0.9687500000000000000, 0.9843750000000000000, 1.000000000000000000 ),
 .UNSPECIFIED. ) 
 GEOMETRIC_REPRESENTATION_ITEM ( )  RATIONAL_B_SPLINE_SURFACE ( (
 ( 1.000000000000000000, 1.000000000000000000, 1.000000000000000000, 1.000000000000000000, 1.000000000000000000, 1.000000000000000000, 1.000000000000000000, 1.000000000000000000, 1.000000000000000000, 1.000000000000000000, 1.000000000000000000, 1.000000000000000000, 1.000000000000000000, 1.000000000000000000, 1.000000000000000000, 1.000000000000000000, 1.000000000000000000, 1.000000000000000000, 1.000000000000000000, 1.000000000000000000, 1.000000000000000000, 1.000000000000000000, 1.000000000000000000, 1.000000000000000000, 1.000000000000000000, 1.000000000000000000, 1.000000000000000000, 1.000000000000000000, 1.000000000000000000, 1.000000000000000000, 1.000000000000000000, 1.000000000000000000, 1.000000000000000000, 1.000000000000000000, 1.000000000000000000, 1.000000000000000000, 1.000000000000000000, 1.000000000000000000, 1.000000000000000000, 1.000000000000000000, 1.000000000000000000, 1.000000000000000000, 1.000000000000000000, 1.000000000000000000, 1.000000000000000000, 1.000000000000000000, 1.000000000000000000, 1.000000000000000000, 1.000000000000000000, 1.000000000000000000, 1.000000000000000000, 1.000000000000000000, 1.000000000000000000, 1.000000000000000000, 1.000000000000000000, 1.000000000000000000, 1.000000000000000000, 1.000000000000000000, 1.000000000000000000, 1.000000000000000000, 1.000000000000000000, 1.000000000000000000, 1.000000000000000000, 1.000000000000000000, 1.000000000000000000, 1.000000000000000000, 1.000000000000000000, 1.000000000000000000, 1.000000000000000000, 1.000000000000000000, 1.000000000000000000, 1.000000000000000000, 1.000000000000000000, 1.000000000000000000, 1.000000000000000000, 1.000000000000000000, 1.000000000000000000, 1.000000000000000000, 1.000000000000000000, 1.000000000000000000, 1.000000000000000000, 1.000000000000000000, 1.000000000000000000, 1.000000000000000000, 1.000000000000000000, 1.000000000000000000, 1.000000000000000000, 1.000000000000000000, 1.000000000000000000, 1.000000000000000000, 1.000000000000000000, 1.000000000000000000, 1.000000000000000000, 1.000000000000000000, 1.000000000000000000, 1.000000000000000000, 1.000000000000000000, 1.000000000000000000, 1.000000000000000000, 1.000000000000000000, 1.000000000000000000, 1.000000000000000000, 1.000000000000000000, 1.000000000000000000, 1.000000000000000000, 1.000000000000000000, 1.000000000000000000, 1.000000000000000000, 1.000000000000000000, 1.000000000000000000, 1.000000000000000000, 1.000000000000000000, 1.000000000000000000, 1.000000000000000000, 1.000000000000000000, 1.000000000000000000, 1.000000000000000000, 1.000000000000000000, 1.000000000000000000, 1.000000000000000000, 1.000000000000000000, 1.000000000000000000, 1.000000000000000000, 1.000000000000000000, 1.000000000000000000, 1.000000000000000000, 1.000000000000000000, 1.000000000000000000, 1.000000000000000000, 1.000000000000000000),
 ( 0.3333333333333335369, 0.3333333333333335369, 0.3333333333333335369, 0.3333333333333335369, 0.3333333333333335369, 0.3333333333333335369, 0.3333333333333335369, 0.3333333333333335369, 0.3333333333333335369, 0.3333333333333335369, 0.3333333333333335369, 0.3333333333333335369, 0.3333333333333335369, 0.3333333333333335369, 0.3333333333333335369, 0.3333333333333335369, 0.3333333333333335369, 0.3333333333333335369, 0.3333333333333335369, 0.3333333333333335369, 0.3333333333333335369, 0.3333333333333335369, 0.3333333333333335369, 0.3333333333333335369, 0.3333333333333335369, 0.3333333333333335369, 0.3333333333333335369, 0.3333333333333335369, 0.3333333333333335369, 0.3333333333333335369, 0.3333333333333335369, 0.3333333333333335369, 0.3333333333333335369, 0.3333333333333335369, 0.3333333333333335369, 0.3333333333333335369, 0.3333333333333335369, 0.3333333333333335369, 0.3333333333333335369, 0.3333333333333335369, 0.3333333333333335369, 0.3333333333333335369, 0.3333333333333335369, 0.3333333333333335369, 0.3333333333333335369, 0.3333333333333335369, 0.3333333333333335369, 0.3333333333333335369, 0.3333333333333335369, 0.3333333333333335369, 0.3333333333333335369, 0.3333333333333335369, 0.3333333333333335369, 0.3333333333333335369, 0.3333333333333335369, 0.3333333333333335369, 0.3333333333333335369, 0.3333333333333335369, 0.3333333333333335369, 0.3333333333333335369, 0.3333333333333335369, 0.3333333333333335369, 0.3333333333333335369, 0.3333333333333335369, 0.3333333333333335369, 0.3333333333333335369, 0.3333333333333335369, 0.3333333333333335369, 0.3333333333333335369, 0.3333333333333335369, 0.3333333333333335369, 0.3333333333333335369, 0.3333333333333335369, 0.3333333333333335369, 0.3333333333333335369, 0.3333333333333335369, 0.3333333333333335369, 0.3333333333333335369, 0.3333333333333335369, 0.3333333333333335369, 0.3333333333333335369, 0.3333333333333335369, 0.3333333333333335369, 0.3333333333333335369, 0.3333333333333335369, 0.3333333333333335369, 0.3333333333333335369, 0.3333333333333335369, 0.3333333333333335369, 0.3333333333333335369, 0.3333333333333335369, 0.3333333333333335369, 0.3333333333333335369, 0.3333333333333335369, 0.3333333333333335369, 0.3333333333333335369, 0.3333333333333335369, 0.3333333333333335369, 0.3333333333333335369, 0.3333333333333335369, 0.3333333333333335369, 0.3333333333333335369, 0.3333333333333335369, 0.3333333333333335369, 0.3333333333333335369, 0.3333333333333335369, 0.3333333333333335369, 0.3333333333333335369, 0.3333333333333335369, 0.3333333333333335369, 0.3333333333333335369, 0.3333333333333335369, 0.3333333333333335369, 0.3333333333333335369, 0.3333333333333335369, 0.3333333333333335369, 0.3333333333333335369, 0.3333333333333335369, 0.3333333333333335369, 0.3333333333333335369, 0.3333333333333335369, 0.3333333333333335369, 0.3333333333333335369, 0.3333333333333335369, 0.3333333333333335369, 0.3333333333333335369, 0.3333333333333335369, 0.3333333333333335369, 0.3333333333333335369, 0.3333333333333335369),
 ( 0.3333333333333335369, 0.3333333333333335369, 0.3333333333333335369, 0.3333333333333335369, 0.3333333333333335369, 0.3333333333333335369, 0.3333333333333335369, 0.3333333333333335369, 0.3333333333333335369, 0.3333333333333335369, 0.3333333333333335369, 0.3333333333333335369, 0.3333333333333335369, 0.3333333333333335369, 0.3333333333333335369, 0.3333333333333335369, 0.3333333333333335369, 0.3333333333333335369, 0.3333333333333335369, 0.3333333333333335369, 0.3333333333333335369, 0.3333333333333335369, 0.3333333333333335369, 0.3333333333333335369, 0.3333333333333335369, 0.3333333333333335369, 0.3333333333333335369, 0.3333333333333335369, 0.3333333333333335369, 0.3333333333333335369, 0.3333333333333335369, 0.3333333333333335369, 0.3333333333333335369, 0.3333333333333335369, 0.3333333333333335369, 0.3333333333333335369, 0.3333333333333335369, 0.3333333333333335369, 0.3333333333333335369, 0.3333333333333335369, 0.3333333333333335369, 0.3333333333333335369, 0.3333333333333335369, 0.3333333333333335369, 0.3333333333333335369, 0.3333333333333335369, 0.3333333333333335369, 0.3333333333333335369, 0.3333333333333335369, 0.3333333333333335369, 0.3333333333333335369, 0.3333333333333335369, 0.3333333333333335369, 0.3333333333333335369, 0.3333333333333335369, 0.3333333333333335369, 0.3333333333333335369, 0.3333333333333335369, 0.3333333333333335369, 0.3333333333333335369, 0.3333333333333335369, 0.3333333333333335369, 0.3333333333333335369, 0.3333333333333335369, 0.3333333333333335369, 0.3333333333333335369, 0.3333333333333335369, 0.3333333333333335369, 0.3333333333333335369, 0.3333333333333335369, 0.3333333333333335369, 0.3333333333333335369, 0.3333333333333335369, 0.3333333333333335369, 0.3333333333333335369, 0.3333333333333335369, 0.3333333333333335369, 0.3333333333333335369, 0.3333333333333335369, 0.3333333333333335369, 0.3333333333333335369, 0.3333333333333335369, 0.3333333333333335369, 0.3333333333333335369, 0.3333333333333335369, 0.3333333333333335369, 0.3333333333333335369, 0.3333333333333335369, 0.3333333333333335369, 0.3333333333333335369, 0.3333333333333335369, 0.3333333333333335369, 0.3333333333333335369, 0.3333333333333335369, 0.3333333333333335369, 0.3333333333333335369, 0.3333333333333335369, 0.3333333333333335369, 0.3333333333333335369, 0.3333333333333335369, 0.3333333333333335369, 0.3333333333333335369, 0.3333333333333335369, 0.3333333333333335369, 0.3333333333333335369, 0.3333333333333335369, 0.3333333333333335369, 0.3333333333333335369, 0.3333333333333335369, 0.3333333333333335369, 0.3333333333333335369, 0.3333333333333335369, 0.3333333333333335369, 0.3333333333333335369, 0.3333333333333335369, 0.3333333333333335369, 0.3333333333333335369, 0.3333333333333335369, 0.3333333333333335369, 0.3333333333333335369, 0.3333333333333335369, 0.3333333333333335369, 0.3333333333333335369, 0.3333333333333335369, 0.3333333333333335369, 0.3333333333333335369, 0.3333333333333335369, 0.3333333333333335369, 0.3333333333333335369, 0.3333333333333335369),
 ( 1.000000000000000000, 1.000000000000000000, 1.000000000000000000, 1.000000000000000000, 1.000000000000000000, 1.000000000000000000, 1.000000000000000000, 1.000000000000000000, 1.000000000000000000, 1.000000000000000000, 1.000000000000000000, 1.000000000000000000, 1.000000000000000000, 1.000000000000000000, 1.000000000000000000, 1.000000000000000000, 1.000000000000000000, 1.000000000000000000, 1.000000000000000000, 1.000000000000000000, 1.000000000000000000, 1.000000000000000000, 1.000000000000000000, 1.000000000000000000, 1.000000000000000000, 1.000000000000000000, 1.000000000000000000, 1.000000000000000000, 1.000000000000000000, 1.000000000000000000, 1.000000000000000000, 1.000000000000000000, 1.000000000000000000, 1.000000000000000000, 1.000000000000000000, 1.000000000000000000, 1.000000000000000000, 1.000000000000000000, 1.000000000000000000, 1.000000000000000000, 1.000000000000000000, 1.000000000000000000, 1.000000000000000000, 1.000000000000000000, 1.000000000000000000, 1.000000000000000000, 1.000000000000000000, 1.000000000000000000, 1.000000000000000000, 1.000000000000000000, 1.000000000000000000, 1.000000000000000000, 1.000000000000000000, 1.000000000000000000, 1.000000000000000000, 1.000000000000000000, 1.000000000000000000, 1.000000000000000000, 1.000000000000000000, 1.000000000000000000, 1.000000000000000000, 1.000000000000000000, 1.000000000000000000, 1.000000000000000000, 1.000000000000000000, 1.000000000000000000, 1.000000000000000000, 1.000000000000000000, 1.000000000000000000, 1.000000000000000000, 1.000000000000000000, 1.000000000000000000, 1.000000000000000000, 1.000000000000000000, 1.000000000000000000, 1.000000000000000000, 1.000000000000000000, 1.000000000000000000, 1.000000000000000000, 1.000000000000000000, 1.000000000000000000, 1.000000000000000000, 1.000000000000000000, 1.000000000000000000, 1.000000000000000000, 1.000000000000000000, 1.000000000000000000, 1.000000000000000000, 1.000000000000000000, 1.000000000000000000, 1.000000000000000000, 1.000000000000000000, 1.000000000000000000, 1.000000000000000000, 1.000000000000000000, 1.000000000000000000, 1.000000000000000000, 1.000000000000000000, 1.000000000000000000, 1.000000000000000000, 1.000000000000000000, 1.000000000000000000, 1.000000000000000000, 1.000000000000000000, 1.000000000000000000, 1.000000000000000000, 1.000000000000000000, 1.000000000000000000, 1.000000000000000000, 1.000000000000000000, 1.000000000000000000, 1.000000000000000000, 1.000000000000000000, 1.000000000000000000, 1.000000000000000000, 1.000000000000000000, 1.000000000000000000, 1.000000000000000000, 1.000000000000000000, 1.000000000000000000, 1.000000000000000000, 1.000000000000000000, 1.000000000000000000, 1.000000000000000000, 1.000000000000000000, 1.000000000000000000, 1.000000000000000000, 1.000000000000000000, 1.000000000000000000, 1.000000000000000000) ) ) 
 REPRESENTATION_ITEM ( '' )  SURFACE ( )  );
#1107 = EDGE_LOOP ( 'NONE', ( #4182, #1499, #3227, #2607, #362, #39 ) ) ;
#1108 = CARTESIAN_POINT ( 'NONE',  ( 16.21496477702014971, -2.112702289498604724, 18.08091881472634910 ) ) ;
#1109 = PRESENTATION_STYLE_ASSIGNMENT (( #2521 ) ) ;
#1110 = ORIENTED_EDGE ( 'NONE', *, *, #824, .T. ) ;
#1111 = AXIS2_PLACEMENT_3D ( 'NONE', #2664, #2708, #951 ) ;
#1112 = VERTEX_POINT ( 'NONE', #1564 ) ;
#1113 = CARTESIAN_POINT ( 'NONE',  ( 8.738078289662350784, -6.812702289497621244, 3.630934274046225596 ) ) ;
#1114 = LINE ( 'NONE', #3296, #3512 ) ;
#1115 = EDGE_CURVE ( 'NONE', #586, #4285, #1630, .T. ) ;
#1116 = CARTESIAN_POINT ( 'NONE',  ( 15.61407962278136097, 1.003964377168693023, 16.54005171289384890 ) ) ;
#1117 = CIRCLE ( 'NONE', #965, 1.000000000000000888 ) ;
#1118 = CARTESIAN_POINT ( 'NONE',  ( 6.074976808687140739, 0.1372977105018309829, 6.482568555414199629 ) ) ;
#1119 = VECTOR ( 'NONE', #2314, 1000.000000000000000 ) ;
#1120 = CARTESIAN_POINT ( 'NONE',  ( 4.877877811044500689, 7.744397795369440729, 12.84561508435411881 ) ) ;
#1121 = VERTEX_POINT ( 'NONE', #3369 ) ;
#1122 = EDGE_CURVE ( 'NONE', #3991, #3356, #1295, .T. ) ;
#1123 = CARTESIAN_POINT ( 'NONE',  ( 1.421305049095678008, -4.446035622831774781, 12.17329542739548032 ) ) ;
#1124 = CARTESIAN_POINT ( 'NONE',  ( 7.884999999999999787, -12.51560220463055906, 26.59999999999999787 ) ) ;
#1125 = CARTESIAN_POINT ( 'NONE',  ( 6.818907810988240392, 7.744397795369440729, 8.153821564985490156 ) ) ;
#1126 = B_SPLINE_CURVE_WITH_KNOTS ( 'NONE', 3,
 ( #2842, #1435, #65, #3095, #2756, #337, #3140, #311, #725, #3487, #379, #3832, #706, #3118, #4217, #356, #3804, #2477, #1706, #1074 ),
 .UNSPECIFIED., .F., .F.,
 ( 4, 2, 2, 2, 2, 2, 2, 2, 2, 4 ),
 ( 0.000000000000000000, 0.06249999999999961142, 0.1249999999999992228, 0.2499999999999993339, 0.3749999999999994449, 0.4999999999999995559, 0.6249999999999996669, 0.7499999999999997780, 0.8749999999999998890, 1.000000000000000000 ),
 .UNSPECIFIED. ) ;
#1127 = CARTESIAN_POINT ( 'NONE',  ( 10.00000000000000000, 7.744397795369440729, 13.29999999999999893 ) ) ;
#1128 = CARTESIAN_POINT ( 'NONE',  ( 7.976719922119809070, 0.3039643771680420326, 5.756957018991729846 ) ) ;
#1129 = CARTESIAN_POINT ( 'NONE',  ( 4.449543965503985454, -9.196035622831439937, 22.92266533108239912 ) ) ;
#1130 = VECTOR ( 'NONE', #938, 1000.000000000000000 ) ;
#1131 = VECTOR ( 'NONE', #801, 1000.000000000000000 ) ;
#1132 = VERTEX_POINT ( 'NONE', #170 ) ;
#1133 = CARTESIAN_POINT ( 'NONE',  ( 15.11357527561175118, 1.887297710502209958, 17.23449719354119836 ) ) ;
#1134 = AXIS2_PLACEMENT_3D ( 'NONE', #1156, #516, #2546 ) ;
#1135 = ORIENTED_EDGE ( 'NONE', *, *, #419, .T. ) ;
#1136 = VERTEX_POINT ( 'NONE', #4024 ) ;
#1137 = CARTESIAN_POINT ( 'NONE',  ( 5.546078835960071451, -4.396035622831809597, 21.02016109391794885 ) ) ;
#1138 = DIRECTION ( 'NONE',  ( -0.7071067811865474617, 8.659560562354921765E-17, 0.7071067811865474617 ) ) ;
#1139 = CARTESIAN_POINT ( 'NONE',  ( 8.993937568861200660, 0.3872977105007160414, 5.585555180419439658 ) ) ;
#1140 = CARTESIAN_POINT ( 'NONE',  ( 7.884999999999999787, -12.51560220463055906, 2.322088829909565030E-15 ) ) ;
#1141 = ORIENTED_EDGE ( 'NONE', *, *, #3211, .T. ) ;
#1142 = DIRECTION ( 'NONE',  ( 0.000000000000000000, 0.000000000000000000, 1.000000000000000000 ) ) ;
#1143 = ADVANCED_FACE ( 'NONE', ( #1976 ), #3733, .T. ) ;
#1144 = DIRECTION ( 'NONE',  ( 0.000000000000000000, 0.000000000000000000, 1.000000000000000000 ) ) ;
#1145 = DIRECTION ( 'NONE',  ( 1.000000000000000000, 0.000000000000000000, 0.000000000000000000 ) ) ;
#1146 = CARTESIAN_POINT ( 'NONE',  ( 15.10963360752325002, 5.803964377167670108, 16.24930721028430014 ) ) ;
#1147 = CARTESIAN_POINT ( 'NONE',  ( 8.813648051728868893, -3.612702289497484731, 4.208244727240065153 ) ) ;
#1148 = EDGE_CURVE ( 'NONE', #3455, #2129, #2635, .T. ) ;
#1149 = ORIENTED_EDGE ( 'NONE', *, *, #3568, .F. ) ;
#1150 = FACE_OUTER_BOUND ( 'NONE', #2496, .T. ) ;
#1151 = ORIENTED_EDGE ( 'NONE', *, *, #3687, .F. ) ;
#1152 = EDGE_LOOP ( 'NONE', ( #1795, #1650, #3713, #518 ) ) ;
#1153 = CARTESIAN_POINT ( 'NONE',  ( 17.55112225545058990, -6.146035622833165846, 7.501633556960890736 ) ) ;
#1154 = DIRECTION ( 'NONE',  ( 1.000000000000000000, 0.000000000000000000, -1.427144654353157974E-16 ) ) ;
#1155 = CARTESIAN_POINT ( 'NONE',  ( 2.121591331802120006, -0.6960356228314399374, 15.41340710206555009 ) ) ;
#1156 = CARTESIAN_POINT ( 'NONE',  ( 10.00000000000000000, 6.944397795369440018, 13.29999999999999893 ) ) ;
#1157 = EDGE_LOOP ( 'NONE', ( #2765, #3123, #510, #2749 ) ) ;
#1158 = CARTESIAN_POINT ( 'NONE',  ( 4.836449772907070788, -3.946035622830680101, 6.574919870549240208 ) ) ;
#1159 = DIRECTION ( 'NONE',  ( 1.000000000000000000, 0.000000000000000000, 0.000000000000000000 ) ) ;
#1160 = CARTESIAN_POINT ( 'NONE',  ( 7.465102036015630382, -7.696035622831689516, 3.853209662789960355 ) ) ;
#1161 = CARTESIAN_POINT ( 'NONE',  ( 15.99280675297499954, 5.387297710501189663, 12.51929946552867889 ) ) ;
#1162 = CARTESIAN_POINT ( 'NONE',  ( 3.695996499961454962, -0.1127022894979509970, 8.450654619704520698 ) ) ;
#1163 = EDGE_CURVE ( 'NONE', #3090, #243, #538, .T. ) ;
#1164 = CARTESIAN_POINT ( 'NONE',  ( 7.884999999999999787, -12.51560220463055906, 2.560000000000000053 ) ) ;
#1165 = ORIENTED_EDGE ( 'NONE', *, *, #3256, .F. ) ;
#1166 = DIRECTION ( 'NONE',  ( 0.000000000000000000, 0.000000000000000000, 1.000000000000000000 ) ) ;
#1167 = CARTESIAN_POINT ( 'NONE',  ( -1.734723475976804925E-15, 12.94439779536943824, 13.29999999999999893 ) ) ;
#1168 = ADVANCED_FACE ( 'NONE', ( #565 ), #4424, .T. ) ;
#1169 = ORIENTED_EDGE ( 'NONE', *, *, #3201, .T. ) ;
#1170 = VERTEX_POINT ( 'NONE', #515 ) ;
#1171 = CARTESIAN_POINT ( 'NONE',  ( 6.477871992719365757, 0.9372977105018318600, 7.181597666204816655 ) ) ;
#1172 = FACE_OUTER_BOUND ( 'NONE', #1257, .T. ) ;
#1173 = CARTESIAN_POINT ( 'NONE',  ( 12.56404222313096142, -5.696035622831189471, 22.85523710407609954 ) ) ;
#1174 = CLOSED_SHELL ( 'NONE', ( #1664, #3821, #1524, #1143 ) ) ;
#1175 = DIRECTION ( 'NONE',  ( 0.000000000000000000, 1.000000000000000000, 0.000000000000000000 ) ) ;
#1176 =( GEOMETRIC_REPRESENTATION_CONTEXT ( 3 ) GLOBAL_UNCERTAINTY_ASSIGNED_CONTEXT ( ( #1050 ) ) GLOBAL_UNIT_ASSIGNED_CONTEXT ( ( #441, #2494, #60 ) ) REPRESENTATION_CONTEXT ( 'NONE', 'WORKASPACE' ) );
#1177 = EDGE_LOOP ( 'NONE', ( #4047, #3722, #2462, #2014 ) ) ;
#1178 = CARTESIAN_POINT ( 'NONE',  ( 1.363917113891019994, -4.612702289498350261, 14.42670457260452110 ) ) ;
#1179 = CARTESIAN_POINT ( 'NONE',  ( 7.884999999999999787, -9.955602204630560337, 26.59999999999999787 ) ) ;
#1180 = VECTOR ( 'NONE', #1895, 1000.000000000000000 ) ;
#1181 = FACE_OUTER_BOUND ( 'NONE', #3393, .T. ) ;
#1182 = DIRECTION ( 'NONE',  ( 0.000000000000000000, -1.000000000000000000, 0.000000000000000000 ) ) ;
#1183 = DIRECTION ( 'NONE',  ( 0.000000000000000000, -1.000000000000000000, 0.000000000000000000 ) ) ;
#1184 = CARTESIAN_POINT ( 'NONE',  ( 13.81635681851656017, 0.8039643771680750062, 6.686022484847799596 ) ) ;
#1185 = EDGE_CURVE ( 'NONE', #738, #420, #197, .T. ) ;
#1186 = CARTESIAN_POINT ( 'NONE',  ( 20.00000000000000000, -9.955602204630560337, 26.59999999999999787 ) ) ;
#1187 = ORIENTED_EDGE ( 'NONE', *, *, #1697, .F. ) ;
#1188 = LINE ( 'NONE', #4295, #4270 ) ;
#1189 = CYLINDRICAL_SURFACE ( 'NONE', #2711, 1.499999999999999556 ) ;
#1190 = CARTESIAN_POINT ( 'NONE',  ( 9.278946840857228651, 3.587297710500543690, 7.762865633682384470 ) ) ;
#1191 = EDGE_LOOP ( 'NONE', ( #1796, #87, #1729, #3761, #3750, #1549, #858, #199 ) ) ;
#1192 = EDGE_LOOP ( 'NONE', ( #315, #1975, #4100, #1378 ) ) ;
#1193 = CARTESIAN_POINT ( 'NONE',  ( 9.278946840856493239, 5.187297710500542003, 7.762865633682384470 ) ) ;
#1194 = CARTESIAN_POINT ( 'NONE',  ( 18.13500000004009749, -37.43225098456194644, 26.59999999999999787 ) ) ;
#1195 = AXIS2_PLACEMENT_3D ( 'NONE', #1286, #3451, #366 ) ;
#1196 = CIRCLE ( 'NONE', #623, 1.000000000000000888 ) ;
#1197 = CARTESIAN_POINT ( 'NONE',  ( 7.459059876943110012, -5.362702289498310293, 22.74057379928540001 ) ) ;
#1198 = AXIS2_PLACEMENT_3D ( 'NONE', #3860, #1055, #732 ) ;
#1199 = EDGE_CURVE ( 'NONE', #239, #3336, #1330, .T. ) ;
#1200 = CIRCLE ( 'NONE', #4193, 8.050000000000000711 ) ;
#1201 = DIRECTION ( 'NONE',  ( 0.000000000000000000, 0.000000000000000000, 1.000000000000000000 ) ) ;
#1202 = ORIENTED_EDGE ( 'NONE', *, *, #2255, .F. ) ;
#1203 = CARTESIAN_POINT ( 'NONE',  ( 17.65529859646660071, -2.362702289498625152, 15.36116074269459908 ) ) ;
#1204 = DIRECTION ( 'NONE',  ( 0.000000000000000000, 0.000000000000000000, 1.000000000000000000 ) ) ;
#1205 = CIRCLE ( 'NONE', #3319, 1.499999999999999556 ) ;
#1206 = DIRECTION ( 'NONE',  ( 1.000000000000000000, 0.000000000000000000, 0.000000000000000000 ) ) ;
#1207 = PRODUCT_DEFINITION_SHAPE ( 'NONE', 'NONE',  #1275 ) ;
#1208 = CARTESIAN_POINT ( 'NONE',  ( 7.884999999999999787, -9.955602204630560337, 24.03999999999999915 ) ) ;
#1209 = CARTESIAN_POINT ( 'NONE',  ( 10.00000000000000000, -57.85560220463059977, 13.29999999999999893 ) ) ;
#1210 = CARTESIAN_POINT ( 'NONE',  ( 14.63773997506480029, 0.8872977105012439525, 7.271343875289590031 ) ) ;
#1211 = DIRECTION ( 'NONE',  ( 0.000000000000000000, -1.000000000000000000, 0.000000000000000000 ) ) ;
#1212 = ORIENTED_EDGE ( 'NONE', *, *, #3564, .T. ) ;
#1213 = DIRECTION ( 'NONE',  ( 0.000000000000000000, 1.000000000000000000, 0.000000000000000000 ) ) ;
#1214 = DIRECTION ( 'NONE',  ( 0.000000000000000000, 0.000000000000000000, -1.000000000000000000 ) ) ;
#1215 = CARTESIAN_POINT ( 'NONE',  ( 4.118538020383875953, 2.587297710501406556, 14.06612553844541047 ) ) ;
#1216 = EDGE_CURVE ( 'NONE', #1121, #4468, #160, .T. ) ;
#1217 = ORIENTED_EDGE ( 'NONE', *, *, #3910, .T. ) ;
#1218 = EDGE_LOOP ( 'NONE', ( #3258, #130, #2505, #1135 ) ) ;
#1219 = CARTESIAN_POINT ( 'NONE',  ( 10.81119791773884842, 3.187297710501567849, 19.52578959297235883 ) ) ;
#1220 = CARTESIAN_POINT ( 'NONE',  ( 16.33058321735072127, -6.312702289496951558, 5.068564872530277654 ) ) ;
#1221 = EDGE_CURVE ( 'NONE', #1489, #2678, #3665, .T. ) ;
#1222 = ORIENTED_EDGE ( 'NONE', *, *, #3790, .F. ) ;
#1223 = DIRECTION ( 'NONE',  ( 0.000000000000000000, -1.000000000000000000, 0.000000000000000000 ) ) ;
#1224 = CARTESIAN_POINT ( 'NONE',  ( 5.609286109330147596, 13.86342706379710421, 14.50211983954255324 ) ) ;
#1225 = EDGE_LOOP ( 'NONE', ( #496, #2999, #632, #3329 ) ) ;
#1226 = CARTESIAN_POINT ( 'NONE',  ( 9.999999999999998224, -10.32936895616505879, 23.62902698495497944 ) ) ;
#1227 = FACE_OUTER_BOUND ( 'NONE', #3006, .T. ) ;
#1228 = EDGE_CURVE ( 'NONE', #1532, #1671, #2859, .T. ) ;
#1229 = FACE_OUTER_BOUND ( 'NONE', #903, .T. ) ;
#1230 = FACE_OUTER_BOUND ( 'NONE', #3858, .T. ) ;
#1231 = DIRECTION ( 'NONE',  ( -0.9949277608427770092, 0.000000000000000000, -0.1005920011948163995 ) ) ;
#1232 = CARTESIAN_POINT ( 'NONE',  ( 19.89060279133824949, -6.696035622831550072, 10.64583075261156075 ) ) ;
#1233 = CARTESIAN_POINT ( 'NONE',  ( 12.65529182719163970, 7.744397795369440729, 9.004429570773009317 ) ) ;
#1234 = ORIENTED_EDGE ( 'NONE', *, *, #2564, .T. ) ;
#1235 = DIRECTION ( 'NONE',  ( 0.000000000000000000, -1.000000000000000000, 0.000000000000000000 ) ) ;
#1236 = DIRECTION ( 'NONE',  ( -1.000000000000000000, 0.000000000000000000, 1.224646799147353947E-16 ) ) ;
#1237 = CARTESIAN_POINT ( 'NONE',  ( 0.6782034505639257249, -8.996035622832700085, 7.922953887091450653 ) ) ;
#1238 = ORIENTED_EDGE ( 'NONE', *, *, #4509, .F. ) ;
#1239 = VERTEX_POINT ( 'NONE', #1655 ) ;
#1240 = CARTESIAN_POINT ( 'NONE',  ( 16.42849915255499127, 2.103964377168718425, 11.57624525409533334 ) ) ;
#1241 = PLANE ( 'NONE',  #4245 ) ;
#1242 = CARTESIAN_POINT ( 'NONE',  ( 10.73562816636630046, 6.387297710500770442, 18.94847914090754770 ) ) ;
#1243 = DIRECTION ( 'NONE',  ( 0.000000000000000000, -1.000000000000000000, 0.000000000000000000 ) ) ;
#1244 = EDGE_CURVE ( 'NONE', #1827, #4090, #218, .T. ) ;
#1245 = LINE ( 'NONE', #3347, #2950 ) ;
#1246 = VERTEX_POINT ( 'NONE', #856 ) ;
#1247 = CARTESIAN_POINT ( 'NONE',  ( 18.99676134530782790, -7.162702289498859898, 15.72166883968133355 ) ) ;
#1248 = CARTESIAN_POINT ( 'NONE',  ( 7.884999999999999787, -12.51560220463055906, 2.560000000000000053 ) ) ;
#1249 = ADVANCED_FACE ( 'NONE', ( #2265 ), #2245, .F. ) ;
#1250 = CARTESIAN_POINT ( 'NONE',  ( 1.559306724349065032, -4.696035622832379630, 15.56451689124519966 ) ) ;
#1251 = CARTESIAN_POINT ( 'NONE',  ( 3.318538020383877907, 4.187297710501407977, 14.17084529318015385 ) ) ;
#1252 = DIRECTION ( 'NONE',  ( -1.427144654353157974E-16, 0.000000000000000000, -1.000000000000000000 ) ) ;
#1253 = CARTESIAN_POINT ( 'NONE',  ( 14.53691370080375123, 14.40605425617405011, 13.69176963833576721 ) ) ;
#1254 = CARTESIAN_POINT ( 'NONE',  ( 11.84302602954023875, 2.303964377168860267, 20.17231160663590117 ) ) ;
#1255 = CARTESIAN_POINT ( 'NONE',  ( 13.37004775321146077, 7.744397795369440729, 18.93679004332689786 ) ) ;
#1256 = CIRCLE ( 'NONE', #310, 4.549999999999998934 ) ;
#1257 = EDGE_LOOP ( 'NONE', ( #1893, #2026 ) ) ;
#1258 = CARTESIAN_POINT ( 'NONE',  ( 20.00000000000000000, -9.955602204630560337, 0.000000000000000000 ) ) ;
#1259 = DIRECTION ( 'NONE',  ( 0.000000000000000000, -1.000000000000000000, 0.000000000000000000 ) ) ;
#1260 = CARTESIAN_POINT ( 'NONE',  ( 14.97237309855968057, 4.837297710502197035, 14.64014454893846029 ) ) ;
#1261 = ORIENTED_EDGE ( 'NONE', *, *, #924, .F. ) ;
#1262 = EDGE_LOOP ( 'NONE', ( #1851, #1151, #1099, #3115 ) ) ;
#1263 = CARTESIAN_POINT ( 'NONE',  ( 2.900769473036071133, 0.1039643771685623136, 15.20400879434029839 ) ) ;
#1264 = CARTESIAN_POINT ( 'NONE',  ( 5.639610807185286845, 12.19097741839191329, 11.99898140358615883 ) ) ;
#1265 = CARTESIAN_POINT ( 'NONE',  ( 1.258449520067895788, -8.146035622832080492, 20.01321462977779930 ) ) ;
#1266 = VERTEX_POINT ( 'NONE', #4000 ) ;
#1267 = CARTESIAN_POINT ( 'NONE',  ( 22.09999999999999432, -46.89560220463062024, -10.29999999999998472 ) ) ;
#1268 = AXIS2_PLACEMENT_3D ( 'NONE', #2296, #1938, #3736 ) ;
#1269 = DIRECTION ( 'NONE',  ( 0.000000000000000000, 0.000000000000000000, -1.000000000000000000 ) ) ;
#1270 = AXIS2_PLACEMENT_3D ( 'NONE', #2776, #3463, #1361 ) ;
#1271 = VERTEX_POINT ( 'NONE', #1934 ) ;
#1272 = CARTESIAN_POINT ( 'NONE',  ( 14.01218577410799959, 5.887297710501449899, 16.38807557244600233 ) ) ;
#1273 = DIRECTION ( 'NONE',  ( -1.000000000000000000, 0.000000000000000000, 1.224646799147353947E-16 ) ) ;
#1274 = AXIS2_PLACEMENT_3D ( 'NONE', #757, #2149, #391 ) ;
#1275 = PRODUCT_DEFINITION ( 'UNKNOWN', '', #3753, #2544 ) ;
#1276 = AXIS2_PLACEMENT_3D ( 'NONE', #320, #1459, #1033 ) ;
#1277 = CARTESIAN_POINT ( 'NONE',  ( 2.900769473035959667, -0.6960356228314399374, 15.20400879434030017 ) ) ;
#1278 = VECTOR ( 'NONE', #2416, 1000.000000000000000 ) ;
#1279 = AXIS2_PLACEMENT_3D ( 'NONE', #1908, #474, #111 ) ;
#1280 = DIRECTION ( 'NONE',  ( 0.000000000000000000, 0.000000000000000000, 1.000000000000000000 ) ) ;
#1281 = DIRECTION ( 'NONE',  ( 1.000000000000000000, 0.000000000000000000, -1.427144654353157974E-16 ) ) ;
#1282 = CARTESIAN_POINT ( 'NONE',  ( 12.88456366124674091, 6.137297710500510206, 18.31221875499005236 ) ) ;
#1283 = EDGE_CURVE ( 'NONE', #1266, #191, #3580, .T. ) ;
#1284 = CARTESIAN_POINT ( 'NONE',  ( 15.80732865661545183, 7.744397795369440729, 11.60369994574866048 ) ) ;
#1285 = VERTEX_POINT ( 'NONE', #1584 ) ;
#1286 = CARTESIAN_POINT ( 'NONE',  ( 10.00000000000000000, 7.744397795369440729, 13.29999999999999893 ) ) ;
#1287 = DIRECTION ( 'NONE',  ( 0.000000000000000000, 1.000000000000000000, 0.000000000000000000 ) ) ;
#1288 = CARTESIAN_POINT ( 'NONE',  ( 3.085153703255962387, -0.9960356228321258776, 9.310233259842910059 ) ) ;
#1289 = EDGE_CURVE ( 'NONE', #2454, #775, #3448, .T. ) ;
#1290 = ORIENTED_EDGE ( 'NONE', *, *, #750, .F. ) ;
#1291 = CARTESIAN_POINT ( 'NONE',  ( 3.234340472227875019, -4.112702289499444497, 8.095870374585720342 ) ) ;
#1292 = CARTESIAN_POINT ( 'NONE',  ( 20.00000000000000000, -9.955602204630560337, 24.03999999999999915 ) ) ;
#1293 = CARTESIAN_POINT ( 'NONE',  ( 19.89060279133705933, -5.896035622831541367, 10.64583075261155365 ) ) ;
#1294 = ORIENTED_EDGE ( 'NONE', *, *, #936, .F. ) ;
#1295 = LINE ( 'NONE', #4371, #3153 ) ;
#1296 = LINE ( 'NONE', #2685, #2291 ) ;
#1297 = VERTEX_POINT ( 'NONE', #307 ) ;
#1298 = CARTESIAN_POINT ( 'NONE',  ( 11.27311962503896225, 6.303964377169370081, 18.05167071670829770 ) ) ;
#1299 = CARTESIAN_POINT ( 'NONE',  ( 12.65529182719163970, 7.744397795369440729, 9.004429570773009317 ) ) ;
#1300 = CARTESIAN_POINT ( 'NONE',  ( 5.682871393906069990, 0.05396437716782320759, 7.676309371708120111 ) ) ;
#1301 = CARTESIAN_POINT ( 'NONE',  ( 10.00000000000000000, 16.54439779536944854, 13.29999999999999893 ) ) ;
#1302 = CARTESIAN_POINT ( 'NONE',  ( 20.00000000000000000, -9.955602204630560337, 26.59999999999999787 ) ) ;
#1303 = CARTESIAN_POINT ( 'NONE',  ( 13.57820334800571871, 2.137297710501009806, 19.51569388137099992 ) ) ;
#1304 = VERTEX_POINT ( 'NONE', #3484 ) ;
#1305 = CARTESIAN_POINT ( 'NONE',  ( 22.10000000000000142, -80.69796898567120991, 13.29999999999999893 ) ) ;
#1306 = EDGE_CURVE ( 'NONE', #3560, #3055, #2360, .T. ) ;
#1307 = DIRECTION ( 'NONE',  ( 0.000000000000000000, -1.000000000000000000, 0.000000000000000000 ) ) ;
#1308 = CYLINDRICAL_SURFACE ( 'NONE', #527, 1.649999999999999467 ) ;
#1309 = CARTESIAN_POINT ( 'NONE',  ( 8.723503293206034570, -6.246035622831281664, 23.02302256407832814 ) ) ;
#1310 = EDGE_LOOP ( 'NONE', ( #4222, #2528 ) ) ;
#1311 = CARTESIAN_POINT ( 'NONE',  ( 5.784232306332079965, -3.862702289497940367, 5.978122539787380063 ) ) ;
#1312 = CARTESIAN_POINT ( 'NONE',  ( 5.449991949092083843, 11.44437999827895958, 13.49911474342502160 ) ) ;
#1313 = CARTESIAN_POINT ( 'NONE',  ( 9.084082327491820763, 2.553964377168310040, 20.26840165798720150 ) ) ;
#1314 = DIRECTION ( 'NONE',  ( 0.000000000000000000, 0.000000000000000000, 1.000000000000000000 ) ) ;
#1315 = DIRECTION ( 'NONE',  ( 0.000000000000000000, -1.000000000000000000, 0.000000000000000000 ) ) ;
#1316 = ORIENTED_EDGE ( 'NONE', *, *, #4378, .F. ) ;
#1317 = CARTESIAN_POINT ( 'NONE',  ( 0.2178439755821680868, -9.496035622830758527, 15.92502498824825174 ) ) ;
#1318 = CYLINDRICAL_SURFACE ( 'NONE', #331, 3.550000000000001155 ) ;
#1319 = CARTESIAN_POINT ( 'NONE',  ( 12.15128776695264001, -3.362702289499085229, 5.309335716268789973 ) ) ;
#1320 = CARTESIAN_POINT ( 'NONE',  ( 13.02230885912986125, 6.944397795369440018, 15.49740047818159994 ) ) ;
#1321 = CARTESIAN_POINT ( 'NONE',  ( 7.884999999999999787, -12.51560220463055906, 2.322088829909565030E-15 ) ) ;
#1322 = CARTESIAN_POINT ( 'NONE',  ( 17.37011720627604916, 1.387297710502497949, 12.33900994816498020 ) ) ;
#1323 = MECHANICAL_DESIGN_GEOMETRIC_PRESENTATION_REPRESENTATION (  '', ( #3289 ), #1397 ) ;
#1324 = VERTEX_POINT ( 'NONE', #657 ) ;
#1325 = DIRECTION ( 'NONE',  ( 0.9949277608427770092, 0.000000000000000000, -0.1005920011948170101 ) ) ;
#1326 = AXIS2_PLACEMENT_3D ( 'NONE', #3591, #3552, #422 ) ;
#1327 = CARTESIAN_POINT ( 'NONE',  ( 12.56404222313096142, -5.696035622831189471, 22.85523710407609954 ) ) ;
#1328 = CARTESIAN_POINT ( 'NONE',  ( 2.881699773810430187, -1.662702289498687591, 17.39843311295192052 ) ) ;
#1329 = EDGE_CURVE ( 'NONE', #2970, #1297, #4141, .T. ) ;
#1330 = CIRCLE ( 'NONE', #2133, 3.531533498719034547 ) ;
#1331 = ORIENTED_EDGE ( 'NONE', *, *, #4234, .F. ) ;
#1332 = CARTESIAN_POINT ( 'NONE',  ( 10.63090841017680788, 7.187297710500775594, 18.14847914090627157 ) ) ;
#1333 = CARTESIAN_POINT ( 'NONE',  ( 1.678224647349322751, -4.062702289497747365, 18.09207279940135749 ) ) ;
#1334 = ORIENTED_EDGE ( 'NONE', *, *, #241, .F. ) ;
#1335 = CARTESIAN_POINT ( 'NONE',  ( 20.00000000000000000, -46.89560220463059892, 2.560000000000000053 ) ) ;
#1336 = CARTESIAN_POINT ( 'NONE',  ( 8.625000000000000000, 9.344397795369440374, 6.914900151451889521 ) ) ;
#1337 = VERTEX_POINT ( 'NONE', #703 ) ;
#1338 = CARTESIAN_POINT ( 'NONE',  ( 17.94742765945334284, -3.412702289497347330, 12.26344018589868767 ) ) ;
#1339 = LINE ( 'NONE', #1635, #4483 ) ;
#1340 = EDGE_CURVE ( 'NONE', #76, #3228, #4111, .T. ) ;
#1341 = VECTOR ( 'NONE', #1621, 1000.000000000000000 ) ;
#1342 = AXIS2_PLACEMENT_3D ( 'NONE', #2898, #3632, #4293 ) ;
#1343 = CARTESIAN_POINT ( 'NONE',  ( 2.580707687802549888, -4.196035622831810308, 9.019488757581489935 ) ) ;
#1344 = CARTESIAN_POINT ( 'NONE',  ( 11.37500000000000000, 9.344397795369440374, 6.914900151451889521 ) ) ;
#1345 = DIRECTION ( 'NONE',  ( 0.000000000000000000, 0.000000000000000000, 1.000000000000000000 ) ) ;
#1346 = DIRECTION ( 'NONE',  ( 0.000000000000000000, -1.000000000000000000, 0.000000000000000000 ) ) ;
#1347 = CIRCLE ( 'NONE', #829, 3.550000000000001155 ) ;
#1348 = VECTOR ( 'NONE', #1175, 1000.000000000000000 ) ;
#1349 = VERTEX_POINT ( 'NONE', #3091 ) ;
#1350 = VECTOR ( 'NONE', #4174, 1000.000000000000000 ) ;
#1352 = DIRECTION ( 'NONE',  ( 0.000000000000000000, 0.000000000000000000, -1.000000000000000000 ) ) ;
#1351 = VECTOR ( 'NONE', #1433, 1000.000000000000000 ) ;
#1353 = CARTESIAN_POINT ( 'NONE',  ( 14.96548272100327992, -5.862702289498940011, 21.92264413427930236 ) ) ;
#1354 = CARTESIAN_POINT ( 'NONE',  ( 12.36068607463826119, -4.162702289499088160, 4.530157575016152904 ) ) ;
#1355 = CIRCLE ( 'NONE', #3892, 1.000000000000000888 ) ;
#1356 = ORIENTED_EDGE ( 'NONE', *, *, #1283, .F. ) ;
#1357 = CARTESIAN_POINT ( 'NONE',  ( 7.465102036015630382, -7.696035622831689516, 3.853209662789960355 ) ) ;
#1358 = DIRECTION ( 'NONE',  ( 1.000000000000000000, 0.000000000000000000, 0.000000000000000000 ) ) ;
#1359 = CARTESIAN_POINT ( 'NONE',  ( 8.993937568861630538, 1.187297710500717862, 5.585555180419436994 ) ) ;
#1360 = VERTEX_POINT ( 'NONE', #2095 ) ;
#1361 = DIRECTION ( 'NONE',  ( 0.000000000000000000, 0.000000000000000000, -1.000000000000000000 ) ) ;
#1362 = LINE ( 'NONE', #4122, #3757 ) ;
#1363 = CARTESIAN_POINT ( 'NONE',  ( 6.037655638652381640, 4.853964377168322741, 8.137965399391870136 ) ) ;
#1364 = DIRECTION ( 'NONE',  ( -0.7071067811865474617, 8.659560562354921765E-17, 0.7071067811865474617 ) ) ;
#1365 = EDGE_CURVE ( 'NONE', #836, #2630, #4499, .T. ) ;
#1366 = CARTESIAN_POINT ( 'NONE',  ( 11.08163219336204364, -4.246035622832637912, 5.065632662325866953 ) ) ;
#1367 = LINE ( 'NONE', #339, #994 ) ;
#1368 = CARTESIAN_POINT ( 'NONE',  ( 15.34834325292335144, 1.053964377168625788, 9.194476799213118667 ) ) ;
#1369 = EDGE_LOOP ( 'NONE', ( #1457, #678 ) ) ;
#1370 = CARTESIAN_POINT ( 'NONE',  ( 2.132950970953714886, -8.112702289498770369, 7.249448753365260067 ) ) ;
#1371 = DIRECTION ( 'NONE',  ( -0.000000000000000000, 1.000000000000000000, 0.000000000000000000 ) ) ;
#1372 = FACE_OUTER_BOUND ( 'NONE', #1218, .T. ) ;
#1373 = VERTEX_POINT ( 'NONE', #3162 ) ;
#1374 = DIRECTION ( 'NONE',  ( -1.000000000000000000, 0.000000000000000000, 0.000000000000000000 ) ) ;
#1375 = CARTESIAN_POINT ( 'NONE',  ( -1.734723475976804925E-15, 12.94439779536943824, 13.29999999999999893 ) ) ;
#1376 = CARTESIAN_POINT ( 'NONE',  ( 17.72003778944459995, -2.862702289498405328, 8.854747043797228656 ) ) ;
#1377 = CARTESIAN_POINT ( 'NONE',  ( 2.236254636753106428, -1.162702289498006358, 11.20969499805224423 ) ) ;
#1378 = ORIENTED_EDGE ( 'NONE', *, *, #3181, .T. ) ;
#1379 = CARTESIAN_POINT ( 'NONE',  ( 4.987657940294879744, 3.803964377167705191, 10.40676813031562098 ) ) ;
#1380 = CARTESIAN_POINT ( 'NONE',  ( -2.099999999999998757, -12.51560220463055195, -10.29999999999998472 ) ) ;
#1381 = CARTESIAN_POINT ( 'NONE',  ( 6.074976808687136298, 0.9372977105018318600, 6.482568555414191636 ) ) ;
#1382 = ORIENTED_EDGE ( 'NONE', *, *, #1914, .F. ) ;
#1383 = PLANE ( 'NONE',  #3534 ) ;
#1384 = CARTESIAN_POINT ( 'NONE',  ( -2.099999999999998757, -46.89560220463061313, 36.89999999999998437 ) ) ;
#1385 = DIRECTION ( 'NONE',  ( 0.000000000000000000, -1.000000000000000000, 0.000000000000000000 ) ) ;
#1386 = CARTESIAN_POINT ( 'NONE',  ( 11.99413581855254129, -2.496035622831058731, 20.73459621410848897 ) ) ;
#1387 = PLANE ( 'NONE',  #773 ) ;
#1388 = EDGE_CURVE ( 'NONE', #2383, #3090, #1196, .T. ) ;
#1389 = CARTESIAN_POINT ( 'NONE',  ( 6.529293014917660010, 4.053964377168324695, 8.777698873022290016 ) ) ;
#1390 = ORIENTED_EDGE ( 'NONE', *, *, #1608, .F. ) ;
#1391 = LINE ( 'NONE', #3811, #3902 ) ;
#1392 = FACE_OUTER_BOUND ( 'NONE', #575, .T. ) ;
#1393 = DIRECTION ( 'NONE',  ( 0.000000000000000000, -1.000000000000000000, 0.000000000000000000 ) ) ;
#1394 = CARTESIAN_POINT ( 'NONE',  ( 10.00000000000000000, 6.844397795369439486, 13.29999999999999893 ) ) ;
#1395 = CARTESIAN_POINT ( 'NONE',  ( -0.5613341656971539972, -8.696035622830759593, 16.13442329587185498 ) ) ;
#1396 = CARTESIAN_POINT ( 'NONE',  ( -0.7560054040713141132, -8.446035622830459388, 11.88828615545474143 ) ) ;
#1397 =( GEOMETRIC_REPRESENTATION_CONTEXT ( 3 ) GLOBAL_UNCERTAINTY_ASSIGNED_CONTEXT ( ( #2780 ) ) GLOBAL_UNIT_ASSIGNED_CONTEXT ( ( #3662, #4071, #4049 ) ) REPRESENTATION_CONTEXT ( 'NONE', 'WORKASPACE' ) );
#1398 = EDGE_CURVE ( 'NONE', #2672, #3554, #4324, .T. ) ;
#1399 = STYLED_ITEM ( 'NONE', ( #3777 ), #437 ) ;
#1400 = ORIENTED_EDGE ( 'NONE', *, *, #3365, .T. ) ;
#1401 = CARTESIAN_POINT ( 'NONE',  ( 13.89391779557040074, 2.053964377167664779, 18.37299587764094966 ) ) ;
#1402 = DIRECTION ( 'NONE',  ( 0.000000000000000000, 0.000000000000000000, 1.000000000000000000 ) ) ;
#1403 = CARTESIAN_POINT ( 'NONE',  ( 15.75330874929310987, 2.687297710502209558, 17.72613456975709667 ) ) ;
#1404 = CIRCLE ( 'NONE', #3226, 1.499999999999999556 ) ;
#1405 = VERTEX_POINT ( 'NONE', #376 ) ;
#1406 = DIRECTION ( 'NONE',  ( 0.000000000000000000, 0.000000000000000000, 1.000000000000000000 ) ) ;
#1407 = DIRECTION ( 'NONE',  ( 0.000000000000000000, 0.000000000000000000, -1.000000000000000000 ) ) ;
#1408 = CARTESIAN_POINT ( 'NONE',  ( 19.32473811273520781, -5.812702289498426822, 12.08315066889758249 ) ) ;
#1409 = LINE ( 'NONE', #3783, #3656 ) ;
#1410 = CARTESIAN_POINT ( 'NONE',  ( 7.825610132964835763, -4.496035622832184053, 5.194672411462271988 ) ) ;
#1411 = CARTESIAN_POINT ( 'NONE',  ( 19.77593948657870015, -6.362702289498860075, 15.93106714732650175 ) ) ;
#1412 = CARTESIAN_POINT ( 'NONE',  ( -6.065551073586579503E-16, -9.955602204630560337, 24.03999999999999915 ) ) ;
#1413 = VERTEX_POINT ( 'NONE', #722 ) ;
#1414 = CARTESIAN_POINT ( 'NONE',  ( 18.22448380506529730, -6.862702289498579411, 8.564002541573501048 ) ) ;
#1415 = CARTESIAN_POINT ( 'NONE',  ( 10.00000000000000000, -50.45560220463060119, 11.29999999999999893 ) ) ;
#1416 = ADVANCED_FACE ( 'NONE', ( #3137 ), #2361, .F. ) ;
#1417 = DIRECTION ( 'NONE',  ( 0.000000000000000000, 0.000000000000000000, 1.000000000000000000 ) ) ;
#1418 = CIRCLE ( 'NONE', #4037, 0.9999999999999991118 ) ;
#1419 = VECTOR ( 'NONE', #2256, 1000.000000000000000 ) ;
#1420 = DIRECTION ( 'NONE',  ( -0.000000000000000000, 1.000000000000000000, 0.000000000000000000 ) ) ;
#1421 = CARTESIAN_POINT ( 'NONE',  ( 15.48416159615180021, -3.112702289498494590, 6.169954373870930375 ) ) ;
#1422 = CARTESIAN_POINT ( 'NONE',  ( 9.084082327492614795, 1.753964377168306887, 20.26840165798720861 ) ) ;
#1423 = EDGE_CURVE ( 'NONE', #2497, #876, #2049, .T. ) ;
#1424 = CIRCLE ( 'NONE', #3754, 0.4000000000000010214 ) ;
#1425 = ORIENTED_EDGE ( 'NONE', *, *, #53, .F. ) ;
#1426 = CARTESIAN_POINT ( 'NONE',  ( 16.42849915255500193, 1.303964377168717714, 11.57624525409532090 ) ) ;
#1427 =( LENGTH_UNIT ( ) NAMED_UNIT ( * ) SI_UNIT ( .MILLI., .METRE. ) );
#1428 = EDGE_CURVE ( 'NONE', #4455, #3679, #3239, .T. ) ;
#1429 = AXIS2_PLACEMENT_3D ( 'NONE', #723, #2135, #3485 ) ;
#1430 = CARTESIAN_POINT ( 'NONE',  ( 5.381337122224766567, -3.062702289497937880, 5.279093429024442230 ) ) ;
#1431 = ORIENTED_EDGE ( 'NONE', *, *, #3425, .T. ) ;
#1432 = DIRECTION ( 'NONE',  ( -0.9671486153053837631, 0.000000000000000000, -0.2542116360690024335 ) ) ;
#1433 = DIRECTION ( 'NONE',  ( 0.000000000000000000, 0.000000000000000000, -1.000000000000000000 ) ) ;
#1434 = CARTESIAN_POINT ( 'NONE',  ( 9.999999999999998224, 7.270631043834940854, 18.91978517232028523 ) ) ;
#1435 = CARTESIAN_POINT ( 'NONE',  ( 14.29564976460810577, 12.84474158182495707, 11.80003563334094885 ) ) ;
#1436 = CARTESIAN_POINT ( 'NONE',  ( 6.477871992719365757, -0.6627022894981705603, 7.181597666204816655 ) ) ;
#1437 = CARTESIAN_POINT ( 'NONE',  ( 0.6782034505639259470, -8.196035622832690493, 7.922953887092069714 ) ) ;
#1438 = CARTESIAN_POINT ( 'NONE',  ( 11.63362772173713999, 2.303964377168860267, 19.39313346542929750 ) ) ;
#1439 = ORIENTED_EDGE ( 'NONE', *, *, #3572, .F. ) ;
#1440 = CARTESIAN_POINT ( 'NONE',  ( 1.898182993887764791, -8.946035622832091860, 19.52157725369420405 ) ) ;
#1441 = CARTESIAN_POINT ( 'NONE',  ( 7.884999999999999787, -9.955602204630560337, 24.03999999999999915 ) ) ;
#1442 = DIRECTION ( 'NONE',  ( 0.000000000000000000, 0.000000000000000000, -1.000000000000000000 ) ) ;
#1443 = CARTESIAN_POINT ( 'NONE',  ( 10.00000000000000000, 6.844397795369439486, 13.29999999999999893 ) ) ;
#1444 = CARTESIAN_POINT ( 'NONE',  ( 8.993937568861200660, 0.3872977105007160414, 5.585555180419439658 ) ) ;
#1445 = CARTESIAN_POINT ( 'NONE',  ( -0.4466708609033105404, -8.362702289497430996, 10.48867880421481935 ) ) ;
#1446 = ADVANCED_FACE ( 'NONE', ( #4165, #1070, #4097 ), #2455, .T. ) ;
#1447 = ORIENTED_EDGE ( 'NONE', *, *, #1815, .T. ) ;
#1448 = CARTESIAN_POINT ( 'NONE',  ( 7.171511679237700498, 4.137297710501290027, 8.385072792654980844 ) ) ;
#1449 = LINE ( 'NONE', #1853, #2062 ) ;
#1450 = ORIENTED_EDGE ( 'NONE', *, *, #4176, .F. ) ;
#1451 = CARTESIAN_POINT ( 'NONE',  ( 3.737843348178178093, -8.312702289498027142, 21.44239640423983673 ) ) ;
#1452 = CARTESIAN_POINT ( 'NONE',  ( 10.00000000000000000, 7.744397795369440729, 13.29999999999999893 ) ) ;
#1453 = CARTESIAN_POINT ( 'NONE',  ( 8.633358534701454090, -8.412702289498223962, 2.830934274046222665 ) ) ;
#1454 = CARTESIAN_POINT ( 'NONE',  ( 12.65529182719163970, 6.944397795369440018, 9.004429570773009317 ) ) ;
#1455 = ADVANCED_FACE ( 'NONE', ( #334 ), #973, .F. ) ;
#1456 = CARTESIAN_POINT ( 'NONE',  ( 15.08703640386559997, 5.303964377168409960, 11.93675335081528033 ) ) ;
#1457 = ORIENTED_EDGE ( 'NONE', *, *, #3410, .T. ) ;
#1458 = CARTESIAN_POINT ( 'NONE',  ( 11.08163219336203831, -3.446035622832640311, 5.065632662325870506 ) ) ;
#1459 = DIRECTION ( 'NONE',  ( 0.000000000000000000, 0.000000000000000000, 1.000000000000000000 ) ) ;
#1460 = CYLINDRICAL_SURFACE ( 'NONE', #1274, 1.000000000000000888 ) ;
#1461 = CARTESIAN_POINT ( 'NONE',  ( 16.31310873358825120, 1.803964377168694844, 16.94294689688905109 ) ) ;
#1462 = CARTESIAN_POINT ( 'NONE',  ( 15.86621454502328277, 4.503964377168402144, 11.72735504289876651 ) ) ;
#1463 = ORIENTED_EDGE ( 'NONE', *, *, #591, .T. ) ;
#1464 = CARTESIAN_POINT ( 'NONE',  ( 3.784182814043639986, -0.1960356228321235017, 9.713128443889729624 ) ) ;
#1465 = FACE_BOUND ( 'NONE', #252, .T. ) ;
#1466 = ORIENTED_EDGE ( 'NONE', *, *, #533, .T. ) ;
#1467 = CLOSED_SHELL ( 'NONE', ( #3543, #3830, #3099, #1519, #4124, #3174, #476, #3057, #28, #3856, #2915, #2038, #733, #3759 ) ) ;
#1468 = ORIENTED_EDGE ( 'NONE', *, *, #3710, .F. ) ;
#1469 = CARTESIAN_POINT ( 'NONE',  ( 11.26192171033764922, -6.646035622832501488, 3.688322209202522739 ) ) ;
#1470 = LINE ( 'NONE', #1881, #375 ) ;
#1471 = VECTOR ( 'NONE', #699, 1000.000000000000000 ) ;
#1472 = CARTESIAN_POINT ( 'NONE',  ( 5.143183651834359438, -5.196035622831820078, 21.71919020467334605 ) ) ;
#1473 = AXIS2_PLACEMENT_3D ( 'NONE', #3346, #2612, #3299 ) ;
#1474 = FACE_OUTER_BOUND ( 'NONE', #4388, .T. ) ;
#1475 = EDGE_LOOP ( 'NONE', ( #826, #4434 ) ) ;
#1476 = CARTESIAN_POINT ( 'NONE',  ( 2.798615502166965197, -0.4460356228318835270, 12.35358494442568045 ) ) ;
#1477 = DIRECTION ( 'NONE',  ( 0.000000000000000000, 0.000000000000000000, -1.000000000000000000 ) ) ;
#1478 = ADVANCED_FACE ( 'NONE', ( #3066 ), #4470, .T. ) ;
#1479 = CARTESIAN_POINT ( 'NONE',  ( 1.173778631699628150, -8.862702289499370778, 18.38281730157249783 ) ) ;
#1480 = DIRECTION ( 'NONE',  ( -0.000000000000000000, 1.000000000000000000, 0.000000000000000000 ) ) ;
#1481 = CARTESIAN_POINT ( 'NONE',  ( 17.31272927126115135, 1.553964377167375011, 14.26099005183499990 ) ) ;
#1482 = CARTESIAN_POINT ( 'NONE',  ( 11.84302602954023342, 1.503964377168860000, 20.17231160663590828 ) ) ;
#1483 = VECTOR ( 'NONE', #2754, 1000.000000000000000 ) ;
#1484 = VERTEX_POINT ( 'NONE', #999 ) ;
#1485 = CARTESIAN_POINT ( 'NONE',  ( 7.344708172808370072, 6.944397795369440018, 8.004429570773011093 ) ) ;
#1486 = SURFACE_STYLE_USAGE ( .BOTH. , #3930 ) ;
#1487 = VECTOR ( 'NONE', #2233, 1000.000000000000000 ) ;
#1488 = PRESENTATION_LAYER_ASSIGNMENT (  '', '', ( #2364 ) ) ;
#1489 = VERTEX_POINT ( 'NONE', #3780 ) ;
#1490 = CIRCLE ( 'NONE', #1198, 4.549999999999998934 ) ;
#1491 = ORIENTED_EDGE ( 'NONE', *, *, #2620, .F. ) ;
#1492 = AXIS2_PLACEMENT_3D ( 'NONE', #2050, #1731, #2475 ) ;
#1493 = CARTESIAN_POINT ( 'NONE',  ( 0.3325072803731433657, -7.562702289497425845, 10.69807711184129317 ) ) ;
#1494 = FACE_OUTER_BOUND ( 'NONE', #3528, .T. ) ;
#1495 = UNCERTAINTY_MEASURE_WITH_UNIT (LENGTH_MEASURE( 1.000000000000000082E-05 ), #1427, 'distance_accuracy_value', 'NONE');
#1496 = CARTESIAN_POINT ( 'NONE',  ( 12.00017797776467887, 0.6372977105017980648, 5.871620323954950038 ) ) ;
#1497 = EDGE_CURVE ( 'NONE', #3679, #4455, #2938, .T. ) ;
#1498 = CARTESIAN_POINT ( 'NONE',  ( 13.13072952008952043, 6.944397795369440018, 14.93409348710981988 ) ) ;
#1499 = ORIENTED_EDGE ( 'NONE', *, *, #4509, .T. ) ;
#1500 = CARTESIAN_POINT ( 'NONE',  ( 16.42849915255500193, 1.303964377168717714, 11.57624525409532090 ) ) ;
#1501 = DIRECTION ( 'NONE',  ( 0.000000000000000000, -1.000000000000000000, 0.000000000000000000 ) ) ;
#1502 = CARTESIAN_POINT ( 'NONE',  ( 1.898182993887764791, -8.946035622832091860, 19.52157725369420405 ) ) ;
#1503 = LINE ( 'NONE', #2552, #2209 ) ;
#1504 = CARTESIAN_POINT ( 'NONE',  ( 8.337228018775620697, 4.303964377168590261, 7.098419767767900623 ) ) ;
#1505 = CARTESIAN_POINT ( 'NONE',  ( 12.20353412626135992, -1.696035622831054912, 21.51377435534960014 ) ) ;
#1506 = CARTESIAN_POINT ( 'NONE',  ( 13.18109218901175872, 6.944397795369440018, 8.153821564985490156 ) ) ;
#1507 = ORIENTED_EDGE ( 'NONE', *, *, #164, .T. ) ;
#1508 = CARTESIAN_POINT ( 'NONE',  ( 10.00000000000000000, -57.85560220463059977, 13.29999999999999893 ) ) ;
#1509 = PRESENTATION_STYLE_ASSIGNMENT (( #1486 ) ) ;
#1510 = EDGE_LOOP ( 'NONE', ( #2160, #1053, #1923, #741 ) ) ;
#1511 = ORIENTED_EDGE ( 'NONE', *, *, #1497, .F. ) ;
#1512 = CARTESIAN_POINT ( 'NONE',  ( 14.14610259887312083, 1.687297710501244774, 7.911077348990830593 ) ) ;
#1513 = DIRECTION ( 'NONE',  ( 0.000000000000000000, 1.000000000000000000, 0.000000000000000000 ) ) ;
#1514 = CARTESIAN_POINT ( 'NONE',  ( 17.08946622799784620, -2.946035622831630008, 7.856417801979449500 ) ) ;
#1515 = DIRECTION ( 'NONE',  ( 0.000000000000000000, 0.000000000000000000, -1.000000000000000000 ) ) ;
#1516 = ORIENTED_EDGE ( 'NONE', *, *, #2450, .F. ) ;
#1517 = CARTESIAN_POINT ( 'NONE',  ( 15.11357527561175118, 1.887297710502209958, 17.23449719354119836 ) ) ;
#1518 = CARTESIAN_POINT ( 'NONE',  ( 7.344708172808370072, 6.944397795369440018, 9.004429570773009317 ) ) ;
#1519 = ADVANCED_FACE ( 'NONE', ( #4520 ), #1383, .T. ) ;
#1520 = CYLINDRICAL_SURFACE ( 'NONE', #3831, 3.550000000000001155 ) ;
#1521 = DIRECTION ( 'NONE',  ( 0.000000000000000000, 0.000000000000000000, 1.000000000000000000 ) ) ;
#1522 = CARTESIAN_POINT ( 'NONE',  ( 3.375925955237600196, 3.553964377168465028, 12.42915470681984047 ) ) ;
#1523 = CARTESIAN_POINT ( 'NONE',  ( 0.5639171138910169523, -4.612702289498350261, 14.53142432752926005 ) ) ;
#1524 = ADVANCED_FACE ( 'NONE', ( #4311 ), #2145, .T. ) ;
#1525 = FACE_OUTER_BOUND ( 'NONE', #4370, .T. ) ;
#1526 = ORIENTED_EDGE ( 'NONE', *, *, #3549, .F. ) ;
#1527 = CARTESIAN_POINT ( 'NONE',  ( 14.61405842574260028, 5.137297710501459669, 10.64492160089347905 ) ) ;
#1528 = CARTESIAN_POINT ( 'NONE',  ( 11.35000000000000142, 7.744397795369440729, 10.03668437742000030 ) ) ;
#1529 = CARTESIAN_POINT ( 'NONE',  ( 16.33058321734834806, -7.912702289496954755, 5.068564872530277654 ) ) ;
#1530 = EDGE_CURVE ( 'NONE', #3810, #2930, #1873, .T. ) ;
#1531 = EDGE_LOOP ( 'NONE', ( #4297, #534, #2908, #4347, #3436, #2523, #4441, #898, #730, #3706 ) ) ;
#1532 = VERTEX_POINT ( 'NONE', #3969 ) ;
#1533 = CARTESIAN_POINT ( 'NONE',  ( 13.41346163449374806, 1.603964377168076050, 7.385051595643314926 ) ) ;
#1534 = DIRECTION ( 'NONE',  ( 0.000000000000000000, 0.000000000000000000, 1.000000000000000000 ) ) ;
#1535 = CARTESIAN_POINT ( 'NONE',  ( 2.594606998450710300, -4.112702289499444497, 7.604232998464410365 ) ) ;
#1536 = AXIS2_PLACEMENT_3D ( 'NONE', #83, #513, #3230 ) ;
#1537 = DIRECTION ( 'NONE',  ( 0.000000000000000000, -1.000000000000000000, 0.000000000000000000 ) ) ;
#1538 = PRESENTATION_LAYER_ASSIGNMENT (  '', '', ( #1399 ) ) ;
#1539 = ORIENTED_EDGE ( 'NONE', *, *, #3881, .F. ) ;
#1540 = CARTESIAN_POINT ( 'NONE',  ( 17.94742765945334995, -2.612702289497349728, 12.26344018589870011 ) ) ;
#1541 = CARTESIAN_POINT ( 'NONE',  ( 8.625000000000000000, 12.94439779536943824, 13.29999999999999893 ) ) ;
#1542 = VECTOR ( 'NONE', #949, 1000.000000000000000 ) ;
#1543 = LINE ( 'NONE', #1823, #3391 ) ;
#1544 = EDGE_CURVE ( 'NONE', #3810, #3461, #866, .T. ) ;
#1545 = CARTESIAN_POINT ( 'NONE',  ( 10.00000000000000000, -50.45560220463060119, 15.29999999999999893 ) ) ;
#1546 = CARTESIAN_POINT ( 'NONE',  ( 7.884999999999999787, -9.955602204630560337, 24.03999999999999915 ) ) ;
#1547 = CARTESIAN_POINT ( 'NONE',  ( 1.678224647349390031, -4.862702289497749852, 18.09207279940135038 ) ) ;
#1548 = CARTESIAN_POINT ( 'NONE',  ( -2.100000000000000089, -46.89560220463059892, 13.29999999999999893 ) ) ;
#1549 = ORIENTED_EDGE ( 'NONE', *, *, #2424, .T. ) ;
#1550 = ADVANCED_FACE ( 'NONE', ( #1574 ), #4359, .F. ) ;
#1551 = CARTESIAN_POINT ( 'NONE',  ( 10.63090841017650057, 6.387297710500770442, 18.14847914090625025 ) ) ;
#1552 = LINE ( 'NONE', #2945, #2348 ) ;
#1553 = CARTESIAN_POINT ( 'NONE',  ( 1.493217497144942119, -8.912702289498774633, 6.757811377275551479 ) ) ;
#1554 = CIRCLE ( 'NONE', #3544, 4.549999999999998934 ) ;
#1555 = AXIS2_PLACEMENT_3D ( 'NONE', #3247, #2578, #2474 ) ;
#1556 = ORIENTED_EDGE ( 'NONE', *, *, #3687, .T. ) ;
#1557 = EDGE_CURVE ( 'NONE', #2629, #1864, #3678, .T. ) ;
#1558 = CARTESIAN_POINT ( 'NONE',  ( 4.175925955237593357, 4.353964377168464850, 12.53387446155534768 ) ) ;
#1559 = CARTESIAN_POINT ( 'NONE',  ( -2.100000000000000089, -46.89560220463059892, 13.29999999999999893 ) ) ;
#1560 = VECTOR ( 'NONE', #3217, 1000.000000000000000 ) ;
#1561 = CIRCLE ( 'NONE', #2658, 0.9999999999999991118 ) ;
#1562 = CARTESIAN_POINT ( 'NONE',  ( 3.695996499961454962, -0.1127022894979509970, 8.450654619704520698 ) ) ;
#1563 = CIRCLE ( 'NONE', #4117, 4.549999999999998934 ) ;
#1564 = CARTESIAN_POINT ( 'NONE',  ( 5.704362678251340135, 12.94439779536943824, 11.79999999999999893 ) ) ;
#1565 = DIRECTION ( 'NONE',  ( -1.427144654353157974E-16, 0.000000000000000000, -1.000000000000000000 ) ) ;
#1566 = ORIENTED_EDGE ( 'NONE', *, *, #614, .F. ) ;
#1567 = CARTESIAN_POINT ( 'NONE',  ( 13.04749617461903988, 6.053964377168419730, 17.27160637628099948 ) ) ;
#1568 = DIRECTION ( 'NONE',  ( 1.000000000000000000, 2.168404344971005318E-15, -4.336808689942005903E-15 ) ) ;
#1569 = CIRCLE ( 'NONE', #1723, 1.000000000000000888 ) ;
#1570 = LINE ( 'NONE', #3216, #1790 ) ;
#1571 = FACE_OUTER_BOUND ( 'NONE', #3539, .T. ) ;
#1572 = DIRECTION ( 'NONE',  ( 1.000000000000000000, 0.000000000000000000, 0.000000000000000000 ) ) ;
#1573 = CARTESIAN_POINT ( 'NONE',  ( 18.72005898617349828, -6.196035622831270295, 18.33022626971954949 ) ) ;
#1574 = FACE_OUTER_BOUND ( 'NONE', #1225, .T. ) ;
#1575 = ORIENTED_EDGE ( 'NONE', *, *, #4103, .F. ) ;
#1576 = CARTESIAN_POINT ( 'NONE',  ( 7.884999999999999787, -12.51560220463055906, 2.560000000000000053 ) ) ;
#1577 = DIRECTION ( 'NONE',  ( 0.000000000000000000, 1.000000000000000000, 0.000000000000000000 ) ) ;
#1578 = CARTESIAN_POINT ( 'NONE',  ( 6.277108211701855289, 2.087297710501123671, 18.13822790028335064 ) ) ;
#1579 = EDGE_CURVE ( 'NONE', #1484, #3065, #2210, .T. ) ;
#1580 = VERTEX_POINT ( 'NONE', #1849 ) ;
#1581 = CARTESIAN_POINT ( 'NONE',  ( 9.188802082261164017, 3.353964377168307642, 19.46840165798558075 ) ) ;
#1582 = CARTESIAN_POINT ( 'NONE',  ( 3.246205972099570403, -8.312702289498027142, 22.08212987805472594 ) ) ;
#1583 = ORIENTED_EDGE ( 'NONE', *, *, #2342, .F. ) ;
#1584 = CARTESIAN_POINT ( 'NONE',  ( -6.065551073586579503E-16, -49.45560220463060119, 25.10000000000000142 ) ) ;
#1585 = DIRECTION ( 'NONE',  ( 0.000000000000000000, 0.000000000000000000, -1.000000000000000000 ) ) ;
#1586 = ORIENTED_EDGE ( 'NONE', *, *, #2015, .T. ) ;
#1587 = CARTESIAN_POINT ( 'NONE',  ( 19.26735017743907008, -7.246035622831689338, 14.51684933110241005 ) ) ;
#1588 = DIRECTION ( 'NONE',  ( 0.000000000000000000, 0.000000000000000000, -1.000000000000000000 ) ) ;
#1589 = EDGE_CURVE ( 'NONE', #1936, #4149, #1059, .T. ) ;
#1590 = CARTESIAN_POINT ( 'NONE',  ( 14.99252422001905849, -3.112702289498494590, 6.809687847634640079 ) ) ;
#1591 = DIRECTION ( 'NONE',  ( 0.000000000000000000, 0.000000000000000000, -1.000000000000000000 ) ) ;
#1592 = CARTESIAN_POINT ( 'NONE',  ( 14.30954187633808239, 13.33601842734202592, 11.83818226699681730 ) ) ;
#1593 = CARTESIAN_POINT ( 'NONE',  ( 3.375925955237600196, 3.553964377168465028, 12.42915470681984047 ) ) ;
#1594 = LINE ( 'NONE', #1305, #4259 ) ;
#1595 = ORIENTED_EDGE ( 'NONE', *, *, #4378, .T. ) ;
#1596 =( LENGTH_UNIT ( ) NAMED_UNIT ( * ) SI_UNIT ( .MILLI., .METRE. ) );
#1597 = CARTESIAN_POINT ( 'NONE',  ( 2.590000000040109551, -15.63225098456195283, 26.59999999999999787 ) ) ;
#1598 = CARTESIAN_POINT ( 'NONE',  ( 11.63362772173713822, 1.503964377168860000, 19.39313346542926908 ) ) ;
#1599 = ORIENTED_EDGE ( 'NONE', *, *, #3881, .T. ) ;
#1600 = CARTESIAN_POINT ( 'NONE',  ( 5.430686590570467764, -0.3127022894983185752, 19.23961740167987244 ) ) ;
#1601 = DIRECTION ( 'NONE',  ( 0.000000000000000000, -1.000000000000000000, 0.000000000000000000 ) ) ;
#1602 = EDGE_CURVE ( 'NONE', #328, #767, #251, .T. ) ;
#1603 = CARTESIAN_POINT ( 'NONE',  ( -0.5613341656971536642, -7.896035622830755329, 16.13442329587183721 ) ) ;
#1604 = EDGE_LOOP ( 'NONE', ( #463, #2816, #3415, #1965 ) ) ;
#1605 = LINE ( 'NONE', #3690, #1987 ) ;
#1606 = DIRECTION ( 'NONE',  ( 0.000000000000000000, 0.000000000000000000, -1.000000000000000000 ) ) ;
#1607 = ORIENTED_EDGE ( 'NONE', *, *, #3904, .T. ) ;
#1608 = EDGE_CURVE ( 'NONE', #2241, #4018, #1945, .T. ) ;
#1609 = CARTESIAN_POINT ( 'NONE',  ( 10.81119791773843986, 2.387297710501564918, 19.52578959297239791 ) ) ;
#1610 = CLOSED_SHELL ( 'NONE', ( #4292, #2373, #3029, #3314 ) ) ;
#1611 = CARTESIAN_POINT ( 'NONE',  ( 16.46000000004010033, -37.43225098456194644, 26.59999999999999787 ) ) ;
#1612 = VECTOR ( 'NONE', #558, 1000.000000000000000 ) ;
#1613 = CARTESIAN_POINT ( 'NONE',  ( 17.76996190127935193, -2.696035622831720158, 11.21573715723140019 ) ) ;
#1614 = EDGE_CURVE ( 'NONE', #3327, #3483, #528, .T. ) ;
#1615 = CARTESIAN_POINT ( 'NONE',  ( 15.80732865661545183, 6.944397795369440018, 11.60369994574866048 ) ) ;
#1616 = DIRECTION ( 'NONE',  ( 0.000000000000000000, 0.000000000000000000, -1.000000000000000000 ) ) ;
#1617 = CARTESIAN_POINT ( 'NONE',  ( 15.75155123970614923, 5.637297710502199521, 14.84954285687929953 ) ) ;
#1618 = VECTOR ( 'NONE', #917, 1000.000000000000000 ) ;
#1619 = VERTEX_POINT ( 'NONE', #1186 ) ;
#1620 = FACE_OUTER_BOUND ( 'NONE', #220, .T. ) ;
#1621 = DIRECTION ( 'NONE',  ( 0.000000000000000000, -1.000000000000000000, 0.000000000000000000 ) ) ;
#1622 = LINE ( 'NONE', #3011, #677 ) ;
#1623 = CARTESIAN_POINT ( 'NONE',  ( 12.00017797776423834, -0.1627022894982034784, 5.871620323954735987 ) ) ;
#1624 = ORIENTED_EDGE ( 'NONE', *, *, #158, .F. ) ;
#1625 = EDGE_LOOP ( 'NONE', ( #4373, #4446, #3868, #3009 ) ) ;
#1626 = CARTESIAN_POINT ( 'NONE',  ( 8.828223048143270191, -5.446035622831289835, 22.22302256407835230 ) ) ;
#1627 = CARTESIAN_POINT ( 'NONE',  ( 20.00000000000000000, -9.955602204630560337, 2.560000000000000053 ) ) ;
#1628 = CARTESIAN_POINT ( 'NONE',  ( 13.53913355095636106, 6.053964377168419730, 17.91133984984284666 ) ) ;
#1629 = ORIENTED_EDGE ( 'NONE', *, *, #2557, .F. ) ;
#1630 = LINE ( 'NONE', #3731, #2567 ) ;
#1631 = CIRCLE ( 'NONE', #2873, 3.550000000000001155 ) ;
#1632 = LINE ( 'NONE', #1935, #3023 ) ;
#1633 = ORIENTED_EDGE ( 'NONE', *, *, #1423, .T. ) ;
#1634 = CARTESIAN_POINT ( 'NONE',  ( 13.29968097771025981, 4.887297710501780301, 9.012466850507109939 ) ) ;
#1635 = CARTESIAN_POINT ( 'NONE',  ( 0.9400000000401099731, -15.63225098456195283, 26.59999999999999787 ) ) ;
#1636 = AXIS2_PLACEMENT_3D ( 'NONE', #456, #1480, #2170 ) ;
#1637 = EDGE_CURVE ( 'NONE', #2219, #879, #1091, .T. ) ;
#1638 = CARTESIAN_POINT ( 'NONE',  ( 9.008512565152948071, -1.446035622832863909, 20.84571211103465416 ) ) ;
#1639 = AXIS2_PLACEMENT_3D ( 'NONE', #955, #2345, #3738 ) ;
#1640 = AXIS2_PLACEMENT_3D ( 'NONE', #2369, #2341, #2032 ) ;
#1641 = DIRECTION ( 'NONE',  ( 0.000000000000000000, 1.000000000000000000, 0.000000000000000000 ) ) ;
#1642 = FACE_OUTER_BOUND ( 'NONE', #1967, .T. ) ;
#1643 = CARTESIAN_POINT ( 'NONE',  ( 13.53913355095636106, 6.053964377168419730, 17.91133984984284666 ) ) ;
#1644 = VERTEX_POINT ( 'NONE', #3286 ) ;
#1645 = FACE_OUTER_BOUND ( 'NONE', #4505, .T. ) ;
#1646 = FACE_OUTER_BOUND ( 'NONE', #2237, .T. ) ;
#1647 = CARTESIAN_POINT ( 'NONE',  ( 12.11500000000000021, -12.51560220463055906, 26.59999999999999787 ) ) ;
#1648 = CARTESIAN_POINT ( 'NONE',  ( 11.18635194827111157, -4.246035622832637912, 4.265632662325858249 ) ) ;
#1649 = EDGE_LOOP ( 'NONE', ( #4153, #3146, #2819, #4255 ) ) ;
#1650 = ORIENTED_EDGE ( 'NONE', *, *, #79, .F. ) ;
#1651 = CARTESIAN_POINT ( 'NONE',  ( 15.83894584125580174, -7.112702289496950492, 5.708298346332689732 ) ) ;
#1652 = PRESENTATION_STYLE_ASSIGNMENT (( #562 ) ) ;
#1653 = CARTESIAN_POINT ( 'NONE',  ( 10.00000000000000000, 6.470631043834940144, 18.91978517232030299 ) ) ;
#1654 = ORIENTED_EDGE ( 'NONE', *, *, #4342, .T. ) ;
#1655 = CARTESIAN_POINT ( 'NONE',  ( 10.00000000000000000, -57.85560220463059977, 15.29999999999999893 ) ) ;
#1656 = DIRECTION ( 'NONE',  ( -1.000000000000000000, 0.000000000000000000, 0.000000000000000000 ) ) ;
#1657 = ORIENTED_EDGE ( 'NONE', *, *, #2217, .F. ) ;
#1658 = CARTESIAN_POINT ( 'NONE',  ( 14.61405842574260028, 5.137297710501459669, 10.64492160089347905 ) ) ;
#1659 = CARTESIAN_POINT ( 'NONE',  ( 10.00000000000000000, 6.844397795369439486, 13.29999999999999893 ) ) ;
#1660 = CARTESIAN_POINT ( 'NONE',  ( 3.580728884594539974, -0.8627022894986859924, 16.99553792889210158 ) ) ;
#1661 = LINE ( 'NONE', #2320, #3961 ) ;
#1662 = DIRECTION ( 'NONE',  ( -1.000000000000000000, 0.000000000000000000, 0.000000000000000000 ) ) ;
#1663 = CARTESIAN_POINT ( 'NONE',  ( 6.768616495325509241, 4.137297710501290027, 7.686043681812340544 ) ) ;
#1664 = ADVANCED_FACE ( 'NONE', ( #1525 ), #1710, .T. ) ;
#1665 = ORIENTED_EDGE ( 'NONE', *, *, #1365, .F. ) ;
#1666 = DIRECTION ( 'NONE',  ( -1.000000000000000000, 0.000000000000000000, 0.000000000000000000 ) ) ;
#1667 = DIRECTION ( 'NONE',  ( -1.000000000000000000, 0.000000000000000000, 1.224646799147353947E-16 ) ) ;
#1668 = CARTESIAN_POINT ( 'NONE',  ( 18.43447673771379769, -2.362702289498625152, 15.57055905039645083 ) ) ;
#1669 = CARTESIAN_POINT ( 'NONE',  ( 2.594606998450705415, -4.912702289499446984, 7.604232998464405924 ) ) ;
#1670 = ADVANCED_FACE ( 'NONE', ( #1915 ), #119, .F. ) ;
#1671 = VERTEX_POINT ( 'NONE', #1506 ) ;
#1672 = EDGE_LOOP ( 'NONE', ( #588, #150 ) ) ;
#1673 = CARTESIAN_POINT ( 'NONE',  ( 11.27311962503831388, 7.103964377169371680, 18.05167071670825507 ) ) ;
#1674 =( NAMED_UNIT ( * ) SI_UNIT ( $, .STERADIAN. ) SOLID_ANGLE_UNIT ( ) );
#1675 = EDGE_CURVE ( 'NONE', #943, #2970, #3309, .T. ) ;
#1676 = CARTESIAN_POINT ( 'NONE',  ( 17.08946622799783910, -2.146035622831624856, 7.856417801979446836 ) ) ;
#1677 = ORIENTED_EDGE ( 'NONE', *, *, #4469, .F. ) ;
#1678 = DIRECTION ( 'NONE',  ( 0.000000000000000000, -1.000000000000000000, 0.000000000000000000 ) ) ;
#1679 = CARTESIAN_POINT ( 'NONE',  ( 22.09999999999999432, -12.51560220463056794, 36.89999999999998437 ) ) ;
#1680 = CARTESIAN_POINT ( 'NONE',  ( 14.88668722522831978, 5.853964377168086486, 9.549261043854233577 ) ) ;
#1681 = ORIENTED_EDGE ( 'NONE', *, *, #3206, .T. ) ;
#1682 = CARTESIAN_POINT ( 'NONE',  ( 2.798615502166846181, -1.246035622831886291, 12.35358494442567512 ) ) ;
#1683 = UNCERTAINTY_MEASURE_WITH_UNIT (LENGTH_MEASURE( 1.000000000000000082E-05 ), #2773, 'distance_accuracy_value', 'NONE');
#1684 = DIRECTION ( 'NONE',  ( 0.000000000000000000, 1.000000000000000000, 0.000000000000000000 ) ) ;
#1685 = CARTESIAN_POINT ( 'NONE',  ( 1.363917113891019994, -4.612702289498350261, 14.42670457260452110 ) ) ;
#1686 = FACE_OUTER_BOUND ( 'NONE', #2561, .T. ) ;
#1687 = DIRECTION ( 'NONE',  ( -1.000000000000000000, 0.000000000000000000, 0.000000000000000000 ) ) ;
#1688 = CARTESIAN_POINT ( 'NONE',  ( 10.00000000000000000, 7.744397795369440729, 9.768466501280959946 ) ) ;
#1689 = CIRCLE ( 'NONE', #2853, 6.049999999999999822 ) ;
#1690 = EDGE_LOOP ( 'NONE', ( #4230, #370, #2378, #542 ) ) ;
#1691 = CARTESIAN_POINT ( 'NONE',  ( -2.100000000000000089, -12.51560220463055906, 13.29999999999999893 ) ) ;
#1692 = FILL_AREA_STYLE_COLOUR ( '', #4498 ) ;
#1693 =( GEOMETRIC_REPRESENTATION_CONTEXT ( 3 ) GLOBAL_UNCERTAINTY_ASSIGNED_CONTEXT ( ( #2501 ) ) GLOBAL_UNIT_ASSIGNED_CONTEXT ( ( #3390, #3043, #1674 ) ) REPRESENTATION_CONTEXT ( 'NONE', 'WORKASPACE' ) );
#1694 = CARTESIAN_POINT ( 'NONE',  ( 4.687697435835839421, -7.862702289498429309, 4.075618302544520510 ) ) ;
#1695 = CARTESIAN_POINT ( 'NONE',  ( 17.95608775215848141, -6.912702289499126351, 19.41897781207552853 ) ) ;
#1696 = VECTOR ( 'NONE', #1281, 1000.000000000000000 ) ;
#1697 = EDGE_CURVE ( 'NONE', #2257, #2241, #3894, .T. ) ;
#1698 = EDGE_LOOP ( 'NONE', ( #2625, #4235, #3570, #3234 ) ) ;
#1699 = CARTESIAN_POINT ( 'NONE',  ( 2.132950970953714886, -8.112702289498770369, 7.249448753365260067 ) ) ;
#1700 = CARTESIAN_POINT ( 'NONE',  ( 8.723503293204926123, -4.646035622831291789, 23.02302256407832814 ) ) ;
#1701 = ORIENTED_EDGE ( 'NONE', *, *, #1740, .F. ) ;
#1702 = ADVANCED_FACE ( 'NONE', ( #1892 ), #2323, .F. ) ;
#1703 = DIRECTION ( 'NONE',  ( 0.000000000000000000, 1.000000000000000000, 0.000000000000000000 ) ) ;
#1704 = CYLINDRICAL_SURFACE ( 'NONE', #1429, 1.500000000000001332 ) ;
#1705 = CARTESIAN_POINT ( 'NONE',  ( 4.797386001494441388, 4.687297710501552750, 9.297076240754964971 ) ) ;
#1706 = CARTESIAN_POINT ( 'NONE',  ( 14.29566251709685254, 12.74798846315793099, 14.79992784661464533 ) ) ;
#1707 = CARTESIAN_POINT ( 'NONE',  ( 15.81753355222753932, 0.3372977105011504273, 9.951281914319244137 ) ) ;
#1708 = CARTESIAN_POINT ( 'NONE',  ( 3.498390775636265104, -7.946035622831349343, 4.833796895505650504 ) ) ;
#1709 = AXIS2_PLACEMENT_3D ( 'NONE', #3001, #4376, #1273 ) ;
#1710 = TOROIDAL_SURFACE ( 'NONE', #1555, 3.000000000000000000, 1.000000000000000000 ) ;
#1711 = CARTESIAN_POINT ( 'NONE',  ( 4.356895526906590099, 3.637297710502169767, 11.77960140265784084 ) ) ;
#1712 = ORIENTED_EDGE ( 'NONE', *, *, #2276, .F. ) ;
#1713 = DIRECTION ( 'NONE',  ( 0.000000000000000000, 0.000000000000000000, -1.000000000000000000 ) ) ;
#1714 = CARTESIAN_POINT ( 'NONE',  ( 11.37500000000000000, 16.54439779536944854, 8.962734156176269451 ) ) ;
#1715 = DIRECTION ( 'NONE',  ( 0.1005920011948169962, 0.000000000000000000, 0.9949277608427768982 ) ) ;
#1716 = VECTOR ( 'NONE', #1252, 1000.000000000000000 ) ;
#1717 = VECTOR ( 'NONE', #2413, 1000.000000000000000 ) ;
#1719 = CARTESIAN_POINT ( 'NONE',  ( 7.884999999999999787, -12.51560220463055906, 2.560000000000000053 ) ) ;
#1718 = AXIS2_PLACEMENT_3D ( 'NONE', #1611, #3050, #2318 ) ;
#1720 = CYLINDRICAL_SURFACE ( 'NONE', #4409, 1.000000000000000888 ) ;
#1721 = CARTESIAN_POINT ( 'NONE',  ( 18.72005898617349828, -6.196035622831270295, 18.33022626971954949 ) ) ;
#1722 = CARTESIAN_POINT ( 'NONE',  ( 14.96548272100328347, -6.662702289498940722, 21.92264413427927039 ) ) ;
#1723 = AXIS2_PLACEMENT_3D ( 'NONE', #3071, #4476, #2735 ) ;
#1724 = VERTEX_POINT ( 'NONE', #2399 ) ;
#1725 = CARTESIAN_POINT ( 'NONE',  ( 1.173778631699628150, -8.862702289499370778, 18.38281730157249783 ) ) ;
#1726 = CARTESIAN_POINT ( 'NONE',  ( -6.065551073586579503E-16, -12.51560220463055906, 24.03999999999999915 ) ) ;
#1727 = CARTESIAN_POINT ( 'NONE',  ( 12.56404222313096142, -4.896035622831192313, 22.85523710407606757 ) ) ;
#1728 = EDGE_CURVE ( 'NONE', #1266, #3951, #1594, .T. ) ;
#1729 = ORIENTED_EDGE ( 'NONE', *, *, #468, .F. ) ;
#1730 = DIRECTION ( 'NONE',  ( -1.000000000000000000, 0.000000000000000000, 0.000000000000000000 ) ) ;
#1731 = DIRECTION ( 'NONE',  ( 0.000000000000000000, -1.000000000000000000, 0.000000000000000000 ) ) ;
#1732 = LINE ( 'NONE', #3507, #671 ) ;
#1733 = CARTESIAN_POINT ( 'NONE',  ( 18.02102987542631141, -6.996035622831266565, 17.92733108558054056 ) ) ;
#1734 = ADVANCED_FACE ( 'NONE', ( #1620 ), #254, .T. ) ;
#1735 = CARTESIAN_POINT ( 'NONE',  ( 10.90134267630839915, 0.5539643771691570295, 6.442943115463879877 ) ) ;
#1736 = ORIENTED_EDGE ( 'NONE', *, *, #138, .T. ) ;
#1737 = CARTESIAN_POINT ( 'NONE',  ( 12.11500000000000021, -9.955602204630560337, 24.03999999999999915 ) ) ;
#1738 = DIRECTION ( 'NONE',  ( 1.000000000000000000, 0.000000000000000000, -1.427144654353157974E-16 ) ) ;
#1739 = DIRECTION ( 'NONE',  ( 0.000000000000000000, 0.000000000000000000, 1.000000000000000000 ) ) ;
#1740 = EDGE_CURVE ( 'NONE', #3455, #793, #2059, .T. ) ;
#1741 = LINE ( 'NONE', #2767, #2371 ) ;
#1742 = CARTESIAN_POINT ( 'NONE',  ( 14.36497551405423856, 6.944397795369440018, 18.83619804213210003 ) ) ;
#1743 = CARTESIAN_POINT ( 'NONE',  ( 1.493217497144943895, -8.112702289498770369, 6.757811377275560361 ) ) ;
#1744 = CARTESIAN_POINT ( 'NONE',  ( 6.530463024747670708, 2.003964377169155320, 19.31223995204380728 ) ) ;
#1745 = ORIENTED_EDGE ( 'NONE', *, *, #4353, .T. ) ;
#1746 = CARTESIAN_POINT ( 'NONE',  ( 14.14610259887269805, 0.8872977105012439525, 7.911077348990829705 ) ) ;
#1747 = CARTESIAN_POINT ( 'NONE',  ( 7.884999999999999787, -12.51560220463055906, 2.322088829909565030E-15 ) ) ;
#1748 = CARTESIAN_POINT ( 'NONE',  ( 17.09301398881553169, 2.437297710501178827, 15.21005095356787962 ) ) ;
#1749 = ORIENTED_EDGE ( 'NONE', *, *, #4181, .T. ) ;
#1750 = CARTESIAN_POINT ( 'NONE',  ( 20.00000000000000000, -49.45560220463060119, 1.500000000000000000 ) ) ;
#1751 = LINE ( 'NONE', #680, #1351 ) ;
#1752 = CARTESIAN_POINT ( 'NONE',  ( 3.234340472228133923, -3.312702289499439345, 8.095870374585716789 ) ) ;
#1753 = CARTESIAN_POINT ( 'NONE',  ( 0.9150000000401080635, -15.63225098456195283, 26.59999999999999787 ) ) ;
#1754 = CARTESIAN_POINT ( 'NONE',  ( 16.51272927126113288, 0.7539643771673710804, 14.15627029703228068 ) ) ;
#1755 = FACE_OUTER_BOUND ( 'NONE', #144, .T. ) ;
#1756 = ADVANCED_FACE ( 'NONE', ( #4457 ), #296, .F. ) ;
#1757 = CARTESIAN_POINT ( 'NONE',  ( 6.629952246788540116, 7.744397795369440729, 18.93679004332689786 ) ) ;
#1758 = ORIENTED_EDGE ( 'NONE', *, *, #3770, .F. ) ;
#1759 = LINE ( 'NONE', #3474, #4198 ) ;
#1760 = ADVANCED_FACE ( 'NONE', ( #3742 ), #3079, .F. ) ;
#1761 = LINE ( 'NONE', #3151, #907 ) ;
#1762 = FACE_OUTER_BOUND ( 'NONE', #921, .T. ) ;
#1763 = CARTESIAN_POINT ( 'NONE',  ( 1.881678577042285028, -4.196035622831810308, 8.616593573469090828 ) ) ;
#1764 = CARTESIAN_POINT ( 'NONE',  ( 10.73562816636531814, 5.587297710500771508, 18.94847914090756547 ) ) ;
#1765 = AXIS2_PLACEMENT_3D ( 'NONE', #3853, #1385, #3439 ) ;
#1766 = PRESENTATION_LAYER_ASSIGNMENT (  '', '', ( #3659 ) ) ;
#1767 = ORIENTED_EDGE ( 'NONE', *, *, #309, .F. ) ;
#1768 = CARTESIAN_POINT ( 'NONE',  ( 4.242232221758385435, 3.303964377168394861, 14.84350069752930068 ) ) ;
#1769 = CARTESIAN_POINT ( 'NONE',  ( 12.20353412626086964, -0.8960356228310545346, 21.51377435534956817 ) ) ;
#1770 = AXIS2_PLACEMENT_3D ( 'NONE', #4059, #1985, #2274 ) ;
#1771 = ORIENTED_EDGE ( 'NONE', *, *, #2874, .F. ) ;
#1772 = CARTESIAN_POINT ( 'NONE',  ( 10.00000000000000000, -9.529368956165059856, 24.02902698495494960 ) ) ;
#1773 = LINE ( 'NONE', #3093, #3394 ) ;
#1774 = CARTESIAN_POINT ( 'NONE',  ( 12.15128776695264889, -2.562702289499083186, 5.309335716268797078 ) ) ;
#1775 = DIRECTION ( 'NONE',  ( 0.000000000000000000, -1.000000000000000000, 0.000000000000000000 ) ) ;
#1776 = CARTESIAN_POINT ( 'NONE',  ( 5.682871393906061996, -0.7460356228321781691, 7.676309371708569529 ) ) ;
#1777 = CARTESIAN_POINT ( 'NONE',  ( 6.977691140870129871, 6.944397795369440018, 15.49740047818159994 ) ) ;
#1778 = CARTESIAN_POINT ( 'NONE',  ( 10.63090841017650057, 6.387297710500770442, 18.14847914090625025 ) ) ;
#1779 = ORIENTED_EDGE ( 'NONE', *, *, #1579, .T. ) ;
#1780 = CARTESIAN_POINT ( 'NONE',  ( 5.090592619987119427, -7.862702289498429309, 4.774647413285350694 ) ) ;
#1781 =( NAMED_UNIT ( * ) PLANE_ANGLE_UNIT ( ) SI_UNIT ( $, .RADIAN. ) );
#1782 = ADVANCED_FACE ( 'NONE', ( #3792 ), #4039, .T. ) ;
#1783 = AXIS2_PLACEMENT_3D ( 'NONE', #483, #3587, #3653 ) ;
#1784 = CYLINDRICAL_SURFACE ( 'NONE', #3241, 1.000000000000000888 ) ;
#1785 = AXIS2_PLACEMENT_3D ( 'NONE', #247, #4007, #2273 ) ;
#1786 = AXIS2_PLACEMENT_3D ( 'NONE', #679, #286, #3850 ) ;
#1787 = FACE_OUTER_BOUND ( 'NONE', #1690, .T. ) ;
#1788 = CARTESIAN_POINT ( 'NONE',  ( 8.625000000000000000, 9.344397795369440374, 6.914900151451889521 ) ) ;
#1789 = CARTESIAN_POINT ( 'NONE',  ( 1.493217497144943895, -8.112702289498770369, 6.757811377275560361 ) ) ;
#1790 = VECTOR ( 'NONE', #4271, 1000.000000000000000 ) ;
#1791 = EDGE_LOOP ( 'NONE', ( #3, #1261, #3920, #3970 ) ) ;
#1792 = CARTESIAN_POINT ( 'NONE',  ( 6.933358208715008963, 2.803964377169160027, 18.61321084122370451 ) ) ;
#1793 = AXIS2_PLACEMENT_3D ( 'NONE', #3505, #704, #4142 ) ;
#1794 = ADVANCED_FACE ( 'NONE', ( #990 ), #4411, .T. ) ;
#1795 = ORIENTED_EDGE ( 'NONE', *, *, #4368, .T. ) ;
#1796 = ORIENTED_EDGE ( 'NONE', *, *, #4220, .T. ) ;
#1797 = CARTESIAN_POINT ( 'NONE',  ( 14.56258753687109042, -5.062702289498938413, 21.22361502353029650 ) ) ;
#1798 = DIRECTION ( 'NONE',  ( 0.000000000000000000, -1.000000000000000000, 0.000000000000000000 ) ) ;
#1799 = CARTESIAN_POINT ( 'NONE',  ( 4.242232221758188260, 2.503964377168390154, 14.84350069752968082 ) ) ;
#1800 = CARTESIAN_POINT ( 'NONE',  ( 16.33058321734955243, -7.112702289496950492, 5.068564872530270549 ) ) ;
#1801 = CARTESIAN_POINT ( 'NONE',  ( 11.43027157313692044, 4.637297710502349624, 7.992261214160770955 ) ) ;
#1802 = VERTEX_POINT ( 'NONE', #626 ) ;
#1803 = FACE_OUTER_BOUND ( 'NONE', #1625, .T. ) ;
#1804 = DIRECTION ( 'NONE',  ( 0.000000000000000000, 0.000000000000000000, -1.000000000000000000 ) ) ;
#1805 = ADVANCED_FACE ( 'NONE', ( #2302 ), #2379, .F. ) ;
#1806 = CARTESIAN_POINT ( 'NONE',  ( 7.344708172808370072, 7.744397795369440729, 9.004429570773009317 ) ) ;
#1807 = CARTESIAN_POINT ( 'NONE',  ( 14.38555517178711973, 2.053964377167664779, 19.01272935132269737 ) ) ;
#1808 = CARTESIAN_POINT ( 'NONE',  ( 10.91591767250738343, 1.587297710501561321, 20.32578959297075016 ) ) ;
#1809 = EDGE_LOOP ( 'NONE', ( #3617, #653, #4408, #2884 ) ) ;
#1810 = ADVANCED_FACE ( 'NONE', ( #1645 ), #3721, .F. ) ;
#1811 = CARTESIAN_POINT ( 'NONE',  ( 17.89003972440129786, -2.446035622832780199, 14.33655981410129954 ) ) ;
#1812 = CARTESIAN_POINT ( 'NONE',  ( 7.884999999999999787, -12.51560220463055906, 26.59999999999999787 ) ) ;
#1813 = ORIENTED_EDGE ( 'NONE', *, *, #3119, .T. ) ;
#1814 = ORIENTED_EDGE ( 'NONE', *, *, #1955, .F. ) ;
#1815 = EDGE_CURVE ( 'NONE', #1413, #3048, #3381, .T. ) ;
#1816 = CARTESIAN_POINT ( 'NONE',  ( 18.99676134530554705, -5.562702289498857589, 15.72166883968361084 ) ) ;
#1817 = DIRECTION ( 'NONE',  ( 0.000000000000000000, 0.000000000000000000, 1.000000000000000000 ) ) ;
#1818 = CARTESIAN_POINT ( 'NONE',  ( 18.54914004253009807, -2.696035622831720158, 11.00633884953909991 ) ) ;
#1819 = DIRECTION ( 'NONE',  ( 0.000000000000000000, 0.000000000000000000, 1.000000000000000000 ) ) ;
#1820 = VERTEX_POINT ( 'NONE', #3008 ) ;
#1821 = CARTESIAN_POINT ( 'NONE',  ( 12.15128776695264001, -3.362702289499085229, 5.309335716268789973 ) ) ;
#1822 = DIRECTION ( 'NONE',  ( 0.1005920011948163995, 0.000000000000000000, -0.9949277608427770092 ) ) ;
#1823 = CARTESIAN_POINT ( 'NONE',  ( 20.00000000000000000, -12.51560220463055906, 2.560000000000000053 ) ) ;
#1824 = DIRECTION ( 'NONE',  ( 0.000000000000000000, -1.000000000000000000, 0.000000000000000000 ) ) ;
#1825 = CARTESIAN_POINT ( 'NONE',  ( 15.86621454502365047, 5.303964377168409960, 11.72735504289875941 ) ) ;
#1826 = CARTESIAN_POINT ( 'NONE',  ( 8.180076070618181205, 1.837297710500710890, 20.05764830156623901 ) ) ;
#1827 = VERTEX_POINT ( 'NONE', #1284 ) ;
#1828 = CARTESIAN_POINT ( 'NONE',  ( 6.277108211701460050, 2.887297710501124826, 18.13822790028335064 ) ) ;
#1829 = CLOSED_SHELL ( 'NONE', ( #4045, #1084, #196, #183, #2596, #2642, #2472, #1168, #2173, #579, #4029, #696, #2033, #115, #3039, #3621, #499, #275 ) ) ;
#1830 = DIRECTION ( 'NONE',  ( 0.000000000000000000, -1.000000000000000000, 0.000000000000000000 ) ) ;
#1831 = EDGE_CURVE ( 'NONE', #2261, #3471, #830, .T. ) ;
#1832 = ORIENTED_EDGE ( 'NONE', *, *, #2620, .T. ) ;
#1833 = AXIS2_PLACEMENT_3D ( 'NONE', #828, #1513, #1817 ) ;
#1834 = ORIENTED_EDGE ( 'NONE', *, *, #1974, .F. ) ;
#1835 = CARTESIAN_POINT ( 'NONE',  ( 4.836449772906806999, -3.146035622830678058, 6.574919870549245537 ) ) ;
#1836 = PLANE ( 'NONE',  #227 ) ;
#1837 = AXIS2_PLACEMENT_3D ( 'NONE', #1991, #2259, #4437 ) ;
#1838 = CARTESIAN_POINT ( 'NONE',  ( 0.5639171138910169523, -4.612702289498350261, 14.53142432752926005 ) ) ;
#1839 = VECTOR ( 'NONE', #4431, 1000.000000000000000 ) ;
#1840 = CARTESIAN_POINT ( 'NONE',  ( 14.84743962246411897, 7.744397795369440729, 11.88408012000510006 ) ) ;
#1841 = ORIENTED_EDGE ( 'NONE', *, *, #2117, .T. ) ;
#1842 = CARTESIAN_POINT ( 'NONE',  ( 9.098657323691600851, 0.3872977105007160414, 6.385555180419450139 ) ) ;
#1843 = FACE_OUTER_BOUND ( 'NONE', #342, .T. ) ;
#1844 = CARTESIAN_POINT ( 'NONE',  ( 3.737843348178185199, -9.112702289498038510, 21.44239640423985094 ) ) ;
#1845 = PLANE ( 'NONE',  #2804 ) ;
#1846 = CARTESIAN_POINT ( 'NONE',  ( 11.84302602954023875, 2.303964377168860267, 20.17231160663590117 ) ) ;
#1847 = CARTESIAN_POINT ( 'NONE',  ( 14.50999650493715976, -3.196035622831040257, 5.482547358612269939 ) ) ;
#1848 = VECTOR ( 'NONE', #1960, 1000.000000000000000 ) ;
#1850 = AXIS2_PLACEMENT_3D ( 'NONE', #3711, #1678, #2113 ) ;
#1849 = CARTESIAN_POINT ( 'NONE',  ( 11.37500000000000000, 9.344397795369440374, 17.63726584382374796 ) ) ;
#1851 = ORIENTED_EDGE ( 'NONE', *, *, #2591, .F. ) ;
#1852 = DIRECTION ( 'NONE',  ( 0.000000000000000000, 0.000000000000000000, -1.000000000000000000 ) ) ;
#1853 = CARTESIAN_POINT ( 'NONE',  ( 8.625000000000000000, 16.54439779536944854, 17.63726584382374796 ) ) ;
#1854 = VECTOR ( 'NONE', #1201, 1000.000000000000000 ) ;
#1855 = VERTEX_POINT ( 'NONE', #1989 ) ;
#1856 = VERTEX_POINT ( 'NONE', #2016 ) ;
#1857 = CIRCLE ( 'NONE', #405, 4.000000000000000000 ) ;
#1858 = CARTESIAN_POINT ( 'NONE',  ( 9.008512565152946294, -0.6460356228328615336, 20.84571211103465060 ) ) ;
#1859 = CARTESIAN_POINT ( 'NONE',  ( 10.00000000000000000, 7.744397795369440729, 5.250000000000000000 ) ) ;
#1860 = EDGE_CURVE ( 'NONE', #3461, #2855, #3406, .T. ) ;
#1861 = UNCERTAINTY_MEASURE_WITH_UNIT (LENGTH_MEASURE( 1.000000000000000082E-05 ), #3515, 'distance_accuracy_value', 'NONE');
#1862 = CARTESIAN_POINT ( 'NONE',  ( 17.31272927126115135, 1.553964377167375011, 14.26099005183499990 ) ) ;
#1863 = CARTESIAN_POINT ( 'NONE',  ( 12.11500000000000021, -12.51560220463055906, 2.560000000000000053 ) ) ;
#1864 = VERTEX_POINT ( 'NONE', #3056 ) ;
#1865 = EDGE_CURVE ( 'NONE', #871, #4067, #2830, .T. ) ;
#1866 = CARTESIAN_POINT ( 'NONE',  ( 16.31383584760434857, 1.637297710501175008, 15.00065264577975022 ) ) ;
#1867 = CARTESIAN_POINT ( 'NONE',  ( 10.00000000000000000, 9.344397795369440374, 13.29999999999999893 ) ) ;
#1868 = B_SPLINE_CURVE_WITH_KNOTS ( 'NONE', 3,
 ( #178, #2185, #2962, #840, #1844, #1502, #1479, #816, #3240, #114, #2232, #3942, #2893, #4288, #3627, #1160, #500, #2008, #3051, #931, #4401, #3765, #4377, #3332, #3737, #2319, #3073, #3352, #643, #2738, #547, #2034, #2344, #1961, #592, #2372, #2643, #291, #3375, #1250, #1685, #4477, #908, #1343, #223, #202, #3695, #4452, #884, #2272, #1319, #271, #1590, #2712, #3421, #1613, #3670, #3716, #1940, #2981, #2689, #246, #4104, #3002, #1983, #1638, #570, #4030, #2298, #3401, #1660, #1277, #2667, #3030, #4057, #981, #4429, #1300, #4079, #954, #617, #1735, #4127, #2120, #2, #1368, #3786, #341, #3144, #3443, #662, #2461, #3876, #1098, #2806, #1438, #2782, #314, #48, #709, #1006, #411, #4504, #2480, #3837, #3122, #1711, #24, #385, #1389, #3809, #3470, #68, #3511, #1801, #3100, #2760, #2077, #361, #1456, #3857, #729, #4172, #3192, #4148, #1052, #2394, #2439, #1778, #3170 ),
 .UNSPECIFIED., .F., .F.,
 ( 4, 2, 2, 2, 2, 2, 2, 2, 2, 2, 2, 2, 2, 2, 2, 2, 2, 2, 2, 2, 2, 2, 2, 2, 2, 2, 2, 2, 2, 2, 2, 2, 2, 2, 2, 2, 2, 2, 2, 2, 2, 2, 2, 2, 2, 2, 2, 2, 2, 2, 2, 2, 2, 2, 2, 2, 2, 2, 2, 2, 2, 2, 2, 2, 4 ),
 ( 0.000000000000000000, 0.01562500000000000000, 0.03125000000000000000, 0.04687500000000000000, 0.06250000000000000000, 0.07812500000000000000, 0.09375000000000000000, 0.1093750000000000000, 0.1250000000000000000, 0.1406250000000000000, 0.1562500000000000000, 0.1718750000000000000, 0.1875000000000000000, 0.2031250000000000000, 0.2187500000000000000, 0.2343750000000000000, 0.2500000000000000000, 0.2656250000000000000, 0.2812500000000000000, 0.2968750000000000000, 0.3125000000000000000, 0.3281250000000000000, 0.3437500000000000000, 0.3593750000000000000, 0.3750000000000000000, 0.3906250000000000000, 0.4062500000000000000, 0.4218750000000000000, 0.4375000000000000000, 0.4531250000000000000, 0.4687500000000000000, 0.4843750000000000000, 0.5000000000000000000, 0.5156250000000000000, 0.5312500000000000000, 0.5468750000000000000, 0.5625000000000000000, 0.5781250000000000000, 0.5937500000000000000, 0.6093750000000000000, 0.6250000000000000000, 0.6406250000000000000, 0.6562500000000000000, 0.6718750000000000000, 0.6875000000000000000, 0.7031250000000000000, 0.7187500000000000000, 0.7343750000000000000, 0.7500000000000000000, 0.7656250000000000000, 0.7812500000000000000, 0.7968750000000000000, 0.8125000000000000000, 0.8281250000000000000, 0.8437500000000000000, 0.8593750000000000000, 0.8750000000000000000, 0.8906250000000000000, 0.9062500000000000000, 0.9218750000000000000, 0.9375000000000000000, 0.9531250000000000000, 0.9687500000000000000, 0.9843750000000000000, 1.000000000000000000 ),
 .UNSPECIFIED. ) ;
#1869 = EDGE_CURVE ( 'NONE', #767, #4017, #779, .T. ) ;
#1870 = DIRECTION ( 'NONE',  ( 0.000000000000000000, -1.000000000000000000, 0.000000000000000000 ) ) ;
#1871 = CARTESIAN_POINT ( 'NONE',  ( 10.00000000000000000, 6.470631043834940144, 18.91978517232030299 ) ) ;
#1872 = CARTESIAN_POINT ( 'NONE',  ( 14.27184303457879899, -1.862702289499070130, 20.71916900783164905 ) ) ;
#1873 = LINE ( 'NONE', #820, #322 ) ;
#1874 = ORIENTED_EDGE ( 'NONE', *, *, #3482, .F. ) ;
#1875 = CYLINDRICAL_SURFACE ( 'NONE', #3825, 1.000000000000000888 ) ;
#1876 = CARTESIAN_POINT ( 'NONE',  ( 20.00000000000000000, -9.955602204630560337, 26.59999999999999787 ) ) ;
#1877 = CARTESIAN_POINT ( 'NONE',  ( 18.92351291580965267, -7.662702289498584562, 8.161107357430614329 ) ) ;
#1878 = ORIENTED_EDGE ( 'NONE', *, *, #1122, .F. ) ;
#1879 = ORIENTED_EDGE ( 'NONE', *, *, #4088, .T. ) ;
#1880 = CARTESIAN_POINT ( 'NONE',  ( 4.100961996405849241, -0.1460356228318025196, 17.82873401134379066 ) ) ;
#1881 = CARTESIAN_POINT ( 'NONE',  ( 4.240000000040110351, -15.63225098456195283, 26.59999999999999787 ) ) ;
#1882 = CARTESIAN_POINT ( 'NONE',  ( 17.72003778944459995, -2.862702289498405328, 8.854747043797228656 ) ) ;
#1883 = EDGE_CURVE ( 'NONE', #3849, #943, #1102, .T. ) ;
#1884 = CARTESIAN_POINT ( 'NONE',  ( 10.00000000000000000, 7.744397795369440729, 13.29999999999999893 ) ) ;
#1885 = EDGE_LOOP ( 'NONE', ( #1290, #895, #2975, #4510 ) ) ;
#1886 = CARTESIAN_POINT ( 'NONE',  ( 5.546078835960079445, -5.196035622831820078, 21.02016109391905019 ) ) ;
#1887 = DIRECTION ( 'NONE',  ( 0.000000000000000000, 0.000000000000000000, 1.000000000000000000 ) ) ;
#1888 = EDGE_CURVE ( 'NONE', #4515, #3838, #38, .T. ) ;
#1889 = CARTESIAN_POINT ( 'NONE',  ( 20.00000000000000000, -9.955602204630560337, 0.000000000000000000 ) ) ;
#1890 = CARTESIAN_POINT ( 'NONE',  ( 14.48996033732877109, 14.25302864427760952, 12.54055712661028466 ) ) ;
#1891 = CARTESIAN_POINT ( 'NONE',  ( 17.95608775215849917, -6.112702289499130082, 19.41897781207555340 ) ) ;
#1892 = FACE_OUTER_BOUND ( 'NONE', #988, .T. ) ;
#1893 = ORIENTED_EDGE ( 'NONE', *, *, #3425, .F. ) ;
#1894 = LINE ( 'NONE', #3315, #2652 ) ;
#1895 = DIRECTION ( 'NONE',  ( 0.000000000000000000, 0.000000000000000000, -1.000000000000000000 ) ) ;
#1896 = CARTESIAN_POINT ( 'NONE',  ( 4.784204011046440996, 2.337297710501476722, 16.30189824240862961 ) ) ;
#1897 = ORIENTED_EDGE ( 'NONE', *, *, #533, .F. ) ;
#1898 = ORIENTED_EDGE ( 'NONE', *, *, #216, .T. ) ;
#1899 = CARTESIAN_POINT ( 'NONE',  ( 9.098657323691588417, 1.187297710500717862, 6.385555180419446586 ) ) ;
#1900 = LINE ( 'NONE', #2198, #4382 ) ;
#1901 = CARTESIAN_POINT ( 'NONE',  ( 8.903792810277670000, -1.446035622832863909, 21.64571211103464776 ) ) ;
#1902 = AXIS2_PLACEMENT_3D ( 'NONE', #2886, #2863, #770 ) ;
#1903 = CARTESIAN_POINT ( 'NONE',  ( 20.00000000000000000, -12.51560220463055906, 24.03999999999999915 ) ) ;
#1904 = CARTESIAN_POINT ( 'NONE',  ( 10.00000000000000000, 7.744397795369440729, 5.250000000000000000 ) ) ;
#1905 = CIRCLE ( 'NONE', #1837, 1.000000000000000888 ) ;
#1906 = ORIENTED_EDGE ( 'NONE', *, *, #1115, .T. ) ;
#1907 = CARTESIAN_POINT ( 'NONE',  ( 3.015432777983495072, -0.3627022894980045375, 11.41909330578956094 ) ) ;
#1908 = CARTESIAN_POINT ( 'NONE',  ( 7.884999999999999787, -12.51560220463055906, 24.03999999999999915 ) ) ;
#1909 = VECTOR ( 'NONE', #4151, 1000.000000000000000 ) ;
#1910 = DIRECTION ( 'NONE',  ( 0.000000000000000000, 1.000000000000000000, 0.000000000000000000 ) ) ;
#1911 = CARTESIAN_POINT ( 'NONE',  ( -2.099999999999998757, -46.89560220463062024, 36.89999999999998437 ) ) ;
#1912 = DIRECTION ( 'NONE',  ( -0.9615349643490423981, 0.000000000000000000, 0.2746825664913698506 ) ) ;
#1913 = CARTESIAN_POINT ( 'NONE',  ( 1.941227567137124854, -0.6127022894982419032, 14.35113481042822059 ) ) ;
#1914 = EDGE_CURVE ( 'NONE', #3252, #2134, #3495, .T. ) ;
#1915 = FACE_OUTER_BOUND ( 'NONE', #1791, .T. ) ;
#1916 = ORIENTED_EDGE ( 'NONE', *, *, #924, .T. ) ;
#1917 = CARTESIAN_POINT ( 'NONE',  ( 16.46000000004010033, -37.43225098456194644, 26.59999999999999787 ) ) ;
#1918 = CARTESIAN_POINT ( 'NONE',  ( 10.00000000000000000, 7.844397795369440374, 17.85000000000000142 ) ) ;
#1919 = CARTESIAN_POINT ( 'NONE',  ( 10.81119791773804018, 1.587297710501561321, 19.52578959297235883 ) ) ;
#1920 = EDGE_CURVE ( 'NONE', #76, #1580, #3107, .T. ) ;
#1921 = VECTOR ( 'NONE', #2758, 1000.000000000000000 ) ;
#1922 = AXIS2_PLACEMENT_3D ( 'NONE', #2236, #2555, #505 ) ;
#1923 = ORIENTED_EDGE ( 'NONE', *, *, #2060, .T. ) ;
#1924 = ORIENTED_EDGE ( 'NONE', *, *, #4307, .F. ) ;
#1925 = CARTESIAN_POINT ( 'NONE',  ( 6.529293014917466387, 4.853964377168322741, 8.777698873021540393 ) ) ;
#1926 = FILL_AREA_STYLE ('',( #4092 ) ) ;
#1927 = AXIS2_PLACEMENT_3D ( 'NONE', #524, #1870, #2894 ) ;
#1928 = ADVANCED_FACE ( 'NONE', ( #2146 ), #1784, .T. ) ;
#1929 = VECTOR ( 'NONE', #2293, 1000.000000000000000 ) ;
#1930 = CARTESIAN_POINT ( 'NONE',  ( 0.6782034505639257249, -7.396035622832695999, 7.922953887092679892 ) ) ;
#1931 = ORIENTED_EDGE ( 'NONE', *, *, #2246, .T. ) ;
#1932 = CIRCLE ( 'NONE', #3245, 4.549999999999998934 ) ;
#1933 = AXIS2_PLACEMENT_3D ( 'NONE', #2572, #3984, #1159 ) ;
#1934 = CARTESIAN_POINT ( 'NONE',  ( 11.37500000000000000, 9.344397795369440374, 8.962734156176269451 ) ) ;
#1935 = CARTESIAN_POINT ( 'NONE',  ( 12.11500000000000021, -12.51560220463055906, 26.59999999999999787 ) ) ;
#1936 = VERTEX_POINT ( 'NONE', #2105 ) ;
#1937 = CARTESIAN_POINT ( 'NONE',  ( 17.55112225545058990, -7.746035622833169931, 7.501633556960890736 ) ) ;
#1938 = DIRECTION ( 'NONE',  ( 0.000000000000000000, -1.000000000000000000, 0.000000000000000000 ) ) ;
#1939 = CIRCLE ( 'NONE', #321, 1.674999999999999378 ) ;
#1940 = CARTESIAN_POINT ( 'NONE',  ( 17.65529859646660071, -2.362702289498625152, 15.36116074269459908 ) ) ;
#1941 = CARTESIAN_POINT ( 'NONE',  ( 12.11500000000000021, -12.51560220463055906, 2.560000000000000053 ) ) ;
#1942 = DIRECTION ( 'NONE',  ( 0.000000000000000000, 0.000000000000000000, 1.000000000000000000 ) ) ;
#1943 = CARTESIAN_POINT ( 'NONE',  ( 5.836823338237709713, -1.196035622831743916, 20.51571507830239938 ) ) ;
#1944 = ADVANCED_FACE ( 'NONE', ( #713 ), #2420, .F. ) ;
#1945 = LINE ( 'NONE', #3990, #3675 ) ;
#1946 = ORIENTED_EDGE ( 'NONE', *, *, #494, .T. ) ;
#1947 = CYLINDRICAL_SURFACE ( 'NONE', #3323, 2.000000000000000000 ) ;
#1948 = FACE_OUTER_BOUND ( 'NONE', #3271, .T. ) ;
#1949 = CARTESIAN_POINT ( 'NONE',  ( 12.72119417154572218, -8.162702289499028652, 3.188694826293508644 ) ) ;
#1950 = VERTEX_POINT ( 'NONE', #365 ) ;
#1951 = ORIENTED_EDGE ( 'NONE', *, *, #882, .F. ) ;
#1952 = CARTESIAN_POINT ( 'NONE',  ( 2.798615502167077107, 0.3539643771681184048, 12.35358494442567512 ) ) ;
#1953 = CARTESIAN_POINT ( 'NONE',  ( 15.86621454502365047, 5.303964377168409960, 11.72735504289875941 ) ) ;
#1954 = ORIENTED_EDGE ( 'NONE', *, *, #941, .F. ) ;
#1955 = EDGE_CURVE ( 'NONE', #1304, #802, #834, .T. ) ;
#1956 = CARTESIAN_POINT ( 'NONE',  ( 10.00000000000000000, 6.944397795369440018, 13.29999999999999893 ) ) ;
#1957 = CARTESIAN_POINT ( 'NONE',  ( 5.463247943876243795, 14.40551665021878414, 13.69308017721112058 ) ) ;
#1958 = ORIENTED_EDGE ( 'NONE', *, *, #2226, .T. ) ;
#1959 = CARTESIAN_POINT ( 'NONE',  ( 18.22448380506527243, -7.662702289498584562, 8.564002541573499272 ) ) ;
#1960 = DIRECTION ( 'NONE',  ( 0.000000000000000000, -1.000000000000000000, 0.000000000000000000 ) ) ;
#1961 = CARTESIAN_POINT ( 'NONE',  ( 8.828223048143270191, -5.446035622831289835, 22.22302256407835230 ) ) ;
#1962 = LINE ( 'NONE', #932, #4328 ) ;
#1963 = LINE ( 'NONE', #572, #2791 ) ;
#1964 = CARTESIAN_POINT ( 'NONE',  ( 16.31310873358825120, 1.803964377168694844, 16.94294689688905109 ) ) ;
#1965 = ORIENTED_EDGE ( 'NONE', *, *, #1244, .T. ) ;
#1966 = DIRECTION ( 'NONE',  ( 0.9671486153053837631, 0.000000000000000000, -0.2542116360690024335 ) ) ;
#1967 = EDGE_LOOP ( 'NONE', ( #2339, #4132, #1583, #3161 ) ) ;
#1968 = DIRECTION ( 'NONE',  ( 0.000000000000000000, -1.000000000000000000, 0.000000000000000000 ) ) ;
#1969 = CARTESIAN_POINT ( 'NONE',  ( 12.11500000000000021, -9.955602204630560337, 1.804063233870234612E-15 ) ) ;
#1970 = CARTESIAN_POINT ( 'NONE',  ( 12.56404222313096142, -6.496035622831197287, 22.85523710407606757 ) ) ;
#1971 = EDGE_LOOP ( 'NONE', ( #2415, #2003, #4365, #374 ) ) ;
#1972 = CARTESIAN_POINT ( 'NONE',  ( 0.3325072803731820570, -8.362702289497430996, 10.69807711184130028 ) ) ;
#1973 = CARTESIAN_POINT ( 'NONE',  ( 4.562618024072100376, 3.053964377168745248, 17.47394976652200071 ) ) ;
#1974 = EDGE_CURVE ( 'NONE', #2629, #3810, #1761, .T. ) ;
#1975 = ORIENTED_EDGE ( 'NONE', *, *, #2897, .F. ) ;
#1976 = FACE_OUTER_BOUND ( 'NONE', #1510, .T. ) ;
#1977 = FACE_OUTER_BOUND ( 'NONE', #3368, .T. ) ;
#1978 = ORIENTED_EDGE ( 'NONE', *, *, #608, .F. ) ;
#1979 = CARTESIAN_POINT ( 'NONE',  ( 2.132950970953714886, -8.912702289498774633, 7.249448753365256515 ) ) ;
#1980 = AXIS2_PLACEMENT_3D ( 'NONE', #2137, #3189, #2823 ) ;
#1981 = CARTESIAN_POINT ( 'NONE',  ( 12.11500000000000021, -9.955602204630560337, 24.03999999999999915 ) ) ;
#1982 = ADVANCED_FACE ( 'NONE', ( #3545 ), #29, .F. ) ;
#1983 = CARTESIAN_POINT ( 'NONE',  ( 10.99148743484706081, -1.612702289497265129, 20.90310004624050322 ) ) ;
#1984 = CARTESIAN_POINT ( 'NONE',  ( -1.948795174129779644E-15, 12.94439779536943824, 11.79999999999999893 ) ) ;
#1985 = DIRECTION ( 'NONE',  ( 0.000000000000000000, 1.000000000000000000, 0.000000000000000000 ) ) ;
#1986 = CARTESIAN_POINT ( 'NONE',  ( 15.98807672662974966, 1.053964377168625788, 8.702839423015879206 ) ) ;
#1987 = VECTOR ( 'NONE', #2976, 1000.000000000000000 ) ;
#1988 = ORIENTED_EDGE ( 'NONE', *, *, #3844, .F. ) ;
#1989 = CARTESIAN_POINT ( 'NONE',  ( 7.884999999999999787, -9.955602204630560337, 26.59999999999999787 ) ) ;
#1990 = ORIENTED_EDGE ( 'NONE', *, *, #1728, .F. ) ;
#1991 = CARTESIAN_POINT ( 'NONE',  ( 14.36497551405423856, 7.744397795369440729, 18.83619804213210003 ) ) ;
#1992 = CARTESIAN_POINT ( 'NONE',  ( 17.20767729377378075, 0.5039643771687162266, 11.36684694632211823 ) ) ;
#1993 = ORIENTED_EDGE ( 'NONE', *, *, #3770, .T. ) ;
#1994 = ORIENTED_EDGE ( 'NONE', *, *, #1428, .T. ) ;
#1995 = CARTESIAN_POINT ( 'NONE',  ( 13.04749617461869882, 6.853964377168421329, 17.27160637628167805 ) ) ;
#1996 = CARTESIAN_POINT ( 'NONE',  ( 9.174227086164108869, 4.387297710500544845, 6.962865633682389976 ) ) ;
#1997 = EDGE_LOOP ( 'NONE', ( #3741, #4423, #3060, #4123 ) ) ;
#1998 = DIRECTION ( 'NONE',  ( 0.000000000000000000, 0.000000000000000000, -1.000000000000000000 ) ) ;
#1999 = CIRCLE ( 'NONE', #545, 1.499999999999999556 ) ;
#2000 = ADVANCED_FACE ( 'NONE', ( #52 ), #2123, .F. ) ;
#2001 = CARTESIAN_POINT ( 'NONE',  ( 5.677898437473233528, 13.43036554083322187, 11.87749607955007569 ) ) ;
#2002 = VECTOR ( 'NONE', #3906, 1000.000000000000000 ) ;
#2003 = ORIENTED_EDGE ( 'NONE', *, *, #3956, .T. ) ;
#2004 = CARTESIAN_POINT ( 'NONE',  ( 13.17530816402467941, 2.137297710501009806, 18.81666477055960129 ) ) ;
#2005 = DIRECTION ( 'NONE',  ( 0.000000000000000000, 0.000000000000000000, -1.000000000000000000 ) ) ;
#2006 = VECTOR ( 'NONE', #3541, 1000.000000000000000 ) ;
#2007 = AXIS2_PLACEMENT_3D ( 'NONE', #4053, #4025, #1565 ) ;
#2008 = CARTESIAN_POINT ( 'NONE',  ( 11.26192171033765987, -7.446035622832200218, 3.688322209202529844 ) ) ;
#2009 = VECTOR ( 'NONE', #1204, 1000.000000000000000 ) ;
#2010 = FACE_BOUND ( 'NONE', #2924, .T. ) ;
#2011 = CARTESIAN_POINT ( 'NONE',  ( 11.68814321188623850, 7.744397795369440729, 8.750217934704009437 ) ) ;
#2012 = CARTESIAN_POINT ( 'NONE',  ( 15.10963360752325002, 5.803964377167670108, 16.24930721028430014 ) ) ;
#2013 =( BOUNDED_CURVE ( )  B_SPLINE_CURVE ( 3, ( #501, #1911, #3305, #841 ),
 .UNSPECIFIED., .F., .T. ) 
 B_SPLINE_CURVE_WITH_KNOTS ( ( 4, 4 ),
 ( 3.141592653589795336, 6.283185307179590673 ),
 .UNSPECIFIED. ) 
 CURVE ( )  GEOMETRIC_REPRESENTATION_ITEM ( )  RATIONAL_B_SPLINE_CURVE ( ( 1.000000000000000000, 0.3333333333333335369, 0.3333333333333335369, 1.000000000000000000 ) ) 
 REPRESENTATION_ITEM ( '' )  );
#2014 = ORIENTED_EDGE ( 'NONE', *, *, #1869, .F. ) ;
#2015 = EDGE_CURVE ( 'NONE', #3899, #3455, #1741, .T. ) ;
#2016 = CARTESIAN_POINT ( 'NONE',  ( 12.11500000000000021, -12.51560220463055906, 1.804063233870234612E-15 ) ) ;
#2017 = CARTESIAN_POINT ( 'NONE',  ( 12.11500000000000021, -12.51560220463055906, 1.804063233870234612E-15 ) ) ;
#2018 = CARTESIAN_POINT ( 'NONE',  ( 8.723503293205489229, -5.446035622831289835, 23.02302256407834946 ) ) ;
#2019 = CARTESIAN_POINT ( 'NONE',  ( 18.54914004253009807, -3.496035622831720424, 11.00633884953911235 ) ) ;
#2020 = ORIENTED_EDGE ( 'NONE', *, *, #3462, .F. ) ;
#2021 = EDGE_LOOP ( 'NONE', ( #2674, #387 ) ) ;
#2022 = CARTESIAN_POINT ( 'NONE',  ( 18.02102987542745183, -6.196035622831270295, 17.92733108557940369 ) ) ;
#2023 = CARTESIAN_POINT ( 'NONE',  ( 5.541614040341885428, 11.74299250577020004, 12.38007651075940352 ) ) ;
#2024 = CARTESIAN_POINT ( 'NONE',  ( 12.88456366124674091, 6.137297710500510206, 18.31221875499005236 ) ) ;
#2025 = MANIFOLD_SOLID_BREP ( 'NONE', #3070 ) ;
#2026 = ORIENTED_EDGE ( 'NONE', *, *, #3089, .T. ) ;
#2027 = CARTESIAN_POINT ( 'NONE',  ( 20.00000000000000000, -9.955602204630560337, 24.03999999999999915 ) ) ;
#2028 = CARTESIAN_POINT ( 'NONE',  ( 5.704362678251340135, 12.94439779536943824, 11.79999999999999893 ) ) ;
#2029 = CARTESIAN_POINT ( 'NONE',  ( 3.463054080567363080, 4.103964377168398237, 15.05289900536389958 ) ) ;
#2030 = ORIENTED_EDGE ( 'NONE', *, *, #3322, .F. ) ;
#2031 = CARTESIAN_POINT ( 'NONE',  ( 12.51179586390954768, -8.162702289499028652, 3.967872967567143583 ) ) ;
#2032 = DIRECTION ( 'NONE',  ( 0.000000000000000000, 1.000000000000000000, 0.000000000000000000 ) ) ;
#2033 = ADVANCED_FACE ( 'NONE', ( #4006 ), #2811, .T. ) ;
#2034 = CARTESIAN_POINT ( 'NONE',  ( 12.35464391547899865, -5.696035622831189471, 22.07605896280700009 ) ) ;
#2035 = CARTESIAN_POINT ( 'NONE',  ( 11.35000000000000142, 6.944397795369440018, 10.03668437742000030 ) ) ;
#2036 = DIRECTION ( 'NONE',  ( 0.000000000000000000, 0.000000000000000000, -1.000000000000000000 ) ) ;
#2037 = CARTESIAN_POINT ( 'NONE',  ( 6.530463024748070389, 2.803964377169160027, 19.31223995204459953 ) ) ;
#2038 = ADVANCED_FACE ( 'NONE', ( #3963 ), #134, .T. ) ;
#2039 = EDGE_LOOP ( 'NONE', ( #2407, #2917, #3756, #3040 ) ) ;
#2040 = DIRECTION ( 'NONE',  ( 0.000000000000000000, 1.000000000000000000, 0.000000000000000000 ) ) ;
#2041 = SURFACE_STYLE_FILL_AREA ( #668 ) ;
#2042 = CARTESIAN_POINT ( 'NONE',  ( 18.74742765945335066, -2.612702289497349728, 12.15872043100500122 ) ) ;
#2043 = CARTESIAN_POINT ( 'NONE',  ( 0.7801285830886601769, -5.496035622832375012, 15.77391519890936067 ) ) ;
#2044 = EDGE_CURVE ( 'NONE', #1112, #631, #3280, .T. ) ;
#2045 = ORIENTED_EDGE ( 'NONE', *, *, #3124, .F. ) ;
#2046 = CARTESIAN_POINT ( 'NONE',  ( 8.738078289662340126, -7.612702289497930153, 3.630934274046225152 ) ) ;
#2047 = CARTESIAN_POINT ( 'NONE',  ( 11.00606243113835347, 1.353964377169160294, 5.642943115463876502 ) ) ;
#2048 = ORIENTED_EDGE ( 'NONE', *, *, #494, .F. ) ;
#2049 = LINE ( 'NONE', #3802, #3169 ) ;
#2050 = CARTESIAN_POINT ( 'NONE',  ( 7.344708172808370072, 7.744397795369440729, 9.004429570773009317 ) ) ;
#2051 = CARTESIAN_POINT ( 'NONE',  ( 9.174227086163741163, 5.187297710500542003, 6.962865633682391753 ) ) ;
#2052 = CARTESIAN_POINT ( 'NONE',  ( 10.00000000000000000, 6.844397795369439486, 16.85000000000000142 ) ) ;
#2053 = CARTESIAN_POINT ( 'NONE',  ( 15.34834325292377066, 0.2539643771686246332, 9.194476799213123996 ) ) ;
#2054 = CARTESIAN_POINT ( 'NONE',  ( 15.20363619132389843, -7.196035622830799561, 4.279072232160590517 ) ) ;
#2055 = CARTESIAN_POINT ( 'NONE',  ( 11.68814321188623850, 7.744397795369440729, 8.750217934704009437 ) ) ;
#2056 = LINE ( 'NONE', #316, #3611 ) ;
#2057 = LINE ( 'NONE', #1714, #384 ) ;
#2058 = CARTESIAN_POINT ( 'NONE',  ( 5.785470835461010708, 2.887297710501124826, 18.77796137394489762 ) ) ;
#2059 = LINE ( 'NONE', #3427, #2805 ) ;
#2060 = EDGE_CURVE ( 'NONE', #4468, #4515, #4489, .T. ) ;
#2061 = DIRECTION ( 'NONE',  ( 0.000000000000000000, 1.000000000000000000, 0.000000000000000000 ) ) ;
#2062 = VECTOR ( 'NONE', #4232, 1000.000000000000000 ) ;
#2063 = CARTESIAN_POINT ( 'NONE',  ( 5.381337122224760350, -3.862702289497940367, 5.279093429024440454 ) ) ;
#2064 = CARTESIAN_POINT ( 'NONE',  ( 17.08946622799783910, -3.746035622831625833, 7.856417801979446836 ) ) ;
#2065 = ORIENTED_EDGE ( 'NONE', *, *, #728, .F. ) ;
#2066 = EDGE_CURVE ( 'NONE', #123, #4017, #1200, .T. ) ;
#2067 = CARTESIAN_POINT ( 'NONE',  ( 2.377253758107114479, -4.862702289497749852, 17.68917761528139820 ) ) ;
#2068 = CARTESIAN_POINT ( 'NONE',  ( 4.939049214411610933, -0.3127022894983185752, 19.87935087541621471 ) ) ;
#2069 = EDGE_LOOP ( 'NONE', ( #1110, #1149, #3171, #1607 ) ) ;
#2070 = DIRECTION ( 'NONE',  ( -1.000000000000000000, 0.000000000000000000, 0.000000000000000000 ) ) ;
#2071 = FACE_OUTER_BOUND ( 'NONE', #424, .T. ) ;
#2072 = DIRECTION ( 'NONE',  ( 0.000000000000000000, -1.000000000000000000, 0.000000000000000000 ) ) ;
#2073 = CARTESIAN_POINT ( 'NONE',  ( 12.35464391547897911, -6.496035622831197287, 22.07605896280699653 ) ) ;
#2074 = DIRECTION ( 'NONE',  ( 0.7071067811865474617, 0.000000000000000000, 0.7071067811865474617 ) ) ;
#2075 = CIRCLE ( 'NONE', #539, 4.549999999999998934 ) ;
#2076 = AXIS2_PLACEMENT_3D ( 'NONE', #574, #1966, #3357 ) ;
#2077 = CARTESIAN_POINT ( 'NONE',  ( 14.24695375163051914, 5.053964377168089328, 10.04089842015210010 ) ) ;
#2078 = ORIENTED_EDGE ( 'NONE', *, *, #2940, .T. ) ;
#2079 = LINE ( 'NONE', #1007, #1350 ) ;
#2080 = DIRECTION ( 'NONE',  ( 0.000000000000000000, 1.000000000000000000, 0.000000000000000000 ) ) ;
#2081 = DIRECTION ( 'NONE',  ( 0.000000000000000000, -1.000000000000000000, 0.000000000000000000 ) ) ;
#2082 = VECTOR ( 'NONE', #3402, 1000.000000000000000 ) ;
#2083 =( GEOMETRIC_REPRESENTATION_CONTEXT ( 3 ) GLOBAL_UNCERTAINTY_ASSIGNED_CONTEXT ( ( #4475 ) ) GLOBAL_UNIT_ASSIGNED_CONTEXT ( ( #1080, #734, #3986 ) ) REPRESENTATION_CONTEXT ( 'NONE', 'WORKASPACE' ) );
#2084 = AXIS2_PLACEMENT_3D ( 'NONE', #2122, #3445, #50 ) ;
#2086 = DIRECTION ( 'NONE',  ( 0.000000000000000000, 0.000000000000000000, -1.000000000000000000 ) ) ;
#2085 = AXIS2_PLACEMENT_3D ( 'NONE', #4215, #335, #287 ) ;
#2087 = CARTESIAN_POINT ( 'NONE',  ( 10.00000000000000000, 9.344397795369440374, 8.750000000000000000 ) ) ;
#2088 = CARTESIAN_POINT ( 'NONE',  ( 12.20353412626135992, -1.696035622831054912, 21.51377435534960014 ) ) ;
#2089 = CARTESIAN_POINT ( 'NONE',  ( 13.12271713195820233, 4.003964377167519295, 7.889497610982955322 ) ) ;
#2090 = ORIENTED_EDGE ( 'NONE', *, *, #189, .F. ) ;
#2091 = CARTESIAN_POINT ( 'NONE',  ( 15.61407962278135031, 1.803964377168694844, 16.54005171289384890 ) ) ;
#2092 = FACE_OUTER_BOUND ( 'NONE', #1157, .T. ) ;
#2093 = CARTESIAN_POINT ( 'NONE',  ( 17.31272927126113714, 2.353964377167373723, 14.26099005183455404 ) ) ;
#2094 = EDGE_LOOP ( 'NONE', ( #4046, #3720, #3614, #3266 ) ) ;
#2095 = CARTESIAN_POINT ( 'NONE',  ( 10.00000000000000000, 6.844397795369439486, 17.85000000000000142 ) ) ;
#2096 = CYLINDRICAL_SURFACE ( 'NONE', #113, 6.049999999999999822 ) ;
#2097 = CARTESIAN_POINT ( 'NONE',  ( 1.559306724349067474, -3.896035622832369594, 15.56451689124518190 ) ) ;
#2098 = DIRECTION ( 'NONE',  ( 0.000000000000000000, -1.000000000000000000, 0.000000000000000000 ) ) ;
#2099 = CARTESIAN_POINT ( 'NONE',  ( 17.02100867867729050, -3.662702289498405595, 9.257642227889110842 ) ) ;
#2100 = CARTESIAN_POINT ( 'NONE',  ( 19.89060279133824949, -6.696035622831550072, 10.64583075261156075 ) ) ;
#2101 = EDGE_CURVE ( 'NONE', #444, #972, #1543, .T. ) ;
#2102 = DIRECTION ( 'NONE',  ( 1.000000000000000000, 2.168404344971005318E-15, -4.336808689942005903E-15 ) ) ;
#2103 = ORIENTED_EDGE ( 'NONE', *, *, #585, .T. ) ;
#2104 = CARTESIAN_POINT ( 'NONE',  ( 11.26192171033765987, -7.446035622832200218, 3.688322209202529844 ) ) ;
#2105 = CARTESIAN_POINT ( 'NONE',  ( 14.81000000004009998, -37.43225098456194644, 24.03999999999999915 ) ) ;
#2106 = FACE_OUTER_BOUND ( 'NONE', #3405, .T. ) ;
#2107 = CARTESIAN_POINT ( 'NONE',  ( 5.143183651834359438, -5.196035622831820078, 21.71919020467334605 ) ) ;
#2108 = CARTESIAN_POINT ( 'NONE',  ( 4.797386001494816199, 3.087297710501547776, 9.297076240754231335 ) ) ;
#2109 = ORIENTED_EDGE ( 'NONE', *, *, #423, .F. ) ;
#2110 = CARTESIAN_POINT ( 'NONE',  ( 6.477871992719370198, 0.1372977105018309829, 7.181597666204819319 ) ) ;
#2111 = CARTESIAN_POINT ( 'NONE',  ( 8.813648051728868893, -2.812702289497483132, 4.208244727240058936 ) ) ;
#2112 = EDGE_LOOP ( 'NONE', ( #2954, #2141, #2547, #3431, #3550, #3975, #3205, #1993, #1958, #3106, #4394, #1003 ) ) ;
#2113 = DIRECTION ( 'NONE',  ( 0.000000000000000000, 0.000000000000000000, -1.000000000000000000 ) ) ;
#2114 = DIRECTION ( 'NONE',  ( 0.000000000000000000, 0.000000000000000000, -1.000000000000000000 ) ) ;
#2115 = CARTESIAN_POINT ( 'NONE',  ( 2.999572495164795960, -4.146035622831867329, 18.67515563245303767 ) ) ;
#2116 = CARTESIAN_POINT ( 'NONE',  ( 2.590000000040109551, -15.63225098456195283, 26.59999999999999787 ) ) ;
#2117 = EDGE_CURVE ( 'NONE', #191, #1405, #1570, .T. ) ;
#2118 = CARTESIAN_POINT ( 'NONE',  ( 14.74033941661778080, -2.746035622831521916, 19.47438537891106947 ) ) ;
#2119 = DIRECTION ( 'NONE',  ( 0.000000000000000000, 0.000000000000000000, -1.000000000000000000 ) ) ;
#2120 = CARTESIAN_POINT ( 'NONE',  ( 13.41346163449419926, 0.8039643771680750062, 7.385051595643751021 ) ) ;
#2121 = ORIENTED_EDGE ( 'NONE', *, *, #2358, .T. ) ;
#2122 = CARTESIAN_POINT ( 'NONE',  ( 10.00000000000000000, 7.844397795369440374, 13.29999999999999893 ) ) ;
#2123 = PLANE ( 'NONE',  #2941 ) ;
#2124 = DIRECTION ( 'NONE',  ( 0.000000000000000000, 0.000000000000000000, 1.000000000000000000 ) ) ;
#2125 = CARTESIAN_POINT ( 'NONE',  ( 3.695996499961454962, -0.1127022894979509970, 8.450654619704520698 ) ) ;
#2126 = CARTESIAN_POINT ( 'NONE',  ( 15.75155123970617232, 4.837297710502197035, 14.84954285687995856 ) ) ;
#2127 = CLOSED_SHELL ( 'NONE', ( #2282, #168, #862, #3351 ) ) ;
#2128 = STYLED_ITEM ( 'NONE', ( #4465 ), #442 ) ;
#2129 = VERTEX_POINT ( 'NONE', #4306 ) ;
#2130 = CARTESIAN_POINT ( 'NONE',  ( 2.798615502166965197, -0.4460356228318835270, 12.35358494442568045 ) ) ;
#2131 = SURFACE_STYLE_USAGE ( .BOTH. , #674 ) ;
#2132 = CARTESIAN_POINT ( 'NONE',  ( 18.74742765945334710, -1.812702289497347241, 12.15872043100497635 ) ) ;
#2133 = AXIS2_PLACEMENT_3D ( 'NONE', #1956, #1243, #1314 ) ;
#2134 = VERTEX_POINT ( 'NONE', #3605 ) ;
#2135 = DIRECTION ( 'NONE',  ( -1.000000000000000000, 0.000000000000000000, 0.000000000000000000 ) ) ;
#2136 = CARTESIAN_POINT ( 'NONE',  ( 11.17177695185672448, -4.812702289498827390, 22.28041049951419339 ) ) ;
#2137 = CARTESIAN_POINT ( 'NONE',  ( 10.00000000000000000, 16.54439779536944854, 13.29999999999999893 ) ) ;
#2138 = CARTESIAN_POINT ( 'NONE',  ( 10.72105315914276780, 3.753964377169324074, 7.820253568518324983 ) ) ;
#2139 = CARTESIAN_POINT ( 'NONE',  ( 8.633358534701459419, -7.612702289497930153, 2.830934274046225330 ) ) ;
#2140 = CARTESIAN_POINT ( 'NONE',  ( 13.02230885912986125, 7.744397795369440729, 15.49740047818159994 ) ) ;
#2141 = ORIENTED_EDGE ( 'NONE', *, *, #807, .T. ) ;
#2142 = DIRECTION ( 'NONE',  ( 0.000000000000000000, 0.000000000000000000, -1.000000000000000000 ) ) ;
#2143 = CARTESIAN_POINT ( 'NONE',  ( 14.81000000004009998, -37.43225098456194644, 26.59999999999999787 ) ) ;
#2144 = CIRCLE ( 'NONE', #4405, 1.500000000000000000 ) ;
#2145 = TOROIDAL_SURFACE ( 'NONE', #541, 3.000000000000000000, 1.000000000000000000 ) ;
#2146 = FACE_OUTER_BOUND ( 'NONE', #3015, .T. ) ;
#2147 = VECTOR ( 'NONE', #3129, 999.9999999999998863 ) ;
#2148 = MECHANICAL_DESIGN_GEOMETRIC_PRESENTATION_REPRESENTATION (  '', ( #2364 ), #2083 ) ;
#2149 = DIRECTION ( 'NONE',  ( 0.000000000000000000, -1.000000000000000000, 0.000000000000000000 ) ) ;
#2150 = CARTESIAN_POINT ( 'NONE',  ( 15.75330874929354863, 1.887297710502209958, 17.72613456975789958 ) ) ;
#2151 = CARTESIAN_POINT ( 'NONE',  ( 3.577717385725353694, 2.837297710502167281, 11.57020309480482823 ) ) ;
#2152 = ADVANCED_FACE ( 'NONE', ( #2933 ), #987, .F. ) ;
#2153 = AXIS2_PLACEMENT_3D ( 'NONE', #953, #4102, #930 ) ;
#2154 = ORIENTED_EDGE ( 'NONE', *, *, #3973, .F. ) ;
#2155 = CARTESIAN_POINT ( 'NONE',  ( 6.239718522303819626, -1.196035622831743916, 19.81668596752270162 ) ) ;
#2156 =( LENGTH_UNIT ( ) NAMED_UNIT ( * ) SI_UNIT ( .MILLI., .METRE. ) );
#2157 = VECTOR ( 'NONE', #2918, 1000.000000000000000 ) ;
#2158 = CARTESIAN_POINT ( 'NONE',  ( 4.562618024072292222, 3.853964377168743294, 17.47394976652199006 ) ) ;
#2159 =( BOUNDED_CURVE ( )  B_SPLINE_CURVE ( 3, ( #2751, #1380, #399, #3433 ),
 .UNSPECIFIED., .F., .T. ) 
 B_SPLINE_CURVE_WITH_KNOTS ( ( 4, 4 ),
 ( 3.141592653589795336, 6.283185307179590673 ),
 .UNSPECIFIED. ) 
 CURVE ( )  GEOMETRIC_REPRESENTATION_ITEM ( )  RATIONAL_B_SPLINE_CURVE ( ( 1.000000000000000000, 0.3333333333333335369, 0.3333333333333335369, 1.000000000000000000 ) ) 
 REPRESENTATION_ITEM ( '' )  );
#2160 = ORIENTED_EDGE ( 'NONE', *, *, #4181, .F. ) ;
#2161 = ORIENTED_EDGE ( 'NONE', *, *, #2226, .F. ) ;
#2162 = CARTESIAN_POINT ( 'NONE',  ( 16.44973275423208747, -2.146035622831624856, 8.348055178114480057 ) ) ;
#2163 = LINE ( 'NONE', #2589, #2919 ) ;
#2164 = CARTESIAN_POINT ( 'NONE',  ( 13.81635681851656017, 0.8039643771680750062, 6.686022484847799596 ) ) ;
#2165 = DIRECTION ( 'NONE',  ( -0.9615349643490423981, 0.000000000000000000, -0.2746825664913698506 ) ) ;
#2166 = EDGE_LOOP ( 'NONE', ( #4325, #3499 ) ) ;
#2167 = CARTESIAN_POINT ( 'NONE',  ( 16.44973275423210168, -2.946035622831630008, 8.348055178114218933 ) ) ;
#2168 = LINE ( 'NONE', #3813, #3835 ) ;
#2169 = DIRECTION ( 'NONE',  ( 1.000000000000000000, 0.000000000000000000, 0.000000000000000000 ) ) ;
#2170 = DIRECTION ( 'NONE',  ( 1.000000000000000000, 0.000000000000000000, 0.000000000000000000 ) ) ;
#2171 = CARTESIAN_POINT ( 'NONE',  ( 16.51656266302684983, 1.137297710501152137, 9.548386730308310533 ) ) ;
#2172 = CARTESIAN_POINT ( 'NONE',  ( 3.498390775636265104, -7.946035622831349343, 4.833796895505650504 ) ) ;
#2173 = ADVANCED_FACE ( 'NONE', ( #1229 ), #1520, .T. ) ;
#2174 = EDGE_LOOP ( 'NONE', ( #2387, #2784, #2728, #1466 ) ) ;
#2175 = CARTESIAN_POINT ( 'NONE',  ( 2.741227567137130006, -0.6127022894982419032, 14.24641505557432097 ) ) ;
#2176 = DIRECTION ( 'NONE',  ( 0.000000000000000000, 0.000000000000000000, 1.000000000000000000 ) ) ;
#2177 = VERTEX_POINT ( 'NONE', #2550 ) ;
#2178 = CARTESIAN_POINT ( 'NONE',  ( 1.421305049095544115, -3.646035622831767409, 12.17329542739601500 ) ) ;
#2179 = DIRECTION ( 'NONE',  ( -1.427144654353157974E-16, 0.000000000000000000, -1.000000000000000000 ) ) ;
#2180 = CARTESIAN_POINT ( 'NONE',  ( 16.51656266302684983, 1.137297710501152137, 9.548386730308310533 ) ) ;
#2181 = CARTESIAN_POINT ( 'NONE',  ( 13.13072952008952043, 7.744397795369440729, 14.93409348710981988 ) ) ;
#2182 = ORIENTED_EDGE ( 'NONE', *, *, #3156, .T. ) ;
#2183 = CARTESIAN_POINT ( 'NONE',  ( 2.741227567137130006, -0.6127022894982419032, 14.24641505557432097 ) ) ;
#2184 = DIRECTION ( 'NONE',  ( 0.000000000000000000, -1.000000000000000000, 0.000000000000000000 ) ) ;
#2185 = CARTESIAN_POINT ( 'NONE',  ( 8.647933525780610253, -9.446035622834498824, 23.60033301696584829 ) ) ;
#2186 = DIRECTION ( 'NONE',  ( 0.000000000000000000, 1.000000000000000000, 0.000000000000000000 ) ) ;
#2187 = CARTESIAN_POINT ( 'NONE',  ( 3.463054080567369741, 3.303964377168394861, 15.05289900536469894 ) ) ;
#2188 = CARTESIAN_POINT ( 'NONE',  ( 8.723503293205489229, -5.446035622831289835, 23.02302256407834946 ) ) ;
#2189 = ADVANCED_FACE ( 'NONE', ( #1181 ), #4354, .F. ) ;
#2190 = DIRECTION ( 'NONE',  ( 0.000000000000000000, 0.000000000000000000, -1.000000000000000000 ) ) ;
#2191 = ORIENTED_EDGE ( 'NONE', *, *, #3985, .T. ) ;
#2192 = CARTESIAN_POINT ( 'NONE',  ( 11.27311962503896225, 6.303964377169370081, 18.05167071670829770 ) ) ;
#2193 = AXIS2_PLACEMENT_3D ( 'NONE', #2116, #3466, #3531 ) ;
#2194 = ORIENTED_EDGE ( 'NONE', *, *, #2484, .F. ) ;
#2195 = AXIS2_PLACEMENT_3D ( 'NONE', #1747, #13, #1402 ) ;
#2196 = ORIENTED_EDGE ( 'NONE', *, *, #1185, .F. ) ;
#2197 = CARTESIAN_POINT ( 'NONE',  ( 13.86894785050441925, -1.062702289499067643, 20.02013989705468688 ) ) ;
#2198 = CARTESIAN_POINT ( 'NONE',  ( 6.869270479910480454, 7.744397795369440729, 14.93409348710981988 ) ) ;
#2199 = AXIS2_PLACEMENT_3D ( 'NONE', #983, #1371, #4130 ) ;
#2200 = CARTESIAN_POINT ( 'NONE',  ( 2.359839021379340096, -4.946035622831869816, 19.16679300856609913 ) ) ;
#2201 = EDGE_CURVE ( 'NONE', #3679, #2902, #1868, .T. ) ;
#2202 = CARTESIAN_POINT ( 'NONE',  ( 5.152560377535870373, 7.744397795369440729, 11.88408012000510006 ) ) ;
#2203 = ORIENTED_EDGE ( 'NONE', *, *, #1888, .F. ) ;
#2204 = CARTESIAN_POINT ( 'NONE',  ( 17.89003972440129786, -2.446035622832780199, 14.33655981410129954 ) ) ;
#2205 = DIRECTION ( 'NONE',  ( 0.000000000000000000, 0.000000000000000000, -1.000000000000000000 ) ) ;
#2206 = FACE_OUTER_BOUND ( 'NONE', #3397, .T. ) ;
#2207 = CARTESIAN_POINT ( 'NONE',  ( 4.562618024072100376, 3.053964377168745248, 17.47394976652200071 ) ) ;
#2208 = CARTESIAN_POINT ( 'NONE',  ( 7.976719922119809070, 0.3039643771680420326, 5.756957018991729846 ) ) ;
#2209 = VECTOR ( 'NONE', #1182, 1000.000000000000000 ) ;
#2210 = LINE ( 'NONE', #2942, #1131 ) ;
#2211 = ORIENTED_EDGE ( 'NONE', *, *, #3729, .T. ) ;
#2212 = CARTESIAN_POINT ( 'NONE',  ( 10.00000000000000000, 6.470631043834940144, 18.11978517232029873 ) ) ;
#2213 = DIRECTION ( 'NONE',  ( 0.000000000000000000, 1.000000000000000000, 0.000000000000000000 ) ) ;
#2214 = CARTESIAN_POINT ( 'NONE',  ( 12.48166847742800378, 5.337297710500496173, 17.61318964410625654 ) ) ;
#2215 = CARTESIAN_POINT ( 'NONE',  ( 11.84302602954023342, 3.103964377168857869, 20.17231160663590828 ) ) ;
#2216 = AXIS2_PLACEMENT_3D ( 'NONE', #4225, #3516, #2485 ) ;
#2217 = EDGE_CURVE ( 'NONE', #2902, #1246, #1424, .T. ) ;
#2218 = VECTOR ( 'NONE', #2912, 1000.000000000000000 ) ;
#2219 = VERTEX_POINT ( 'NONE', #1757 ) ;
#2220 = AXIS2_PLACEMENT_3D ( 'NONE', #388, #70, #3194 ) ;
#2221 = ORIENTED_EDGE ( 'NONE', *, *, #3237, .T. ) ;
#2222 = CIRCLE ( 'NONE', #700, 3.531533498719034547 ) ;
#2223 = CARTESIAN_POINT ( 'NONE',  ( 6.277108211701076357, 3.687297710501127312, 18.13822790028335064 ) ) ;
#2224 = FACE_OUTER_BOUND ( 'NONE', #581, .T. ) ;
#2225 = CARTESIAN_POINT ( 'NONE',  ( 14.63773997506480029, 0.8872977105012439525, 7.271343875289590031 ) ) ;
#2226 = EDGE_CURVE ( 'NONE', #451, #2540, #1026, .T. ) ;
#2227 = CARTESIAN_POINT ( 'NONE',  ( 7.884999999999999787, -12.51560220463055906, 2.322088829909565030E-15 ) ) ;
#2228 = ORIENTED_EDGE ( 'NONE', *, *, #1883, .F. ) ;
#2229 = CARTESIAN_POINT ( 'NONE',  ( 11.79077967000289995, 0.6372977105017980648, 6.650798465177060415 ) ) ;
#2230 = LINE ( 'NONE', #4267, #47 ) ;
#2231 = EDGE_CURVE ( 'NONE', #4159, #2268, #4221, .T. ) ;
#2232 = CARTESIAN_POINT ( 'NONE',  ( 0.3325072803731820570, -8.362702289497430996, 10.69807711184130028 ) ) ;
#2233 = DIRECTION ( 'NONE',  ( 0.000000000000000000, 1.000000000000000000, 0.000000000000000000 ) ) ;
#2234 = CARTESIAN_POINT ( 'NONE',  ( 14.30992186907390540, 13.33862085131308817, 14.76061052069129964 ) ) ;
#2235 = CARTESIAN_POINT ( 'NONE',  ( 11.18635194827112045, -3.446035622832640311, 4.265632662325860025 ) ) ;
#2236 = CARTESIAN_POINT ( 'NONE',  ( 14.01723661997264081, 7.744397795369440729, 15.39680847698675059 ) ) ;
#2237 = EDGE_LOOP ( 'NONE', ( #195, #3418, #1463, #212, #2903, #3888, #3769, #4338, #998, #425, #352, #3571, #1832, #2602, #4108, #2326, #2679, #1931, #1169, #484, #1745, #207, #1779, #472 ) ) ;
#2238 = DIRECTION ( 'NONE',  ( 0.000000000000000000, 0.000000000000000000, -1.000000000000000000 ) ) ;
#2239 = CARTESIAN_POINT ( 'NONE',  ( -0.8133933392593569733, -9.412702289499668140, 14.71171384454525111 ) ) ;
#2240 = ORIENTED_EDGE ( 'NONE', *, *, #3156, .F. ) ;
#2241 = VERTEX_POINT ( 'NONE', #2140 ) ;
#2242 = CARTESIAN_POINT ( 'NONE',  ( 12.71982194806571087, 5.603964377167526045, 8.588526721834163880 ) ) ;
#2243 = PRESENTATION_STYLE_ASSIGNMENT (( #853 ) ) ;
#2244 = CARTESIAN_POINT ( 'NONE',  ( 5.191234017730270267, 0.05396437716782320759, 7.036575897987229489 ) ) ;
#2245 = CYLINDRICAL_SURFACE ( 'NONE', #1473, 1.649999999999999467 ) ;
#2246 = EDGE_CURVE ( 'NONE', #567, #851, #3538, .T. ) ;
#2247 = DIRECTION ( 'NONE',  ( 0.000000000000000000, 0.000000000000000000, -1.000000000000000000 ) ) ;
#2248 = VERTEX_POINT ( 'NONE', #1498 ) ;
#2249 = CARTESIAN_POINT ( 'NONE',  ( 15.34834325292335144, 1.053964377168625788, 9.194476799213118667 ) ) ;
#2250 = DIRECTION ( 'NONE',  ( 0.000000000000000000, 1.000000000000000000, 0.000000000000000000 ) ) ;
#2251 = DIRECTION ( 'NONE',  ( 0.000000000000000000, -1.000000000000000000, 0.000000000000000000 ) ) ;
#2252 = CARTESIAN_POINT ( 'NONE',  ( 7.884999999999999787, -9.955602204630560337, 2.322088829909565030E-15 ) ) ;
#2253 = CARTESIAN_POINT ( 'NONE',  ( 14.40775384386892632, 13.93458739726243678, 12.16887348201346342 ) ) ;
#2254 = CARTESIAN_POINT ( 'NONE',  ( 2.236254636753109981, -0.3627022894980045375, 11.20969499805180014 ) ) ;
#2255 = EDGE_CURVE ( 'NONE', #328, #123, #2889, .T. ) ;
#2256 = DIRECTION ( 'NONE',  ( 0.000000000000000000, 0.000000000000000000, 1.000000000000000000 ) ) ;
#2257 = VERTEX_POINT ( 'NONE', #2181 ) ;
#2258 = DIRECTION ( 'NONE',  ( 0.000000000000000000, 1.000000000000000000, 0.000000000000000000 ) ) ;
#2259 = DIRECTION ( 'NONE',  ( 0.000000000000000000, 1.000000000000000000, 0.000000000000000000 ) ) ;
#2260 = CARTESIAN_POINT ( 'NONE',  ( 14.61405842574260205, 4.337297710501461623, 10.64492160089348438 ) ) ;
#2261 = VERTEX_POINT ( 'NONE', #2504 ) ;
#2262 = CARTESIAN_POINT ( 'NONE',  ( 17.89003972440128010, -1.646035622832776157, 14.33655981410129243 ) ) ;
#2263 = CARTESIAN_POINT ( 'NONE',  ( 18.72005898617350894, -5.396035622831262479, 18.33022626971951041 ) ) ;
#2264 = ORIENTED_EDGE ( 'NONE', *, *, #1199, .T. ) ;
#2265 = FACE_OUTER_BOUND ( 'NONE', #319, .T. ) ;
#2266 = CARTESIAN_POINT ( 'NONE',  ( 5.463141505178886526, 14.40588293427649624, 12.90766663049020302 ) ) ;
#2267 = STYLED_ITEM ( 'NONE', ( #1109 ), #517 ) ;
#2268 = VERTEX_POINT ( 'NONE', #149 ) ;
#2269 = CARTESIAN_POINT ( 'NONE',  ( 4.242232221758385435, 3.303964377168394861, 14.84350069752930068 ) ) ;
#2270 = CARTESIAN_POINT ( 'NONE',  ( 13.53153349871904076, 7.744397795369440729, 13.29999999999999893 ) ) ;
#2271 = AXIS2_PLACEMENT_3D ( 'NONE', #1209, #933, #2321 ) ;
#2272 = CARTESIAN_POINT ( 'NONE',  ( 11.08163219336203831, -3.446035622832640311, 5.065632662325870506 ) ) ;
#2273 = DIRECTION ( 'NONE',  ( 0.000000000000000000, 0.000000000000000000, 1.000000000000000000 ) ) ;
#2274 = DIRECTION ( 'NONE',  ( 0.000000000000000000, 0.000000000000000000, 1.000000000000000000 ) ) ;
#2275 = CARTESIAN_POINT ( 'NONE',  ( 18.43447673771379769, -2.362702289498625152, 15.57055905039645083 ) ) ;
#2276 = EDGE_CURVE ( 'NONE', #2978, #3952, #3300, .T. ) ;
#2277 = DIRECTION ( 'NONE',  ( -1.000000000000000000, 0.000000000000000000, 0.000000000000000000 ) ) ;
#2278 = EDGE_LOOP ( 'NONE', ( #349, #1044, #3388, #1566, #2048, #108, #2717, #1878, #3928, #1897, #2922, #3026, #717, #2090, #2154, #1316, #3412, #3207, #4068, #3513, #2440, #236, #2835, #3624 ) ) ;
#2279 = DIRECTION ( 'NONE',  ( 0.000000000000000000, 1.000000000000000000, 0.000000000000000000 ) ) ;
#2280 = CARTESIAN_POINT ( 'NONE',  ( 10.00000000000000000, -9.529368956165059856, 24.42902698495500147 ) ) ;
#2281 = CARTESIAN_POINT ( 'NONE',  ( 0.4747495209609251532, -9.662702289499359054, 18.78571248573305041 ) ) ;
#2282 = ADVANCED_FACE ( 'NONE', ( #172 ), #3599, .F. ) ;
#2283 = VECTOR ( 'NONE', #2074, 1000.000000000000114 ) ;
#2284 = EDGE_LOOP ( 'NONE', ( #2264, #1978, #1771, #4060 ) ) ;
#2285 = CARTESIAN_POINT ( 'NONE',  ( 11.99413581855156963, -0.8960356228310545346, 20.73459621410848897 ) ) ;
#2286 = DIRECTION ( 'NONE',  ( 0.000000000000000000, 0.000000000000000000, -1.000000000000000000 ) ) ;
#2287 = AXIS2_PLACEMENT_3D ( 'NONE', #3031, #3003, #571 ) ;
#2288 = CIRCLE ( 'NONE', #3897, 1.650000000000000355 ) ;
#2289 = CARTESIAN_POINT ( 'NONE',  ( 3.375925955237600196, 3.553964377168465028, 12.42915470681984047 ) ) ;
#2290 = EDGE_LOOP ( 'NONE', ( #1439, #1331, #506, #821, #2366, #1238, #174, #1400 ) ) ;
#2291 = VECTOR ( 'NONE', #4075, 1000.000000000000000 ) ;
#2292 = DIRECTION ( 'NONE',  ( 1.000000000000000000, 0.000000000000000000, 0.000000000000000000 ) ) ;
#2293 = DIRECTION ( 'NONE',  ( 0.000000000000000000, 1.000000000000000000, 0.000000000000000000 ) ) ;
#2294 = EDGE_LOOP ( 'NONE', ( #2880, #1010, #2794, #430 ) ) ;
#2295 = CARTESIAN_POINT ( 'NONE',  ( 9.278946840856869827, 4.387297710500544845, 7.762865633682390687 ) ) ;
#2296 = CARTESIAN_POINT ( 'NONE',  ( 7.344708172808370072, 6.944397795369440018, 9.004429570773009317 ) ) ;
#2297 = AXIS2_PLACEMENT_3D ( 'NONE', #991, #627, #298 ) ;
#2298 = CARTESIAN_POINT ( 'NONE',  ( 5.430686590570229733, -1.112702289498320063, 19.23961740167989731 ) ) ;
#2299 = LINE ( 'NONE', #1984, #4114 ) ;
#2300 = PLANE ( 'NONE',  #4021 ) ;
#2301 = CARTESIAN_POINT ( 'NONE',  ( -6.065551073586579503E-16, -9.955602204630560337, 26.59999999999999787 ) ) ;
#2302 = FACE_OUTER_BOUND ( 'NONE', #4073, .T. ) ;
#2303 = ORIENTED_EDGE ( 'NONE', *, *, #4444, .T. ) ;
#2304 = EDGE_CURVE ( 'NONE', #3222, #3991, #766, .T. ) ;
#2305 = LINE ( 'NONE', #4014, #1180 ) ;
#2306 = CARTESIAN_POINT ( 'NONE',  ( 8.993937568860745913, -0.4127022894992860014, 5.585555180419436994 ) ) ;
#2307 = ORIENTED_EDGE ( 'NONE', *, *, #2699, .F. ) ;
#2308 = VERTEX_POINT ( 'NONE', #495 ) ;
#2309 = ADVANCED_FACE ( 'NONE', ( #3936 ), #811, .F. ) ;
#2310 = CARTESIAN_POINT ( 'NONE',  ( 14.01218577410834065, 6.687297710501455050, 16.38807557244532731 ) ) ;
#2311 = SURFACE_STYLE_FILL_AREA ( #1926 ) ;
#2312 = CARTESIAN_POINT ( 'NONE',  ( 11.48251793300503998, 6.303964377169370081, 18.83084885784255036 ) ) ;
#2313 = ORIENTED_EDGE ( 'NONE', *, *, #2766, .F. ) ;
#2314 = DIRECTION ( 'NONE',  ( 0.000000000000000000, -1.000000000000000000, 0.000000000000000000 ) ) ;
#2315 = CARTESIAN_POINT ( 'NONE',  ( 10.00000000000000000, 6.844397795369439486, 16.85000000000000142 ) ) ;
#2316 = ORIENTED_EDGE ( 'NONE', *, *, #2304, .T. ) ;
#2317 = CARTESIAN_POINT ( 'NONE',  ( 0.04399459592876517333, -9.246035622830454770, 11.99300591042559638 ) ) ;
#2318 = DIRECTION ( 'NONE',  ( 1.000000000000000000, 0.000000000000000000, 0.000000000000000000 ) ) ;
#2319 = CARTESIAN_POINT ( 'NONE',  ( 19.26735017743794742, -6.446035622831690404, 14.51684933110242071 ) ) ;
#2320 = CARTESIAN_POINT ( 'NONE',  ( 12.11500000000000021, -12.51560220463055906, 2.560000000000000053 ) ) ;
#2321 = DIRECTION ( 'NONE',  ( 0.000000000000000000, 0.000000000000000000, -1.000000000000000000 ) ) ;
#2322 = CARTESIAN_POINT ( 'NONE',  ( 15.93541881824484996, 5.553964377168689737, 14.08070053447130121 ) ) ;
#2323 =( BOUNDED_SURFACE ( )  B_SPLINE_SURFACE ( 3, 1, ( 
 ( #1548, #1691 ),
 ( #4133, #2695 ),
 ( #1012, #2325 ),
 ( #4435, #2985 ) ),
 .UNSPECIFIED., .F., .F., .T. ) 
 B_SPLINE_SURFACE_WITH_KNOTS ( ( 4, 4 ),
 ( 2, 2 ),
 ( 0.000000000000000000, 1.000000000000000000 ),
 ( 0.000000000000000000, 1.000000000000000000 ),
 .UNSPECIFIED. ) 
 GEOMETRIC_REPRESENTATION_ITEM ( )  RATIONAL_B_SPLINE_SURFACE ( (
 ( 1.000000000000000000, 1.000000000000000000),
 ( 0.3333333333333335369, 0.3333333333333335369),
 ( 0.3333333333333335369, 0.3333333333333335369),
 ( 1.000000000000000000, 1.000000000000000000) ) ) 
 REPRESENTATION_ITEM ( '' )  SURFACE ( )  );
#2324 = ORIENTED_EDGE ( 'NONE', *, *, #2358, .F. ) ;
#2325 = CARTESIAN_POINT ( 'NONE',  ( 22.09999999999999432, -12.51560220463056794, -10.29999999999998472 ) ) ;
#2326 = ORIENTED_EDGE ( 'NONE', *, *, #3946, .T. ) ;
#2327 = LINE ( 'NONE', #599, #4120 ) ;
#2328 = FACE_OUTER_BOUND ( 'NONE', #2949, .T. ) ;
#2329 = CARTESIAN_POINT ( 'NONE',  ( 19.77593948657869660, -7.162702289498859898, 15.93106714732649287 ) ) ;
#2330 = EDGE_CURVE ( 'NONE', #1032, #4294, #3559, .T. ) ;
#2331 = EDGE_LOOP ( 'NONE', ( #2867, #1767, #2860, #1507 ) ) ;
#2332 = ORIENTED_EDGE ( 'NONE', *, *, #1530, .T. ) ;
#2333 = CARTESIAN_POINT ( 'NONE',  ( 11.17177695185671915, -5.612702289498840535, 22.28041049951419694 ) ) ;
#2334 = CARTESIAN_POINT ( 'NONE',  ( 5.704362678251340135, 12.94439779536943824, 11.79999999999999893 ) ) ;
#2335 = CARTESIAN_POINT ( 'NONE',  ( 4.288628829458245306, 3.803964377167705191, 10.00387294638412072 ) ) ;
#2336 = ORIENTED_EDGE ( 'NONE', *, *, #675, .T. ) ;
#2337 = DIRECTION ( 'NONE',  ( -0.000000000000000000, 1.000000000000000000, 0.000000000000000000 ) ) ;
#2338 = FACE_BOUND ( 'NONE', #1475, .T. ) ;
#2339 = ORIENTED_EDGE ( 'NONE', *, *, #3973, .T. ) ;
#2340 = CARTESIAN_POINT ( 'NONE',  ( 7.307950087598890754, -10.16270228949869292, 23.30285840677042231 ) ) ;
#2341 = DIRECTION ( 'NONE',  ( 1.000000000000000000, 0.000000000000000000, 0.000000000000000000 ) ) ;
#2342 = EDGE_CURVE ( 'NONE', #3952, #2497, #1561, .T. ) ;
#2343 = CIRCLE ( 'NONE', #4467, 0.9999999999999991118 ) ;
#2344 = CARTESIAN_POINT ( 'NONE',  ( 11.17177695185671915, -5.612702289498840535, 22.28041049951419694 ) ) ;
#2345 = DIRECTION ( 'NONE',  ( 0.000000000000000000, 1.000000000000000000, 0.000000000000000000 ) ) ;
#2346 = DIRECTION ( 'NONE',  ( 0.000000000000000000, 0.000000000000000000, -1.000000000000000000 ) ) ;
#2347 = CARTESIAN_POINT ( 'NONE',  ( 8.337228018775620697, 4.303964377168590261, 7.098419767767900623 ) ) ;
#2348 = VECTOR ( 'NONE', #892, 1000.000000000000000 ) ;
#2349 = ORIENTED_EDGE ( 'NONE', *, *, #4128, .F. ) ;
#2350 = DIRECTION ( 'NONE',  ( 1.000000000000000000, 0.000000000000000000, 0.000000000000000000 ) ) ;
#2351 = CARTESIAN_POINT ( 'NONE',  ( 12.11500000000000021, -9.955602204630560337, 1.804063233870234612E-15 ) ) ;
#2352 = LINE ( 'NONE', #508, #1618 ) ;
#2353 = CARTESIAN_POINT ( 'NONE',  ( 0.6213050490957430227, -5.246035622831771938, 12.06857567247126717 ) ) ;
#2354 = VERTEX_POINT ( 'NONE', #1863 ) ;
#2355 = EDGE_LOOP ( 'NONE', ( #3212, #2121, #2426, #69 ) ) ;
#2356 = CARTESIAN_POINT ( 'NONE',  ( 12.35464391547899865, -5.696035622831189471, 22.07605896280700009 ) ) ;
#2357 = DIRECTION ( 'NONE',  ( -1.000000000000000000, 0.000000000000000000, 0.000000000000000000 ) ) ;
#2358 = EDGE_CURVE ( 'NONE', #1360, #1802, #3919, .T. ) ;
#2359 = CARTESIAN_POINT ( 'NONE',  ( 11.63966988102894007, 4.637297710502349624, 7.213083072994099787 ) ) ;
#2360 = CIRCLE ( 'NONE', #1270, 1.000000000000000888 ) ;
#2361 = CYLINDRICAL_SURFACE ( 'NONE', #3088, 1.649999999999998579 ) ;
#2362 = CIRCLE ( 'NONE', #2939, 3.550000000000001155 ) ;
#2363 = CARTESIAN_POINT ( 'NONE',  ( 7.884999999999999787, -12.51560220463055906, 24.03999999999999915 ) ) ;
#2364 = STYLED_ITEM ( 'NONE', ( #3128 ), #2025 ) ;
#2365 = CARTESIAN_POINT ( 'NONE',  ( 15.99280675297568166, 6.187297710501191261, 12.51929946552936634 ) ) ;
#2366 = ORIENTED_EDGE ( 'NONE', *, *, #4263, .T. ) ;
#2367 = ADVANCED_FACE ( 'NONE', ( #3257 ), #129, .F. ) ;
#2368 = CARTESIAN_POINT ( 'NONE',  ( 7.171511679237700498, 4.137297710501290027, 8.385072792654980844 ) ) ;
#2369 = CARTESIAN_POINT ( 'NONE',  ( 20.00000000000000000, -12.51560220463055906, 24.03999999999999915 ) ) ;
#2370 = CIRCLE ( 'NONE', #258, 6.049999999999999822 ) ;
#2371 = VECTOR ( 'NONE', #2086, 1000.000000000000000 ) ;
#2372 = CARTESIAN_POINT ( 'NONE',  ( 5.546078835960079445, -5.196035622831820078, 21.02016109391905019 ) ) ;
#2373 = ADVANCED_FACE ( 'NONE', ( #1474 ), #774, .F. ) ;
#2374 = CIRCLE ( 'NONE', #1492, 1.000000000000000888 ) ;
#2375 = CYLINDRICAL_SURFACE ( 'NONE', #2657, 4.549999999999999822 ) ;
#2376 = CARTESIAN_POINT ( 'NONE',  ( 11.37500000000000000, 12.94439779536943824, 13.29999999999999893 ) ) ;
#2377 = CARTESIAN_POINT ( 'NONE',  ( 14.65191924766917886, 5.887297710501449899, 16.87971294878265027 ) ) ;
#2378 = ORIENTED_EDGE ( 'NONE', *, *, #2845, .T. ) ;
#2379 = PLANE ( 'NONE',  #2076 ) ;
#2380 = CARTESIAN_POINT ( 'NONE',  ( 12.11500000000000021, -12.51560220463055906, 1.804063233870234612E-15 ) ) ;
#2381 = CARTESIAN_POINT ( 'NONE',  ( 18.69003972440129857, -2.446035622832780199, 14.44127956899500020 ) ) ;
#2382 = CARTESIAN_POINT ( 'NONE',  ( 3.695996499961677006, -0.9127022894979518464, 8.450654619704964787 ) ) ;
#2383 = VERTEX_POINT ( 'NONE', #2907 ) ;
#2384 = CARTESIAN_POINT ( 'NONE',  ( 14.99252422001905849, -3.112702289498494590, 6.809687847634640079 ) ) ;
#2385 = CARTESIAN_POINT ( 'NONE',  ( 20.00000000000000000, -12.51560220463055906, 2.560000000000000053 ) ) ;
#2386 = CARTESIAN_POINT ( 'NONE',  ( 8.903792810277655789, -0.6460356228328615336, 21.64571211103465487 ) ) ;
#2387 = ORIENTED_EDGE ( 'NONE', *, *, #4319, .F. ) ;
#2388 = CARTESIAN_POINT ( 'NONE',  ( 7.344708172808370072, 7.744397795369440729, 9.004429570773009317 ) ) ;
#2389 = PLANE ( 'NONE',  #2085 ) ;
#2390 = LINE ( 'NONE', #4524, #3581 ) ;
#2391 = CARTESIAN_POINT ( 'NONE',  ( 5.430686590569986372, -1.912702289498320996, 19.23961740167987244 ) ) ;
#2392 = CARTESIAN_POINT ( 'NONE',  ( 3.246205972099569959, -9.112702289498038510, 22.08212987805475080 ) ) ;
#2393 = EDGE_CURVE ( 'NONE', #1032, #1136, #4302, .T. ) ;
#2394 = CARTESIAN_POINT ( 'NONE',  ( 12.48166847742866103, 6.137297710500510206, 17.61318964410624943 ) ) ;
#2395 = CARTESIAN_POINT ( 'NONE',  ( 8.625000000000000000, 16.54439779536944854, 8.962734156176269451 ) ) ;
#2396 = LINE ( 'NONE', #2741, #603 ) ;
#2397 = CARTESIAN_POINT ( 'NONE',  ( 8.180076070617790407, 2.637297710500714931, 20.05764830156545031 ) ) ;
#2398 = EDGE_LOOP ( 'NONE', ( #2522, #710 ) ) ;
#2399 = CARTESIAN_POINT ( 'NONE',  ( 13.37004775321146077, 6.944397795369440018, 18.93679004332689786 ) ) ;
#2400 = CARTESIAN_POINT ( 'NONE',  ( 10.00000000000000000, -50.45560220463060119, 13.29999999999999893 ) ) ;
#2401 = CARTESIAN_POINT ( 'NONE',  ( 7.819567973833950525, -1.362702289498380015, 21.39911105048199857 ) ) ;
#2402 = CARTESIAN_POINT ( 'NONE',  ( 7.819567973833946084, -2.162702289498382502, 21.39911105048197726 ) ) ;
#2403 = VERTEX_POINT ( 'NONE', #2527 ) ;
#2404 = CARTESIAN_POINT ( 'NONE',  ( 4.584264969356270036, -5.112702289498249897, 20.34100690302589953 ) ) ;
#2405 =( NAMED_UNIT ( * ) SI_UNIT ( $, .STERADIAN. ) SOLID_ANGLE_UNIT ( ) );
#2406 = CARTESIAN_POINT ( 'NONE',  ( 15.48416159615180021, -2.312702289498494324, 6.169954373870935704 ) ) ;
#2407 = ORIENTED_EDGE ( 'NONE', *, *, #3510, .T. ) ;
#2408 = CARTESIAN_POINT ( 'NONE',  ( 16.46000000004010033, -37.43225098456194644, 26.59999999999999787 ) ) ;
#2409 = DIRECTION ( 'NONE',  ( 0.000000000000000000, 1.000000000000000000, 0.000000000000000000 ) ) ;
#2410 = DIRECTION ( 'NONE',  ( 0.1005920011948169962, 0.000000000000000000, 0.9949277608427768982 ) ) ;
#2411 = CARTESIAN_POINT ( 'NONE',  ( 3.234340472227605456, -4.912702289499446984, 8.095870374585716789 ) ) ;
#2412 = CARTESIAN_POINT ( 'NONE',  ( 20.00000000000000000, -46.89560220463059892, 24.03999999999999915 ) ) ;
#2413 = DIRECTION ( 'NONE',  ( 0.000000000000000000, -1.000000000000000000, 0.000000000000000000 ) ) ;
#2414 = MECHANICAL_DESIGN_GEOMETRIC_PRESENTATION_REPRESENTATION (  '', ( #3941 ), #1693 ) ;
#2415 = ORIENTED_EDGE ( 'NONE', *, *, #2117, .F. ) ;
#2416 = DIRECTION ( 'NONE',  ( 0.000000000000000000, -1.000000000000000000, 0.000000000000000000 ) ) ;
#2417 = CARTESIAN_POINT ( 'NONE',  ( 14.78500000004009962, -37.43225098456194644, 26.59999999999999787 ) ) ;
#2418 = CARTESIAN_POINT ( 'NONE',  ( 10.00000000000000000, -9.529368956165059856, 24.42902698495500147 ) ) ;
#2419 = EDGE_CURVE ( 'NONE', #4149, #1936, #2288, .T. ) ;
#2420 = PLANE ( 'NONE',  #3094 ) ;
#2421 = PLANE ( 'NONE',  #906 ) ;
#2422 = CARTESIAN_POINT ( 'NONE',  ( 15.20363619132389843, -7.196035622830799561, 4.279072232160590517 ) ) ;
#2423 = CARTESIAN_POINT ( 'NONE',  ( -0.8133933392593950540, -8.612702289499670982, 14.71171384454525999 ) ) ;
#2424 = EDGE_CURVE ( 'NONE', #793, #1349, #2569, .T. ) ;
#2425 = AXIS2_PLACEMENT_3D ( 'NONE', #1647, #2968, #4362 ) ;
#2426 = ORIENTED_EDGE ( 'NONE', *, *, #3007, .T. ) ;
#2427 = CARTESIAN_POINT ( 'NONE',  ( 5.202351497730120400, 3.053964377168745248, 16.98231239028504902 ) ) ;
#2428 = CARTESIAN_POINT ( 'NONE',  ( -6.065551073586579503E-16, -9.955602204630560337, 2.560000000000000053 ) ) ;
#2429 = ADVANCED_FACE ( 'NONE', ( #835 ), #3576, .F. ) ;
#2430 = CARTESIAN_POINT ( 'NONE',  ( 7.459059876943104683, -4.562702289498297148, 22.74057379928539646 ) ) ;
#2431 = ORIENTED_EDGE ( 'NONE', *, *, #750, .T. ) ;
#2432 = CARTESIAN_POINT ( 'NONE',  ( 12.65529182719163970, 7.744397795369440729, 9.004429570773009317 ) ) ;
#2433 = FACE_OUTER_BOUND ( 'NONE', #1262, .T. ) ;
#2434 = CYLINDRICAL_SURFACE ( 'NONE', #1980, 4.549999999999999822 ) ;
#2435 = CARTESIAN_POINT ( 'NONE',  ( 16.44973275423208747, -3.746035622831625833, 8.348055178113970243 ) ) ;
#2436 = CARTESIAN_POINT ( 'NONE',  ( 18.19085572925535033, -6.946035622833170109, 7.009996180864829896 ) ) ;
#2437 = AXIS2_PLACEMENT_3D ( 'NONE', #141, #2900, #1852 ) ;
#2438 = AXIS2_PLACEMENT_3D ( 'NONE', #2673, #4383, #4061 ) ;
#2439 = CARTESIAN_POINT ( 'NONE',  ( 11.27311962503896225, 6.303964377169370081, 18.05167071670829770 ) ) ;
#2440 = ORIENTED_EDGE ( 'NONE', *, *, #2066, .F. ) ;
#2441 = CARTESIAN_POINT ( 'NONE',  ( 10.00000000000000000, 7.844397795369440374, 9.750000000000000000 ) ) ;
#2442 = CARTESIAN_POINT ( 'NONE',  ( 10.00000000000000000, -57.85560220463059977, 15.29999999999999893 ) ) ;
#2443 = VECTOR ( 'NONE', #3957, 1000.000000000000000 ) ;
#2444 = AXIS2_PLACEMENT_3D ( 'NONE', #712, #345, #2464 ) ;
#2446 = DIRECTION ( 'NONE',  ( 1.000000000000000000, 0.000000000000000000, 0.000000000000000000 ) ) ;
#2445 = CIRCLE ( 'NONE', #3542, 1.499999999999999556 ) ;
#2447 = DIRECTION ( 'NONE',  ( 0.000000000000000000, 0.000000000000000000, 1.000000000000000000 ) ) ;
#2448 = CARTESIAN_POINT ( 'NONE',  ( 1.678224647349390031, -4.862702289497749852, 18.09207279940135038 ) ) ;
#2449 = CARTESIAN_POINT ( 'NONE',  ( 11.36664146529853880, -7.446035622832200218, 2.888322209202530022 ) ) ;
#2450 = EDGE_CURVE ( 'NONE', #3478, #2451, #449, .T. ) ;
#2451 = VERTEX_POINT ( 'NONE', #219 ) ;
#2452 = CARTESIAN_POINT ( 'NONE',  ( 13.29968097771025981, 4.887297710501780301, 9.012466850507109939 ) ) ;
#2453 = CARTESIAN_POINT ( 'NONE',  ( 13.81635681851612318, 1.603964377168076050, 6.686022484847575775 ) ) ;
#2454 = VERTEX_POINT ( 'NONE', #242 ) ;
#2455 = PLANE ( 'NONE',  #1786 ) ;
#2456 = CARTESIAN_POINT ( 'NONE',  ( -2.100000000000000089, -46.89560220463059892, 13.29999999999999893 ) ) ;
#2457 = CARTESIAN_POINT ( 'NONE',  ( 8.647933525780615582, -8.646035622834491008, 23.60033301696583408 ) ) ;
#2458 = LINE ( 'NONE', #682, #301 ) ;
#2459 = CARTESIAN_POINT ( 'NONE',  ( 1.673970029050459996, -5.162702289498311892, 11.05858520880317286 ) ) ;
#2460 = CARTESIAN_POINT ( 'NONE',  ( 14.96548272100327992, -5.862702289498940011, 21.92264413427930236 ) ) ;
#2461 = CARTESIAN_POINT ( 'NONE',  ( 15.61407962278135031, 1.803964377168694844, 16.54005171289384890 ) ) ;
#2462 = ORIENTED_EDGE ( 'NONE', *, *, #2066, .T. ) ;
#2463 = LINE ( 'NONE', #2395, #1278 ) ;
#2464 = DIRECTION ( 'NONE',  ( 1.000000000000000000, 0.000000000000000000, 0.000000000000000000 ) ) ;
#2465 = DIRECTION ( 'NONE',  ( 0.000000000000000000, 0.000000000000000000, 1.000000000000000000 ) ) ;
#2466 = CARTESIAN_POINT ( 'NONE',  ( 1.941227567137124854, -0.6127022894982419032, 14.35113481042822059 ) ) ;
#2467 = CARTESIAN_POINT ( 'NONE',  ( 4.288628829458049907, 3.003964377167697819, 10.00387294638449553 ) ) ;
#2468 = VERTEX_POINT ( 'NONE', #901 ) ;
#2469 = CARTESIAN_POINT ( 'NONE',  ( 17.65529859646660071, -2.362702289498625152, 15.36116074269459908 ) ) ;
#2470 = FILL_AREA_STYLE ('',( #1018 ) ) ;
#2471 = CARTESIAN_POINT ( 'NONE',  ( 12.00017797776510697, 1.437297710501801218, 5.871620323955172083 ) ) ;
#2472 = ADVANCED_FACE ( 'NONE', ( #2338, #4396 ), #3025, .F. ) ;
#2473 = EDGE_LOOP ( 'NONE', ( #4397, #1539, #1212, #605 ) ) ;
#2474 = DIRECTION ( 'NONE',  ( 0.000000000000000000, 0.000000000000000000, -1.000000000000000000 ) ) ;
#2475 = DIRECTION ( 'NONE',  ( 0.000000000000000000, 0.000000000000000000, 1.000000000000000000 ) ) ;
#2476 = CARTESIAN_POINT ( 'NONE',  ( 17.31635427836248908, -5.312702289499121378, 18.92734043597074489 ) ) ;
#2477 = CARTESIAN_POINT ( 'NONE',  ( 14.30998855743602149, 12.54973931291766220, 14.76039378821307047 ) ) ;
#2478 = CARTESIAN_POINT ( 'NONE',  ( 8.028966281551975115, -2.162702289498382502, 20.61993290924362654 ) ) ;
#2479 = DIRECTION ( 'NONE',  ( 0.000000000000000000, 0.000000000000000000, 1.000000000000000000 ) ) ;
#2480 = CARTESIAN_POINT ( 'NONE',  ( 4.242232221758385435, 3.303964377168394861, 14.84350069752930068 ) ) ;
#2481 = ORIENTED_EDGE ( 'NONE', *, *, #3454, .T. ) ;
#2482 = CARTESIAN_POINT ( 'NONE',  ( 0.04399459592876519415, -8.446035622830459388, 11.99300591042559994 ) ) ;
#2483 = DIRECTION ( 'NONE',  ( 0.000000000000000000, 0.000000000000000000, 1.000000000000000000 ) ) ;
#2484 = EDGE_CURVE ( 'NONE', #80, #1820, #927, .T. ) ;
#2485 = DIRECTION ( 'NONE',  ( 1.000000000000000000, 0.000000000000000000, 0.000000000000000000 ) ) ;
#2486 = DIRECTION ( 'NONE',  ( 0.000000000000000000, -1.000000000000000000, 0.000000000000000000 ) ) ;
#2487 = DIRECTION ( 'NONE',  ( 1.000000000000000000, 0.000000000000000000, -1.427144654353157974E-16 ) ) ;
#2488 = CARTESIAN_POINT ( 'NONE',  ( 8.180076070617790407, 2.637297710500714931, 20.05764830156545031 ) ) ;
#2489 = CARTESIAN_POINT ( 'NONE',  ( 8.633358534701459419, -7.612702289497930153, 2.830934274046225330 ) ) ;
#2490 = AXIS2_PLACEMENT_3D ( 'NONE', #3620, #1154, #2543 ) ;
#2491 = VECTOR ( 'NONE', #256, 1000.000000000000000 ) ;
#2492 = ORIENTED_EDGE ( 'NONE', *, *, #591, .F. ) ;
#2493 = CARTESIAN_POINT ( 'NONE',  ( 14.74033941661730118, -1.946035622831524980, 19.47438537891110144 ) ) ;
#2494 =( NAMED_UNIT ( * ) PLANE_ANGLE_UNIT ( ) SI_UNIT ( $, .RADIAN. ) );
#2495 = VECTOR ( 'NONE', #3980, 1000.000000000000000 ) ;
#2496 = EDGE_LOOP ( 'NONE', ( #3387, #4040, #62, #4076 ) ) ;
#2497 = VERTEX_POINT ( 'NONE', #587 ) ;
#2498 = CARTESIAN_POINT ( 'NONE',  ( 14.10710132083864998, -2.396035622831038658, 6.181576469377691119 ) ) ;
#2499 = DIRECTION ( 'NONE',  ( 0.2746825664913701281, 0.000000000000000000, 0.9615349643490422871 ) ) ;
#2500 = CARTESIAN_POINT ( 'NONE',  ( 6.933358208714800242, 2.003964377169155320, 18.61321084122449321 ) ) ;
#2501 = UNCERTAINTY_MEASURE_WITH_UNIT (LENGTH_MEASURE( 1.000000000000000082E-05 ), #3390, 'distance_accuracy_value', 'NONE');
#2502 = CARTESIAN_POINT ( 'NONE',  ( 1.881678577042285028, -4.196035622831810308, 8.616593573469090828 ) ) ;
#2503 = ADVANCED_FACE ( 'NONE', ( #3732 ), #2977, .F. ) ;
#2504 = CARTESIAN_POINT ( 'NONE',  ( 14.81000000004009998, -37.43225098456194644, 26.57500000000000284 ) ) ;
#2505 = ORIENTED_EDGE ( 'NONE', *, *, #1675, .T. ) ;
#2506 = CARTESIAN_POINT ( 'NONE',  ( 16.81755474909340009, -2.196035622831499889, 17.23369139927320148 ) ) ;
#2507 = LINE ( 'NONE', #2442, #3098 ) ;
#2508 = AXIS2_PLACEMENT_3D ( 'NONE', #1454, #3535, #3097 ) ;
#2509 = AXIS2_PLACEMENT_3D ( 'NONE', #17, #4190, #2706 ) ;
#2510 = EDGE_CURVE ( 'NONE', #1112, #2177, #4490, .T. ) ;
#2511 = CARTESIAN_POINT ( 'NONE',  ( 11.37500000000000000, 16.54439779536944854, 17.63726584382374796 ) ) ;
#2512 = AXIS2_PLACEMENT_3D ( 'NONE', #644, #1280, #3422 ) ;
#2513 = VECTOR ( 'NONE', #3898, 1000.000000000000000 ) ;
#2514 = DIRECTION ( 'NONE',  ( 0.000000000000000000, 0.000000000000000000, 1.000000000000000000 ) ) ;
#2515 = CARTESIAN_POINT ( 'NONE',  ( 6.037655638652199563, 4.053964377168324695, 8.137965399392250276 ) ) ;
#2516 = CARTESIAN_POINT ( 'NONE',  ( 3.246205972099569959, -9.112702289498038510, 22.08212987805475080 ) ) ;
#2517 = CIRCLE ( 'NONE', #548, 3.531533498719034547 ) ;
#2518 = AXIS2_PLACEMENT_3D ( 'NONE', #3666, #1315, #2707 ) ;
#2519 = EDGE_LOOP ( 'NONE', ( #3779, #3157, #1924, #1954 ) ) ;
#2520 = CARTESIAN_POINT ( 'NONE',  ( 13.17530816402467941, 2.137297710501009806, 18.81666477055960129 ) ) ;
#2521 = SURFACE_STYLE_USAGE ( .BOTH. , #78 ) ;
#2522 = ORIENTED_EDGE ( 'NONE', *, *, #2510, .T. ) ;
#2523 = ORIENTED_EDGE ( 'NONE', *, *, #468, .T. ) ;
#2524 = CARTESIAN_POINT ( 'NONE',  ( -0.01339333925947008667, -7.812702289499665831, 14.60699408957438017 ) ) ;
#2525 = LINE ( 'NONE', #3917, #3441 ) ;
#2526 = CARTESIAN_POINT ( 'NONE',  ( 18.69003972440129857, -2.446035622832780199, 14.44127956899500020 ) ) ;
#2527 = CARTESIAN_POINT ( 'NONE',  ( 10.00000000000000000, -57.85560220463059977, 11.29999999999999893 ) ) ;
#2528 = ORIENTED_EDGE ( 'NONE', *, *, #919, .T. ) ;
#2529 = CARTESIAN_POINT ( 'NONE',  ( 7.825610132964841092, -3.696035622832185119, 5.194672411462270212 ) ) ;
#2530 = LINE ( 'NONE', #152, #2009 ) ;
#2531 = EDGE_CURVE ( 'NONE', #3554, #2672, #259, .T. ) ;
#2532 = DIRECTION ( 'NONE',  ( 0.000000000000000000, -1.000000000000000000, 0.000000000000000000 ) ) ;
#2533 = CARTESIAN_POINT ( 'NONE',  ( 5.191234017730270267, 0.05396437716782320759, 7.036575897987229489 ) ) ;
#2534 = CARTESIAN_POINT ( 'NONE',  ( 7.459059876943110012, -5.362702289498310293, 22.74057379928540001 ) ) ;
#2535 = EDGE_CURVE ( 'NONE', #4294, #871, #1245, .T. ) ;
#2536 = EDGE_LOOP ( 'NONE', ( #1758, #3016, #4519, #2733 ) ) ;
#2537 = DIRECTION ( 'NONE',  ( 0.000000000000000000, 0.000000000000000000, -1.000000000000000000 ) ) ;
#2538 = CARTESIAN_POINT ( 'NONE',  ( 14.38555517178752297, 2.853964377167665045, 19.01272935132352870 ) ) ;
#2539 = ADVANCED_FACE ( 'NONE', ( #1977 ), #3047, .F. ) ;
#2540 = VERTEX_POINT ( 'NONE', #540 ) ;
#2541 = ORIENTED_EDGE ( 'NONE', *, *, #2231, .F. ) ;
#2542 = CARTESIAN_POINT ( 'NONE',  ( 15.58676103773017907, -5.146035622831002243, 20.57577488012191580 ) ) ;
#2543 = DIRECTION ( 'NONE',  ( -1.427144654353158220E-16, 0.000000000000000000, -1.000000000000000000 ) ) ;
#2544 = PRODUCT_DEFINITION_CONTEXT ( 'detailed design', #694, 'design' ) ;
#2545 = CARTESIAN_POINT ( 'NONE',  ( 15.75330874929354863, 1.887297710502209958, 17.72613456975789958 ) ) ;
#2546 = DIRECTION ( 'NONE',  ( 0.000000000000000000, 0.000000000000000000, 1.000000000000000000 ) ) ;
#2547 = ORIENTED_EDGE ( 'NONE', *, *, #728, .T. ) ;
#2548 = CARTESIAN_POINT ( 'NONE',  ( 8.918367806637959916, -3.612702289497484731, 5.008244727240069416 ) ) ;
#2549 = LINE ( 'NONE', #3939, #4417 ) ;
#2550 = CARTESIAN_POINT ( 'NONE',  ( 5.704362678251340135, 12.94439779536943824, 14.80000000000000071 ) ) ;
#2551 = PRODUCT_RELATED_PRODUCT_CATEGORY ( 'part', '', ( #3281 ) ) ;
#2552 = CARTESIAN_POINT ( 'NONE',  ( 15.12212218895549931, 7.744397795369440729, 12.84561508435411881 ) ) ;
#2553 = CARTESIAN_POINT ( 'NONE',  ( 12.88456366124674091, 6.137297710500510206, 18.31221875499005236 ) ) ;
#2554 = CARTESIAN_POINT ( 'NONE',  ( 5.191234017730270267, 0.05396437716782320759, 7.036575897987229489 ) ) ;
#2555 = DIRECTION ( 'NONE',  ( 0.000000000000000000, 1.000000000000000000, 0.000000000000000000 ) ) ;
#2556 = ORIENTED_EDGE ( 'NONE', *, *, #2484, .T. ) ;
#2557 = EDGE_CURVE ( 'NONE', #4003, #489, #1632, .T. ) ;
#2558 = CARTESIAN_POINT ( 'NONE',  ( 12.11500000000000021, -9.955602204630560337, 2.560000000000000053 ) ) ;
#2559 = CIRCLE ( 'NONE', #2193, 1.675000000000000266 ) ;
#2560 =( NAMED_UNIT ( * ) PLANE_ANGLE_UNIT ( ) SI_UNIT ( $, .RADIAN. ) );
#2561 = EDGE_LOOP ( 'NONE', ( #3529, #1526, #1020, #966 ) ) ;
#2562 = AXIS2_PLACEMENT_3D ( 'NONE', #2837, #1830, #2176 ) ;
#2563 = ORIENTED_EDGE ( 'NONE', *, *, #1883, .T. ) ;
#2564 = EDGE_CURVE ( 'NONE', #4265, #2606, #1296, .T. ) ;
#2565 = CARTESIAN_POINT ( 'NONE',  ( 8.389474378434789159, 3.437297710500718306, 19.27847016036911043 ) ) ;
#2566 = CARTESIAN_POINT ( 'NONE',  ( 10.00000000000000000, 6.944397795369440018, 13.29999999999999893 ) ) ;
#2567 = VECTOR ( 'NONE', #2662, 1000.000000000000000 ) ;
#2568 = CARTESIAN_POINT ( 'NONE',  ( 11.00606243113880112, 0.5539643771691570295, 5.642943115463880055 ) ) ;
#2569 = LINE ( 'NONE', #3981, #2443 ) ;
#2570 = EDGE_LOOP ( 'NONE', ( #3186, #3689, #2313, #1085 ) ) ;
#2571 = CARTESIAN_POINT ( 'NONE',  ( 14.10710132083864110, -3.196035622831040257, 6.181576469377700001 ) ) ;
#2572 = CARTESIAN_POINT ( 'NONE',  ( 20.00000000000000000, -9.955602204630560337, 0.000000000000000000 ) ) ;
#2573 = DIRECTION ( 'NONE',  ( 1.000000000000000000, 0.000000000000000000, 0.000000000000000000 ) ) ;
#2574 = CARTESIAN_POINT ( 'NONE',  ( 8.625000000000000000, 12.94439779536943824, 14.80000000000000071 ) ) ;
#2575 = DIRECTION ( 'NONE',  ( 0.000000000000000000, 0.000000000000000000, -1.000000000000000000 ) ) ;
#2576 = CARTESIAN_POINT ( 'NONE',  ( 18.54914004253009807, -2.696035622831720158, 11.00633884953909991 ) ) ;
#2577 = VECTOR ( 'NONE', #155, 1000.000000000000000 ) ;
#2579 = AXIS2_PLACEMENT_3D ( 'NONE', #4337, #844, #3947 ) ;
#2578 = DIRECTION ( 'NONE',  ( 0.000000000000000000, -1.000000000000000000, 0.000000000000000000 ) ) ;
#2580 = VERTEX_POINT ( 'NONE', #4098 ) ;
#2581 = LINE ( 'NONE', #2967, #2725 ) ;
#2582 = CARTESIAN_POINT ( 'NONE',  ( 13.89391779557120188, 1.253964377167661182, 18.37299587764012898 ) ) ;
#2583 = CIRCLE ( 'NONE', #1639, 1.000000000000000888 ) ;
#2584 = EDGE_CURVE ( 'NONE', #4298, #4213, #974, .T. ) ;
#2585 = ORIENTED_EDGE ( 'NONE', *, *, #1148, .T. ) ;
#2586 = ORIENTED_EDGE ( 'NONE', *, *, #521, .T. ) ;
#2587 = VECTOR ( 'NONE', #2595, 1000.000000000000000 ) ;
#2588 = CARTESIAN_POINT ( 'NONE',  ( 10.72105315914348900, 5.353964377169321942, 7.820253568518324983 ) ) ;
#2589 = CARTESIAN_POINT ( 'NONE',  ( 14.78500000004009962, -37.43225098456194644, 26.59999999999999787 ) ) ;
#2590 = CARTESIAN_POINT ( 'NONE',  ( 4.344812396785750153, -3.946035622830680101, 5.935186396772079931 ) ) ;
#2591 = EDGE_CURVE ( 'NONE', #1285, #738, #477, .T. ) ;
#2592 = CARTESIAN_POINT ( 'NONE',  ( 10.00000000000000000, 16.54439779536944854, 17.85000000000000142 ) ) ;
#2593 = EDGE_LOOP ( 'NONE', ( #4278, #2686, #2744, #2638 ) ) ;
#2594 = CARTESIAN_POINT ( 'NONE',  ( 6.239718522303819626, -1.196035622831743916, 19.81668596752270162 ) ) ;
#2595 = DIRECTION ( 'NONE',  ( 0.000000000000000000, -1.000000000000000000, 0.000000000000000000 ) ) ;
#2596 = ADVANCED_FACE ( 'NONE', ( #2636, #4471 ), #1071, .F. ) ;
#2597 = DIRECTION ( 'NONE',  ( 0.000000000000000000, 0.000000000000000000, 1.000000000000000000 ) ) ;
#2598 = FACE_OUTER_BOUND ( 'NONE', #1192, .T. ) ;
#2599 = CARTESIAN_POINT ( 'NONE',  ( 14.45818889611317637, 14.14500345289316030, 14.22075101952064280 ) ) ;
#2600 = CARTESIAN_POINT ( 'NONE',  ( 4.344812396785750153, -3.946035622830680101, 5.935186396772079931 ) ) ;
#2601 = DIRECTION ( 'NONE',  ( 0.000000000000000000, -1.000000000000000000, 0.000000000000000000 ) ) ;
#2602 = ORIENTED_EDGE ( 'NONE', *, *, #1388, .T. ) ;
#2603 = DIRECTION ( 'NONE',  ( -1.000000000000000000, 0.000000000000000000, 0.000000000000000000 ) ) ;
#2604 = LINE ( 'NONE', #209, #1612 ) ;
#2605 = CARTESIAN_POINT ( 'NONE',  ( -0.4466708609033103738, -9.162702289497428154, 10.48867880421542331 ) ) ;
#2606 = VERTEX_POINT ( 'NONE', #3163 ) ;
#2607 = ORIENTED_EDGE ( 'NONE', *, *, #4234, .T. ) ;
#2608 = CARTESIAN_POINT ( 'NONE',  ( 15.08703640386559819, 6.103964377168407118, 11.93675335081527855 ) ) ;
#2609 = EDGE_CURVE ( 'NONE', #444, #867, #1773, .T. ) ;
#2610 = CARTESIAN_POINT ( 'NONE',  ( 20.12473811273866886, -5.812702289498426822, 11.97843091394796922 ) ) ;
#2611 = VERTEX_POINT ( 'NONE', #658 ) ;
#2612 = DIRECTION ( 'NONE',  ( 0.000000000000000000, 0.000000000000000000, 1.000000000000000000 ) ) ;
#2613 = CARTESIAN_POINT ( 'NONE',  ( 5.641874151343002630, 13.70135007921515857, 14.60976733397506599 ) ) ;
#2614 = ORIENTED_EDGE ( 'NONE', *, *, #859, .F. ) ;
#2615 = EDGE_CURVE ( 'NONE', #1337, #2129, #1751, .T. ) ;
#2616 = CARTESIAN_POINT ( 'NONE',  ( 15.83894584125581062, -7.912702289496954755, 5.708298346332686179 ) ) ;
#2617 = FACE_OUTER_BOUND ( 'NONE', #1885, .T. ) ;
#2618 =( BOUNDED_SURFACE ( )  B_SPLINE_SURFACE ( 3, 3, ( 
 ( #2808, #363, #1054, #3103, #3540, #1440, #663, #2740, #4506, #2482, #711, #3125, #1370, #3147, #1780, #4, #686, #2104, #3787, #3172, #2762, #26, #1414, #3859, #2828, #4202, #1078, #731, #4223, #3878, #753, #794, #497, #3938, #2868, #1886, #3302, #131, #151, #4243, #1178, #1123, #3277, #4266, #2848, #1158, #519, #2529, #2548, #1458, #1821, #2571, #473, #2167, #4304, #3959, #1540, #2204, #1203, #2506, #4326, #431, #3900, #837, #2891, #3645, #3921, #2594, #776, #3561, #3983, #2909, #2183, #1476, #1907, #3578, #3213, #452, #3625, #88, #1842, #2931, #2229, #3235, #860, #2249, #110, #1500, #813, #3601, #1866, #3259, #1517, #4055, #2004, #4027, #1609, #221, #2979, #3668, #2709, #2687, #952, #2269, #3049, #3000, #175, #4077, #3398, #3714, #2368, #904, #2295, #589, #4004, #4351, #1634, #4450, #1658, #3373, #268, #3349, #880, #615, #1272, #1567, #4427, #1298, #2665, #2959 ),
 ( #1226, #4398, #2340, #3735, #977, #929, #4375, #1317, #4101, #2317, #3693, #2639, #1979, #3762, #568, #640, #543, #244, #2031, #3027, #2616, #1937, #1959, #3330, #200, #1587, #1247, #1733, #312, #2757, #4196, #2073, #4218, #4474, #3467, #3805, #747, #1075, #683, #1095, #1004, #21, #2459, #338, #2411, #3440, #4169, #1410, #3120, #1366, #3069, #4145, #3854, #2435, #2099, #45, #1338, #4525, #3166, #2824, #726, #2118, #358, #1386, #1024, #3419, #2478, #2779, #2391, #3874, #1049, #4125, #3833, #1682, #3508, #380, #289, #1776, #1436, #2734, #3784, #3488, #2802, #707, #660, #2053, #1707, #3096, #4502, #1754, #3141, #1116, #2946, #2582, #3682, #1598, #1919, #4317, #4387, #2500, #1578, #3636, #1896, #1799, #1215, #3317, #2989, #2628, #2651, #210, #4239, #3658, #1190, #2138, #188, #3972, #3893, #3190, #2260, #4341, #848, #771, #1260, #4015, #66, #4043, #2214, #559, #3291, #2921 ),
 ( #2969, #4363, #3533, #163, #487, #893, #2281, #509, #2239, #143, #2605, #1237, #1553, #408, #3616, #3994, #1453, #870, #1949, #3339, #1529, #2843, #1877, #3269, #532, #3746, #2329, #257, #1695, #4087, #1722, #1970, #964, #1309, #2770, #3082, #2698, #3110, #3012, #2043, #4487, #2353, #4438, #940, #1669, #3430, #629, #3384, #578, #1648, #1354, #4460, #4113, #2064, #3360, #2019, #670, #325, #2748, #4135, #3409, #300, #1015, #4514, #280, #3724, #2402, #3795, #3059, #3038, #1328, #2721, #651, #993, #1377, #1288, #2382, #918, #3774, #3453, #2306, #3704, #1623, #234, #602, #4415, #2677, #1992, #4066, #418, #2815, #436, #693, #4207, #32, #1482, #1808, #1422, #1826, #1744, #759, #3200, #1083, #3155, #4180, #393, #2151, #2467, #2108, #3819, #3498, #75, #3180, #2833, #782, #2089, #3863, #3909, #3567, #1462, #2852, #1105, #2126, #368, #4157, #3219, #1062, #94, #1764, #3131 ),
 ( #4250, #3548, #10, #1129, #2516, #737, #1036, #3523, #2423, #1396, #1445, #2793, #1789, #2172, #56, #4229, #2489, #2449, #3843, #716, #3885, #3651, #458, #1232, #2914, #2878, #865, #1573, #1891, #552, #3610, #481, #3284, #2188, #2534, #4335, #2623, #4358, #1547, #181, #1523, #3585, #3307, #3967, #4274, #2600, #3989, #843, #1147, #2235, #2965, #1847, #526, #3926, #3945, #2576, #4009, #118, #2275, #3631, #3244, #3673, #1872, #1505, #503, #800, #887, #1943, #3335, #205, #2896, #4291, #1913, #2936, #2254, #157, #1162, #2554, #819, #2208, #3264, #137, #4310, #1184, #1210, #1986, #3076, #1009, #1322, #3719, #3789, #1964, #984, #3033, #1303, #1254, #621, #2715, #2397, #2037, #2058, #4131, #3698, #3054, #595, #1593, #4107, #3379, #3355, #2647, #1663, #2347, #249, #573, #665, #3424, #4034, #3447, #226, #4480, #2692, #2322, #1617, #2012, #2377, #1643, #1282, #934, #2984, #3768 ) ),
 .UNSPECIFIED., .F., .F., .T. ) 
 B_SPLINE_SURFACE_WITH_KNOTS ( ( 4, 4 ),
 ( 4, 2, 2, 2, 2, 2, 2, 2, 2, 2, 2, 2, 2, 2, 2, 2, 2, 2, 2, 2, 2, 2, 2, 2, 2, 2, 2, 2, 2, 2, 2, 2, 2, 2, 2, 2, 2, 2, 2, 2, 2, 2, 2, 2, 2, 2, 2, 2, 2, 2, 2, 2, 2, 2, 2, 2, 2, 2, 2, 2, 2, 2, 2, 2, 4 ),
 ( 0.5000000000000000000, 1.000000000000000000 ),
 ( 0.000000000000000000, 0.01562500000000000000, 0.03125000000000000000, 0.04687500000000000000, 0.06250000000000000000, 0.07812500000000000000, 0.09375000000000000000, 0.1093750000000000000, 0.1250000000000000000, 0.1406250000000000000, 0.1562500000000000000, 0.1718750000000000000, 0.1875000000000000000, 0.2031250000000000000, 0.2187500000000000000, 0.2343750000000000000, 0.2500000000000000000, 0.2656250000000000000, 0.2812500000000000000, 0.2968750000000000000, 0.3125000000000000000, 0.3281250000000000000, 0.3437500000000000000, 0.3593750000000000000, 0.3750000000000000000, 0.3906250000000000000, 0.4062500000000000000, 0.4218750000000000000, 0.4375000000000000000, 0.4531250000000000000, 0.4687500000000000000, 0.4843750000000000000, 0.5000000000000000000, 0.5156250000000000000, 0.5312500000000000000, 0.5468750000000000000, 0.5625000000000000000, 0.5781250000000000000, 0.5937500000000000000, 0.6093750000000000000, 0.6250000000000000000, 0.6406250000000000000, 0.6562500000000000000, 0.6718750000000000000, 0.6875000000000000000, 0.7031250000000000000, 0.7187500000000000000, 0.7343750000000000000, 0.7500000000000000000, 0.7656250000000000000, 0.7812500000000000000, 0.7968750000000000000, 0.8125000000000000000, 0.8281250000000000000, 0.8437500000000000000, 0.8593750000000000000, 0.8750000000000000000, 0.8906250000000000000, 0.9062500000000000000, 0.9218750000000000000, 0.9375000000000000000, 0.9531250000000000000, 0.9687500000000000000, 0.9843750000000000000, 1.000000000000000000 ),
 .UNSPECIFIED. ) 
 GEOMETRIC_REPRESENTATION_ITEM ( )  RATIONAL_B_SPLINE_SURFACE ( (
 ( 1.000000000000000000, 1.000000000000000000, 1.000000000000000000, 1.000000000000000000, 1.000000000000000000, 1.000000000000000000, 1.000000000000000000, 1.000000000000000000, 1.000000000000000000, 1.000000000000000000, 1.000000000000000000, 1.000000000000000000, 1.000000000000000000, 1.000000000000000000, 1.000000000000000000, 1.000000000000000000, 1.000000000000000000, 1.000000000000000000, 1.000000000000000000, 1.000000000000000000, 1.000000000000000000, 1.000000000000000000, 1.000000000000000000, 1.000000000000000000, 1.000000000000000000, 1.000000000000000000, 1.000000000000000000, 1.000000000000000000, 1.000000000000000000, 1.000000000000000000, 1.000000000000000000, 1.000000000000000000, 1.000000000000000000, 1.000000000000000000, 1.000000000000000000, 1.000000000000000000, 1.000000000000000000, 1.000000000000000000, 1.000000000000000000, 1.000000000000000000, 1.000000000000000000, 1.000000000000000000, 1.000000000000000000, 1.000000000000000000, 1.000000000000000000, 1.000000000000000000, 1.000000000000000000, 1.000000000000000000, 1.000000000000000000, 1.000000000000000000, 1.000000000000000000, 1.000000000000000000, 1.000000000000000000, 1.000000000000000000, 1.000000000000000000, 1.000000000000000000, 1.000000000000000000, 1.000000000000000000, 1.000000000000000000, 1.000000000000000000, 1.000000000000000000, 1.000000000000000000, 1.000000000000000000, 1.000000000000000000, 1.000000000000000000, 1.000000000000000000, 1.000000000000000000, 1.000000000000000000, 1.000000000000000000, 1.000000000000000000, 1.000000000000000000, 1.000000000000000000, 1.000000000000000000, 1.000000000000000000, 1.000000000000000000, 1.000000000000000000, 1.000000000000000000, 1.000000000000000000, 1.000000000000000000, 1.000000000000000000, 1.000000000000000000, 1.000000000000000000, 1.000000000000000000, 1.000000000000000000, 1.000000000000000000, 1.000000000000000000, 1.000000000000000000, 1.000000000000000000, 1.000000000000000000, 1.000000000000000000, 1.000000000000000000, 1.000000000000000000, 1.000000000000000000, 1.000000000000000000, 1.000000000000000000, 1.000000000000000000, 1.000000000000000000, 1.000000000000000000, 1.000000000000000000, 1.000000000000000000, 1.000000000000000000, 1.000000000000000000, 1.000000000000000000, 1.000000000000000000, 1.000000000000000000, 1.000000000000000000, 1.000000000000000000, 1.000000000000000000, 1.000000000000000000, 1.000000000000000000, 1.000000000000000000, 1.000000000000000000, 1.000000000000000000, 1.000000000000000000, 1.000000000000000000, 1.000000000000000000, 1.000000000000000000, 1.000000000000000000, 1.000000000000000000, 1.000000000000000000, 1.000000000000000000, 1.000000000000000000, 1.000000000000000000, 1.000000000000000000, 1.000000000000000000, 1.000000000000000000, 1.000000000000000000, 1.000000000000000000, 1.000000000000000000, 1.000000000000000000),
 ( 0.3333333333333335369, 0.3333333333333335369, 0.3333333333333335369, 0.3333333333333335369, 0.3333333333333335369, 0.3333333333333335369, 0.3333333333333335369, 0.3333333333333335369, 0.3333333333333335369, 0.3333333333333335369, 0.3333333333333335369, 0.3333333333333335369, 0.3333333333333335369, 0.3333333333333335369, 0.3333333333333335369, 0.3333333333333335369, 0.3333333333333335369, 0.3333333333333335369, 0.3333333333333335369, 0.3333333333333335369, 0.3333333333333335369, 0.3333333333333335369, 0.3333333333333335369, 0.3333333333333335369, 0.3333333333333335369, 0.3333333333333335369, 0.3333333333333335369, 0.3333333333333335369, 0.3333333333333335369, 0.3333333333333335369, 0.3333333333333335369, 0.3333333333333335369, 0.3333333333333335369, 0.3333333333333335369, 0.3333333333333335369, 0.3333333333333335369, 0.3333333333333335369, 0.3333333333333335369, 0.3333333333333335369, 0.3333333333333335369, 0.3333333333333335369, 0.3333333333333335369, 0.3333333333333335369, 0.3333333333333335369, 0.3333333333333335369, 0.3333333333333335369, 0.3333333333333335369, 0.3333333333333335369, 0.3333333333333335369, 0.3333333333333335369, 0.3333333333333335369, 0.3333333333333335369, 0.3333333333333335369, 0.3333333333333335369, 0.3333333333333335369, 0.3333333333333335369, 0.3333333333333335369, 0.3333333333333335369, 0.3333333333333335369, 0.3333333333333335369, 0.3333333333333335369, 0.3333333333333335369, 0.3333333333333335369, 0.3333333333333335369, 0.3333333333333335369, 0.3333333333333335369, 0.3333333333333335369, 0.3333333333333335369, 0.3333333333333335369, 0.3333333333333335369, 0.3333333333333335369, 0.3333333333333335369, 0.3333333333333335369, 0.3333333333333335369, 0.3333333333333335369, 0.3333333333333335369, 0.3333333333333335369, 0.3333333333333335369, 0.3333333333333335369, 0.3333333333333335369, 0.3333333333333335369, 0.3333333333333335369, 0.3333333333333335369, 0.3333333333333335369, 0.3333333333333335369, 0.3333333333333335369, 0.3333333333333335369, 0.3333333333333335369, 0.3333333333333335369, 0.3333333333333335369, 0.3333333333333335369, 0.3333333333333335369, 0.3333333333333335369, 0.3333333333333335369, 0.3333333333333335369, 0.3333333333333335369, 0.3333333333333335369, 0.3333333333333335369, 0.3333333333333335369, 0.3333333333333335369, 0.3333333333333335369, 0.3333333333333335369, 0.3333333333333335369, 0.3333333333333335369, 0.3333333333333335369, 0.3333333333333335369, 0.3333333333333335369, 0.3333333333333335369, 0.3333333333333335369, 0.3333333333333335369, 0.3333333333333335369, 0.3333333333333335369, 0.3333333333333335369, 0.3333333333333335369, 0.3333333333333335369, 0.3333333333333335369, 0.3333333333333335369, 0.3333333333333335369, 0.3333333333333335369, 0.3333333333333335369, 0.3333333333333335369, 0.3333333333333335369, 0.3333333333333335369, 0.3333333333333335369, 0.3333333333333335369, 0.3333333333333335369, 0.3333333333333335369, 0.3333333333333335369, 0.3333333333333335369, 0.3333333333333335369),
 ( 0.3333333333333335369, 0.3333333333333335369, 0.3333333333333335369, 0.3333333333333335369, 0.3333333333333335369, 0.3333333333333335369, 0.3333333333333335369, 0.3333333333333335369, 0.3333333333333335369, 0.3333333333333335369, 0.3333333333333335369, 0.3333333333333335369, 0.3333333333333335369, 0.3333333333333335369, 0.3333333333333335369, 0.3333333333333335369, 0.3333333333333335369, 0.3333333333333335369, 0.3333333333333335369, 0.3333333333333335369, 0.3333333333333335369, 0.3333333333333335369, 0.3333333333333335369, 0.3333333333333335369, 0.3333333333333335369, 0.3333333333333335369, 0.3333333333333335369, 0.3333333333333335369, 0.3333333333333335369, 0.3333333333333335369, 0.3333333333333335369, 0.3333333333333335369, 0.3333333333333335369, 0.3333333333333335369, 0.3333333333333335369, 0.3333333333333335369, 0.3333333333333335369, 0.3333333333333335369, 0.3333333333333335369, 0.3333333333333335369, 0.3333333333333335369, 0.3333333333333335369, 0.3333333333333335369, 0.3333333333333335369, 0.3333333333333335369, 0.3333333333333335369, 0.3333333333333335369, 0.3333333333333335369, 0.3333333333333335369, 0.3333333333333335369, 0.3333333333333335369, 0.3333333333333335369, 0.3333333333333335369, 0.3333333333333335369, 0.3333333333333335369, 0.3333333333333335369, 0.3333333333333335369, 0.3333333333333335369, 0.3333333333333335369, 0.3333333333333335369, 0.3333333333333335369, 0.3333333333333335369, 0.3333333333333335369, 0.3333333333333335369, 0.3333333333333335369, 0.3333333333333335369, 0.3333333333333335369, 0.3333333333333335369, 0.3333333333333335369, 0.3333333333333335369, 0.3333333333333335369, 0.3333333333333335369, 0.3333333333333335369, 0.3333333333333335369, 0.3333333333333335369, 0.3333333333333335369, 0.3333333333333335369, 0.3333333333333335369, 0.3333333333333335369, 0.3333333333333335369, 0.3333333333333335369, 0.3333333333333335369, 0.3333333333333335369, 0.3333333333333335369, 0.3333333333333335369, 0.3333333333333335369, 0.3333333333333335369, 0.3333333333333335369, 0.3333333333333335369, 0.3333333333333335369, 0.3333333333333335369, 0.3333333333333335369, 0.3333333333333335369, 0.3333333333333335369, 0.3333333333333335369, 0.3333333333333335369, 0.3333333333333335369, 0.3333333333333335369, 0.3333333333333335369, 0.3333333333333335369, 0.3333333333333335369, 0.3333333333333335369, 0.3333333333333335369, 0.3333333333333335369, 0.3333333333333335369, 0.3333333333333335369, 0.3333333333333335369, 0.3333333333333335369, 0.3333333333333335369, 0.3333333333333335369, 0.3333333333333335369, 0.3333333333333335369, 0.3333333333333335369, 0.3333333333333335369, 0.3333333333333335369, 0.3333333333333335369, 0.3333333333333335369, 0.3333333333333335369, 0.3333333333333335369, 0.3333333333333335369, 0.3333333333333335369, 0.3333333333333335369, 0.3333333333333335369, 0.3333333333333335369, 0.3333333333333335369, 0.3333333333333335369, 0.3333333333333335369, 0.3333333333333335369, 0.3333333333333335369, 0.3333333333333335369),
 ( 1.000000000000000000, 1.000000000000000000, 1.000000000000000000, 1.000000000000000000, 1.000000000000000000, 1.000000000000000000, 1.000000000000000000, 1.000000000000000000, 1.000000000000000000, 1.000000000000000000, 1.000000000000000000, 1.000000000000000000, 1.000000000000000000, 1.000000000000000000, 1.000000000000000000, 1.000000000000000000, 1.000000000000000000, 1.000000000000000000, 1.000000000000000000, 1.000000000000000000, 1.000000000000000000, 1.000000000000000000, 1.000000000000000000, 1.000000000000000000, 1.000000000000000000, 1.000000000000000000, 1.000000000000000000, 1.000000000000000000, 1.000000000000000000, 1.000000000000000000, 1.000000000000000000, 1.000000000000000000, 1.000000000000000000, 1.000000000000000000, 1.000000000000000000, 1.000000000000000000, 1.000000000000000000, 1.000000000000000000, 1.000000000000000000, 1.000000000000000000, 1.000000000000000000, 1.000000000000000000, 1.000000000000000000, 1.000000000000000000, 1.000000000000000000, 1.000000000000000000, 1.000000000000000000, 1.000000000000000000, 1.000000000000000000, 1.000000000000000000, 1.000000000000000000, 1.000000000000000000, 1.000000000000000000, 1.000000000000000000, 1.000000000000000000, 1.000000000000000000, 1.000000000000000000, 1.000000000000000000, 1.000000000000000000, 1.000000000000000000, 1.000000000000000000, 1.000000000000000000, 1.000000000000000000, 1.000000000000000000, 1.000000000000000000, 1.000000000000000000, 1.000000000000000000, 1.000000000000000000, 1.000000000000000000, 1.000000000000000000, 1.000000000000000000, 1.000000000000000000, 1.000000000000000000, 1.000000000000000000, 1.000000000000000000, 1.000000000000000000, 1.000000000000000000, 1.000000000000000000, 1.000000000000000000, 1.000000000000000000, 1.000000000000000000, 1.000000000000000000, 1.000000000000000000, 1.000000000000000000, 1.000000000000000000, 1.000000000000000000, 1.000000000000000000, 1.000000000000000000, 1.000000000000000000, 1.000000000000000000, 1.000000000000000000, 1.000000000000000000, 1.000000000000000000, 1.000000000000000000, 1.000000000000000000, 1.000000000000000000, 1.000000000000000000, 1.000000000000000000, 1.000000000000000000, 1.000000000000000000, 1.000000000000000000, 1.000000000000000000, 1.000000000000000000, 1.000000000000000000, 1.000000000000000000, 1.000000000000000000, 1.000000000000000000, 1.000000000000000000, 1.000000000000000000, 1.000000000000000000, 1.000000000000000000, 1.000000000000000000, 1.000000000000000000, 1.000000000000000000, 1.000000000000000000, 1.000000000000000000, 1.000000000000000000, 1.000000000000000000, 1.000000000000000000, 1.000000000000000000, 1.000000000000000000, 1.000000000000000000, 1.000000000000000000, 1.000000000000000000, 1.000000000000000000, 1.000000000000000000, 1.000000000000000000, 1.000000000000000000, 1.000000000000000000, 1.000000000000000000) ) ) 
 REPRESENTATION_ITEM ( '' )  SURFACE ( )  );
#2619 = DIRECTION ( 'NONE',  ( 0.000000000000000000, 1.000000000000000000, 0.000000000000000000 ) ) ;
#2620 = EDGE_CURVE ( 'NONE', #3252, #2383, #2374, .T. ) ;
#2621 = DIRECTION ( 'NONE',  ( 0.000000000000000000, 0.000000000000000000, 1.000000000000000000 ) ) ;
#2622 = CARTESIAN_POINT ( 'NONE',  ( 20.00000000000000000, -9.955602204630560337, 2.560000000000000053 ) ) ;
#2623 = CARTESIAN_POINT ( 'NONE',  ( 4.092627593243239659, -5.112702289498249897, 20.98074037681135096 ) ) ;
#2624 = DIRECTION ( 'NONE',  ( 0.000000000000000000, -1.000000000000000000, 0.000000000000000000 ) ) ;
#2625 = ORIENTED_EDGE ( 'NONE', *, *, #2419, .T. ) ;
#2626 = CARTESIAN_POINT ( 'NONE',  ( 12.48166847742866103, 6.137297710500510206, 17.61318964410624943 ) ) ;
#2627 = CARTESIAN_POINT ( 'NONE',  ( 10.00000000000000000, -9.955602204630560337, 13.29999999999999893 ) ) ;
#2628 = CARTESIAN_POINT ( 'NONE',  ( 4.987657940295072478, 3.003964377167697819, 10.40676813031562453 ) ) ;
#2629 = VERTEX_POINT ( 'NONE', #3870 ) ;
#2630 = VERTEX_POINT ( 'NONE', #1046 ) ;
#2631 = CARTESIAN_POINT ( 'NONE',  ( 15.61407962278136097, 2.603964377168695332, 16.54005171289384890 ) ) ;
#2632 = CARTESIAN_POINT ( 'NONE',  ( 5.704337514313477797, 12.74800072920881888, 14.79992793656623995 ) ) ;
#2633 = CARTESIAN_POINT ( 'NONE',  ( 3.318538020383880127, 3.387297710501409931, 14.17084529318013963 ) ) ;
#2634 = ORIENTED_EDGE ( 'NONE', *, *, #608, .T. ) ;
#2635 = LINE ( 'NONE', #877, #2927 ) ;
#2636 = FACE_BOUND ( 'NONE', #1672, .T. ) ;
#2637 = VECTOR ( 'NONE', #2213, 1000.000000000000000 ) ;
#2638 = ORIENTED_EDGE ( 'NONE', *, *, #1869, .T. ) ;
#2639 = CARTESIAN_POINT ( 'NONE',  ( 1.377232561305464120, -8.996035622832700085, 8.325849071249724176 ) ) ;
#2640 = CARTESIAN_POINT ( 'NONE',  ( 13.18109218901175872, 7.744397795369440729, 8.153821564985490156 ) ) ;
#2641 = VECTOR ( 'NONE', #1662, 1000.000000000000000 ) ;
#2642 = ADVANCED_FACE ( 'NONE', ( #4522 ), #2389, .T. ) ;
#2643 = CARTESIAN_POINT ( 'NONE',  ( 4.584264969356270036, -5.112702289498249897, 20.34100690302589953 ) ) ;
#2644 = CARTESIAN_POINT ( 'NONE',  ( 8.337228018775810767, 5.103964377168597188, 7.098419767767894406 ) ) ;
#2645 = DIRECTION ( 'NONE',  ( 0.000000000000000000, 0.000000000000000000, -1.000000000000000000 ) ) ;
#2646 = CYLINDRICAL_SURFACE ( 'NONE', #529, 0.9999999999999991118 ) ;
#2647 = CARTESIAN_POINT ( 'NONE',  ( 6.037655638652199563, 4.053964377168324695, 8.137965399392250276 ) ) ;
#2648 = DIRECTION ( 'NONE',  ( 0.000000000000000000, -1.000000000000000000, 0.000000000000000000 ) ) ;
#2649 = CARTESIAN_POINT ( 'NONE',  ( 12.65529182719163970, 7.744397795369440729, 8.004429570773011093 ) ) ;
#2650 = DIRECTION ( 'NONE',  ( 0.000000000000000000, 0.000000000000000000, 1.000000000000000000 ) ) ;
#2651 = CARTESIAN_POINT ( 'NONE',  ( 5.437119475127457413, 3.087297710501547776, 9.788713617022283486 ) ) ;
#2652 = VECTOR ( 'NONE', #2603, 1000.000000000000000 ) ;
#2653 = AXIS2_PLACEMENT_3D ( 'NONE', #229, #960, #648 ) ;
#2654 = ORIENTED_EDGE ( 'NONE', *, *, #919, .F. ) ;
#2655 = VERTEX_POINT ( 'NONE', #354 ) ;
#2656 = CARTESIAN_POINT ( 'NONE',  ( 1.898182993887764791, -8.946035622832091860, 19.52157725369420405 ) ) ;
#2657 = AXIS2_PLACEMENT_3D ( 'NONE', #1301, #3766, #2645 ) ;
#2658 = AXIS2_PLACEMENT_3D ( 'NONE', #2202, #1537, #1819 ) ;
#2659 = CARTESIAN_POINT ( 'NONE',  ( 8.180076070617790407, 2.637297710500714931, 20.05764830156545031 ) ) ;
#2660 = CIRCLE ( 'NONE', #2084, 4.549999999999998934 ) ;
#2661 = AXIS2_PLACEMENT_3D ( 'NONE', #1518, #1501, #3562 ) ;
#2662 = DIRECTION ( 'NONE',  ( 0.000000000000000000, 1.000000000000000000, 0.000000000000000000 ) ) ;
#2663 = DIRECTION ( 'NONE',  ( -1.000000000000000000, 0.000000000000000000, 0.000000000000000000 ) ) ;
#2664 = CARTESIAN_POINT ( 'NONE',  ( 14.84743962246411897, 7.744397795369440729, 11.88408012000510006 ) ) ;
#2665 = CARTESIAN_POINT ( 'NONE',  ( 10.63090841017650057, 6.387297710500770442, 18.14847914090625025 ) ) ;
#2666 = DIRECTION ( 'NONE',  ( 0.000000000000000000, 0.000000000000000000, 1.000000000000000000 ) ) ;
#2667 = CARTESIAN_POINT ( 'NONE',  ( 2.741227567137130006, -0.6127022894982419032, 14.24641505557432097 ) ) ;
#2668 = CARTESIAN_POINT ( 'NONE',  ( 13.37004775321146077, 7.744397795369440729, 18.93679004332689786 ) ) ;
#2669 = LINE ( 'NONE', #3032, #2998 ) ;
#2670 = LINE ( 'NONE', #1688, #4044 ) ;
#2671 = ADVANCED_FACE ( 'NONE', ( #2433 ), #1704, .T. ) ;
#2672 = VERTEX_POINT ( 'NONE', #2731 ) ;
#2673 = CARTESIAN_POINT ( 'NONE',  ( 20.00000000000000000, -9.955602204630560337, 0.000000000000000000 ) ) ;
#2674 = ORIENTED_EDGE ( 'NONE', *, *, #882, .T. ) ;
#2675 = DIRECTION ( 'NONE',  ( 0.000000000000000000, 0.000000000000000000, -1.000000000000000000 ) ) ;
#2676 = CARTESIAN_POINT ( 'NONE',  ( 12.11500000000000021, -9.955602204630560337, 24.03999999999999915 ) ) ;
#2677 = CARTESIAN_POINT ( 'NONE',  ( 16.51656266302682141, 0.3372977105011504273, 9.548386730308314085 ) ) ;
#2678 = VERTEX_POINT ( 'NONE', #3138 ) ;
#2679 = ORIENTED_EDGE ( 'NONE', *, *, #158, .T. ) ;
#2680 = CARTESIAN_POINT ( 'NONE',  ( 0.2178439755822070001, -8.696035622830759593, 15.92502498824824997 ) ) ;
#2681 = LINE ( 'NONE', #4443, #3293 ) ;
#2682 = ADVANCED_FACE ( 'NONE', ( #1092 ), #1, .F. ) ;
#2683 = CARTESIAN_POINT ( 'NONE',  ( 8.543213770382680039, -8.646035622834491008, 24.40033301697343049 ) ) ;
#2684 = CARTESIAN_POINT ( 'NONE',  ( -6.065551073586579503E-16, -9.955602204630560337, 26.59999999999999787 ) ) ;
#2685 = CARTESIAN_POINT ( 'NONE',  ( -1.520651777823834939E-15, 12.94439779536943824, 14.80000000000000071 ) ) ;
#2686 = ORIENTED_EDGE ( 'NONE', *, *, #1637, .F. ) ;
#2687 = CARTESIAN_POINT ( 'NONE',  ( 5.202351497730120400, 3.053964377168745248, 16.98231239028504902 ) ) ;
#2688 = DIRECTION ( 'NONE',  ( 0.000000000000000000, -1.000000000000000000, 0.000000000000000000 ) ) ;
#2689 = CARTESIAN_POINT ( 'NONE',  ( 16.21496477702014971, -2.112702289498604724, 18.08091881472634910 ) ) ;
#2690 = CARTESIAN_POINT ( 'NONE',  ( 18.13500000004009749, -37.43225098456194644, 26.59999999999999787 ) ) ;
#2691 = PLANE ( 'NONE',  #2199 ) ;
#2692 = CARTESIAN_POINT ( 'NONE',  ( 15.99280675297499954, 5.387297710501189663, 12.51929946552867889 ) ) ;
#2693 = ORIENTED_EDGE ( 'NONE', *, *, #281, .F. ) ;
#2694 = EDGE_CURVE ( 'NONE', #464, #451, #1362, .T. ) ;
#2695 = CARTESIAN_POINT ( 'NONE',  ( -2.099999999999998757, -12.51560220463056794, -10.29999999999998472 ) ) ;
#2696 = LINE ( 'NONE', #4085, #3532 ) ;
#2697 = CARTESIAN_POINT ( 'NONE',  ( 10.00000000000000000, 6.844397795369439486, 9.750000000000000000 ) ) ;
#2698 = CARTESIAN_POINT ( 'NONE',  ( 4.092627593243235218, -5.912702289498250607, 20.98074037681132964 ) ) ;
#2699 = EDGE_CURVE ( 'NONE', #2354, #3478, #3781, .T. ) ;
#2700 = ORIENTED_EDGE ( 'NONE', *, *, #357, .F. ) ;
#2701 = ORIENTED_EDGE ( 'NONE', *, *, #3185, .T. ) ;
#2702 = CARTESIAN_POINT ( 'NONE',  ( 14.97237309855968057, 6.437297710502200232, 14.64014454893846029 ) ) ;
#2703 = CARTESIAN_POINT ( 'NONE',  ( 4.687697435835837645, -7.062702289498435704, 4.075618302544515181 ) ) ;
#2704 = VERTEX_POINT ( 'NONE', #4500 ) ;
#2705 = ADVANCED_FACE ( 'NONE', ( #2755 ), #4199, .F. ) ;
#2706 = DIRECTION ( 'NONE',  ( -1.000000000000000000, 0.000000000000000000, 0.000000000000000000 ) ) ;
#2707 = DIRECTION ( 'NONE',  ( 0.000000000000000000, 0.000000000000000000, -1.000000000000000000 ) ) ;
#2708 = DIRECTION ( 'NONE',  ( 0.000000000000000000, -1.000000000000000000, 0.000000000000000000 ) ) ;
#2709 = CARTESIAN_POINT ( 'NONE',  ( 6.277108211701460050, 2.887297710501124826, 18.13822790028335064 ) ) ;
#2710 = PLANE ( 'NONE',  #1640 ) ;
#2711 = AXIS2_PLACEMENT_3D ( 'NONE', #1167, #3913, #847 ) ;
#2712 = CARTESIAN_POINT ( 'NONE',  ( 16.44973275423210168, -2.946035622831630008, 8.348055178114218933 ) ) ;
#2713 = DIRECTION ( 'NONE',  ( 1.000000000000000000, 0.000000000000000000, 0.000000000000000000 ) ) ;
#2714 = CARTESIAN_POINT ( 'NONE',  ( 20.00000000000000000, -47.95560220463060119, 0.000000000000000000 ) ) ;
#2715 = CARTESIAN_POINT ( 'NONE',  ( 9.084082327491820763, 2.553964377168310040, 20.26840165798720150 ) ) ;
#2716 = AXIS2_PLACEMENT_3D ( 'NONE', #2956, #240, #3642 ) ;
#2717 = ORIENTED_EDGE ( 'NONE', *, *, #3211, .F. ) ;
#2718 = CARTESIAN_POINT ( 'NONE',  ( 14.01723661997264081, 6.944397795369440018, 15.39680847698675059 ) ) ;
#2719 =( NAMED_UNIT ( * ) SI_UNIT ( $, .STERADIAN. ) SOLID_ANGLE_UNIT ( ) );
#2720 = CARTESIAN_POINT ( 'NONE',  ( 17.95608775215849917, -6.112702289499130082, 19.41897781207555340 ) ) ;
#2721 = CARTESIAN_POINT ( 'NONE',  ( 2.121591331802002323, -1.496035622831441314, 15.41340710206462994 ) ) ;
#2722 = ORIENTED_EDGE ( 'NONE', *, *, #1089, .F. ) ;
#2723 = CARTESIAN_POINT ( 'NONE',  ( 7.825610132964841092, -3.696035622832185119, 5.194672411462270212 ) ) ;
#2724 = CARTESIAN_POINT ( 'NONE',  ( 2.594606998450705415, -3.312702289499439345, 7.604232998464405924 ) ) ;
#2725 = VECTOR ( 'NONE', #3971, 1000.000000000000000 ) ;
#2726 = ADVANCED_FACE ( 'NONE', ( #2777 ), #4166, .F. ) ;
#2727 = AXIS2_PLACEMENT_3D ( 'NONE', #3869, #1432, #2820 ) ;
#2728 = ORIENTED_EDGE ( 'NONE', *, *, #2231, .T. ) ;
#2729 = DIRECTION ( 'NONE',  ( -0.000000000000000000, 1.000000000000000000, 0.000000000000000000 ) ) ;
#2730 = CIRCLE ( 'NONE', #326, 1.000000000000000888 ) ;
#2731 = CARTESIAN_POINT ( 'NONE',  ( 0.9400000000401099731, -15.63225098456195283, 24.03999999999999915 ) ) ;
#2732 = VECTOR ( 'NONE', #4177, 1000.000000000000000 ) ;
#2733 = ORIENTED_EDGE ( 'NONE', *, *, #2694, .T. ) ;
#2734 = CARTESIAN_POINT ( 'NONE',  ( 8.186118229871711449, -0.4960356228319601768, 6.536135160219160412 ) ) ;
#2735 = DIRECTION ( 'NONE',  ( 0.000000000000000000, 0.000000000000000000, -1.000000000000000000 ) ) ;
#2736 = VECTOR ( 'NONE', #3901, 1000.000000000000000 ) ;
#2737 = AXIS2_PLACEMENT_3D ( 'NONE', #3328, #198, #1585 ) ;
#2738 = CARTESIAN_POINT ( 'NONE',  ( 15.58676103773015065, -5.946035622831000289, 20.57577488012195133 ) ) ;
#2739 = AXIS2_PLACEMENT_3D ( 'NONE', #3772, #649, #278 ) ;
#2740 = CARTESIAN_POINT ( 'NONE',  ( 0.2178439755822070001, -8.696035622830759593, 15.92502498824824997 ) ) ;
#2741 = CARTESIAN_POINT ( 'NONE',  ( 12.11500000000000021, -9.955602204630560337, 26.59999999999999787 ) ) ;
#2742 = LINE ( 'NONE', #1441, #112 ) ;
#2743 = ADVANCED_FACE ( 'NONE', ( #2071 ), #2096, .F. ) ;
#2744 = ORIENTED_EDGE ( 'NONE', *, *, #2821, .F. ) ;
#2745 = DIRECTION ( 'NONE',  ( 0.000000000000000000, 1.000000000000000000, 0.000000000000000000 ) ) ;
#2746 = PLANE ( 'NONE',  #2739 ) ;
#2747 = CARTESIAN_POINT ( 'NONE',  ( -0.7560054040713141132, -8.446035622830459388, 11.88828615545474143 ) ) ;
#2748 = CARTESIAN_POINT ( 'NONE',  ( 18.43447673771377637, -3.162702289498624086, 15.57055905039743138 ) ) ;
#2749 = ORIENTED_EDGE ( 'NONE', *, *, #3340, .T. ) ;
#2750 = CARTESIAN_POINT ( 'NONE',  ( 12.51179586390953880, -7.362702289499330810, 3.967872967567145359 ) ) ;
#2751 = CARTESIAN_POINT ( 'NONE',  ( -2.100000000000000089, -12.51560220463055906, 13.29999999999999893 ) ) ;
#2752 = CARTESIAN_POINT ( 'NONE',  ( 17.37011720627605982, 2.187297710502500436, 12.33900994816539765 ) ) ;
#2753 = ORIENTED_EDGE ( 'NONE', *, *, #3410, .F. ) ;
#2754 = DIRECTION ( 'NONE',  ( 0.000000000000000000, 0.000000000000000000, 1.000000000000000000 ) ) ;
#2755 = FACE_OUTER_BOUND ( 'NONE', #825, .T. ) ;
#2756 = CARTESIAN_POINT ( 'NONE',  ( 14.32210156252479472, 12.45843004991230174, 11.87749607954390818 ) ) ;
#2757 = CARTESIAN_POINT ( 'NONE',  ( 15.58676103773017907, -6.746035622831006329, 20.57577488012191580 ) ) ;
#2758 = DIRECTION ( 'NONE',  ( -1.000000000000000000, 0.000000000000000000, 0.000000000000000000 ) ) ;
#2759 = EDGE_CURVE ( 'NONE', #4265, #564, #2445, .T. ) ;
#2760 = CARTESIAN_POINT ( 'NONE',  ( 13.29968097771025981, 4.887297710501780301, 9.012466850507109939 ) ) ;
#2761 = ORIENTED_EDGE ( 'NONE', *, *, #2330, .F. ) ;
#2762 = CARTESIAN_POINT ( 'NONE',  ( 15.83894584125580174, -7.112702289496950492, 5.708298346332689732 ) ) ;
#2763 = DIRECTION ( 'NONE',  ( 0.000000000000000000, 1.000000000000000000, 0.000000000000000000 ) ) ;
#2764 = DIRECTION ( 'NONE',  ( -1.000000000000000000, 0.000000000000000000, 0.000000000000000000 ) ) ;
#2765 = ORIENTED_EDGE ( 'NONE', *, *, #2787, .F. ) ;
#2766 = EDGE_CURVE ( 'NONE', #631, #3914, #1205, .T. ) ;
#2767 = CARTESIAN_POINT ( 'NONE',  ( 20.00000000000000000, -46.89560220463059892, 2.560000000000000053 ) ) ;
#2768 = DIRECTION ( 'NONE',  ( -1.000000000000000000, 0.000000000000000000, 0.000000000000000000 ) ) ;
#2769 = CARTESIAN_POINT ( 'NONE',  ( 12.72119417154572041, -7.362702289499330810, 3.188694826293509976 ) ) ;
#2770 = CARTESIAN_POINT ( 'NONE',  ( 7.459059876943104683, -6.162702289498302122, 22.74057379928539646 ) ) ;
#2771 = ORIENTED_EDGE ( 'NONE', *, *, #1221, .T. ) ;
#2772 = CARTESIAN_POINT ( 'NONE',  ( 16.81755474909340009, -2.196035622831499889, 17.23369139927320148 ) ) ;
#2773 =( LENGTH_UNIT ( ) NAMED_UNIT ( * ) SI_UNIT ( .MILLI., .METRE. ) );
#2774 = CARTESIAN_POINT ( 'NONE',  ( 7.976719922119810846, 1.103964377168043853, 5.756957018991716524 ) ) ;
#2775 = ORIENTED_EDGE ( 'NONE', *, *, #1398, .T. ) ;
#2776 = CARTESIAN_POINT ( 'NONE',  ( 12.65529182719163970, 7.744397795369440729, 9.004429570773009317 ) ) ;
#2777 = FACE_OUTER_BOUND ( 'NONE', #2294, .T. ) ;
#2778 = CARTESIAN_POINT ( 'NONE',  ( 12.11500000000000021, -9.955602204630560337, 26.59999999999999787 ) ) ;
#2779 = CARTESIAN_POINT ( 'NONE',  ( 6.239718522303821402, -1.996035622831747514, 19.81668596752270872 ) ) ;
#2780 = UNCERTAINTY_MEASURE_WITH_UNIT (LENGTH_MEASURE( 1.000000000000000082E-05 ), #3662, 'distance_accuracy_value', 'NONE');
#2781 = CARTESIAN_POINT ( 'NONE',  ( -0.5613341656971539972, -8.696035622830759593, 16.13442329587185498 ) ) ;
#2782 = CARTESIAN_POINT ( 'NONE',  ( 10.81119791773843986, 2.387297710501564918, 19.52578959297239791 ) ) ;
#2783 = CIRCLE ( 'NONE', #1833, 8.050000000000000711 ) ;
#2784 = ORIENTED_EDGE ( 'NONE', *, *, #3946, .F. ) ;
#2785 = CARTESIAN_POINT ( 'NONE',  ( 10.00000000000000000, -50.45560220463060119, 16.29999999999999716 ) ) ;
#2786 = CARTESIAN_POINT ( 'NONE',  ( 12.11500000000000021, -12.51560220463055906, 24.03999999999999915 ) ) ;
#2787 = EDGE_CURVE ( 'NONE', #1136, #1170, #2530, .T. ) ;
#2788 = MECHANICAL_DESIGN_GEOMETRIC_PRESENTATION_REPRESENTATION (  '', ( #3659 ), #1176 ) ;
#2789 = CARTESIAN_POINT ( 'NONE',  ( -6.065551073586579503E-16, -12.51560220463055906, 2.560000000000000053 ) ) ;
#2790 = DIRECTION ( 'NONE',  ( 0.000000000000000000, 1.000000000000000000, 0.000000000000000000 ) ) ;
#2791 = VECTOR ( 'NONE', #225, 1000.000000000000000 ) ;
#2792 = CARTESIAN_POINT ( 'NONE',  ( 11.36664146529853880, -7.446035622832200218, 2.888322209202530022 ) ) ;
#2793 = CARTESIAN_POINT ( 'NONE',  ( 0.6782034505639259470, -8.196035622832690493, 7.922953887092069714 ) ) ;
#2794 = ORIENTED_EDGE ( 'NONE', *, *, #755, .F. ) ;
#2795 = CARTESIAN_POINT ( 'NONE',  ( 10.81119791773843986, 2.387297710501564918, 19.52578959297239791 ) ) ;
#2796 = CARTESIAN_POINT ( 'NONE',  ( 16.07839841383268009, -5.146035622831002243, 21.21550835391562728 ) ) ;
#2797 = ORIENTED_EDGE ( 'NONE', *, *, #2450, .T. ) ;
#2798 = DIRECTION ( 'NONE',  ( 0.000000000000000000, 0.000000000000000000, 1.000000000000000000 ) ) ;
#2799 = CARTESIAN_POINT ( 'NONE',  ( 11.37500000000000000, 12.94439779536943824, 13.29999999999999893 ) ) ;
#2800 = CARTESIAN_POINT ( 'NONE',  ( 1.173778631699588182, -8.062702289499368291, 18.38281730157248006 ) ) ;
#2801 = CARTESIAN_POINT ( 'NONE',  ( 11.37500000000000000, 16.54439779536944854, 17.63726584382374796 ) ) ;
#2802 = CARTESIAN_POINT ( 'NONE',  ( 11.79077967000246829, -0.1627022894982034784, 6.650798465176615437 ) ) ;
#2803 = CARTESIAN_POINT ( 'NONE',  ( 18.72005898617349828, -6.196035622831270295, 18.33022626971954949 ) ) ;
#2804 = AXIS2_PLACEMENT_3D ( 'NONE', #479, #2621, #1145 ) ;
#2805 = VECTOR ( 'NONE', #3771, 1000.000000000000000 ) ;
#2806 = CARTESIAN_POINT ( 'NONE',  ( 13.17530816402467941, 2.137297710501009806, 18.81666477055960129 ) ) ;
#2807 = ORIENTED_EDGE ( 'NONE', *, *, #4314, .F. ) ;
#2808 = CARTESIAN_POINT ( 'NONE',  ( 10.00000000000000000, -9.529368956165059856, 23.62902698495494747 ) ) ;
#2809 = CARTESIAN_POINT ( 'NONE',  ( -2.099999999999998757, -12.51560220463055195, 36.89999999999998437 ) ) ;
#2811 = CYLINDRICAL_SURFACE ( 'NONE', #4332, 4.549999999999999822 ) ;
#2810 = AXIS2_PLACEMENT_3D ( 'NONE', #4002, #1269, #1656 ) ;
#2812 = EDGE_CURVE ( 'NONE', #2930, #1324, #2932, .T. ) ;
#2813 = CARTESIAN_POINT ( 'NONE',  ( 12.11500000000000021, -12.51560220463055906, 24.03999999999999915 ) ) ;
#2814 = CARTESIAN_POINT ( 'NONE',  ( 12.36068607463827895, -3.362702289499085229, 4.530157575016150240 ) ) ;
#2815 = CARTESIAN_POINT ( 'NONE',  ( 17.09301398881553169, 0.8372977105011746302, 15.21005095356952808 ) ) ;
#2816 = ORIENTED_EDGE ( 'NONE', *, *, #3904, .F. ) ;
#2817 = CARTESIAN_POINT ( 'NONE',  ( 15.34834325292335144, 1.053964377168625788, 9.194476799213118667 ) ) ;
#2818 = CARTESIAN_POINT ( 'NONE',  ( 1.881678577042351863, -3.396035622831807821, 8.616593573469083722 ) ) ;
#2819 = ORIENTED_EDGE ( 'NONE', *, *, #1557, .F. ) ;
#2820 = DIRECTION ( 'NONE',  ( -0.2542116360690024335, 0.000000000000000000, 0.9671486153053837631 ) ) ;
#2821 = EDGE_CURVE ( 'NONE', #767, #2219, #3903, .T. ) ;
#2822 = CARTESIAN_POINT ( 'NONE',  ( 5.090592619987122092, -7.062702289498435704, 4.774647413285351583 ) ) ;
#2823 = DIRECTION ( 'NONE',  ( 0.000000000000000000, 0.000000000000000000, -1.000000000000000000 ) ) ;
#2824 = CARTESIAN_POINT ( 'NONE',  ( 16.81755474909340720, -2.996035622831500156, 17.23369139927222093 ) ) ;
#2825 = CARTESIAN_POINT ( 'NONE',  ( 7.098551779979320742, -9.362702289498688657, 24.08203654805069860 ) ) ;
#2826 = CARTESIAN_POINT ( 'NONE',  ( 10.00000000000000000, 6.470631043834940144, 18.51978517232030086 ) ) ;
#2827 = ORIENTED_EDGE ( 'NONE', *, *, #1097, .T. ) ;
#2828 = CARTESIAN_POINT ( 'NONE',  ( 19.32473811273409936, -6.612702289498430197, 12.08315066889760026 ) ) ;
#2829 = LINE ( 'NONE', #688, #4416 ) ;
#2830 = LINE ( 'NONE', #2789, #3386 ) ;
#2831 = CARTESIAN_POINT ( 'NONE',  ( 8.625000000000000000, 12.94439779536943824, 13.29999999999999893 ) ) ;
#2832 = CARTESIAN_POINT ( 'NONE',  ( 14.63773997506480029, 0.8872977105012439525, 7.271343875289590031 ) ) ;
#2833 = CARTESIAN_POINT ( 'NONE',  ( 10.82577291383551099, 3.753964377169324074, 7.020253568518316278 ) ) ;
#2834 = ADVANCED_FACE ( 'NONE', ( #2617 ), #3922, .T. ) ;
#2835 = ORIENTED_EDGE ( 'NONE', *, *, #3641, .F. ) ;
#2836 = CARTESIAN_POINT ( 'NONE',  ( 11.43027157313692044, 4.637297710502349624, 7.992261214160770955 ) ) ;
#2837 = CARTESIAN_POINT ( 'NONE',  ( 10.00000000000000000, 6.944397795369440018, 13.29999999999999893 ) ) ;
#2838 = EDGE_CURVE ( 'NONE', #2219, #2704, #2230, .T. ) ;
#2839 = ORIENTED_EDGE ( 'NONE', *, *, #2812, .F. ) ;
#2840 = ORIENTED_EDGE ( 'NONE', *, *, #79, .T. ) ;
#2841 = CARTESIAN_POINT ( 'NONE',  ( 8.918367806637954587, -2.812702289497483132, 5.008244727240072969 ) ) ;
#2842 = CARTESIAN_POINT ( 'NONE',  ( 14.29563732174866075, 12.94439779536943824, 11.79999999999999893 ) ) ;
#2843 = CARTESIAN_POINT ( 'NONE',  ( 18.19085572925651206, -7.746035622833169931, 7.009996180864825455 ) ) ;
#2844 = CARTESIAN_POINT ( 'NONE',  ( 16.46000000004010033, -37.43225098456194644, 26.59999999999999787 ) ) ;
#2845 = EDGE_CURVE ( 'NONE', #3362, #243, #1067, .T. ) ;
#2846 = CARTESIAN_POINT ( 'NONE',  ( 16.46000000004010033, -37.43225098456194644, 24.03999999999999915 ) ) ;
#2847 = EDGE_LOOP ( 'NONE', ( #1814, #4491, #697, #4318 ) ) ;
#2848 = CARTESIAN_POINT ( 'NONE',  ( 3.234340472227875019, -4.112702289499444497, 8.095870374585720342 ) ) ;
#2849 = CARTESIAN_POINT ( 'NONE',  ( -6.065551073586579503E-16, -47.95560220463060119, 25.10000000000000142 ) ) ;
#2850 = CARTESIAN_POINT ( 'NONE',  ( 20.00000000000000000, -9.955602204630560337, 24.03999999999999915 ) ) ;
#2851 = CARTESIAN_POINT ( 'NONE',  ( 2.236254636753109981, -0.3627022894980045375, 11.20969499805180014 ) ) ;
#2852 = CARTESIAN_POINT ( 'NONE',  ( 15.99280675297429788, 4.587297710501187176, 12.51929946552798611 ) ) ;
#2853 = AXIS2_PLACEMENT_3D ( 'NONE', #2566, #492, #2905 ) ;
#2854 = VECTOR ( 'NONE', #3250, 1000.000000000000000 ) ;
#2855 = VERTEX_POINT ( 'NONE', #4005 ) ;
#2856 = CARTESIAN_POINT ( 'NONE',  ( 4.335729973684140148, -0.1127022894979509970, 8.942291995882110101 ) ) ;
#2857 = FACE_OUTER_BOUND ( 'NONE', #2570, .T. ) ;
#2858 = CARTESIAN_POINT ( 'NONE',  ( 4.085174900219199046, 3.937297710501477699, 16.70479342635857023 ) ) ;
#2859 = CIRCLE ( 'NONE', #3077, 1.000000000000000888 ) ;
#2860 = ORIENTED_EDGE ( 'NONE', *, *, #3285, .T. ) ;
#2861 = EDGE_LOOP ( 'NONE', ( #3800, #2693, #3035, #604, #942, #2614, #4119, #2761, #3949, #4277, #11, #2240 ) ) ;
#2862 = CARTESIAN_POINT ( 'NONE',  ( 12.35464391547897911, -4.896035622831192313, 22.07605896280699653 ) ) ;
#2863 = DIRECTION ( 'NONE',  ( 0.000000000000000000, -1.000000000000000000, 0.000000000000000000 ) ) ;
#2864 = EDGE_CURVE ( 'NONE', #1246, #2902, #630, .T. ) ;
#2865 = CARTESIAN_POINT ( 'NONE',  ( 15.23197679276344907, -1.946035622831524980, 20.11411885266049993 ) ) ;
#2866 = DIRECTION ( 'NONE',  ( 0.000000000000000000, -1.000000000000000000, 0.000000000000000000 ) ) ;
#2867 = ORIENTED_EDGE ( 'NONE', *, *, #133, .F. ) ;
#2868 = CARTESIAN_POINT ( 'NONE',  ( 7.668458184601549377, -5.362702289498310293, 21.96139565802160121 ) ) ;
#2869 = CARTESIAN_POINT ( 'NONE',  ( 10.00000000000000000, 6.470631043834940144, 18.11978517232029873 ) ) ;
#2870 = PRESENTATION_LAYER_ASSIGNMENT (  '', '', ( #3459 ) ) ;
#2871 = VECTOR ( 'NONE', #139, 1000.000000000000000 ) ;
#2872 = CARTESIAN_POINT ( 'NONE',  ( 10.00000000000000000, -50.45560220463060119, 10.30000000000000071 ) ) ;
#2873 = AXIS2_PLACEMENT_3D ( 'NONE', #1443, #2061, #2465 ) ;
#2874 = EDGE_CURVE ( 'NONE', #2611, #2978, #2222, .T. ) ;
#2875 = AXIS2_PLACEMENT_3D ( 'NONE', #4284, #429, #2247 ) ;
#2876 = DIRECTION ( 'NONE',  ( 0.000000000000000000, -1.000000000000000000, 0.000000000000000000 ) ) ;
#2877 = CARTESIAN_POINT ( 'NONE',  ( 4.085174900219199934, 3.137297710501480097, 16.70479342635779929 ) ) ;
#2878 = CARTESIAN_POINT ( 'NONE',  ( 20.06735017743330118, -6.446035622831690404, 14.62156908605201977 ) ) ;
#2879 = AXIS2_PLACEMENT_3D ( 'NONE', #4028, #3028, #2666 ) ;
#2880 = ORIENTED_EDGE ( 'NONE', *, *, #2888, .T. ) ;
#2881 = CARTESIAN_POINT ( 'NONE',  ( 10.00000000000000000, 7.844397795369440374, 13.29999999999999893 ) ) ;
#2882 =( NAMED_UNIT ( * ) SI_UNIT ( $, .STERADIAN. ) SOLID_ANGLE_UNIT ( ) );
#2883 = ORIENTED_EDGE ( 'NONE', *, *, #4069, .T. ) ;
#2884 = ORIENTED_EDGE ( 'NONE', *, *, #3462, .T. ) ;
#2885 = CARTESIAN_POINT ( 'NONE',  ( 10.73562816636726858, 7.187297710500775594, 18.94847914090756547 ) ) ;
#2886 = CARTESIAN_POINT ( 'NONE',  ( 10.00000000000000000, 16.54439779536944854, 13.29999999999999893 ) ) ;
#2887 = CARTESIAN_POINT ( 'NONE',  ( 15.98807672662974966, 1.053964377168625788, 8.702839423015879206 ) ) ;
#2888 = EDGE_CURVE ( 'NONE', #81, #3048, #3602, .T. ) ;
#2889 = LINE ( 'NONE', #1904, #2513 ) ;
#2890 = ORIENTED_EDGE ( 'NONE', *, *, #63, .T. ) ;
#2891 = CARTESIAN_POINT ( 'NONE',  ( 10.99148743484706081, -1.612702289497265129, 20.90310004624050322 ) ) ;
#2892 = CARTESIAN_POINT ( 'NONE',  ( -6.065551073586579503E-16, -9.955602204630560337, 0.000000000000000000 ) ) ;
#2893 = CARTESIAN_POINT ( 'NONE',  ( 2.132950970953714886, -8.112702289498770369, 7.249448753365260067 ) ) ;
#2894 = DIRECTION ( 'NONE',  ( 0.000000000000000000, 0.000000000000000000, 1.000000000000000000 ) ) ;
#2895 = CARTESIAN_POINT ( 'NONE',  ( 11.63966988102894007, 4.637297710502349624, 7.213083072994099787 ) ) ;
#2896 = CARTESIAN_POINT ( 'NONE',  ( 2.881699773810315168, -0.8627022894986859924, 17.39843311295100037 ) ) ;
#2897 = EDGE_CURVE ( 'NONE', #4515, #4468, #410, .T. ) ;
#2898 = CARTESIAN_POINT ( 'NONE',  ( 20.00000000000000000, -47.95560220463060119, 1.500000000000000000 ) ) ;
#2899 = ORIENTED_EDGE ( 'NONE', *, *, #357, .T. ) ;
#2900 = DIRECTION ( 'NONE',  ( -1.000000000000000000, 0.000000000000000000, 0.000000000000000000 ) ) ;
#2901 = CARTESIAN_POINT ( 'NONE',  ( 13.57820334800573114, 2.937297710501014514, 19.51569388137101058 ) ) ;
#2902 = VERTEX_POINT ( 'NONE', #2869 ) ;
#2903 = ORIENTED_EDGE ( 'NONE', *, *, #1602, .T. ) ;
#2904 = CARTESIAN_POINT ( 'NONE',  ( 10.99148743484705015, -0.8127022894972600886, 20.90310004624048901 ) ) ;
#2905 = DIRECTION ( 'NONE',  ( 0.000000000000000000, 0.000000000000000000, 1.000000000000000000 ) ) ;
#2906 = CARTESIAN_POINT ( 'NONE',  ( 13.57820334800571871, 2.137297710501009806, 19.51569388137099992 ) ) ;
#2907 = CARTESIAN_POINT ( 'NONE',  ( 7.344708172808370072, 7.744397795369440729, 8.004429570773011093 ) ) ;
#2908 = ORIENTED_EDGE ( 'NONE', *, *, #4307, .T. ) ;
#2909 = CARTESIAN_POINT ( 'NONE',  ( 2.900769473035959667, -0.6960356228314399374, 15.20400879434030017 ) ) ;
#2910 = CARTESIAN_POINT ( 'NONE',  ( 20.00000000000000000, -49.45560220463060119, 1.500000000000000000 ) ) ;
#2911 = PRODUCT_CONTEXT ( 'NONE', #3518, 'mechanical' ) ;
#2912 = DIRECTION ( 'NONE',  ( 1.000000000000000000, 0.000000000000000000, -1.427144654353157974E-16 ) ) ;
#2913 = CARTESIAN_POINT ( 'NONE',  ( 13.57820334800571871, 2.137297710501009806, 19.51569388137099992 ) ) ;
#2914 = CARTESIAN_POINT ( 'NONE',  ( 20.12473811273870083, -6.612702289498430197, 11.97843091394796033 ) ) ;
#2915 = ADVANCED_FACE ( 'NONE', ( #1843 ), #3236, .T. ) ;
#2916 = DIRECTION ( 'NONE',  ( 0.000000000000000000, 0.000000000000000000, -1.000000000000000000 ) ) ;
#2917 = ORIENTED_EDGE ( 'NONE', *, *, #2584, .T. ) ;
#2918 = DIRECTION ( 'NONE',  ( 0.000000000000000000, 1.000000000000000000, 0.000000000000000000 ) ) ;
#2919 = VECTOR ( 'NONE', #1138, 1000.000000000000114 ) ;
#2920 = FACE_OUTER_BOUND ( 'NONE', #2166, .T. ) ;
#2921 = CARTESIAN_POINT ( 'NONE',  ( 9.999999999999998224, 5.670631043834935880, 18.11978517232028096 ) ) ;
#2922 = ORIENTED_EDGE ( 'NONE', *, *, #3598, .F. ) ;
#2923 = AXIS2_PLACEMENT_3D ( 'NONE', #1627, #263, #634 ) ;
#2924 = EDGE_LOOP ( 'NONE', ( #3321, #267 ) ) ;
#2925 = CARTESIAN_POINT ( 'NONE',  ( 7.171511679237324799, 4.937297710501287185, 8.385072792654611362 ) ) ;
#2926 = CARTESIAN_POINT ( 'NONE',  ( 6.869270479910480454, 6.944397795369440018, 14.93409348710981988 ) ) ;
#2927 = VECTOR ( 'NONE', #3024, 1000.000000000000000 ) ;
#2928 = CARTESIAN_POINT ( 'NONE',  ( 8.813648051728868893, -3.612702289497484731, 4.208244727240065153 ) ) ;
#2929 = CARTESIAN_POINT ( 'NONE',  ( 10.00000000000000000, 6.470631043834940144, 18.11978517232029873 ) ) ;
#2930 = VERTEX_POINT ( 'NONE', #2892 ) ;
#2931 = CARTESIAN_POINT ( 'NONE',  ( 10.90134267630839915, 0.5539643771691570295, 6.442943115463879877 ) ) ;
#2932 = LINE ( 'NONE', #861, #2587 ) ;
#2933 = FACE_OUTER_BOUND ( 'NONE', #1809, .T. ) ;
#2934 = DIRECTION ( 'NONE',  ( 0.000000000000000000, 0.000000000000000000, 1.000000000000000000 ) ) ;
#2935 = CARTESIAN_POINT ( 'NONE',  ( -1.520651777823834939E-15, 12.94439779536943824, 14.80000000000000071 ) ) ;
#2936 = CARTESIAN_POINT ( 'NONE',  ( 1.998615502166965152, -0.4460356228318835270, 12.24886518957177906 ) ) ;
#2937 = CIRCLE ( 'NONE', #4110, 2.000000000000000000 ) ;
#2938 = CIRCLE ( 'NONE', #4406, 0.4000000000000010214 ) ;
#2939 = AXIS2_PLACEMENT_3D ( 'NONE', #910, #1641, #4402 ) ;
#2940 = EDGE_CURVE ( 'NONE', #4468, #1121, #1857, .T. ) ;
#2942 = CARTESIAN_POINT ( 'NONE',  ( 15.12212218895549931, 7.744397795369440729, 12.84561508435411881 ) ) ;
#2941 = AXIS2_PLACEMENT_3D ( 'NONE', #72, #1374, #1417 ) ;
#2943 = ORIENTED_EDGE ( 'NONE', *, *, #1920, .T. ) ;
#2944 = DIRECTION ( 'NONE',  ( 0.000000000000000000, -1.000000000000000000, 0.000000000000000000 ) ) ;
#2945 = CARTESIAN_POINT ( 'NONE',  ( 12.11500000000000021, -12.51560220463055906, 24.03999999999999915 ) ) ;
#2946 = CARTESIAN_POINT ( 'NONE',  ( 15.11357527561094116, 1.087297710502205250, 17.23449719354201193 ) ) ;
#2947 = VECTOR ( 'NONE', #4404, 1000.000000000000000 ) ;
#2948 = VECTOR ( 'NONE', #3960, 1000.000000000000000 ) ;
#2949 = EDGE_LOOP ( 'NONE', ( #61, #1629, #3820, #959 ) ) ;
#2950 = VECTOR ( 'NONE', #2663, 1000.000000000000000 ) ;
#2951 = CARTESIAN_POINT ( 'NONE',  ( 14.24695375163087263, 5.853964377168086486, 10.04089842015209477 ) ) ;
#2952 = FACE_BOUND ( 'NONE', #1310, .T. ) ;
#2953 = CARTESIAN_POINT ( 'NONE',  ( 4.449543965503977461, -8.396035622831426792, 22.92266533108237780 ) ) ;
#2954 = ORIENTED_EDGE ( 'NONE', *, *, #642, .T. ) ;
#2955 = EDGE_CURVE ( 'NONE', #4213, #1855, #2549, .T. ) ;
#2956 = CARTESIAN_POINT ( 'NONE',  ( 10.00000000000000000, -50.45560220463060119, 13.29999999999999893 ) ) ;
#2957 = CARTESIAN_POINT ( 'NONE',  ( 5.608822729197471268, 13.86545147677511025, 12.09969113913596850 ) ) ;
#2958 = ORIENTED_EDGE ( 'NONE', *, *, #3292, .T. ) ;
#2959 = CARTESIAN_POINT ( 'NONE',  ( 10.00000000000000000, 6.470631043834940144, 18.11978517232029873 ) ) ;
#2960 = CARTESIAN_POINT ( 'NONE',  ( 5.635024485945769435, 7.744397795369440729, 18.83619804213210003 ) ) ;
#2961 = B_SPLINE_CURVE_WITH_KNOTS ( 'NONE', 3,
 ( #3966, #2964, #2234, #3630, #886, #2599, #502, #1253, #204, #3672, #3988, #1890, #864, #2253, #3650, #525, #551, #1592, #2983, #3739 ),
 .UNSPECIFIED., .F., .F.,
 ( 4, 2, 2, 2, 2, 2, 2, 2, 2, 4 ),
 ( 0.000000000000000000, 0.1250000000000000555, 0.2500000000000001110, 0.3750000000000001665, 0.5000000000000002220, 0.6250000000000002220, 0.7500000000000003331, 0.8125000000000003331, 0.8750000000000004441, 1.000000000000000000 ),
 .UNSPECIFIED. ) ;
#2962 = CARTESIAN_POINT ( 'NONE',  ( 7.307950087598890754, -9.362702289498688657, 23.30285840677045073 ) ) ;
#2963 = DIRECTION ( 'NONE',  ( 0.000000000000000000, -1.000000000000000000, 0.000000000000000000 ) ) ;
#2964 = CARTESIAN_POINT ( 'NONE',  ( 14.29566248568634279, 13.14079486157388921, 14.79992793656675509 ) ) ;
#2965 = CARTESIAN_POINT ( 'NONE',  ( 12.36068607463827895, -3.362702289499085229, 4.530157575016150240 ) ) ;
#2966 = ORIENTED_EDGE ( 'NONE', *, *, #2615, .F. ) ;
#2967 = CARTESIAN_POINT ( 'NONE',  ( 8.625000000000000000, 16.54439779536944854, 13.29999999999999893 ) ) ;
#2968 = DIRECTION ( 'NONE',  ( 1.000000000000000000, 0.000000000000000000, 0.000000000000000000 ) ) ;
#2969 = CARTESIAN_POINT ( 'NONE',  ( 9.999999999999998224, -10.32936895616505879, 24.42902698495495528 ) ) ;
#2970 = VERTEX_POINT ( 'NONE', #2910 ) ;
#2971 = CARTESIAN_POINT ( 'NONE',  ( 6.933358208715205251, 3.603964377169156297, 18.61321084122289804 ) ) ;
#2972 = PLANE ( 'NONE',  #2923 ) ;
#2973 = CARTESIAN_POINT ( 'NONE',  ( 3.498390775636264216, -7.146035622831355738, 4.833796895505642510 ) ) ;
#2974 = EDGE_CURVE ( 'NONE', #2468, #1580, #3176, .T. ) ;
#2975 = ORIENTED_EDGE ( 'NONE', *, *, #4208, .T. ) ;
#2976 = DIRECTION ( 'NONE',  ( 1.000000000000000000, 0.000000000000000000, 0.000000000000000000 ) ) ;
#2977 = PLANE ( 'NONE',  #4495 ) ;
#2978 = VERTEX_POINT ( 'NONE', #132 ) ;
#2979 = CARTESIAN_POINT ( 'NONE',  ( 8.389474378434998769, 2.637297710500714931, 19.27847016036829686 ) ) ;
#2980 = DIRECTION ( 'NONE',  ( 0.000000000000000000, 1.000000000000000000, 0.000000000000000000 ) ) ;
#2981 = CARTESIAN_POINT ( 'NONE',  ( 16.81755474909340009, -2.196035622831499889, 17.23369139927320148 ) ) ;
#2982 = CARTESIAN_POINT ( 'NONE',  ( 5.015879022959349953, 6.944397795369440018, 19.62147436016499924 ) ) ;
#2983 = CARTESIAN_POINT ( 'NONE',  ( 14.29566221807029791, 13.14374010520749714, 11.80007129704559254 ) ) ;
#2984 = CARTESIAN_POINT ( 'NONE',  ( 10.73562816636630046, 6.387297710500770442, 18.94847914090754770 ) ) ;
#2985 = CARTESIAN_POINT ( 'NONE',  ( 22.10000000000000142, -12.51560220463055906, 13.29999999999999893 ) ) ;
#2986 = EDGE_LOOP ( 'NONE', ( #3593, #4481, #915, #4360, #2196, #1294, #2586, #4242 ) ) ;
#2987 = LINE ( 'NONE', #4436, #395 ) ;
#2988 = DIRECTION ( 'NONE',  ( 1.000000000000000000, 0.000000000000000000, 0.000000000000000000 ) ) ;
#2989 = CARTESIAN_POINT ( 'NONE',  ( 4.356895526906397365, 2.837297710502167281, 11.77960140265784261 ) ) ;
#2990 = ORIENTED_EDGE ( 'NONE', *, *, #1329, .F. ) ;
#2991 = CARTESIAN_POINT ( 'NONE',  ( 16.57011720627605200, 2.187297710502500436, 12.44372970296852188 ) ) ;
#2992 = CARTESIAN_POINT ( 'NONE',  ( 14.88668722522796095, 5.053964377168089328, 9.549261043854590625 ) ) ;
#2993 = COLOUR_RGB ( '',0.7921568627450980005, 0.8196078431372548767, 0.9333333333333333481 ) ;
#2994 = ORIENTED_EDGE ( 'NONE', *, *, #2101, .T. ) ;
#2995 = DIRECTION ( 'NONE',  ( 0.000000000000000000, 1.000000000000000000, 0.000000000000000000 ) ) ;
#2996 = EDGE_CURVE ( 'NONE', #3022, #489, #4305, .T. ) ;
#2997 = CARTESIAN_POINT ( 'NONE',  ( 5.541744235240175342, 14.14533644243374511, 14.22055207040602731 ) ) ;
#2998 = VECTOR ( 'NONE', #1616, 1000.000000000000000 ) ;
#2999 = ORIENTED_EDGE ( 'NONE', *, *, #1000, .T. ) ;
#3000 = CARTESIAN_POINT ( 'NONE',  ( 4.175925955237600462, 3.553964377168465028, 12.53387446155496043 ) ) ;
#3001 = CARTESIAN_POINT ( 'NONE',  ( 12.11500000000000021, -12.51560220463055906, 1.804063233870234612E-15 ) ) ;
#3002 = CARTESIAN_POINT ( 'NONE',  ( 11.99413581855205990, -1.696035622831054912, 20.73459621410850318 ) ) ;
#3003 = DIRECTION ( 'NONE',  ( 0.000000000000000000, 1.000000000000000000, 0.000000000000000000 ) ) ;
#3004 = CARTESIAN_POINT ( 'NONE',  ( 11.68814321188623850, 7.744397795369440729, 8.750217934704009437 ) ) ;
#3005 = DIRECTION ( 'NONE',  ( 0.000000000000000000, 0.000000000000000000, -1.000000000000000000 ) ) ;
#3006 = EDGE_LOOP ( 'NONE', ( #4096, #1511 ) ) ;
#3007 = EDGE_CURVE ( 'NONE', #1802, #161, #1563, .T. ) ;
#3008 = CARTESIAN_POINT ( 'NONE',  ( 10.00000000000000000, 7.844397795369440374, 16.85000000000000142 ) ) ;
#3009 = ORIENTED_EDGE ( 'NONE', *, *, #2864, .T. ) ;
#3010 = FACE_OUTER_BOUND ( 'NONE', #2174, .T. ) ;
#3011 = CARTESIAN_POINT ( 'NONE',  ( 13.18109218901175872, 7.744397795369440729, 8.153821564985490156 ) ) ;
#3012 = CARTESIAN_POINT ( 'NONE',  ( 1.678224647349457754, -5.662702289497751451, 18.09207279940135749 ) ) ;
#3013 = VECTOR ( 'NONE', #4458, 1000.000000000000000 ) ;
#3014 = AXIS2_PLACEMENT_3D ( 'NONE', #937, #597, #2350 ) ;
#3015 = EDGE_LOOP ( 'NONE', ( #261, #3845, #2492, #2840 ) ) ;
#3016 = ORIENTED_EDGE ( 'NONE', *, *, #1865, .F. ) ;
#3017 = CARTESIAN_POINT ( 'NONE',  ( 2.999572495164794628, -4.946035622831869816, 18.67515563245305188 ) ) ;
#3018 = FACE_BOUND ( 'NONE', #99, .T. ) ;
#3019 = AXIS2_PLACEMENT_3D ( 'NONE', #54, #1420, #323 ) ;
#3020 = VECTOR ( 'NONE', #107, 1000.000000000000000 ) ;
#3021 = CARTESIAN_POINT ( 'NONE',  ( 15.20363619132388955, -6.396035622830500422, 4.279072232160585187 ) ) ;
#3022 = VERTEX_POINT ( 'NONE', #3278 ) ;
#3023 = VECTOR ( 'NONE', #4425, 1000.000000000000000 ) ;
#3024 = DIRECTION ( 'NONE',  ( -1.000000000000000000, 0.000000000000000000, 0.000000000000000000 ) ) ;
#3025 = PLANE ( 'NONE',  #2007 ) ;
#3026 = ORIENTED_EDGE ( 'NONE', *, *, #2845, .F. ) ;
#3027 = CARTESIAN_POINT ( 'NONE',  ( 14.80074100717592245, -7.996035622831090706, 4.978101342905007165 ) ) ;
#3028 = DIRECTION ( 'NONE',  ( 0.000000000000000000, 1.000000000000000000, 0.000000000000000000 ) ) ;
#3029 = ADVANCED_FACE ( 'NONE', ( #1227 ), #3763, .T. ) ;
#3030 = CARTESIAN_POINT ( 'NONE',  ( 2.798615502166965197, -0.4460356228318835270, 12.35358494442568045 ) ) ;
#3031 = CARTESIAN_POINT ( 'NONE',  ( 10.00000000000000000, 9.344397795369440374, 13.29999999999999893 ) ) ;
#3032 = CARTESIAN_POINT ( 'NONE',  ( 20.00000000000000000, -9.955602204630560337, 24.03999999999999915 ) ) ;
#3033 = CARTESIAN_POINT ( 'NONE',  ( 14.38555517178711973, 2.053964377167664779, 19.01272935132269737 ) ) ;
#3034 = ADVANCED_FACE ( 'NONE', ( #3669 ), #3694, .F. ) ;
#3035 = ORIENTED_EDGE ( 'NONE', *, *, #4407, .F. ) ;
#3036 = CARTESIAN_POINT ( 'NONE',  ( 12.11500000000000021, -12.51560220463055906, 24.03999999999999915 ) ) ;
#3037 = CARTESIAN_POINT ( 'NONE',  ( -6.065551073586579503E-16, -47.95560220463060119, 26.59999999999999787 ) ) ;
#3038 = CARTESIAN_POINT ( 'NONE',  ( 3.461228522665743768, -1.746035622831805911, 18.32037138750592931 ) ) ;
#3039 = ADVANCED_FACE ( 'NONE', ( #4451 ), #1318, .T. ) ;
#3040 = ORIENTED_EDGE ( 'NONE', *, *, #755, .T. ) ;
#3041 = ORIENTED_EDGE ( 'NONE', *, *, #1089, .T. ) ;
#3042 = CARTESIAN_POINT ( 'NONE',  ( 15.58676103773015065, -5.946035622831000289, 20.57577488012195133 ) ) ;
#3043 =( NAMED_UNIT ( * ) PLANE_ANGLE_UNIT ( ) SI_UNIT ( $, .RADIAN. ) );
#3044 = CARTESIAN_POINT ( 'NONE',  ( -0.7560054040712756995, -7.646035622830449796, 11.88828615545472722 ) ) ;
#3045 = ORIENTED_EDGE ( 'NONE', *, *, #504, .F. ) ;
#3046 = CARTESIAN_POINT ( 'NONE',  ( 15.80732865661545183, 7.744397795369440729, 11.60369994574866048 ) ) ;
#3047 = CYLINDRICAL_SURFACE ( 'NONE', #2518, 3.531533498719034547 ) ;
#3048 = VERTEX_POINT ( 'NONE', #1981 ) ;
#3049 = CARTESIAN_POINT ( 'NONE',  ( 4.118538020383880394, 3.387297710501409931, 14.06612553844501967 ) ) ;
#3050 = DIRECTION ( 'NONE',  ( 0.000000000000000000, 0.000000000000000000, 1.000000000000000000 ) ) ;
#3051 = CARTESIAN_POINT ( 'NONE',  ( 12.51179586390953880, -7.362702289499330810, 3.967872967567145359 ) ) ;
#3052 = PLANE ( 'NONE',  #106 ) ;
#3053 = CARTESIAN_POINT ( 'NONE',  ( 12.65529182719163970, 7.744397795369440729, 8.004429570773011093 ) ) ;
#3054 = CARTESIAN_POINT ( 'NONE',  ( 3.463054080567369741, 3.303964377168394861, 15.05289900536469894 ) ) ;
#3055 = VERTEX_POINT ( 'NONE', #2640 ) ;
#3056 = CARTESIAN_POINT ( 'NONE',  ( 7.884999999999999787, -12.51560220463055906, 2.560000000000000053 ) ) ;
#3057 = ADVANCED_FACE ( 'NONE', ( #3715 ), #641, .T. ) ;
#3058 = CARTESIAN_POINT ( 'NONE',  ( 16.85469825077250050, -2.112702289498604724, 18.57255619087539955 ) ) ;
#3059 = CARTESIAN_POINT ( 'NONE',  ( 4.939049214412077227, -1.912702289498320996, 19.87935087541621471 ) ) ;
#3060 = ORIENTED_EDGE ( 'NONE', *, *, #2044, .T. ) ;
#3061 = ORIENTED_EDGE ( 'NONE', *, *, #4147, .F. ) ;
#3062 = CARTESIAN_POINT ( 'NONE',  ( 2.580707687802549888, -4.196035622831810308, 9.019488757581489935 ) ) ;
#3063 = SURFACE_STYLE_FILL_AREA ( #2470 ) ;
#3064 = CARTESIAN_POINT ( 'NONE',  ( 14.27184303457928216, -1.062702289499067643, 20.71916900783164550 ) ) ;
#3065 = VERTEX_POINT ( 'NONE', #2270 ) ;
#3066 = FACE_OUTER_BOUND ( 'NONE', #3132, .T. ) ;
#3067 = CARTESIAN_POINT ( 'NONE',  ( -2.099999999999998757, -12.51560220463056794, 36.89999999999998437 ) ) ;
#3068 = DIRECTION ( 'NONE',  ( 0.000000000000000000, 0.000000000000000000, 1.000000000000000000 ) ) ;
#3069 = CARTESIAN_POINT ( 'NONE',  ( 12.15128776695264889, -4.162702289499088160, 5.309335716268797078 ) ) ;
#3070 = CLOSED_SHELL ( 'NONE', ( #1810, #2682, #2503, #1702 ) ) ;
#3071 = CARTESIAN_POINT ( 'NONE',  ( 10.00000000000000000, -50.45560220463060119, 16.29999999999999716 ) ) ;
#3072 = AXIS2_PLACEMENT_3D ( 'NONE', #4138, #3457, #330 ) ;
#3073 = CARTESIAN_POINT ( 'NONE',  ( 18.99676134530670168, -6.362702289498860075, 15.72166883968250239 ) ) ;
#3074 = CARTESIAN_POINT ( 'NONE',  ( 12.11500000000000021, -12.51560220463055906, 26.59999999999999787 ) ) ;
#3075 = FACE_OUTER_BOUND ( 'NONE', #2039, .T. ) ;
#3076 = CARTESIAN_POINT ( 'NONE',  ( 16.51656266302684983, 1.137297710501152137, 9.548386730308310533 ) ) ;
#3077 = AXIS2_PLACEMENT_3D ( 'NONE', #3395, #265, #4447 ) ;
#3078 = EDGE_LOOP ( 'NONE', ( #2020, #302 ) ) ;
#3079 = CYLINDRICAL_SURFACE ( 'NONE', #3460, 3.531533498719039876 ) ;
#3080 = PRESENTATION_STYLE_ASSIGNMENT (( #3428 ) ) ;
#3081 = CARTESIAN_POINT ( 'NONE',  ( 8.633358534701459419, -7.612702289497930153, 2.830934274046225330 ) ) ;
#3082 = CARTESIAN_POINT ( 'NONE',  ( 5.143183651834361214, -5.996035622831815459, 21.71919020467331052 ) ) ;
#3083 = VERTEX_POINT ( 'NONE', #544 ) ;
#3084 = CARTESIAN_POINT ( 'NONE',  ( 10.00000000000000000, -9.529368956165059856, 23.62902698495494747 ) ) ;
#3085 = FACE_OUTER_BOUND ( 'NONE', #2847, .T. ) ;
#3086 = CARTESIAN_POINT ( 'NONE',  ( 18.54914004253009807, -1.896035622831719003, 11.00633884953911235 ) ) ;
#3087 = AXIS2_PLACEMENT_3D ( 'NONE', #803, #868, #121 ) ;
#3088 = AXIS2_PLACEMENT_3D ( 'NONE', #2408, #1406, #3828 ) ;
#3089 = EDGE_CURVE ( 'NONE', #490, #1132, #4269, .T. ) ;
#3090 = VERTEX_POINT ( 'NONE', #4056 ) ;
#3091 = CARTESIAN_POINT ( 'NONE',  ( 12.11500000000000021, -9.955602204630560337, 2.560000000000000053 ) ) ;
#3092 = AXIS2_PLACEMENT_3D ( 'NONE', #1941, #3377, #3696 ) ;
#3093 = CARTESIAN_POINT ( 'NONE',  ( 20.00000000000000000, -12.51560220463055906, 2.560000000000000053 ) ) ;
#3094 = AXIS2_PLACEMENT_3D ( 'NONE', #2849, #2446, #4154 ) ;
#3095 = CARTESIAN_POINT ( 'NONE',  ( 14.31213864687564552, 12.55456161605778220, 11.84797685107408327 ) ) ;
#3096 = CARTESIAN_POINT ( 'NONE',  ( 16.42849915255499127, 0.5039643771687162266, 11.57624525409533334 ) ) ;
#3097 = DIRECTION ( 'NONE',  ( 0.000000000000000000, 0.000000000000000000, -1.000000000000000000 ) ) ;
#3098 = VECTOR ( 'NONE', #3494, 1000.000000000000000 ) ;
#3099 = ADVANCED_FACE ( 'NONE', ( #905 ), #2710, .T. ) ;
#3100 = CARTESIAN_POINT ( 'NONE',  ( 12.71982194806608213, 4.803964377167520006, 8.588526721834169209 ) ) ;
#3101 = EDGE_LOOP ( 'NONE', ( #3974, #1906, #935, #2194 ) ) ;
#3102 = AXIS2_PLACEMENT_3D ( 'NONE', #2844, #2479, #1096 ) ;
#3103 = CARTESIAN_POINT ( 'NONE',  ( 4.852439149668560603, -9.196035622831439937, 22.22363622034460207 ) ) ;
#3104 = PLANE ( 'NONE',  #3297 ) ;
#3105 = CARTESIAN_POINT ( 'NONE',  ( -2.100000000000000089, -12.51560220463055906, 13.29999999999999893 ) ) ;
#3106 = ORIENTED_EDGE ( 'NONE', *, *, #3979, .T. ) ;
#3107 = LINE ( 'NONE', #2511, #546 ) ;
#3108 = CARTESIAN_POINT ( 'NONE',  ( 8.311856788113749062, 6.944397795369440018, 8.750217934704009437 ) ) ;
#3109 = CARTESIAN_POINT ( 'NONE',  ( 14.50999650493715976, -3.196035622831040257, 5.482547358612269939 ) ) ;
#3110 = CARTESIAN_POINT ( 'NONE',  ( 2.359839021379336987, -5.746035622831872303, 19.16679300856606361 ) ) ;
#3111 = VERTEX_POINT ( 'NONE', #590 ) ;
#3112 = CARTESIAN_POINT ( 'NONE',  ( -0.01339333925947009882, -8.612702289499670982, 14.60699408957439971 ) ) ;
#3113 = CARTESIAN_POINT ( 'NONE',  ( -6.065551073586579503E-16, -9.955602204630560337, 24.03999999999999915 ) ) ;
#3114 = CARTESIAN_POINT ( 'NONE',  ( 4.092627593243235218, -4.312702289498247410, 20.98074037681132964 ) ) ;
#3115 = ORIENTED_EDGE ( 'NONE', *, *, #936, .T. ) ;
#3116 = DIRECTION ( 'NONE',  ( 0.000000000000000000, 0.000000000000000000, 1.000000000000000000 ) ) ;
#3117 = DIRECTION ( 'NONE',  ( -1.000000000000000000, 0.000000000000000000, 1.427144654353157974E-16 ) ) ;
#3118 = CARTESIAN_POINT ( 'NONE',  ( 14.48994920580552304, 11.63579903429023865, 14.05959684948989619 ) ) ;
#3119 = EDGE_CURVE ( 'NONE', #2134, #3362, #979, .T. ) ;
#3120 = CARTESIAN_POINT ( 'NONE',  ( 8.918367806637954587, -4.412702289497486774, 5.008244727240072969 ) ) ;
#3121 = DIRECTION ( 'NONE',  ( 0.000000000000000000, 0.000000000000000000, 1.000000000000000000 ) ) ;
#3122 = CARTESIAN_POINT ( 'NONE',  ( 4.175925955237600462, 3.553964377168465028, 12.53387446155496043 ) ) ;
#3123 = ORIENTED_EDGE ( 'NONE', *, *, #2393, .F. ) ;
#3124 = EDGE_CURVE ( 'NONE', #775, #2454, #553, .T. ) ;
#3125 = CARTESIAN_POINT ( 'NONE',  ( 1.377232561305502090, -8.196035622832690493, 8.325849071249729505 ) ) ;
#3126 = LINE ( 'NONE', #2011, #1909 ) ;
#3127 = CARTESIAN_POINT ( 'NONE',  ( 10.00000000000000000, -50.45560220463060119, 9.299999999999998934 ) ) ;
#3128 = PRESENTATION_STYLE_ASSIGNMENT (( #4204 ) ) ;
#3129 = DIRECTION ( 'NONE',  ( 0.2542116360690024335, 0.000000000000000000, 0.9671486153053837631 ) ) ;
#3130 = CARTESIAN_POINT ( 'NONE',  ( 17.51658385986430133, -2.196035622831499889, 17.63658658335549845 ) ) ;
#3131 = CARTESIAN_POINT ( 'NONE',  ( 9.999999999999998224, 5.670631043834935880, 18.91978517232028523 ) ) ;
#3132 = EDGE_LOOP ( 'NONE', ( #2966, #1165, #1586, #2585 ) ) ;
#3133 = CARTESIAN_POINT ( 'NONE',  ( 5.437119475127650148, 3.887297710501549819, 9.788713617023040214 ) ) ;
#3134 =( NAMED_UNIT ( * ) PLANE_ANGLE_UNIT ( ) SI_UNIT ( $, .RADIAN. ) );
#3135 = CARTESIAN_POINT ( 'NONE',  ( 12.36068607463826119, -2.562702289499083186, 4.530157575016152904 ) ) ;
#3136 = ORIENTED_EDGE ( 'NONE', *, *, #807, .F. ) ;
#3137 = FACE_OUTER_BOUND ( 'NONE', #4497, .T. ) ;
#3138 = CARTESIAN_POINT ( 'NONE',  ( 20.00000000000000000, -9.955602204630560337, 24.03999999999999915 ) ) ;
#3139 = CARTESIAN_POINT ( 'NONE',  ( 0.04399459592876517333, -7.646035622830449796, 11.99300591042559638 ) ) ;
#3140 = CARTESIAN_POINT ( 'NONE',  ( 14.39117727080452624, 12.02334411395482050, 12.09969113914431738 ) ) ;
#3141 = CARTESIAN_POINT ( 'NONE',  ( 16.31383584760432726, 0.8372977105011746302, 15.00065264577974133 ) ) ;
#3142 = CARTESIAN_POINT ( 'NONE',  ( 11.36664146529853880, -7.446035622832200218, 2.888322209202530022 ) ) ;
#3143 = ADVANCED_FACE ( 'NONE', ( #3399 ), #3374, .T. ) ;
#3144 = CARTESIAN_POINT ( 'NONE',  ( 16.57011720627605200, 1.387297710502497949, 12.44372970296809910 ) ) ;
#3145 = AXIS2_PLACEMENT_3D ( 'NONE', #4054, #928, #3068 ) ;
#3146 = ORIENTED_EDGE ( 'NONE', *, *, #4220, .F. ) ;
#3147 = CARTESIAN_POINT ( 'NONE',  ( 3.990028151725970140, -7.946035622831349343, 5.473530369314420163 ) ) ;
#3148 = DIRECTION ( 'NONE',  ( 0.000000000000000000, 0.000000000000000000, 1.000000000000000000 ) ) ;
#3149 = VECTOR ( 'NONE', #35, 1000.000000000000000 ) ;
#3150 = EDGE_CURVE ( 'NONE', #2630, #1337, #4399, .T. ) ;
#3151 = CARTESIAN_POINT ( 'NONE',  ( 7.884999999999999787, -12.51560220463055906, 2.322088829909565030E-15 ) ) ;
#3152 = DIRECTION ( 'NONE',  ( -1.427144654353158220E-16, 0.000000000000000000, -1.000000000000000000 ) ) ;
#3153 = VECTOR ( 'NONE', #899, 999.9999999999998863 ) ;
#3154 = CARTESIAN_POINT ( 'NONE',  ( 19.77593948657870015, -6.362702289498860075, 15.93106714732650175 ) ) ;
#3155 = CARTESIAN_POINT ( 'NONE',  ( 3.463054080567363080, 2.503964377168390154, 15.05289900536546099 ) ) ;
#3156 = EDGE_CURVE ( 'NONE', #1489, #444, #269, .T. ) ;
#3157 = ORIENTED_EDGE ( 'NONE', *, *, #1365, .T. ) ;
#3158 = CARTESIAN_POINT ( 'NONE',  ( 4.356895526906590099, 3.637297710502169767, 11.77960140265784084 ) ) ;
#3159 = CARTESIAN_POINT ( 'NONE',  ( 8.625000000000000000, 9.344397795369440374, 17.63726584382374796 ) ) ;
#3160 = CARTESIAN_POINT ( 'NONE',  ( 7.819567973833946084, -0.5627022894983787493, 21.39911105048197726 ) ) ;
#3161 = ORIENTED_EDGE ( 'NONE', *, *, #4185, .T. ) ;
#3162 = CARTESIAN_POINT ( 'NONE',  ( 7.884999999999999787, -12.51560220463055906, 24.03999999999999915 ) ) ;
#3163 = CARTESIAN_POINT ( 'NONE',  ( 14.29563732174866075, 12.94439779536943824, 14.80000000000000071 ) ) ;
#3164 = CARTESIAN_POINT ( 'NONE',  ( 14.99252422001906027, -2.312702289498494324, 6.809687847634376290 ) ) ;
#3165 = FACE_OUTER_BOUND ( 'NONE', #2355, .T. ) ;
#3166 = CARTESIAN_POINT ( 'NONE',  ( 17.65529859646660782, -3.162702289498624086, 15.36116074269557075 ) ) ;
#3167 = FACE_OUTER_BOUND ( 'NONE', #1039, .T. ) ;
#3168 = CIRCLE ( 'NONE', #1785, 8.050000000000000711 ) ;
#3169 = VECTOR ( 'NONE', #3437, 1000.000000000000000 ) ;
#3170 = CARTESIAN_POINT ( 'NONE',  ( 10.00000000000000000, 6.470631043834940144, 18.11978517232029873 ) ) ;
#3171 = ORIENTED_EDGE ( 'NONE', *, *, #1579, .F. ) ;
#3172 = CARTESIAN_POINT ( 'NONE',  ( 14.80074100717591890, -7.196035622830799561, 4.978101342905010718 ) ) ;
#3173 = VECTOR ( 'NONE', #4203, 1000.000000000000000 ) ;
#3174 = ADVANCED_FACE ( 'NONE', ( #222 ), #245, .T. ) ;
#3175 = COLOUR_RGB ( '',0.7921568627450980005, 0.8196078431372548767, 0.9333333333333333481 ) ;
#3177 = DIRECTION ( 'NONE',  ( 0.000000000000000000, -1.000000000000000000, 0.000000000000000000 ) ) ;
#3176 = CIRCLE ( 'NONE', #3683, 4.549999999999998934 ) ;
#3178 = PLANE ( 'NONE',  #3019 ) ;
#3179 = CARTESIAN_POINT ( 'NONE',  ( 9.084082327491820763, 2.553964377168310040, 20.26840165798720150 ) ) ;
#3180 = CARTESIAN_POINT ( 'NONE',  ( 9.174227086164473022, 3.587297710500543690, 6.962865633682391753 ) ) ;
#3181 = EDGE_CURVE ( 'NONE', #3838, #1121, #1569, .T. ) ;
#3182 = EDGE_LOOP ( 'NONE', ( #3775, #4201 ) ) ;
#3183 = CARTESIAN_POINT ( 'NONE',  ( 4.784204011046250038, 3.137297710501480097, 16.30189824240904883 ) ) ;
#3184 = B_SPLINE_CURVE_WITH_KNOTS ( 'NONE', 3,
 ( #2280, #3681, #577, #3359, #3429, #4459, #3745, #1395, #3794, #2747, #3773, #4513, #1743, #669, #1694, #3408, #3081, #2792, #2769, #2422, #367, #692, #299, #3452, #715, #992, #3154, #1721, #2720, #31, #1353, #1327, #324, #2018, #1061, #2107, #4206, #3497, #2448, #4179, #9, #4112, #3842, #1763, #4486, #1082, #2063, #628, #279, #1035, #2814, #3109, #1421, #4134, #1376, #4156, #2042, #2381, #1668, #3130, #3058, #3818, #650, #2088, #3477, #1014, #2401, #348, #480, #55, #3925, #74, #2466, #457, #2851, #4228, #2125, #2533, #3218, #1128, #1444, #4290, #392, #3263, #2832, #818, #2171, #3199, #1104, #1481, #3243, #1461, #2150, #1807, #2913, #1846, #136, #3179, #2488, #417, #93, #2207, #2877, #2187, #4249, #1522, #3884, #3908, #4309, #2515, #117, #1504, #781, #758, #2895, #3547, #3584, #3566, #435, #1825, #1161, #3862, #4273, #1146, #736, #799, #2553, #3944, #3609, #1871 ),
 .UNSPECIFIED., .F., .F.,
 ( 4, 2, 2, 2, 2, 2, 2, 2, 2, 2, 2, 2, 2, 2, 2, 2, 2, 2, 2, 2, 2, 2, 2, 2, 2, 2, 2, 2, 2, 2, 2, 2, 2, 2, 2, 2, 2, 2, 2, 2, 2, 2, 2, 2, 2, 2, 2, 2, 2, 2, 2, 2, 2, 2, 2, 2, 2, 2, 2, 2, 2, 2, 2, 2, 4 ),
 ( 0.000000000000000000, 0.01562500000000000000, 0.03125000000000000000, 0.04687500000000000000, 0.06250000000000000000, 0.07812500000000000000, 0.09375000000000000000, 0.1093750000000000000, 0.1250000000000000000, 0.1406250000000000000, 0.1562500000000000000, 0.1718750000000000000, 0.1875000000000000000, 0.2031250000000000000, 0.2187500000000000000, 0.2343750000000000000, 0.2500000000000000000, 0.2656250000000000000, 0.2812500000000000000, 0.2968750000000000000, 0.3125000000000000000, 0.3281250000000000000, 0.3437500000000000000, 0.3593750000000000000, 0.3750000000000000000, 0.3906250000000000000, 0.4062500000000000000, 0.4218750000000000000, 0.4375000000000000000, 0.4531250000000000000, 0.4687500000000000000, 0.4843750000000000000, 0.5000000000000000000, 0.5156250000000000000, 0.5312500000000000000, 0.5468750000000000000, 0.5625000000000000000, 0.5781250000000000000, 0.5937500000000000000, 0.6093750000000000000, 0.6250000000000000000, 0.6406250000000000000, 0.6562500000000000000, 0.6718750000000000000, 0.6875000000000000000, 0.7031250000000000000, 0.7187500000000000000, 0.7343750000000000000, 0.7500000000000000000, 0.7656250000000000000, 0.7812500000000000000, 0.7968750000000000000, 0.8125000000000000000, 0.8281250000000000000, 0.8437500000000000000, 0.8593750000000000000, 0.8750000000000000000, 0.8906250000000000000, 0.9062500000000000000, 0.9218750000000000000, 0.9375000000000000000, 0.9531250000000000000, 0.9687500000000000000, 0.9843750000000000000, 1.000000000000000000 ),
 .UNSPECIFIED. ) ;
#3185 = EDGE_CURVE ( 'NONE', #2672, #1304, #1339, .T. ) ;
#3186 = ORIENTED_EDGE ( 'NONE', *, *, #383, .F. ) ;
#3187 = ORIENTED_EDGE ( 'NONE', *, *, #309, .T. ) ;
#3188 = CARTESIAN_POINT ( 'NONE',  ( 7.668458184601540495, -4.562702289498297148, 21.96139565802271676 ) ) ;
#3189 = DIRECTION ( 'NONE',  ( 0.000000000000000000, -1.000000000000000000, 0.000000000000000000 ) ) ;
#3190 = CARTESIAN_POINT ( 'NONE',  ( 14.24695375163017985, 4.253964377168079736, 10.04089842015209477 ) ) ;
#3191 = CARTESIAN_POINT ( 'NONE',  ( 0.000000000000000000, -12.51560220463055906, 0.000000000000000000 ) ) ;
#3192 = CARTESIAN_POINT ( 'NONE',  ( 14.41060449665167909, 5.803964377167670108, 15.84641202644099955 ) ) ;
#3193 = EDGE_LOOP ( 'NONE', ( #2899, #2722, #4389, #580 ) ) ;
#3194 = DIRECTION ( 'NONE',  ( 0.000000000000000000, 0.000000000000000000, -1.000000000000000000 ) ) ;
#3195 = CYLINDRICAL_SURFACE ( 'NONE', #833, 1.500000000000000000 ) ;
#3196 = SHAPE_DEFINITION_REPRESENTATION ( #1207, #3224 ) ;
#3197 = DIRECTION ( 'NONE',  ( 0.000000000000000000, -1.000000000000000000, 0.000000000000000000 ) ) ;
#3198 = CARTESIAN_POINT ( 'NONE',  ( 10.00000000000000000, -9.529368956165059856, 23.62902698495494747 ) ) ;
#3199 = CARTESIAN_POINT ( 'NONE',  ( 17.20767729377380206, 1.303964377168717714, 11.36684694632212000 ) ) ;
#3200 = CARTESIAN_POINT ( 'NONE',  ( 4.562618024071902312, 2.253964377168742761, 17.47394976652199006 ) ) ;
#3201 = EDGE_CURVE ( 'NONE', #851, #3560, #1355, .T. ) ;
#3202 = VERTEX_POINT ( 'NONE', #1777 ) ;
#3203 = CARTESIAN_POINT ( 'NONE',  ( 17.02100867867729761, -2.862702289498405328, 9.257642227889110842 ) ) ;
#3204 = SURFACE_STYLE_FILL_AREA ( #486 ) ;
#3205 = ORIENTED_EDGE ( 'NONE', *, *, #4314, .T. ) ;
#3206 = EDGE_CURVE ( 'NONE', #4149, #3471, #1025, .T. ) ;
#3207 = ORIENTED_EDGE ( 'NONE', *, *, #4158, .F. ) ;
#3208 = CARTESIAN_POINT ( 'NONE',  ( 13.53913355095636994, 6.853964377168421329, 17.91133984984282890 ) ) ;
#3209 = CARTESIAN_POINT ( 'NONE',  ( 8.311856788113749062, 6.944397795369440018, 8.750217934704009437 ) ) ;
#3210 = CARTESIAN_POINT ( 'NONE',  ( 1.678224647349390031, -4.862702289497749852, 18.09207279940135038 ) ) ;
#3211 = EDGE_CURVE ( 'NONE', #3356, #1532, #4035, .T. ) ;
#3212 = ORIENTED_EDGE ( 'NONE', *, *, #1058, .F. ) ;
#3213 = CARTESIAN_POINT ( 'NONE',  ( 4.335729973684140148, -0.1127022894979509970, 8.942291995882110101 ) ) ;
#3214 = DIRECTION ( 'NONE',  ( 0.000000000000000000, 0.000000000000000000, 1.000000000000000000 ) ) ;
#3215 = ORIENTED_EDGE ( 'NONE', *, *, #438, .F. ) ;
#3216 = CARTESIAN_POINT ( 'NONE',  ( -2.100000000000000089, -80.69796898567120991, 13.29999999999999893 ) ) ;
#3217 = DIRECTION ( 'NONE',  ( 0.000000000000000000, 0.000000000000000000, 1.000000000000000000 ) ) ;
#3218 = CARTESIAN_POINT ( 'NONE',  ( 6.074976808687140739, 0.1372977105018309829, 6.482568555414199629 ) ) ;
#3219 = CARTESIAN_POINT ( 'NONE',  ( 13.53913355095636994, 5.253964377168417244, 17.91133984984282890 ) ) ;
#3220 = CLOSED_SHELL ( 'NONE', ( #1782, #3519, #2539, #297, #2309, #2367, #1455, #1670, #3592, #1805, #3628, #2743, #913, #3816, #2429, #3927, #797, #103, #1794, #1928, #1756, #3434, #4296, #3674, #1760, #1550 ) ) ;
#3221 = COLOUR_RGB ( '',0.7921568627450980005, 0.8196078431372548767, 0.9333333333333333481 ) ;
#3222 = VERTEX_POINT ( 'NONE', #382 ) ;
#3223 = CARTESIAN_POINT ( 'NONE',  ( 4.118538020383880394, 3.387297710501409931, 14.06612553844501967 ) ) ;
#3224 = ADVANCED_BREP_SHAPE_REPRESENTATION ( 'JF-1039', ( #3524, #517, #482, #437, #369, #386, #2025, #442, #2216 ), #4268 ) ;
#3225 = CARTESIAN_POINT ( 'NONE',  ( 8.625000000000000000, 16.54439779536944854, 8.962734156176269451 ) ) ;
#3226 = AXIS2_PLACEMENT_3D ( 'NONE', #2376, #4507, #2346 ) ;
#3227 = ORIENTED_EDGE ( 'NONE', *, *, #783, .T. ) ;
#3228 = VERTEX_POINT ( 'NONE', #3468 ) ;
#3229 = CARTESIAN_POINT ( 'NONE',  ( 17.02100867867729050, -2.062702289498401509, 9.257642227889110842 ) ) ;
#3230 = DIRECTION ( 'NONE',  ( 0.000000000000000000, 0.000000000000000000, -1.000000000000000000 ) ) ;
#3231 = CARTESIAN_POINT ( 'NONE',  ( 5.836823338237709713, -1.196035622831743916, 20.51571507830239938 ) ) ;
#3232 = ADVANCED_FACE ( 'NONE', ( #1755 ), #1387, .F. ) ;
#3233 = CARTESIAN_POINT ( 'NONE',  ( 12.11500000000000021, -12.51560220463055906, 1.804063233870234612E-15 ) ) ;
#3234 = ORIENTED_EDGE ( 'NONE', *, *, #3206, .F. ) ;
#3235 = CARTESIAN_POINT ( 'NONE',  ( 13.41346163449419926, 0.8039643771680750062, 7.385051595643751021 ) ) ;
#3236 = PLANE ( 'NONE',  #1279 ) ;
#3237 = EDGE_CURVE ( 'NONE', #1373, #3111, #1367, .T. ) ;
#3238 = VECTOR ( 'NONE', #1588, 1000.000000000000000 ) ;
#3239 = CIRCLE ( 'NONE', #3743, 0.4000000000000010214 ) ;
#3240 = CARTESIAN_POINT ( 'NONE',  ( -0.01339333925947009882, -8.612702289499670982, 14.60699408957439971 ) ) ;
#3241 = AXIS2_PLACEMENT_3D ( 'NONE', #1056, #3450, #1442 ) ;
#3242 = CYLINDRICAL_SURFACE ( 'NONE', #3385, 1.000000000000000888 ) ;
#3243 = CARTESIAN_POINT ( 'NONE',  ( 17.09301398881554590, 1.637297710501175008, 15.21005095356869852 ) ) ;
#3244 = CARTESIAN_POINT ( 'NONE',  ( 16.85469825077250050, -2.112702289498604724, 18.57255619087539955 ) ) ;
#3245 = AXIS2_PLACEMENT_3D ( 'NONE', #4150, #343, #3514 ) ;
#3246 = VECTOR ( 'NONE', #2114, 1000.000000000000000 ) ;
#3247 = CARTESIAN_POINT ( 'NONE',  ( 10.00000000000000000, -50.45560220463060119, 13.29999999999999893 ) ) ;
#3248 = ORIENTED_EDGE ( 'NONE', *, *, #3201, .F. ) ;
#3249 = DIRECTION ( 'NONE',  ( 0.000000000000000000, 1.000000000000000000, 0.000000000000000000 ) ) ;
#3250 = DIRECTION ( 'NONE',  ( 1.000000000000000000, 0.000000000000000000, 0.000000000000000000 ) ) ;
#3251 = ORIENTED_EDGE ( 'NONE', *, *, #1955, .T. ) ;
#3252 = VERTEX_POINT ( 'NONE', #684 ) ;
#3253 = CARTESIAN_POINT ( 'NONE',  ( 4.987657940294697667, 4.603964377167702793, 10.40676813031562453 ) ) ;
#3254 = FILL_AREA_STYLE_COLOUR ( '', #958 ) ;
#3255 = CARTESIAN_POINT ( 'NONE',  ( 2.236254636753109981, -0.3627022894980045375, 11.20969499805180014 ) ) ;
#3256 = EDGE_CURVE ( 'NONE', #3899, #1337, #3785, .T. ) ;
#3257 = FACE_OUTER_BOUND ( 'NONE', #276, .T. ) ;
#3258 = ORIENTED_EDGE ( 'NONE', *, *, #3279, .F. ) ;
#3259 = CARTESIAN_POINT ( 'NONE',  ( 15.61407962278135031, 1.803964377168694844, 16.54005171289384890 ) ) ;
#3260 = DIRECTION ( 'NONE',  ( 0.000000000000000000, 0.000000000000000000, 1.000000000000000000 ) ) ;
#3261 = DIRECTION ( 'NONE',  ( 0.000000000000000000, 0.000000000000000000, 1.000000000000000000 ) ) ;
#3262 = CARTESIAN_POINT ( 'NONE',  ( 22.10000000000000142, -12.51560220463055906, 13.29999999999999893 ) ) ;
#3263 = CARTESIAN_POINT ( 'NONE',  ( 13.81635681851656017, 0.8039643771680750062, 6.686022484847799596 ) ) ;
#3264 = CARTESIAN_POINT ( 'NONE',  ( 8.993937568861200660, 0.3872977105007160414, 5.585555180419439658 ) ) ;
#3265 = CARTESIAN_POINT ( 'NONE',  ( 12.11500000000000021, -9.955602204630560337, 2.560000000000000053 ) ) ;
#3266 = ORIENTED_EDGE ( 'NONE', *, *, #1637, .T. ) ;
#3267 = CARTESIAN_POINT ( 'NONE',  ( 10.00000000000000000, -57.85560220463059977, 13.29999999999999893 ) ) ;
#3268 = CARTESIAN_POINT ( 'NONE',  ( 11.37500000000000000, 12.94439779536943824, 11.79999999999999893 ) ) ;
#3269 = CARTESIAN_POINT ( 'NONE',  ( 19.89060279133940057, -7.496035622831544565, 10.64583075261155365 ) ) ;
#3270 = ORIENTED_EDGE ( 'NONE', *, *, #832, .T. ) ;
#3271 = EDGE_LOOP ( 'NONE', ( #3444, #2775, #1898, #3187 ) ) ;
#3272 = CARTESIAN_POINT ( 'NONE',  ( 5.437119475127832224, 4.687297710501552750, 9.788713617023784508 ) ) ;
#3273 = LINE ( 'NONE', #3934, #3806 ) ;
#3274 = CARTESIAN_POINT ( 'NONE',  ( 18.74742765945335066, -2.612702289497349728, 12.15872043100500122 ) ) ;
#3275 = DIRECTION ( 'NONE',  ( 0.000000000000000000, -1.000000000000000000, 0.000000000000000000 ) ) ;
#3276 = VERTEX_POINT ( 'NONE', #4219 ) ;
#3277 = CARTESIAN_POINT ( 'NONE',  ( 1.673970029050459996, -4.362702289498315622, 11.05858520880371998 ) ) ;
#3278 = CARTESIAN_POINT ( 'NONE',  ( 7.884999999999999787, -9.955602204630560337, 26.59999999999999787 ) ) ;
#3279 = EDGE_CURVE ( 'NONE', #1324, #1644, #2144, .T. ) ;
#3280 = LINE ( 'NONE', #154, #2218 ) ;
#3281 = PRODUCT ( 'JF-1039', 'JF-1039', '', ( #2911 ) ) ;
#3282 = CARTESIAN_POINT ( 'NONE',  ( 4.877877811044500689, 7.744397795369440729, 12.84561508435411881 ) ) ;
#3283 = CARTESIAN_POINT ( 'NONE',  ( 20.00000000000000000, -9.955602204630560337, 2.560000000000000053 ) ) ;
#3284 = CARTESIAN_POINT ( 'NONE',  ( 11.27649670679451965, -5.612702289498840535, 23.08041049951425094 ) ) ;
#3285 = EDGE_CURVE ( 'NONE', #802, #3638, #3442, .T. ) ;
#3286 = CARTESIAN_POINT ( 'NONE',  ( -6.065551073586579503E-16, -49.45560220463060119, 1.500000000000000000 ) ) ;
#3287 = ORIENTED_EDGE ( 'NONE', *, *, #2564, .F. ) ;
#3288 = CARTESIAN_POINT ( 'NONE',  ( 20.00000000000000000, -46.89560220463059892, 2.560000000000000053 ) ) ;
#3289 = STYLED_ITEM ( 'NONE', ( #2243 ), #369 ) ;
#3290 = CARTESIAN_POINT ( 'NONE',  ( 20.00000000000000000, -47.95560220463060119, 26.59999999999999787 ) ) ;
#3291 = CARTESIAN_POINT ( 'NONE',  ( 10.63090841017616661, 5.587297710500771508, 18.14847914090627157 ) ) ;
#3292 = EDGE_CURVE ( 'NONE', #1077, #333, #689, .T. ) ;
#3293 = VECTOR ( 'NONE', #2357, 1000.000000000000000 ) ;
#3294 = EDGE_LOOP ( 'NONE', ( #211, #1988, #1016, #3633 ) ) ;
#3295 = CARTESIAN_POINT ( 'NONE',  ( 13.29968097770990099, 5.687297710501781900, 9.012466850507109939 ) ) ;
#3296 = CARTESIAN_POINT ( 'NONE',  ( 12.11500000000000021, -12.51560220463055906, 26.59999999999999787 ) ) ;
#3297 = AXIS2_PLACEMENT_3D ( 'NONE', #620, #3812, #2036 ) ;
#3298 = CARTESIAN_POINT ( 'NONE',  ( 4.939049214411850741, -1.112702289498320063, 19.87935087541619694 ) ) ;
#3299 = DIRECTION ( 'NONE',  ( 1.000000000000000000, 0.000000000000000000, 0.000000000000000000 ) ) ;
#3300 = LINE ( 'NONE', #1120, #3964 ) ;
#3301 = ORIENTED_EDGE ( 'NONE', *, *, #3340, .F. ) ;
#3302 = CARTESIAN_POINT ( 'NONE',  ( 4.584264969356270036, -5.112702289498249897, 20.34100690302589953 ) ) ;
#3303 = CARTESIAN_POINT ( 'NONE',  ( 12.11500000000000021, -9.955602204630560337, 24.03999999999999915 ) ) ;
#3304 = DIRECTION ( 'NONE',  ( 0.000000000000000000, 0.000000000000000000, 1.000000000000000000 ) ) ;
#3305 = CARTESIAN_POINT ( 'NONE',  ( 22.09999999999999432, -46.89560220463062024, 36.89999999999998437 ) ) ;
#3306 = CARTESIAN_POINT ( 'NONE',  ( 5.152560377535870373, 7.744397795369440729, 11.88408012000510006 ) ) ;
#3307 = CARTESIAN_POINT ( 'NONE',  ( 0.8947918877926609449, -4.362702289498315622, 10.84918690113196149 ) ) ;
#3308 = VECTOR ( 'NONE', #1968, 1000.000000000000000 ) ;
#3309 = CIRCLE ( 'NONE', #1342, 1.500000000000000000 ) ;
#3310 = VECTOR ( 'NONE', #3476, 1000.000000000000000 ) ;
#3312 = CARTESIAN_POINT ( 'NONE',  ( 7.884999999999999787, -9.955602204630560337, 2.560000000000000053 ) ) ;
#3311 = VECTOR ( 'NONE', #4323, 1000.000000000000000 ) ;
#3313 = ORIENTED_EDGE ( 'NONE', *, *, #3844, .T. ) ;
#3314 = ADVANCED_FACE ( 'NONE', ( #3167 ), #1106, .T. ) ;
#3315 = CARTESIAN_POINT ( 'NONE',  ( 20.00000000000000000, -47.95560220463060119, 0.000000000000000000 ) ) ;
#3316 = DIRECTION ( 'NONE',  ( 0.000000000000000000, 0.000000000000000000, 1.000000000000000000 ) ) ;
#3317 = CARTESIAN_POINT ( 'NONE',  ( 4.175925955237593357, 2.753964377168461652, 12.53387446155458207 ) ) ;
#3318 = CIRCLE ( 'NONE', #1066, 1.000000000000000888 ) ;
#3319 = AXIS2_PLACEMENT_3D ( 'NONE', #1541, #4327, #1142 ) ;
#3320 = ORIENTED_EDGE ( 'NONE', *, *, #2955, .F. ) ;
#3321 = ORIENTED_EDGE ( 'NONE', *, *, #3647, .F. ) ;
#3322 = EDGE_CURVE ( 'NONE', #972, #3327, #3680, .T. ) ;
#3323 = AXIS2_PLACEMENT_3D ( 'NONE', #1508, #96, #822 ) ;
#3324 = CARTESIAN_POINT ( 'NONE',  ( 11.63362772173713822, 3.103964377168857869, 19.39313346542926908 ) ) ;
#3325 = CARTESIAN_POINT ( 'NONE',  ( 5.541811103884242584, 11.74379213782181886, 14.22075101950987275 ) ) ;
#3326 = CARTESIAN_POINT ( 'NONE',  ( 10.91591767250820055, 2.387297710501564918, 20.32578959297075016 ) ) ;
#3327 = VERTEX_POINT ( 'NONE', #2558 ) ;
#3328 = CARTESIAN_POINT ( 'NONE',  ( -6.065551073586579503E-16, -47.95560220463060119, 25.10000000000000142 ) ) ;
#3329 = ORIENTED_EDGE ( 'NONE', *, *, #585, .F. ) ;
#3330 = CARTESIAN_POINT ( 'NONE',  ( 19.11142465006570745, -7.496035622831544565, 10.85522906025282808 ) ) ;
#3331 = CARTESIAN_POINT ( 'NONE',  ( 20.00000000000000000, -47.95560220463060119, 25.10000000000000142 ) ) ;
#3332 = CARTESIAN_POINT ( 'NONE',  ( 19.11142465006570035, -6.696035622831550072, 10.85522906025282097 ) ) ;
#3333 = PLANE ( 'NONE',  #3092 ) ;
#3334 = CARTESIAN_POINT ( 'NONE',  ( 20.00000000000000000, -9.955602204630560337, 24.03999999999999915 ) ) ;
#3335 = CARTESIAN_POINT ( 'NONE',  ( 4.939049214411850741, -1.112702289498320063, 19.87935087541619694 ) ) ;
#3336 = VERTEX_POINT ( 'NONE', #4361 ) ;
#3337 = SURFACE_SIDE_STYLE ('',( #2041 ) ) ;
#3338 = CARTESIAN_POINT ( 'NONE',  ( 7.884999999999999787, -12.51560220463055906, 2.322088829909565030E-15 ) ) ;
#3339 = CARTESIAN_POINT ( 'NONE',  ( 15.20363619132388955, -7.996035622831090706, 4.279072232160585187 ) ) ;
#3340 = EDGE_CURVE ( 'NONE', #4294, #1170, #3929, .T. ) ;
#3341 = ORIENTED_EDGE ( 'NONE', *, *, #1914, .T. ) ;
#3342 = CARTESIAN_POINT ( 'NONE',  ( 8.186118229871711449, 1.103964377168043853, 6.536135160219160412 ) ) ;
#3343 = CARTESIAN_POINT ( 'NONE',  ( 5.510039662669511173, 11.63576694645313303, 12.54055712662373345 ) ) ;
#3344 = CARTESIAN_POINT ( 'NONE',  ( 7.098551779979320742, -8.562702289498691499, 24.08203654805068794 ) ) ;
#3345 = ADVANCED_FACE ( 'NONE', ( #461 ), #3950, .T. ) ;
#3346 = CARTESIAN_POINT ( 'NONE',  ( 2.590000000040109551, -15.63225098456195283, 26.59999999999999787 ) ) ;
#3347 = CARTESIAN_POINT ( 'NONE',  ( 7.884999999999999787, -12.51560220463055906, 2.560000000000000053 ) ) ;
#3348 = EDGE_LOOP ( 'NONE', ( #2324, #2753, #787, #976 ) ) ;
#3349 = CARTESIAN_POINT ( 'NONE',  ( 15.13541881824069968, 5.553964377168689737, 13.97598077982704012 ) ) ;
#3350 = CARTESIAN_POINT ( 'NONE',  ( 20.00000000000000000, -12.51560220463055906, 24.03999999999999915 ) ) ;
#3351 = ADVANCED_FACE ( 'NONE', ( #1150 ), #1947, .T. ) ;
#3352 = CARTESIAN_POINT ( 'NONE',  ( 18.02102987542745183, -6.196035622831270295, 17.92733108557940369 ) ) ;
#3353 = CARTESIAN_POINT ( 'NONE',  ( -6.065551073586579503E-16, -9.955602204630560337, 2.560000000000000053 ) ) ;
#3354 = CARTESIAN_POINT ( 'NONE',  ( 6.629952246788548997, 7.744397795369440729, 18.93679004332689786 ) ) ;
#3355 = CARTESIAN_POINT ( 'NONE',  ( 4.797386001494629681, 3.887297710501549819, 9.297076240754599041 ) ) ;
#3356 = VERTEX_POINT ( 'NONE', #3992 ) ;
#3357 = DIRECTION ( 'NONE',  ( 0.000000000000000000, -1.000000000000000000, 0.000000000000000000 ) ) ;
#3358 = LINE ( 'NONE', #231, #1341 ) ;
#3359 = CARTESIAN_POINT ( 'NONE',  ( 4.449543965503985454, -9.196035622831439937, 22.92266533108239912 ) ) ;
#3360 = CARTESIAN_POINT ( 'NONE',  ( 17.72003778944458574, -3.662702289498405595, 8.854747043797223327 ) ) ;
#3361 = ORIENTED_EDGE ( 'NONE', *, *, #783, .F. ) ;
#3362 = VERTEX_POINT ( 'NONE', #1485 ) ;
#3363 = CARTESIAN_POINT ( 'NONE',  ( 11.26192171033765987, -7.446035622832200218, 3.688322209202529844 ) ) ;
#3364 = CARTESIAN_POINT ( 'NONE',  ( 5.704337781929948115, 12.74505548553191581, 11.80007129704488733 ) ) ;
#3365 = EDGE_CURVE ( 'NONE', #3083, #721, #2075, .T. ) ;
#3366 = CARTESIAN_POINT ( 'NONE',  ( 7.255703728382755457, -6.896035622831681700, 3.074031521512732734 ) ) ;
#3367 = AXIS2_PLACEMENT_3D ( 'NONE', #4253, #4065, #2988 ) ;
#3368 = EDGE_LOOP ( 'NONE', ( #2303, #4189, #3426, #3915 ) ) ;
#3369 = CARTESIAN_POINT ( 'NONE',  ( 10.00000000000000000, -50.45560220463060119, 17.30000000000000071 ) ) ;
#3370 = CARTESIAN_POINT ( 'NONE',  ( 5.690011442563326582, 13.33905627785440196, 14.76039378821102233 ) ) ;
#3371 = EDGE_LOOP ( 'NONE', ( #2700, #217 ) ) ;
#3372 = EDGE_CURVE ( 'NONE', #2403, #1239, #182, .T. ) ;
#3373 = CARTESIAN_POINT ( 'NONE',  ( 15.08703640386559997, 5.303964377168409960, 11.93675335081528033 ) ) ;
#3374 = PLANE ( 'NONE',  #1057 ) ;
#3375 = CARTESIAN_POINT ( 'NONE',  ( 2.377253758107114479, -4.862702289497749852, 17.68917761528139820 ) ) ;
#3376 = EDGE_CURVE ( 'NONE', #1297, #656, #171, .T. ) ;
#3377 = DIRECTION ( 'NONE',  ( 1.000000000000000000, 0.000000000000000000, 0.000000000000000000 ) ) ;
#3378 = DIRECTION ( 'NONE',  ( 1.427144654353157974E-16, 0.000000000000000000, 1.000000000000000000 ) ) ;
#3379 = CARTESIAN_POINT ( 'NONE',  ( 4.288628829458245306, 3.803964377167705191, 10.00387294638412072 ) ) ;
#3380 = ORIENTED_EDGE ( 'NONE', *, *, #4208, .F. ) ;
#3381 = LINE ( 'NONE', #3036, #690 ) ;
#3382 = FACE_OUTER_BOUND ( 'NONE', #2112, .T. ) ;
#3383 = DIRECTION ( 'NONE',  ( 0.000000000000000000, -1.000000000000000000, 0.000000000000000000 ) ) ;
#3384 = CARTESIAN_POINT ( 'NONE',  ( 7.616211825288011106, -4.496035622832184053, 4.415494270207156013 ) ) ;
#3385 = AXIS2_PLACEMENT_3D ( 'NONE', #116, #2876, #434 ) ;
#3386 = VECTOR ( 'NONE', #4246, 1000.000000000000000 ) ;
#3387 = ORIENTED_EDGE ( 'NONE', *, *, #3372, .F. ) ;
#3388 = ORIENTED_EDGE ( 'NONE', *, *, #824, .F. ) ;
#3389 = CARTESIAN_POINT ( 'NONE',  ( 3.737843348178185199, -9.112702289498038510, 21.44239640423985094 ) ) ;
#3390 =( LENGTH_UNIT ( ) NAMED_UNIT ( * ) SI_UNIT ( .MILLI., .METRE. ) );
#3391 = VECTOR ( 'NONE', #455, 1000.000000000000000 ) ;
#3392 = CARTESIAN_POINT ( 'NONE',  ( 15.99280675297499954, 5.387297710501189663, 12.51929946552867889 ) ) ;
#3393 = EDGE_LOOP ( 'NONE', ( #2431, #1516, #2307, #1879 ) ) ;
#3394 = VECTOR ( 'NONE', #41, 1000.000000000000000 ) ;
#3395 = CARTESIAN_POINT ( 'NONE',  ( 12.65529182719163970, 6.944397795369440018, 9.004429570773009317 ) ) ;
#3396 = CARTESIAN_POINT ( 'NONE',  ( 5.541790710651969043, 14.14505156103872885, 12.37937569147215022 ) ) ;
#3397 = EDGE_LOOP ( 'NONE', ( #872, #4062, #1222, #190 ) ) ;
#3398 = CARTESIAN_POINT ( 'NONE',  ( 5.437119475127650148, 3.887297710501549819, 9.788713617023040214 ) ) ;
#3399 = FACE_OUTER_BOUND ( 'NONE', #1027, .T. ) ;
#3400 = EDGE_CURVE ( 'NONE', #57, #81, #1188, .T. ) ;
#3401 = CARTESIAN_POINT ( 'NONE',  ( 4.100961996406089938, -0.9460356228318049787, 17.82873401134380131 ) ) ;
#3402 = DIRECTION ( 'NONE',  ( 0.000000000000000000, 1.000000000000000000, 0.000000000000000000 ) ) ;
#3403 = LINE ( 'NONE', #4479, #4171 ) ;
#3404 = LINE ( 'NONE', #274, #2947 ) ;
#3405 = EDGE_LOOP ( 'NONE', ( #806, #1234, #140, #1575 ) ) ;
#3406 = LINE ( 'NONE', #277, #4188 ) ;
#3407 = PLANE ( 'NONE',  #2297 ) ;
#3408 = CARTESIAN_POINT ( 'NONE',  ( 7.255703728382759898, -7.696035622831689516, 3.074031521512734955 ) ) ;
#3409 = CARTESIAN_POINT ( 'NONE',  ( 16.85469825077246497, -2.912702289498604102, 18.57255619087439058 ) ) ;
#3410 = EDGE_CURVE ( 'NONE', #397, #1360, #1554, .T. ) ;
#3411 =( BOUNDED_CURVE ( )  B_SPLINE_CURVE ( 3, ( #51, #4224, #2809, #3105 ),
 .UNSPECIFIED., .F., .T. ) 
 B_SPLINE_CURVE_WITH_KNOTS ( ( 4, 4 ),
 ( 0.000000000000000000, 3.141592653589795336 ),
 .UNSPECIFIED. ) 
 CURVE ( )  GEOMETRIC_REPRESENTATION_ITEM ( )  RATIONAL_B_SPLINE_CURVE ( ( 1.000000000000000000, 0.3333333333333335369, 0.3333333333333335369, 1.000000000000000000 ) ) 
 REPRESENTATION_ITEM ( '' )  );
#3412 = ORIENTED_EDGE ( 'NONE', *, *, #1199, .F. ) ;
#3413 = CARTESIAN_POINT ( 'NONE',  ( 15.19280675297945216, 6.187297710501191261, 12.62401922017326683 ) ) ;
#3414 = CARTESIAN_POINT ( 'NONE',  ( 3.577717385725164956, 3.637297710502169767, 11.57020309480519948 ) ) ;
#3415 = ORIENTED_EDGE ( 'NONE', *, *, #7, .F. ) ;
#3416 = DIRECTION ( 'NONE',  ( 0.000000000000000000, 0.000000000000000000, 1.000000000000000000 ) ) ;
#3417 = CARTESIAN_POINT ( 'NONE',  ( 5.641617005524053319, 13.70299568920539457, 11.99106342574220463 ) ) ;
#3418 = ORIENTED_EDGE ( 'NONE', *, *, #58, .T. ) ;
#3419 = CARTESIAN_POINT ( 'NONE',  ( 9.008512565152946294, -2.246035622832866174, 20.84571211103465060 ) ) ;
#3420 = CARTESIAN_POINT ( 'NONE',  ( 10.00000000000000000, -49.45560220463060119, 13.29999999999999893 ) ) ;
#3421 = CARTESIAN_POINT ( 'NONE',  ( 17.02100867867729761, -2.862702289498405328, 9.257642227889110842 ) ) ;
#3422 = DIRECTION ( 'NONE',  ( 1.000000000000000000, 0.000000000000000000, 0.000000000000000000 ) ) ;
#3423 = CARTESIAN_POINT ( 'NONE',  ( 20.00000000000000000, -9.955602204630560337, 24.03999999999999915 ) ) ;
#3424 = CARTESIAN_POINT ( 'NONE',  ( 13.12271713195819878, 4.803964377167520006, 7.889497610982780351 ) ) ;
#3425 = EDGE_CURVE ( 'NONE', #490, #1132, #2581, .T. ) ;
#3426 = ORIENTED_EDGE ( 'NONE', *, *, #462, .F. ) ;
#3427 = CARTESIAN_POINT ( 'NONE',  ( 20.00000000000000000, -9.955602204630560337, 2.560000000000000053 ) ) ;
#3428 = SURFACE_STYLE_USAGE ( .BOTH. , #3337 ) ;
#3429 = CARTESIAN_POINT ( 'NONE',  ( 3.246205972099569959, -9.112702289498038510, 22.08212987805475080 ) ) ;
#3430 = CARTESIAN_POINT ( 'NONE',  ( 4.344812396785743935, -4.746035622830682144, 5.935186396772080819 ) ) ;
#3431 = ORIENTED_EDGE ( 'NONE', *, *, #1614, .T. ) ;
#3432 = CARTESIAN_POINT ( 'NONE',  ( 5.546078835960079445, -5.196035622831820078, 21.02016109391905019 ) ) ;
#3433 = CARTESIAN_POINT ( 'NONE',  ( 22.10000000000000142, -12.51560220463055906, 13.29999999999999893 ) ) ;
#3434 = ADVANCED_FACE ( 'NONE', ( #3615 ), #1875, .T. ) ;
#3435 = CARTESIAN_POINT ( 'NONE',  ( 15.98807672662973367, 1.853964377168626720, 8.702839423015870324 ) ) ;
#3436 = ORIENTED_EDGE ( 'NONE', *, *, #2615, .T. ) ;
#3437 = DIRECTION ( 'NONE',  ( 0.000000000000000000, -1.000000000000000000, 0.000000000000000000 ) ) ;
#3438 = CARTESIAN_POINT ( 'NONE',  ( 15.93541881824414297, 6.353964377168680677, 14.08070053447061021 ) ) ;
#3439 = DIRECTION ( 'NONE',  ( 0.000000000000000000, 0.000000000000000000, -1.000000000000000000 ) ) ;
#3440 = CARTESIAN_POINT ( 'NONE',  ( 4.836449772907331912, -4.746035622830682144, 6.574919870549245537 ) ) ;
#3441 = VECTOR ( 'NONE', #2179, 1000.000000000000000 ) ;
#3442 = LINE ( 'NONE', #727, #2283 ) ;
#3443 = CARTESIAN_POINT ( 'NONE',  ( 16.51272927126115064, 1.553964377167375011, 14.15627029703185968 ) ) ;
#3444 = ORIENTED_EDGE ( 'NONE', *, *, #3185, .F. ) ;
#3445 = DIRECTION ( 'NONE',  ( 0.000000000000000000, 1.000000000000000000, 0.000000000000000000 ) ) ;
#3446 = LINE ( 'NONE', #1302, #2641 ) ;
#3447 = CARTESIAN_POINT ( 'NONE',  ( 14.88668722522796095, 5.053964377168089328, 9.549261043854590625 ) ) ;
#3448 = CIRCLE ( 'NONE', #1850, 2.000000000000000000 ) ;
#3449 = VERTEX_POINT ( 'NONE', #507 ) ;
#3450 = DIRECTION ( 'NONE',  ( 0.000000000000000000, -1.000000000000000000, 0.000000000000000000 ) ) ;
#3451 = DIRECTION ( 'NONE',  ( 0.000000000000000000, -1.000000000000000000, 0.000000000000000000 ) ) ;
#3452 = CARTESIAN_POINT ( 'NONE',  ( 19.89060279133824949, -6.696035622831550072, 10.64583075261156075 ) ) ;
#3453 = CARTESIAN_POINT ( 'NONE',  ( 7.976719922119810846, -0.4960356228319601768, 5.756957018991716524 ) ) ;
#3454 = EDGE_CURVE ( 'NONE', #943, #1324, #1894, .T. ) ;
#3455 = VERTEX_POINT ( 'NONE', #3288 ) ;
#3456 = CARTESIAN_POINT ( 'NONE',  ( 1.421305049095678008, -4.446035622831774781, 12.17329542739548032 ) ) ;
#3457 = DIRECTION ( 'NONE',  ( 0.000000000000000000, -1.000000000000000000, 0.000000000000000000 ) ) ;
#3458 = CARTESIAN_POINT ( 'NONE',  ( 5.191234017730496753, 0.8539643771678244732, 7.036575897987686012 ) ) ;
#3459 = STYLED_ITEM ( 'NONE', ( #3080 ), #3524 ) ;
#3460 = AXIS2_PLACEMENT_3D ( 'NONE', #667, #4482, #1352 ) ;
#3461 = VERTEX_POINT ( 'NONE', #3655 ) ;
#3462 = EDGE_CURVE ( 'NONE', #333, #1077, #1939, .T. ) ;
#3463 = DIRECTION ( 'NONE',  ( 0.000000000000000000, -1.000000000000000000, 0.000000000000000000 ) ) ;
#3464 = AXIS2_PLACEMENT_3D ( 'NONE', #3282, #3987, #4308 ) ;
#3465 = CARTESIAN_POINT ( 'NONE',  ( 10.00000000000000000, 7.744397795369440729, 13.29999999999999893 ) ) ;
#3466 = DIRECTION ( 'NONE',  ( 0.000000000000000000, 0.000000000000000000, 1.000000000000000000 ) ) ;
#3467 = CARTESIAN_POINT ( 'NONE',  ( 7.668458184601540495, -6.162702289498302122, 21.96139565802049631 ) ) ;
#3468 = CARTESIAN_POINT ( 'NONE',  ( 11.37500000000000000, 16.54439779536944854, 8.962734156176269451 ) ) ;
#3469 = AXIS2_PLACEMENT_3D ( 'NONE', #4381, #294, #912 ) ;
#3470 = CARTESIAN_POINT ( 'NONE',  ( 8.546626326647569272, 4.303964377168590261, 7.877597908943330118 ) ) ;
#3471 = VERTEX_POINT ( 'NONE', #3793 ) ;
#3472 = DIRECTION ( 'NONE',  ( 0.000000000000000000, -1.000000000000000000, 0.000000000000000000 ) ) ;
#3473 = CARTESIAN_POINT ( 'NONE',  ( 4.877877811044500689, 6.944397795369440018, 12.84561508435411881 ) ) ;
#3474 = CARTESIAN_POINT ( 'NONE',  ( -6.065551073586579503E-16, -49.45560220463060119, 1.500000000000000000 ) ) ;
#3475 = FILL_AREA_STYLE ('',( #3880 ) ) ;
#3476 = DIRECTION ( 'NONE',  ( 0.1005920011948163995, 0.000000000000000000, -0.9949277608427770092 ) ) ;
#3477 = CARTESIAN_POINT ( 'NONE',  ( 11.09620718972233888, -1.612702289497265129, 21.70310004624050038 ) ) ;
#3478 = VERTEX_POINT ( 'NONE', #2380 ) ;
#3479 = CARTESIAN_POINT ( 'NONE',  ( 9.278946840856869827, 4.387297710500544845, 7.762865633682390687 ) ) ;
#3480 = PLANE ( 'NONE',  #2195 ) ;
#3481 = CARTESIAN_POINT ( 'NONE',  ( 1.998615502166846136, 0.3539643771681184048, 12.24886518957177728 ) ) ;
#3482 = EDGE_CURVE ( 'NONE', #2855, #2930, #2696, .T. ) ;
#3483 = VERTEX_POINT ( 'NONE', #2351 ) ;
#3484 = CARTESIAN_POINT ( 'NONE',  ( 0.9400000000401089739, -15.63225098456195283, 26.57500000000000284 ) ) ;
#3485 = DIRECTION ( 'NONE',  ( 0.000000000000000000, 0.000000000000000000, 1.000000000000000000 ) ) ;
#3486 = CARTESIAN_POINT ( 'NONE',  ( 1.673970029050459996, -3.562702289498314023, 11.05858520880425289 ) ) ;
#3487 = CARTESIAN_POINT ( 'NONE',  ( 14.53685849482052106, 11.48291265645886483, 12.90766663048557561 ) ) ;
#3488 = CARTESIAN_POINT ( 'NONE',  ( 10.90134267630839382, -0.2460356228308447912, 6.442943115463870996 ) ) ;
#3489 = CARTESIAN_POINT ( 'NONE',  ( 20.12473811273870083, -6.612702289498430197, 11.97843091394796033 ) ) ;
#3490 = EDGE_CURVE ( 'NONE', #3849, #2451, #208, .T. ) ;
#3491 = DIRECTION ( 'NONE',  ( 4.336808689942006692E-15, 0.000000000000000000, 1.000000000000000000 ) ) ;
#3492 = ORIENTED_EDGE ( 'NONE', *, *, #53, .T. ) ;
#3493 = CARTESIAN_POINT ( 'NONE',  ( 11.37500000000000000, 12.94439779536943824, 14.80000000000000071 ) ) ;
#3494 = DIRECTION ( 'NONE',  ( 0.000000000000000000, 1.000000000000000000, 0.000000000000000000 ) ) ;
#3495 = LINE ( 'NONE', #1125, #2732 ) ;
#3496 = DIRECTION ( 'NONE',  ( 0.000000000000000000, 0.000000000000000000, 1.000000000000000000 ) ) ;
#3497 = CARTESIAN_POINT ( 'NONE',  ( 2.359839021379340096, -4.946035622831869816, 19.16679300856609913 ) ) ;
#3498 = CARTESIAN_POINT ( 'NONE',  ( 6.768616495325696647, 3.337297710501279546, 7.686043681812326334 ) ) ;
#3499 = ORIENTED_EDGE ( 'NONE', *, *, #4287, .F. ) ;
#3500 = CARTESIAN_POINT ( 'NONE',  ( 9.188802082261561921, 2.553964377168310040, 19.46840165798559852 ) ) ;
#3501 = CARTESIAN_POINT ( 'NONE',  ( 11.18635194827111157, -2.646035622832639600, 4.265632662325858249 ) ) ;
#3502 = EDGE_LOOP ( 'NONE', ( #2065, #788, #2994, #3931 ) ) ;
#3503 = CARTESIAN_POINT ( 'NONE',  ( 10.00000000000000000, 16.54439779536944854, 13.29999999999999893 ) ) ;
#3504 = EDGE_CURVE ( 'NONE', #2704, #3202, #916, .T. ) ;
#3505 = CARTESIAN_POINT ( 'NONE',  ( 16.46000000004010033, -37.43225098456194644, 26.59999999999999787 ) ) ;
#3506 = CARTESIAN_POINT ( 'NONE',  ( 5.784232306332071971, -3.062702289497937880, 5.978122539787376510 ) ) ;
#3507 = CARTESIAN_POINT ( 'NONE',  ( 10.00000000000000000, 16.54439779536944854, 8.750000000000000000 ) ) ;
#3508 = CARTESIAN_POINT ( 'NONE',  ( 3.015432777983493740, -1.162702289498006358, 11.41909330578911330 ) ) ;
#3509 = DIRECTION ( 'NONE',  ( 0.000000000000000000, 0.000000000000000000, 1.000000000000000000 ) ) ;
#3510 = EDGE_CURVE ( 'NONE', #1413, #4298, #2327, .T. ) ;
#3511 = CARTESIAN_POINT ( 'NONE',  ( 10.72105315914311952, 4.553964377169330113, 7.820253568518330312 ) ) ;
#3512 = VECTOR ( 'NONE', #167, 1000.000000000000000 ) ;
#3513 = ORIENTED_EDGE ( 'NONE', *, *, #652, .F. ) ;
#3514 = DIRECTION ( 'NONE',  ( 0.000000000000000000, 0.000000000000000000, 1.000000000000000000 ) ) ;
#3515 =( LENGTH_UNIT ( ) NAMED_UNIT ( * ) SI_UNIT ( .MILLI., .METRE. ) );
#3516 = DIRECTION ( 'NONE',  ( 0.000000000000000000, 0.000000000000000000, 1.000000000000000000 ) ) ;
#3517 = PRESENTATION_LAYER_ASSIGNMENT (  '', '', ( #2267 ) ) ;
#3518 = APPLICATION_CONTEXT ( 'automotive_design' ) ;
#3519 = ADVANCED_FACE ( 'NONE', ( #1646 ), #2746, .F. ) ;
#3520 = DIRECTION ( 'NONE',  ( 0.000000000000000000, -1.000000000000000000, 0.000000000000000000 ) ) ;
#3521 = VECTOR ( 'NONE', #5, 1000.000000000000000 ) ;
#3522 = LINE ( 'NONE', #1788, #3588 ) ;
#3523 = CARTESIAN_POINT ( 'NONE',  ( -0.5613341656971539972, -8.696035622830759593, 16.13442329587185498 ) ) ;
#3524 = MANIFOLD_SOLID_BREP ( 'NONE', #1610 ) ;
#3525 = ORIENTED_EDGE ( 'NONE', *, *, #1163, .T. ) ;
#3526 = CARTESIAN_POINT ( 'NONE',  ( 9.098657323691600851, 0.3872977105007160414, 6.385555180419450139 ) ) ;
#3527 = CARTESIAN_POINT ( 'NONE',  ( 15.23197679276341887, -1.146035622831521383, 20.11411885265950872 ) ) ;
#3528 = EDGE_LOOP ( 'NONE', ( #3287, #624, #702, #2654 ) ) ;
#3529 = ORIENTED_EDGE ( 'NONE', *, *, #2888, .F. ) ;
#3530 = CARTESIAN_POINT ( 'NONE',  ( 8.828223048143271967, -4.646035622831291789, 22.22302256407831678 ) ) ;
#3531 = DIRECTION ( 'NONE',  ( 1.000000000000000000, 0.000000000000000000, 0.000000000000000000 ) ) ;
#3532 = VECTOR ( 'NONE', #2675, 1000.000000000000000 ) ;
#3533 = CARTESIAN_POINT ( 'NONE',  ( 7.098551779979320742, -10.16270228949869292, 24.08203654805068794 ) ) ;
#3534 = AXIS2_PLACEMENT_3D ( 'NONE', #184, #4214, #1211 ) ;
#3535 = DIRECTION ( 'NONE',  ( 0.000000000000000000, -1.000000000000000000, 0.000000000000000000 ) ) ;
#3536 = AXIS2_PLACEMENT_3D ( 'NONE', #4227, #3649, #4272 ) ;
#3537 = VECTOR ( 'NONE', #4200, 1000.000000000000000 ) ;
#3538 = LINE ( 'NONE', #2055, #4262 ) ;
#3539 = EDGE_LOOP ( 'NONE', ( #2161, #15, #4023, #2191 ) ) ;
#3540 = CARTESIAN_POINT ( 'NONE',  ( 3.737843348178185199, -9.112702289498038510, 21.44239640423985094 ) ) ;
#3541 = DIRECTION ( 'NONE',  ( 0.000000000000000000, 0.000000000000000000, 1.000000000000000000 ) ) ;
#3542 = AXIS2_PLACEMENT_3D ( 'NONE', #2799, #89, #2205 ) ;
#3543 = ADVANCED_FACE ( 'NONE', ( #3382 ), #3407, .T. ) ;
#3545 = FACE_OUTER_BOUND ( 'NONE', #1649, .T. ) ;
#3544 = AXIS2_PLACEMENT_3D ( 'NONE', #485, #3249, #1166 ) ;
#3546 = CARTESIAN_POINT ( 'NONE',  ( 0.9150000000401080635, -15.63225098456195283, 26.59999999999999787 ) ) ;
#3547 = CARTESIAN_POINT ( 'NONE',  ( 13.12271713195819878, 4.803964377167520006, 7.889497610982780351 ) ) ;
#3548 = CARTESIAN_POINT ( 'NONE',  ( 8.543213770382680039, -9.446035622834498824, 24.40033301697345181 ) ) ;
#3549 = EDGE_CURVE ( 'NONE', #1619, #81, #2987, .T. ) ;
#3550 = ORIENTED_EDGE ( 'NONE', *, *, #743, .T. ) ;
#3551 = CARTESIAN_POINT ( 'NONE',  ( 10.90134267630839915, 0.5539643771691570295, 6.442943115463879877 ) ) ;
#3552 = DIRECTION ( 'NONE',  ( 0.000000000000000000, -1.000000000000000000, 0.000000000000000000 ) ) ;
#3553 = EDGE_CURVE ( 'NONE', #3838, #4515, #2937, .T. ) ;
#3554 = VERTEX_POINT ( 'NONE', #4384 ) ;
#3555 = EDGE_LOOP ( 'NONE', ( #4209, #2030, #3932, #1599 ) ) ;
#3556 = CARTESIAN_POINT ( 'NONE',  ( 17.76996190127936259, -1.896035622831719003, 11.21573715723138776 ) ) ;
#3557 = DIRECTION ( 'NONE',  ( 0.000000000000000000, -1.000000000000000000, 0.000000000000000000 ) ) ;
#3558 = CARTESIAN_POINT ( 'NONE',  ( 17.20767729377380206, 1.303964377168717714, 11.36684694632212000 ) ) ;
#3559 = LINE ( 'NONE', #2227, #1854 ) ;
#3560 = VERTEX_POINT ( 'NONE', #2649 ) ;
#3561 = CARTESIAN_POINT ( 'NONE',  ( 4.100961996406089938, -0.9460356228318049787, 17.82873401134380131 ) ) ;
#3562 = DIRECTION ( 'NONE',  ( 0.000000000000000000, 0.000000000000000000, 1.000000000000000000 ) ) ;
#3563 = DIRECTION ( 'NONE',  ( -1.000000000000000000, 0.000000000000000000, 0.000000000000000000 ) ) ;
#3564 = EDGE_CURVE ( 'NONE', #1856, #1032, #4041, .T. ) ;
#3565 = CARTESIAN_POINT ( 'NONE',  ( 7.884999999999999787, -12.51560220463055906, 26.59999999999999787 ) ) ;
#3566 = CARTESIAN_POINT ( 'NONE',  ( 14.88668722522796095, 5.053964377168089328, 9.549261043854590625 ) ) ;
#3567 = CARTESIAN_POINT ( 'NONE',  ( 15.31308753660296063, 4.337297710501461623, 10.24202641702583350 ) ) ;
#3568 = EDGE_CURVE ( 'NONE', #3065, #1950, #3702, .T. ) ;
#3569 = CARTESIAN_POINT ( 'NONE',  ( 13.41346163449419926, 0.8039643771680750062, 7.385051595643751021 ) ) ;
#3570 = ORIENTED_EDGE ( 'NONE', *, *, #1831, .T. ) ;
#3571 = ORIENTED_EDGE ( 'NONE', *, *, #3710, .T. ) ;
#3572 = EDGE_CURVE ( 'NONE', #2468, #721, #3358, .T. ) ;
#3573 = CARTESIAN_POINT ( 'NONE',  ( 15.75155123970617232, 6.437297710502200232, 14.84954285687860676 ) ) ;
#3574 = CARTESIAN_POINT ( 'NONE',  ( 5.704362678251340135, 12.94439779536943824, 14.80000000000000071 ) ) ;
#3575 = CARTESIAN_POINT ( 'NONE',  ( 17.37011720627604916, 1.387297710502497949, 12.33900994816498020 ) ) ;
#3576 = CYLINDRICAL_SURFACE ( 'NONE', #470, 3.531533498719034547 ) ;
#3577 = EDGE_LOOP ( 'NONE', ( #49, #610, #672, #1556 ) ) ;
#3578 = CARTESIAN_POINT ( 'NONE',  ( 3.784182814043639986, -0.1960356228321235017, 9.713128443889729624 ) ) ;
#3579 = DIRECTION ( 'NONE',  ( 0.000000000000000000, 0.000000000000000000, 1.000000000000000000 ) ) ;
#3580 =( BOUNDED_CURVE ( )  B_SPLINE_CURVE ( 3, ( #4395, #1267, #4052, #926 ),
 .UNSPECIFIED., .F., .T. ) 
 B_SPLINE_CURVE_WITH_KNOTS ( ( 4, 4 ),
 ( 0.000000000000000000, 3.141592653589795336 ),
 .UNSPECIFIED. ) 
 CURVE ( )  GEOMETRIC_REPRESENTATION_ITEM ( )  RATIONAL_B_SPLINE_CURVE ( ( 1.000000000000000000, 0.3333333333333335369, 0.3333333333333335369, 1.000000000000000000 ) ) 
 REPRESENTATION_ITEM ( '' )  );
#3581 = VECTOR ( 'NONE', #2410, 1000.000000000000114 ) ;
#3582 = CARTESIAN_POINT ( 'NONE',  ( 7.884999999999999787, -12.51560220463055906, 26.59999999999999787 ) ) ;
#3583 = PLANE ( 'NONE',  #1636 ) ;
#3584 = CARTESIAN_POINT ( 'NONE',  ( 13.79131835401129891, 4.887297710501780301, 8.372733376906149161 ) ) ;
#3585 = CARTESIAN_POINT ( 'NONE',  ( 0.6213050490956759653, -4.446035622831774781, 12.06857567247073959 ) ) ;
#3586 =( GEOMETRIC_REPRESENTATION_CONTEXT ( 3 ) GLOBAL_UNCERTAINTY_ASSIGNED_CONTEXT ( ( #359 ) ) GLOBAL_UNIT_ASSIGNED_CONTEXT ( ( #2156, #2560, #2882 ) ) REPRESENTATION_CONTEXT ( 'NONE', 'WORKASPACE' ) );
#3587 = DIRECTION ( 'NONE',  ( 0.000000000000000000, 0.000000000000000000, -1.000000000000000000 ) ) ;
#3588 = VECTOR ( 'NONE', #3378, 1000.000000000000000 ) ;
#3589 = EDGE_LOOP ( 'NONE', ( #636, #1951, #4412, #295 ) ) ;
#3590 = DIRECTION ( 'NONE',  ( 0.000000000000000000, 0.000000000000000000, 1.000000000000000000 ) ) ;
#3591 = CARTESIAN_POINT ( 'NONE',  ( 10.00000000000000000, 6.944397795369440018, 13.29999999999999893 ) ) ;
#3592 = ADVANCED_FACE ( 'NONE', ( #3010 ), #4413, .F. ) ;
#3593 = ORIENTED_EDGE ( 'NONE', *, *, #3400, .F. ) ;
#3594 = ORIENTED_EDGE ( 'NONE', *, *, #3181, .F. ) ;
#3595 = CARTESIAN_POINT ( 'NONE',  ( 2.741227567137010546, 0.1872977105017603894, 14.24641505557433163 ) ) ;
#3596 = PLANE ( 'NONE',  #4089 ) ;
#3597 = CARTESIAN_POINT ( 'NONE',  ( 1.941227567137124854, -0.6127022894982419032, 14.35113481042822059 ) ) ;
#3598 = EDGE_CURVE ( 'NONE', #243, #2268, #416, .T. ) ;
#3599 = PLANE ( 'NONE',  #2875 ) ;
#3600 = ORIENTED_EDGE ( 'NONE', *, *, #3956, .F. ) ;
#3601 = CARTESIAN_POINT ( 'NONE',  ( 16.51272927126115064, 1.553964377167375011, 14.15627029703185968 ) ) ;
#3602 = LINE ( 'NONE', #3303, #989 ) ;
#3603 = VECTOR ( 'NONE', #2258, 1000.000000000000000 ) ;
#3604 = AXIS2_PLACEMENT_3D ( 'NONE', #1255, #1325, #2648 ) ;
#3605 = CARTESIAN_POINT ( 'NONE',  ( 6.818907810988240392, 6.944397795369440018, 8.153821564985490156 ) ) ;
#3606 = VECTOR ( 'NONE', #2124, 1000.000000000000000 ) ;
#3607 = AXIS2_PLACEMENT_3D ( 'NONE', #390, #3197, #1804 ) ;
#3608 = CARTESIAN_POINT ( 'NONE',  ( 10.00000000000000000, -50.45560220463060119, 13.29999999999999893 ) ) ;
#3609 = CARTESIAN_POINT ( 'NONE',  ( 10.73562816636630046, 6.387297710500770442, 18.94847914090754770 ) ) ;
#3610 = CARTESIAN_POINT ( 'NONE',  ( 14.96548272100327992, -5.862702289498940011, 21.92264413427930236 ) ) ;
#3611 = VECTOR ( 'NONE', #3839, 1000.000000000000000 ) ;
#3612 = AXIS2_PLACEMENT_3D ( 'NONE', #1248, #201, #616 ) ;
#3613 = DIRECTION ( 'NONE',  ( 0.000000000000000000, -1.000000000000000000, 0.000000000000000000 ) ) ;
#3614 = ORIENTED_EDGE ( 'NONE', *, *, #2838, .F. ) ;
#3615 = FACE_OUTER_BOUND ( 'NONE', #596, .T. ) ;
#3616 = CARTESIAN_POINT ( 'NONE',  ( 4.687697435835837645, -8.662702289498440678, 4.075618302544515181 ) ) ;
#3617 = ORIENTED_EDGE ( 'NONE', *, *, #340, .F. ) ;
#3618 = EDGE_LOOP ( 'NONE', ( #1624, #165, #2316, #3999 ) ) ;
#3619 = CARTESIAN_POINT ( 'NONE',  ( 5.202351497730506757, 3.853964377168743294, 16.98231239028506323 ) ) ;
#3620 = CARTESIAN_POINT ( 'NONE',  ( -1.734723475976804925E-15, 12.94439779536943824, 13.29999999999999893 ) ) ;
#3621 = ADVANCED_FACE ( 'NONE', ( #2106 ), #714, .F. ) ;
#3622 = CARTESIAN_POINT ( 'NONE',  ( 15.48416159615180021, -3.112702289498494590, 6.169954373870930375 ) ) ;
#3623 = DIRECTION ( 'NONE',  ( -1.000000000000000000, 0.000000000000000000, 0.000000000000000000 ) ) ;
#3624 = ORIENTED_EDGE ( 'NONE', *, *, #4368, .F. ) ;
#3625 = CARTESIAN_POINT ( 'NONE',  ( 6.477871992719370198, 0.1372977105018309829, 7.181597666204819319 ) ) ;
#3626 = CARTESIAN_POINT ( 'NONE',  ( 10.00000000000000000, -9.955602204630560337, 13.29999999999999893 ) ) ;
#3627 = CARTESIAN_POINT ( 'NONE',  ( 5.090592619987119427, -7.862702289498429309, 4.774647413285350694 ) ) ;
#3628 = ADVANCED_FACE ( 'NONE', ( #1762 ), #1720, .F. ) ;
#3629 = CARTESIAN_POINT ( 'NONE',  ( 11.35000000000000142, 7.744397795369440729, 10.03668437742000030 ) ) ;
#3630 = CARTESIAN_POINT ( 'NONE',  ( 14.35827815204286040, 13.70242974856599538, 14.60928268914755179 ) ) ;
#3631 = CARTESIAN_POINT ( 'NONE',  ( 17.51658385986430133, -2.196035622831499889, 17.63658658335549845 ) ) ;
#3632 = DIRECTION ( 'NONE',  ( -1.000000000000000000, 0.000000000000000000, 0.000000000000000000 ) ) ;
#3633 = ORIENTED_EDGE ( 'NONE', *, *, #2557, .T. ) ;
#3634 = CARTESIAN_POINT ( 'NONE',  ( 15.13541881824069968, 5.553964377168689737, 13.97598077982704012 ) ) ;
#3635 = FILL_AREA_STYLE_COLOUR ( '', #4016 ) ;
#3636 = CARTESIAN_POINT ( 'NONE',  ( 5.202351497729726937, 2.253964377168742761, 16.98231239028506323 ) ) ;
#3637 = VERTEX_POINT ( 'NONE', #347 ) ;
#3638 = VERTEX_POINT ( 'NONE', #3882 ) ;
#3639 = CARTESIAN_POINT ( 'NONE',  ( 4.335729973684136596, 0.6872977105020505739, 8.942291995882555966 ) ) ;
#3640 = CARTESIAN_POINT ( 'NONE',  ( 4.092627593243239659, -5.112702289498249897, 20.98074037681135096 ) ) ;
#3641 = EDGE_CURVE ( 'NONE', #1724, #2655, #2730, .T. ) ;
#3642 = DIRECTION ( 'NONE',  ( 0.000000000000000000, 0.000000000000000000, -1.000000000000000000 ) ) ;
#3643 = DIRECTION ( 'NONE',  ( 0.000000000000000000, 0.000000000000000000, -1.000000000000000000 ) ) ;
#3644 = VERTEX_POINT ( 'NONE', #3546 ) ;
#3645 = CARTESIAN_POINT ( 'NONE',  ( 9.008512565152948071, -1.446035622832863909, 20.84571211103465416 ) ) ;
#3646 = DIRECTION ( 'NONE',  ( 0.000000000000000000, -1.000000000000000000, 0.000000000000000000 ) ) ;
#3647 = EDGE_CURVE ( 'NONE', #80, #586, #985, .T. ) ;
#3648 = DIRECTION ( 'NONE',  ( 0.000000000000000000, 0.000000000000000000, -1.000000000000000000 ) ) ;
#3649 = DIRECTION ( 'NONE',  ( 0.000000000000000000, 1.000000000000000000, 0.000000000000000000 ) ) ;
#3650 = CARTESIAN_POINT ( 'NONE',  ( 14.39112276446147476, 13.85907146058244166, 12.10681762984102505 ) ) ;
#3651 = CARTESIAN_POINT ( 'NONE',  ( 18.19085572925535033, -6.946035622833170109, 7.009996180864829896 ) ) ;
#3652 = EDGE_CURVE ( 'NONE', #3914, #631, #1999, .T. ) ;
#3653 = DIRECTION ( 'NONE',  ( -1.000000000000000000, 0.000000000000000000, 0.000000000000000000 ) ) ;
#3654 = ORIENTED_EDGE ( 'NONE', *, *, #778, .F. ) ;
#3655 = CARTESIAN_POINT ( 'NONE',  ( 7.884999999999999787, -9.955602204630560337, 2.560000000000000053 ) ) ;
#3656 = VECTOR ( 'NONE', #1798, 1000.000000000000000 ) ;
#3657 = CARTESIAN_POINT ( 'NONE',  ( 10.00000000000000000, -57.85560220463059977, 11.29999999999999893 ) ) ;
#3658 = CARTESIAN_POINT ( 'NONE',  ( 8.546626326647199789, 3.503964377168584221, 7.877597908942960636 ) ) ;
#3659 = STYLED_ITEM ( 'NONE', ( #1509 ), #482 ) ;
#3660 = ORIENTED_EDGE ( 'NONE', *, *, #1340, .F. ) ;
#3661 = CARTESIAN_POINT ( 'NONE',  ( 8.028966281551975115, -0.5627022894983787493, 20.61993290924362654 ) ) ;
#3662 =( LENGTH_UNIT ( ) NAMED_UNIT ( * ) SI_UNIT ( .MILLI., .METRE. ) );
#3663 = VECTOR ( 'NONE', #3697, 1000.000000000000000 ) ;
#3664 = CARTESIAN_POINT ( 'NONE',  ( 6.037655638652199563, 4.053964377168324695, 8.137965399392250276 ) ) ;
#3665 = LINE ( 'NONE', #1903, #2495 ) ;
#3666 = CARTESIAN_POINT ( 'NONE',  ( 10.00000000000000000, 7.744397795369440729, 13.29999999999999893 ) ) ;
#3667 = VERTEX_POINT ( 'NONE', #2087 ) ;
#3668 = CARTESIAN_POINT ( 'NONE',  ( 6.933358208715008963, 2.803964377169160027, 18.61321084122370451 ) ) ;
#3669 = FACE_OUTER_BOUND ( 'NONE', #1698, .T. ) ;
#3670 = CARTESIAN_POINT ( 'NONE',  ( 17.94742765945334995, -2.612702289497349728, 12.26344018589870011 ) ) ;
#3671 = FACE_OUTER_BOUND ( 'NONE', #1369, .T. ) ;
#3672 = CARTESIAN_POINT ( 'NONE',  ( 14.54999194166029852, 14.44437997573587218, 13.10051748145530404 ) ) ;
#3673 = CARTESIAN_POINT ( 'NONE',  ( 15.23197679276344907, -1.946035622831524980, 20.11411885266049993 ) ) ;
#3674 = ADVANCED_FACE ( 'NONE', ( #1787 ), #1460, .F. ) ;
#3675 = VECTOR ( 'NONE', #2624, 1000.000000000000000 ) ;
#3676 = CIRCLE ( 'NONE', #250, 6.049999999999999822 ) ;
#3678 = LINE ( 'NONE', #1164, #2871 ) ;
#3677 = AXIS2_PLACEMENT_3D ( 'NONE', #478, #4330, #1206 ) ;
#3679 = VERTEX_POINT ( 'NONE', #3198 ) ;
#3680 = LINE ( 'NONE', #891, #2157 ) ;
#3681 = CARTESIAN_POINT ( 'NONE',  ( 8.543213770382680039, -9.446035622834498824, 24.40033301697345181 ) ) ;
#3682 = CARTESIAN_POINT ( 'NONE',  ( 13.17530816402466520, 1.337297710501008652, 18.81666477055955156 ) ) ;
#3683 = AXIS2_PLACEMENT_3D ( 'NONE', #1867, #176, #3260 ) ;
#3684 = EDGE_LOOP ( 'NONE', ( #4140, #145 ) ) ;
#3685 =( GEOMETRIC_REPRESENTATION_CONTEXT ( 3 ) GLOBAL_UNCERTAINTY_ASSIGNED_CONTEXT ( ( #4282 ) ) GLOBAL_UNIT_ASSIGNED_CONTEXT ( ( #1596, #4485, #2719 ) ) REPRESENTATION_CONTEXT ( 'NONE', 'WORKASPACE' ) );
#3686 = CARTESIAN_POINT ( 'NONE',  ( 14.74033941661682157, -1.146035622831521383, 19.47438537891106947 ) ) ;
#3687 = EDGE_CURVE ( 'NONE', #1297, #1285, #4178, .T. ) ;
#3688 = CARTESIAN_POINT ( 'NONE',  ( 6.530463024748070389, 2.803964377169160027, 19.31223995204459953 ) ) ;
#3689 = ORIENTED_EDGE ( 'NONE', *, *, #854, .T. ) ;
#3690 = CARTESIAN_POINT ( 'NONE',  ( 12.11500000000000021, -12.51560220463055906, 24.03999999999999915 ) ) ;
#3691 = CARTESIAN_POINT ( 'NONE',  ( 10.00000000000000000, -12.51560220463055906, 13.29999999999999893 ) ) ;
#3692 = EDGE_LOOP ( 'NONE', ( #3136, #920, #2182, #4051 ) ) ;
#3693 = CARTESIAN_POINT ( 'NONE',  ( 0.3325072803732195825, -9.162702289497428154, 10.69807711184129317 ) ) ;
#3694 = CYLINDRICAL_SURFACE ( 'NONE', #1718, 1.649999999999998579 ) ;
#3695 = CARTESIAN_POINT ( 'NONE',  ( 5.784232306332079965, -3.862702289497940367, 5.978122539787380063 ) ) ;
#3696 = DIRECTION ( 'NONE',  ( 0.000000000000000000, 1.000000000000000000, 0.000000000000000000 ) ) ;
#3697 = DIRECTION ( 'NONE',  ( 0.000000000000000000, -1.000000000000000000, 0.000000000000000000 ) ) ;
#3698 = CARTESIAN_POINT ( 'NONE',  ( 4.085174900219199934, 3.137297710501480097, 16.70479342635779929 ) ) ;
#3699 = ADVANCED_FACE ( 'NONE', ( #1081 ), #3178, .T. ) ;
#3700 = DIRECTION ( 'NONE',  ( 0.000000000000000000, 0.000000000000000000, -1.000000000000000000 ) ) ;
#3701 = VERTEX_POINT ( 'NONE', #2850 ) ;
#3702 = LINE ( 'NONE', #576, #3308 ) ;
#3703 = CARTESIAN_POINT ( 'NONE',  ( 10.00000000000000000, -49.45560220463060119, 11.29999999999999893 ) ) ;
#3704 = CARTESIAN_POINT ( 'NONE',  ( 11.00606243113923988, -0.2460356228308447912, 5.642943115463876502 ) ) ;
#3705 = EDGE_CURVE ( 'NONE', #879, #3202, #1103, .T. ) ;
#3706 = ORIENTED_EDGE ( 'NONE', *, *, #4461, .T. ) ;
#3707 = CARTESIAN_POINT ( 'NONE',  ( 19.11142465006570035, -6.696035622831550072, 10.85522906025282097 ) ) ;
#3708 = SURFACE_SIDE_STYLE ('',( #2311 ) ) ;
#3709 = CARTESIAN_POINT ( 'NONE',  ( -0.4466708609033103738, -7.562702289497425845, 10.48867880421420828 ) ) ;
#3710 = EDGE_CURVE ( 'NONE', #2497, #3252, #3676, .T. ) ;
#3711 = CARTESIAN_POINT ( 'NONE',  ( 10.00000000000000000, -49.45560220463060119, 13.29999999999999893 ) ) ;
#3712 = CARTESIAN_POINT ( 'NONE',  ( 5.704362678251340135, 12.94439779536943824, 14.80000000000000071 ) ) ;
#3713 = ORIENTED_EDGE ( 'NONE', *, *, #58, .F. ) ;
#3714 = CARTESIAN_POINT ( 'NONE',  ( 6.529293014917660010, 4.053964377168324695, 8.777698873022290016 ) ) ;
#3715 = FACE_OUTER_BOUND ( 'NONE', #812, .T. ) ;
#3716 = CARTESIAN_POINT ( 'NONE',  ( 17.89003972440129786, -2.446035622832780199, 14.33655981410129954 ) ) ;
#3717 = DIRECTION ( 'NONE',  ( -0.000000000000000000, 1.000000000000000000, 0.000000000000000000 ) ) ;
#3718 = CARTESIAN_POINT ( 'NONE',  ( 15.12212218895549931, 6.944397795369440018, 12.84561508435411881 ) ) ;
#3719 = CARTESIAN_POINT ( 'NONE',  ( 17.31272927126115135, 1.553964377167375011, 14.26099005183499990 ) ) ;
#3720 = ORIENTED_EDGE ( 'NONE', *, *, #3504, .F. ) ;
#3721 = PLANE ( 'NONE',  #2653 ) ;
#3722 = ORIENTED_EDGE ( 'NONE', *, *, #2255, .T. ) ;
#3723 = DIRECTION ( 'NONE',  ( 1.000000000000000000, 0.000000000000000000, 0.000000000000000000 ) ) ;
#3724 = CARTESIAN_POINT ( 'NONE',  ( 8.903792810277655789, -2.246035622832866174, 21.64571211103465487 ) ) ;
#3725 = AXIS2_PLACEMENT_3D ( 'NONE', #1452, #2072, #4144 ) ;
#3726 = ORIENTED_EDGE ( 'NONE', *, *, #4244, .T. ) ;
#3727 = CARTESIAN_POINT ( 'NONE',  ( 11.08163219336203831, -3.446035622832640311, 5.065632662325870506 ) ) ;
#3728 = CARTESIAN_POINT ( 'NONE',  ( 4.085174900219199934, 3.137297710501480097, 16.70479342635779929 ) ) ;
#3729 = EDGE_CURVE ( 'NONE', #586, #80, #1631, .T. ) ;
#3730 = MECHANICAL_DESIGN_GEOMETRIC_PRESENTATION_REPRESENTATION (  '', ( #2267 ), #3586 ) ;
#3731 = CARTESIAN_POINT ( 'NONE',  ( 10.00000000000000000, 6.844397795369439486, 9.750000000000000000 ) ) ;
#3732 = FACE_OUTER_BOUND ( 'NONE', #282, .T. ) ;
#3733 = TOROIDAL_SURFACE ( 'NONE', #2716, 3.000000000000000000, 1.000000000000000000 ) ;
#3734 = FACE_OUTER_BOUND ( 'NONE', #2536, .T. ) ;
#3735 = CARTESIAN_POINT ( 'NONE',  ( 4.852439149668552609, -9.996035622831429990, 22.22363622034456654 ) ) ;
#3736 = DIRECTION ( 'NONE',  ( 0.000000000000000000, 0.000000000000000000, 1.000000000000000000 ) ) ;
#3737 = CARTESIAN_POINT ( 'NONE',  ( 19.32473811273409936, -6.612702289498430197, 12.08315066889760026 ) ) ;
#3738 = DIRECTION ( 'NONE',  ( 0.000000000000000000, 0.000000000000000000, 1.000000000000000000 ) ) ;
#3739 = CARTESIAN_POINT ( 'NONE',  ( 14.29563732174866075, 12.94439779536943824, 11.79999999999999893 ) ) ;
#3740 = LINE ( 'NONE', #2301, #625 ) ;
#3741 = ORIENTED_EDGE ( 'NONE', *, *, #854, .F. ) ;
#3742 = FACE_OUTER_BOUND ( 'NONE', #3618, .T. ) ;
#3743 = AXIS2_PLACEMENT_3D ( 'NONE', #1772, #2070, #2798 ) ;
#3744 = DIRECTION ( 'NONE',  ( 0.000000000000000000, 0.000000000000000000, -1.000000000000000000 ) ) ;
#3745 = CARTESIAN_POINT ( 'NONE',  ( 0.4747495209609259859, -8.862702289499370778, 18.78571248573305041 ) ) ;
#3746 = CARTESIAN_POINT ( 'NONE',  ( 20.06735017743331895, -7.246035622831689338, 14.62156908605203931 ) ) ;
#3747 = CONICAL_SURFACE ( 'NONE', #2512, 1.675000000000000266, 0.7853981633974476129 ) ;
#3748 = VECTOR ( 'NONE', #2916, 1000.000000000000000 ) ;
#3749 = ORIENTED_EDGE ( 'NONE', *, *, #1072, .F. ) ;
#3750 = ORIENTED_EDGE ( 'NONE', *, *, #1740, .T. ) ;
#3751 = CARTESIAN_POINT ( 'NONE',  ( 1.559306724349065032, -4.696035622832379630, 15.56451689124519966 ) ) ;
#3752 = CARTESIAN_POINT ( 'NONE',  ( 5.450008058339704142, 11.44441561500304338, 13.10051748146155681 ) ) ;
#3753 = PRODUCT_DEFINITION_FORMATION_WITH_SPECIFIED_SOURCE ( 'ANY', '', #3281, .NOT_KNOWN. ) ;
#3754 = AXIS2_PLACEMENT_3D ( 'NONE', #2826, #2102, #3491 ) ;
#3755 = CARTESIAN_POINT ( 'NONE',  ( 11.84302602954023875, 2.303964377168860267, 20.17231160663590117 ) ) ;
#3756 = ORIENTED_EDGE ( 'NONE', *, *, #556, .T. ) ;
#3757 = VECTOR ( 'NONE', #1001, 1000.000000000000000 ) ;
#3758 = DIRECTION ( 'NONE',  ( 0.000000000000000000, -1.000000000000000000, 0.000000000000000000 ) ) ;
#3759 = ADVANCED_FACE ( 'NONE', ( #1060 ), #2421, .T. ) ;
#3760 = DIRECTION ( 'NONE',  ( 0.000000000000000000, 0.000000000000000000, 1.000000000000000000 ) ) ;
#3761 = ORIENTED_EDGE ( 'NONE', *, *, #1148, .F. ) ;
#3762 = CARTESIAN_POINT ( 'NONE',  ( 3.990028151725965699, -8.746035622831344725, 5.473530369314427269 ) ) ;
#3763 = PLANE ( 'NONE',  #2153 ) ;
#3764 = EDGE_CURVE ( 'NONE', #3090, #4159, #3817, .T. ) ;
#3765 = CARTESIAN_POINT ( 'NONE',  ( 17.55112225545059701, -6.946035622833170109, 7.501633556960890736 ) ) ;
#3766 = DIRECTION ( 'NONE',  ( 0.000000000000000000, -1.000000000000000000, 0.000000000000000000 ) ) ;
#3767 = CARTESIAN_POINT ( 'NONE',  ( 10.00000000000000000, -9.955602204630560337, 13.29999999999999893 ) ) ;
#3768 = CARTESIAN_POINT ( 'NONE',  ( 10.00000000000000000, 6.470631043834940144, 18.91978517232030299 ) ) ;
#3769 = ORIENTED_EDGE ( 'NONE', *, *, #2838, .T. ) ;
#3770 = EDGE_CURVE ( 'NONE', #4067, #451, #691, .T. ) ;
#3771 = DIRECTION ( 'NONE',  ( 0.000000000000000000, 1.000000000000000000, 0.000000000000000000 ) ) ;
#3772 = CARTESIAN_POINT ( 'NONE',  ( 14.01723661997264081, 7.744397795369440729, 15.39680847698675059 ) ) ;
#3773 = CARTESIAN_POINT ( 'NONE',  ( -0.4466708609033105404, -8.362702289497430996, 10.48867880421481935 ) ) ;
#3774 = CARTESIAN_POINT ( 'NONE',  ( 6.074976808687136298, -0.6627022894981705603, 6.482568555414191636 ) ) ;
#3775 = ORIENTED_EDGE ( 'NONE', *, *, #2419, .F. ) ;
#3776 = CARTESIAN_POINT ( 'NONE',  ( 16.44973275423210168, -2.946035622831630008, 8.348055178114218933 ) ) ;
#3777 = PRESENTATION_STYLE_ASSIGNMENT (( #2131 ) ) ;
#3778 = CARTESIAN_POINT ( 'NONE',  ( 1.941227567137240761, 0.1872977105017603894, 14.35113481042822947 ) ) ;
#3779 = ORIENTED_EDGE ( 'NONE', *, *, #4342, .F. ) ;
#3780 = CARTESIAN_POINT ( 'NONE',  ( 20.00000000000000000, -12.51560220463055906, 24.03999999999999915 ) ) ;
#3781 = LINE ( 'NONE', #308, #3246 ) ;
#3782 = CARTESIAN_POINT ( 'NONE',  ( 6.768616495325320948, 4.937297710501287185, 7.686043681812326334 ) ) ;
#3783 = CARTESIAN_POINT ( 'NONE',  ( 14.98412097704066070, 7.744397795369440729, 19.62147436016499924 ) ) ;
#3784 = CARTESIAN_POINT ( 'NONE',  ( 9.098657323691588417, -0.4127022894992860014, 6.385555180419446586 ) ) ;
#3785 = LINE ( 'NONE', #2412, #1921 ) ;
#3786 = CARTESIAN_POINT ( 'NONE',  ( 15.81753355222754998, 1.137297710501152137, 9.951281914319249466 ) ) ;
#3787 = CARTESIAN_POINT ( 'NONE',  ( 12.51179586390953880, -7.362702289499330810, 3.967872967567145359 ) ) ;
#3788 = DIRECTION ( 'NONE',  ( 0.000000000000000000, 0.000000000000000000, 1.000000000000000000 ) ) ;
#3789 = CARTESIAN_POINT ( 'NONE',  ( 17.09301398881554590, 1.637297710501175008, 15.21005095356869852 ) ) ;
#3790 = EDGE_CURVE ( 'NONE', #2704, #2611, #469, .T. ) ;
#3791 = ORIENTED_EDGE ( 'NONE', *, *, #2897, .T. ) ;
#3792 = FACE_OUTER_BOUND ( 'NONE', #2278, .T. ) ;
#3793 = CARTESIAN_POINT ( 'NONE',  ( 18.11000000004010246, -37.43225098456194644, 26.57500000000000284 ) ) ;
#3794 = CARTESIAN_POINT ( 'NONE',  ( -0.8133933392593950540, -8.612702289499670982, 14.71171384454525999 ) ) ;
#3795 = CARTESIAN_POINT ( 'NONE',  ( 5.836823338237707048, -1.996035622831747514, 20.51571507830239582 ) ) ;
#3796 = EDGE_LOOP ( 'NONE', ( #1654, #3320, #598, #3492 ) ) ;
#3797 = CARTESIAN_POINT ( 'NONE',  ( 9.999999999999998224, 7.270631043834940854, 18.11978517232028096 ) ) ;
#3798 =( NAMED_UNIT ( * ) SI_UNIT ( $, .STERADIAN. ) SOLID_ANGLE_UNIT ( ) );
#3799 = CARTESIAN_POINT ( 'NONE',  ( 18.69003972440125949, -1.646035622832776157, 14.44127956899500376 ) ) ;
#3800 = ORIENTED_EDGE ( 'NONE', *, *, #1097, .F. ) ;
#3801 = CIRCLE ( 'NONE', #3725, 3.531533498719041653 ) ;
#3802 = CARTESIAN_POINT ( 'NONE',  ( 4.192671343384559712, 7.744397795369440729, 11.60369994574866048 ) ) ;
#3803 = CARTESIAN_POINT ( 'NONE',  ( 22.09999999999999432, -46.89560220463061313, 36.89999999999998437 ) ) ;
#3804 = CARTESIAN_POINT ( 'NONE',  ( 14.35812584865765906, 12.18744551149062794, 14.60976733397300187 ) ) ;
#3805 = CARTESIAN_POINT ( 'NONE',  ( 5.546078835960071451, -5.996035622831815459, 21.02016109392016929 ) ) ;
#3806 = VECTOR ( 'NONE', #790, 1000.000000000000000 ) ;
#3807 = DIRECTION ( 'NONE',  ( -1.000000000000000000, 0.000000000000000000, 0.000000000000000000 ) ) ;
#3808 = CIRCLE ( 'NONE', #2562, 6.049999999999999822 ) ;
#3809 = CARTESIAN_POINT ( 'NONE',  ( 7.171511679237700498, 4.137297710501290027, 8.385072792654980844 ) ) ;
#3810 = VERTEX_POINT ( 'NONE', #2252 ) ;
#3811 = CARTESIAN_POINT ( 'NONE',  ( 20.00000000000000000, -9.955602204630560337, 26.59999999999999787 ) ) ;
#3812 = DIRECTION ( 'NONE',  ( 0.000000000000000000, -1.000000000000000000, 0.000000000000000000 ) ) ;
#3813 = CARTESIAN_POINT ( 'NONE',  ( 13.13072952008952043, 7.744397795369440729, 14.93409348710981988 ) ) ;
#3814 = AXIS2_PLACEMENT_3D ( 'NONE', #687, #1738, #956 ) ;
#3815 = DIRECTION ( 'NONE',  ( 0.000000000000000000, 1.000000000000000000, 0.000000000000000000 ) ) ;
#3816 = ADVANCED_FACE ( 'NONE', ( #1230 ), #780, .F. ) ;
#3817 = LINE ( 'NONE', #4205, #4187 ) ;
#3818 = CARTESIAN_POINT ( 'NONE',  ( 15.23197679276344907, -1.946035622831524980, 20.11411885266049993 ) ) ;
#3819 = CARTESIAN_POINT ( 'NONE',  ( 6.037655638652006829, 3.253964377168318212, 8.137965399392619759 ) ) ;
#3820 = ORIENTED_EDGE ( 'NONE', *, *, #281, .T. ) ;
#3821 = ADVANCED_FACE ( 'NONE', ( #2598 ), #37, .T. ) ;
#3822 = CARTESIAN_POINT ( 'NONE',  ( 8.546626326647569272, 4.303964377168590261, 7.877597908943330118 ) ) ;
#3823 = LINE ( 'NONE', #372, #3149 ) ;
#3824 = CARTESIAN_POINT ( 'NONE',  ( 17.20767729377378075, 2.103964377168718425, 11.36684694632211823 ) ) ;
#3825 = AXIS2_PLACEMENT_3D ( 'NONE', #846, #2944, #2238 ) ;
#3826 = AXIS2_PLACEMENT_3D ( 'NONE', #1335, #2729, #4121 ) ;
#3827 = ORIENTED_EDGE ( 'NONE', *, *, #2531, .T. ) ;
#3828 = DIRECTION ( 'NONE',  ( 1.000000000000000000, 0.000000000000000000, 0.000000000000000000 ) ) ;
#3829 = CARTESIAN_POINT ( 'NONE',  ( 22.10000000000000142, -12.51560220463055906, 13.29999999999999893 ) ) ;
#3830 = ADVANCED_FACE ( 'NONE', ( #3965 ), #3583, .F. ) ;
#3831 = AXIS2_PLACEMENT_3D ( 'NONE', #90, #1910, #3304 ) ;
#3832 = CARTESIAN_POINT ( 'NONE',  ( 14.55002988499170691, 11.44430050097570195, 13.49883770158926488 ) ) ;
#3833 = CARTESIAN_POINT ( 'NONE',  ( 2.741227567137241472, -1.412702289498242170, 14.24641505557433163 ) ) ;
#3834 = CARTESIAN_POINT ( 'NONE',  ( 1.258449520067895788, -8.946035622832091860, 20.01321462977779930 ) ) ;
#3835 = VECTOR ( 'NONE', #2081, 1000.000000000000000 ) ;
#3836 = AXIS2_PLACEMENT_3D ( 'NONE', #881, #1568, #795 ) ;
#3837 = CARTESIAN_POINT ( 'NONE',  ( 4.118538020383880394, 3.387297710501409931, 14.06612553844501967 ) ) ;
#3838 = VERTEX_POINT ( 'NONE', #1545 ) ;
#3839 = DIRECTION ( 'NONE',  ( 0.000000000000000000, 1.000000000000000000, 0.000000000000000000 ) ) ;
#3840 = CARTESIAN_POINT ( 'NONE',  ( 5.015879022959349953, 7.744397795369440729, 19.62147436016499924 ) ) ;
#3841 = DIRECTION ( 'NONE',  ( 1.000000000000000000, 0.000000000000000000, 0.000000000000000000 ) ) ;
#3842 = CARTESIAN_POINT ( 'NONE',  ( 0.8947918877926609449, -4.362702289498315622, 10.84918690113196149 ) ) ;
#3843 = CARTESIAN_POINT ( 'NONE',  ( 12.72119417154572041, -7.362702289499330810, 3.188694826293509976 ) ) ;
#3844 = EDGE_CURVE ( 'NONE', #3111, #3022, #91, .T. ) ;
#3845 = ORIENTED_EDGE ( 'NONE', *, *, #63, .F. ) ;
#3846 = CARTESIAN_POINT ( 'NONE',  ( 8.186118229871720331, 0.3039643771680420326, 6.536135160219169293 ) ) ;
#3847 = CARTESIAN_POINT ( 'NONE',  ( -6.065551073586579503E-16, -9.955602204630560337, 26.59999999999999787 ) ) ;
#3848 = CARTESIAN_POINT ( 'NONE',  ( 14.96548272100328347, -5.062702289498938413, 21.92264413427927039 ) ) ;
#3849 = VERTEX_POINT ( 'NONE', #1889 ) ;
#3850 = DIRECTION ( 'NONE',  ( 1.000000000000000000, 0.000000000000000000, 0.000000000000000000 ) ) ;
#3851 = CARTESIAN_POINT ( 'NONE',  ( -2.100000000000000089, -12.51560220463055906, 13.29999999999999893 ) ) ;
#3852 = CARTESIAN_POINT ( 'NONE',  ( 19.26735017743675726, -5.646035622831687029, 14.51684933110241005 ) ) ;
#3853 = CARTESIAN_POINT ( 'NONE',  ( 5.635024485945769435, 7.744397795369440729, 18.83619804213210003 ) ) ;
#3854 = CARTESIAN_POINT ( 'NONE',  ( 14.99252422001906027, -3.912702289498497965, 6.809687847634885216 ) ) ;
#3855 = CARTESIAN_POINT ( 'NONE',  ( 4.687697435835839421, -7.862702289498429309, 4.075618302544520510 ) ) ;
#3856 = ADVANCED_FACE ( 'NONE', ( #1571 ), #1845, .T. ) ;
#3857 = CARTESIAN_POINT ( 'NONE',  ( 15.19280675297909866, 5.387297710501189663, 12.62401922017292044 ) ) ;
#3858 = EDGE_LOOP ( 'NONE', ( #1595, #850, #1712, #2634 ) ) ;
#3859 = CARTESIAN_POINT ( 'NONE',  ( 19.11142465006570035, -6.696035622831550072, 10.85522906025282097 ) ) ;
#3860 = CARTESIAN_POINT ( 'NONE',  ( 10.00000000000000000, 9.344397795369440374, 13.29999999999999893 ) ) ;
#3861 = DIRECTION ( 'NONE',  ( 0.2542116360690024335, 0.000000000000000000, 0.9671486153053837631 ) ) ;
#3862 = CARTESIAN_POINT ( 'NONE',  ( 15.93541881824484996, 5.553964377168689737, 14.08070053447130121 ) ) ;
#3863 = CARTESIAN_POINT ( 'NONE',  ( 13.79131835401165951, 4.087297710501776926, 8.372733376905788560 ) ) ;
#3864 = ORIENTED_EDGE ( 'NONE', *, *, #4439, .F. ) ;
#3865 = CARTESIAN_POINT ( 'NONE',  ( 13.86894785050396095, -1.862702289499070130, 20.02013989705470109 ) ) ;
#3866 = FILL_AREA_STYLE_COLOUR ( '', #4094 ) ;
#3867 = CARTESIAN_POINT ( 'NONE',  ( 14.63773997506478075, 1.687297710501244774, 7.271343875289595360 ) ) ;
#3868 = ORIENTED_EDGE ( 'NONE', *, *, #778, .T. ) ;
#3869 = CARTESIAN_POINT ( 'NONE',  ( 11.68814321188623850, 7.744397795369440729, 8.750217934704009437 ) ) ;
#3870 = CARTESIAN_POINT ( 'NONE',  ( 7.884999999999999787, -12.51560220463055906, 2.322088829909565030E-15 ) ) ;
#3871 = CARTESIAN_POINT ( 'NONE',  ( 1.898182993887763903, -8.146035622832080492, 19.52157725369420049 ) ) ;
#3872 = DIRECTION ( 'NONE',  ( 1.000000000000000000, 0.000000000000000000, -1.025250281310169940E-16 ) ) ;
#3873 = EDGE_CURVE ( 'NONE', #567, #3991, #179, .T. ) ;
#3874 = CARTESIAN_POINT ( 'NONE',  ( 4.100961996406324417, -1.746035622831805911, 17.82873401134379066 ) ) ;
#3875 = CARTESIAN_POINT ( 'NONE',  ( 18.11000000004010246, -37.43225098456194644, 26.59999999999999787 ) ) ;
#3876 = CARTESIAN_POINT ( 'NONE',  ( 15.11357527561175118, 1.887297710502209958, 17.23449719354119836 ) ) ;
#3877 = ORIENTED_EDGE ( 'NONE', *, *, #2699, .T. ) ;
#3878 = CARTESIAN_POINT ( 'NONE',  ( 15.58676103773015065, -5.946035622831000289, 20.57577488012195133 ) ) ;
#3879 = LINE ( 'NONE', #1124, #3173 ) ;
#3880 = FILL_AREA_STYLE_COLOUR ( '', #3175 ) ;
#3881 = EDGE_CURVE ( 'NONE', #1856, #3483, #3924, .T. ) ;
#3882 = CARTESIAN_POINT ( 'NONE',  ( 4.265000000040109818, -15.63225098456195283, 26.59999999999999787 ) ) ;
#3883 = AXIS2_PLACEMENT_3D ( 'NONE', #4074, #1223, #1998 ) ;
#3884 = CARTESIAN_POINT ( 'NONE',  ( 3.577717385725164956, 3.637297710502169767, 11.57020309480519948 ) ) ;
#3885 = CARTESIAN_POINT ( 'NONE',  ( 16.33058321734955243, -7.112702289496950492, 5.068564872530270549 ) ) ;
#3886 = ORIENTED_EDGE ( 'NONE', *, *, #3150, .F. ) ;
#3887 = CARTESIAN_POINT ( 'NONE',  ( 2.900769473035959667, -0.6960356228314399374, 15.20400879434030017 ) ) ;
#3888 = ORIENTED_EDGE ( 'NONE', *, *, #2821, .T. ) ;
#3889 = ORIENTED_EDGE ( 'NONE', *, *, #2201, .T. ) ;
#3890 = CARTESIAN_POINT ( 'NONE',  ( 1.363917113891153443, -3.812702289498351771, 14.42670457260398109 ) ) ;
#3891 = CARTESIAN_POINT ( 'NONE',  ( 2.590000000040109551, -15.63225098456195283, 26.57500000000000284 ) ) ;
#3892 = AXIS2_PLACEMENT_3D ( 'NONE', #1299, #2688, #4078 ) ;
#3893 = CARTESIAN_POINT ( 'NONE',  ( 13.29968097771060620, 4.087297710501776926, 9.012466850507109939 ) ) ;
#3894 = CIRCLE ( 'NONE', #1922, 1.000000000000000888 ) ;
#3895 = CARTESIAN_POINT ( 'NONE',  ( 1.998615502166965152, -0.4460356228318835270, 12.24886518957177906 ) ) ;
#3896 = VECTOR ( 'NONE', #2532, 1000.000000000000000 ) ;
#3897 = AXIS2_PLACEMENT_3D ( 'NONE', #2846, #792, #3623 ) ;
#3898 = DIRECTION ( 'NONE',  ( 0.000000000000000000, -1.000000000000000000, 0.000000000000000000 ) ) ;
#3899 = VERTEX_POINT ( 'NONE', #798 ) ;
#3900 = CARTESIAN_POINT ( 'NONE',  ( 13.86894785050396095, -1.862702289499070130, 20.02013989705470109 ) ) ;
#3901 = DIRECTION ( 'NONE',  ( -0.9615349643490423981, 0.000000000000000000, -0.2746825664913698506 ) ) ;
#3902 = VECTOR ( 'NONE', #2142, 1000.000000000000000 ) ;
#3903 = CIRCLE ( 'NONE', #3968, 1.000000000000000888 ) ;
#3904 = EDGE_CURVE ( 'NONE', #1484, #4449, #1503, .T. ) ;
#3906 = DIRECTION ( 'NONE',  ( 0.000000000000000000, -1.000000000000000000, 0.000000000000000000 ) ) ;
#3905 = VECTOR ( 'NONE', #3509, 1000.000000000000000 ) ;
#3907 = CARTESIAN_POINT ( 'NONE',  ( 20.00000000000000000, -49.45560220463060119, 25.10000000000000142 ) ) ;
#3908 = CARTESIAN_POINT ( 'NONE',  ( 4.288628829458245306, 3.803964377167705191, 10.00387294638412072 ) ) ;
#3909 = CARTESIAN_POINT ( 'NONE',  ( 14.88668722522760213, 4.253964377168079736, 9.549261043854937014 ) ) ;
#3910 = EDGE_CURVE ( 'NONE', #4285, #1820, #1347, .T. ) ;
#3911 = ORIENTED_EDGE ( 'NONE', *, *, #1398, .F. ) ;
#3912 = CARTESIAN_POINT ( 'NONE',  ( 8.389474378434998769, 2.637297710500714931, 19.27847016036829686 ) ) ;
#3913 = DIRECTION ( 'NONE',  ( 1.000000000000000000, 0.000000000000000000, -1.427144654353157974E-16 ) ) ;
#3914 = VERTEX_POINT ( 'NONE', #2574 ) ;
#3915 = ORIENTED_EDGE ( 'NONE', *, *, #3568, .T. ) ;
#3916 = CARTESIAN_POINT ( 'NONE',  ( 12.88456366124639452, 6.937297710500516246, 18.31221875499002039 ) ) ;
#3917 = CARTESIAN_POINT ( 'NONE',  ( 11.37500000000000000, 16.54439779536944854, 13.29999999999999893 ) ) ;
#3918 = CARTESIAN_POINT ( 'NONE',  ( 18.43447673771379769, -2.362702289498625152, 15.57055905039645083 ) ) ;
#3919 = LINE ( 'NONE', #2592, #3311 ) ;
#3920 = ORIENTED_EDGE ( 'NONE', *, *, #2246, .F. ) ;
#3921 = CARTESIAN_POINT ( 'NONE',  ( 8.028966281551982220, -1.362702289498380015, 20.61993290924365141 ) ) ;
#3922 = PLANE ( 'NONE',  #1933 ) ;
#3923 = CARTESIAN_POINT ( 'NONE',  ( 10.00000000000000000, 6.944397795369440018, 13.29999999999999893 ) ) ;
#3924 = LINE ( 'NONE', #4356, #2577 ) ;
#3925 = CARTESIAN_POINT ( 'NONE',  ( 2.881699773810315168, -0.8627022894986859924, 17.39843311295100037 ) ) ;
#3926 = CARTESIAN_POINT ( 'NONE',  ( 17.08946622799784620, -2.946035622831630008, 7.856417801979449500 ) ) ;
#3927 = ADVANCED_FACE ( 'NONE', ( #2206 ), #3242, .T. ) ;
#3928 = ORIENTED_EDGE ( 'NONE', *, *, #2304, .F. ) ;
#3929 = LINE ( 'NONE', #1576, #3603 ) ;
#3930 = SURFACE_SIDE_STYLE ('',( #122 ) ) ;
#3931 = ORIENTED_EDGE ( 'NONE', *, *, #3322, .T. ) ;
#3932 = ORIENTED_EDGE ( 'NONE', *, *, #4010, .T. ) ;
#3933 = CARTESIAN_POINT ( 'NONE',  ( 16.31383584760432726, 2.437297710501178827, 15.00065264577974133 ) ) ;
#3934 = CARTESIAN_POINT ( 'NONE',  ( 10.00000000000000000, 16.54439779536944854, 8.750000000000000000 ) ) ;
#3935 = CARTESIAN_POINT ( 'NONE',  ( 8.723503293205489229, -5.446035622831289835, 23.02302256407834946 ) ) ;
#3936 = FACE_OUTER_BOUND ( 'NONE', #1604, .T. ) ;
#3937 = ORIENTED_EDGE ( 'NONE', *, *, #3510, .F. ) ;
#3938 = CARTESIAN_POINT ( 'NONE',  ( 8.828223048143270191, -5.446035622831289835, 22.22302256407835230 ) ) ;
#3939 = CARTESIAN_POINT ( 'NONE',  ( 7.884999999999999787, -12.51560220463055906, 26.59999999999999787 ) ) ;
#3940 = APPLICATION_PROTOCOL_DEFINITION ( 'draft international standard', 'automotive_design', 1998, #3518 ) ;
#3941 = STYLED_ITEM ( 'NONE', ( #1652 ), #386 ) ;
#3942 = CARTESIAN_POINT ( 'NONE',  ( 1.377232561305502090, -8.196035622832690493, 8.325849071249729505 ) ) ;
#3943 = DIRECTION ( 'NONE',  ( 0.000000000000000000, 0.000000000000000000, -1.000000000000000000 ) ) ;
#3944 = CARTESIAN_POINT ( 'NONE',  ( 11.48251793300503998, 6.303964377169370081, 18.83084885784255036 ) ) ;
#3945 = CARTESIAN_POINT ( 'NONE',  ( 17.72003778944459995, -2.862702289498405328, 8.854747043797228656 ) ) ;
#3946 = EDGE_CURVE ( 'NONE', #4159, #3276, #622, .T. ) ;
#3947 = DIRECTION ( 'NONE',  ( 0.000000000000000000, 0.000000000000000000, 1.000000000000000000 ) ) ;
#3948 = VECTOR ( 'NONE', #664, 1000.000000000000000 ) ;
#3949 = ORIENTED_EDGE ( 'NONE', *, *, #3564, .F. ) ;
#3950 = PLANE ( 'NONE',  #3087 ) ;
#3951 = VERTEX_POINT ( 'NONE', #3262 ) ;
#3952 = VERTEX_POINT ( 'NONE', #817 ) ;
#3953 = CARTESIAN_POINT ( 'NONE',  ( 4.784204011046051974, 3.937297710501477699, 16.30189824240940411 ) ) ;
#3954 = DIRECTION ( 'NONE',  ( 0.000000000000000000, 0.000000000000000000, 1.000000000000000000 ) ) ;
#3955 = CARTESIAN_POINT ( 'NONE',  ( 7.819567973833950525, -1.362702289498380015, 21.39911105048199857 ) ) ;
#3956 = EDGE_CURVE ( 'NONE', #191, #1266, #2013, .T. ) ;
#3957 = DIRECTION ( 'NONE',  ( -1.000000000000000000, 0.000000000000000000, 0.000000000000000000 ) ) ;
#3958 = ORIENTED_EDGE ( 'NONE', *, *, #1530, .F. ) ;
#3959 = CARTESIAN_POINT ( 'NONE',  ( 17.76996190127935193, -2.696035622831720158, 11.21573715723140019 ) ) ;
#3960 = DIRECTION ( 'NONE',  ( 1.000000000000000000, 0.000000000000000000, 0.000000000000000000 ) ) ;
#3961 = VECTOR ( 'NONE', #1591, 1000.000000000000000 ) ;
#3962 = VECTOR ( 'NONE', #3177, 1000.000000000000000 ) ;
#3963 = FACE_OUTER_BOUND ( 'NONE', #3294, .T. ) ;
#3964 = VECTOR ( 'NONE', #2165, 1000.000000000000000 ) ;
#3965 = FACE_OUTER_BOUND ( 'NONE', #2861, .T. ) ;
#3966 = CARTESIAN_POINT ( 'NONE',  ( 14.29563732174866075, 12.94439779536943824, 14.80000000000000071 ) ) ;
#3967 = CARTESIAN_POINT ( 'NONE',  ( 1.881678577042285028, -4.196035622831810308, 8.616593573469090828 ) ) ;
#3968 = AXIS2_PLACEMENT_3D ( 'NONE', #2960, #2250, #1477 ) ;
#3969 = CARTESIAN_POINT ( 'NONE',  ( 12.65529182719163970, 6.944397795369440018, 8.004429570773011093 ) ) ;
#3970 = ORIENTED_EDGE ( 'NONE', *, *, #3873, .T. ) ;
#3971 = DIRECTION ( 'NONE',  ( 1.427144654353157974E-16, 0.000000000000000000, 1.000000000000000000 ) ) ;
#3972 = CARTESIAN_POINT ( 'NONE',  ( 12.71982194806643385, 4.003964377167519295, 8.588526721834163880 ) ) ;
#3973 = EDGE_CURVE ( 'NONE', #1090, #876, #1418, .T. ) ;
#3974 = ORIENTED_EDGE ( 'NONE', *, *, #3647, .T. ) ;
#3975 = ORIENTED_EDGE ( 'NONE', *, *, #2787, .T. ) ;
#3976 = CARTESIAN_POINT ( 'NONE',  ( 11.43027157313727926, 5.437297710502346781, 7.992261214160769178 ) ) ;
#3977 = SURFACE_SIDE_STYLE ('',( #4300 ) ) ;
#3978 = CARTESIAN_POINT ( 'NONE',  ( 7.616211825288009329, -3.696035622832185119, 4.415494270207154237 ) ) ;
#3979 = EDGE_CURVE ( 'NONE', #2540, #3022, #4333, .T. ) ;
#3980 = DIRECTION ( 'NONE',  ( 0.000000000000000000, 1.000000000000000000, 0.000000000000000000 ) ) ;
#3981 = CARTESIAN_POINT ( 'NONE',  ( 20.00000000000000000, -9.955602204630560337, 2.560000000000000053 ) ) ;
#3982 = ORIENTED_EDGE ( 'NONE', *, *, #3376, .F. ) ;
#3983 = CARTESIAN_POINT ( 'NONE',  ( 3.580728884594539974, -0.8627022894986859924, 16.99553792889210158 ) ) ;
#3984 = DIRECTION ( 'NONE',  ( -0.000000000000000000, 1.000000000000000000, 0.000000000000000000 ) ) ;
#3985 = EDGE_CURVE ( 'NONE', #1373, #2540, #863, .T. ) ;
#3986 =( NAMED_UNIT ( * ) SI_UNIT ( $, .STERADIAN. ) SOLID_ANGLE_UNIT ( ) );
#3987 = DIRECTION ( 'NONE',  ( -0.2746825664913701281, 0.000000000000000000, 0.9615349643490422871 ) ) ;
#3988 = CARTESIAN_POINT ( 'NONE',  ( 14.53668804498784617, 14.40531221924149285, 12.90635181799953024 ) ) ;
#3989 = CARTESIAN_POINT ( 'NONE',  ( 5.381337122224760350, -3.862702289497940367, 5.279093429024440454 ) ) ;
#3990 = CARTESIAN_POINT ( 'NONE',  ( 13.02230885912986125, 7.744397795369440729, 15.49740047818159994 ) ) ;
#3991 = VERTEX_POINT ( 'NONE', #2035 ) ;
#3992 = CARTESIAN_POINT ( 'NONE',  ( 11.68814321188623850, 6.944397795369440018, 8.750217934704009437 ) ) ;
#3993 = LINE ( 'NONE', #3657, #4248 ) ;
#3994 = CARTESIAN_POINT ( 'NONE',  ( 7.255703728382755457, -8.496035622831687562, 3.074031521512732734 ) ) ;
#3995 = ORIENTED_EDGE ( 'NONE', *, *, #2974, .F. ) ;
#3996 = ORIENTED_EDGE ( 'NONE', *, *, #4095, .T. ) ;
#3997 = CARTESIAN_POINT ( 'NONE',  ( 13.17530816402466520, 2.937297710501014514, 18.81666477055955156 ) ) ;
#3998 = CARTESIAN_POINT ( 'NONE',  ( 18.19085572925417083, -6.146035622833165846, 7.009996180864825455 ) ) ;
#3999 = ORIENTED_EDGE ( 'NONE', *, *, #3873, .F. ) ;
#4000 = CARTESIAN_POINT ( 'NONE',  ( 22.10000000000000142, -46.89560220463059892, 13.29999999999999893 ) ) ;
#4001 = ADVANCED_FACE ( 'NONE', ( #1686 ), #272, .T. ) ;
#4002 = CARTESIAN_POINT ( 'NONE',  ( 2.590000000040109551, -15.63225098456195283, 24.03999999999999915 ) ) ;
#4003 = VERTEX_POINT ( 'NONE', #3074 ) ;
#4004 = CARTESIAN_POINT ( 'NONE',  ( 11.43027157313692044, 4.637297710502349624, 7.992261214160770955 ) ) ;
#4005 = CARTESIAN_POINT ( 'NONE',  ( -6.065551073586579503E-16, -9.955602204630560337, 2.560000000000000053 ) ) ;
#4006 = FACE_OUTER_BOUND ( 'NONE', #3348, .T. ) ;
#4007 = DIRECTION ( 'NONE',  ( 0.000000000000000000, 1.000000000000000000, 0.000000000000000000 ) ) ;
#4008 = CARTESIAN_POINT ( 'NONE',  ( 4.192671343384559712, 6.944397795369440018, 11.60369994574866048 ) ) ;
#4009 = CARTESIAN_POINT ( 'NONE',  ( 18.74742765945335066, -2.612702289497349728, 12.15872043100500122 ) ) ;
#4010 = EDGE_CURVE ( 'NONE', #972, #1856, #1661, .T. ) ;
#4011 = CARTESIAN_POINT ( 'NONE',  ( 6.629952246788540116, 7.744397795369440729, 18.93679004332689786 ) ) ;
#4012 = CARTESIAN_POINT ( 'NONE',  ( 14.41060449665167909, 5.803964377167670108, 15.84641202644099955 ) ) ;
#4013 = PRESENTATION_LAYER_ASSIGNMENT (  '', '', ( #3289 ) ) ;
#4014 = CARTESIAN_POINT ( 'NONE',  ( 12.11500000000000021, -9.955602204630560337, 2.560000000000000053 ) ) ;
#4015 = CARTESIAN_POINT ( 'NONE',  ( 14.41060449665168264, 5.003964377167662292, 15.84641202644096225 ) ) ;
#4016 = COLOUR_RGB ( '',0.7921568627450980005, 0.8196078431372548767, 0.9333333333333333481 ) ;
#4017 = VERTEX_POINT ( 'NONE', #2982 ) ;
#4018 = VERTEX_POINT ( 'NONE', #1320 ) ;
#4019 = CARTESIAN_POINT ( 'NONE',  ( 16.81755474909340720, -1.396035622831499179, 17.23369139927419980 ) ) ;
#4020 = CARTESIAN_POINT ( 'NONE',  ( 5.690078130919212107, 12.55017473939054007, 14.76061052066974533 ) ) ;
#4021 = AXIS2_PLACEMENT_3D ( 'NONE', #3354, #1231, #180 ) ;
#4022 = CARTESIAN_POINT ( 'NONE',  ( 8.633358534701454090, -6.812702289497621244, 2.830934274046222665 ) ) ;
#4023 = ORIENTED_EDGE ( 'NONE', *, *, #948, .T. ) ;
#4024 = CARTESIAN_POINT ( 'NONE',  ( 7.884999999999999787, -9.955602204630560337, 2.322088829909565030E-15 ) ) ;
#4025 = DIRECTION ( 'NONE',  ( 1.000000000000000000, 0.000000000000000000, -1.427144654353157974E-16 ) ) ;
#4026 = ORIENTED_EDGE ( 'NONE', *, *, #3572, .T. ) ;
#4027 = CARTESIAN_POINT ( 'NONE',  ( 11.63362772173713999, 2.303964377168860267, 19.39313346542929750 ) ) ;
#4028 = CARTESIAN_POINT ( 'NONE',  ( 10.00000000000000000, 16.54439779536944854, 13.29999999999999893 ) ) ;
#4029 = ADVANCED_FACE ( 'NONE', ( #2010, #3671 ), #3052, .T. ) ;
#4030 = CARTESIAN_POINT ( 'NONE',  ( 6.239718522303819626, -1.196035622831743916, 19.81668596752270162 ) ) ;
#4031 = CARTESIAN_POINT ( 'NONE',  ( 11.63966988102893296, 5.437297710502346781, 7.213083072994271205 ) ) ;
#4032 = FACE_OUTER_BOUND ( 'NONE', #2290, .T. ) ;
#4033 = LINE ( 'NONE', #3334, #3663 ) ;
#4034 = CARTESIAN_POINT ( 'NONE',  ( 13.79131835401129891, 4.887297710501780301, 8.372733376906149161 ) ) ;
#4035 = CIRCLE ( 'NONE', #2508, 1.000000000000000888 ) ;
#4036 = EDGE_CURVE ( 'NONE', #1580, #1271, #4105, .T. ) ;
#4037 = AXIS2_PLACEMENT_3D ( 'NONE', #135, #1824, #2934 ) ;
#4039 = PLANE ( 'NONE',  #902 ) ;
#4038 = AXIS2_PLACEMENT_3D ( 'NONE', #796, #2573, #2619 ) ;
#4040 = ORIENTED_EDGE ( 'NONE', *, *, #720, .T. ) ;
#4041 = LINE ( 'NONE', #2017, #760 ) ;
#4042 = LINE ( 'NONE', #3338, #4312 ) ;
#4043 = CARTESIAN_POINT ( 'NONE',  ( 13.04749617461937561, 5.253964377168417244, 17.27160637628032802 ) ) ;
#4044 = VECTOR ( 'NONE', #1346, 1000.000000000000000 ) ;
#4045 = ADVANCED_FACE ( 'NONE', ( #982, #4032 ), #2375, .T. ) ;
#4046 = ORIENTED_EDGE ( 'NONE', *, *, #3705, .T. ) ;
#4047 = ORIENTED_EDGE ( 'NONE', *, *, #1602, .F. ) ;
#4048 = CARTESIAN_POINT ( 'NONE',  ( 5.090592619987119427, -7.862702289498429309, 4.774647413285350694 ) ) ;
#4049 =( NAMED_UNIT ( * ) SI_UNIT ( $, .STERADIAN. ) SOLID_ANGLE_UNIT ( ) );
#4050 = CARTESIAN_POINT ( 'NONE',  ( 13.12271713195819878, 4.803964377167520006, 7.889497610982780351 ) ) ;
#4051 = ORIENTED_EDGE ( 'NONE', *, *, #2609, .T. ) ;
#4052 = CARTESIAN_POINT ( 'NONE',  ( -2.099999999999998757, -46.89560220463062024, -10.29999999999998472 ) ) ;
#4053 = CARTESIAN_POINT ( 'NONE',  ( 11.37500000000000000, 9.344397795369440374, 6.914900151451889521 ) ) ;
#4054 = CARTESIAN_POINT ( 'NONE',  ( -6.065551073586579503E-16, -12.51560220463055906, 2.560000000000000053 ) ) ;
#4055 = CARTESIAN_POINT ( 'NONE',  ( 13.89391779557040074, 2.053964377167664779, 18.37299587764094966 ) ) ;
#4056 = CARTESIAN_POINT ( 'NONE',  ( 8.311856788113749062, 7.744397795369440729, 8.750217934704009437 ) ) ;
#4057 = CARTESIAN_POINT ( 'NONE',  ( 3.015432777983495072, -0.3627022894980045375, 11.41909330578956094 ) ) ;
#4058 = LINE ( 'NONE', #2690, #475 ) ;
#4059 = CARTESIAN_POINT ( 'NONE',  ( 10.00000000000000000, -57.85560220463059977, 13.29999999999999893 ) ) ;
#4060 = ORIENTED_EDGE ( 'NONE', *, *, #253, .T. ) ;
#4061 = DIRECTION ( 'NONE',  ( 0.000000000000000000, -1.000000000000000000, 0.000000000000000000 ) ) ;
#4062 = ORIENTED_EDGE ( 'NONE', *, *, #253, .F. ) ;
#4063 = ADVANCED_FACE ( 'NONE', ( #4478 ), #3747, .F. ) ;
#4064 = CARTESIAN_POINT ( 'NONE',  ( 6.977691140870129871, 7.744397795369440729, 15.49740047818159994 ) ) ;
#4065 = DIRECTION ( 'NONE',  ( -0.000000000000000000, 1.000000000000000000, 0.000000000000000000 ) ) ;
#4066 = CARTESIAN_POINT ( 'NONE',  ( 17.37011720627605982, 0.5872977105024956845, 12.33900994816455743 ) ) ;
#4067 = VERTEX_POINT ( 'NONE', #3353 ) ;
#4068 = ORIENTED_EDGE ( 'NONE', *, *, #3705, .F. ) ;
#4069 = EDGE_CURVE ( 'NONE', #2655, #123, #3168, .T. ) ;
#4070 = CARTESIAN_POINT ( 'NONE',  ( 8.918367806637959916, -3.612702289497484731, 5.008244727240069416 ) ) ;
#4071 =( NAMED_UNIT ( * ) PLANE_ANGLE_UNIT ( ) SI_UNIT ( $, .RADIAN. ) );
#4072 = CARTESIAN_POINT ( 'NONE',  ( 8.337228018775620697, 4.303964377168590261, 7.098419767767900623 ) ) ;
#4073 = EDGE_LOOP ( 'NONE', ( #25, #2541, #4350, #3525 ) ) ;
#4074 = CARTESIAN_POINT ( 'NONE',  ( 10.00000000000000000, -50.45560220463060119, 13.29999999999999893 ) ) ;
#4075 = DIRECTION ( 'NONE',  ( 1.000000000000000000, 0.000000000000000000, -1.427144654353157974E-16 ) ) ;
#4076 = ORIENTED_EDGE ( 'NONE', *, *, #4521, .F. ) ;
#4077 = CARTESIAN_POINT ( 'NONE',  ( 4.987657940294879744, 3.803964377167705191, 10.40676813031562098 ) ) ;
#4078 = DIRECTION ( 'NONE',  ( 0.000000000000000000, 0.000000000000000000, -1.000000000000000000 ) ) ;
#4079 = CARTESIAN_POINT ( 'NONE',  ( 6.477871992719370198, 0.1372977105018309829, 7.181597666204819319 ) ) ;
#4080 = CARTESIAN_POINT ( 'NONE',  ( 18.11000000004010246, -37.43225098456194644, 24.03999999999999915 ) ) ;
#4081 = DIRECTION ( 'NONE',  ( 0.000000000000000000, 1.000000000000000000, 0.000000000000000000 ) ) ;
#4082 = CYLINDRICAL_SURFACE ( 'NONE', #3469, 8.050000000000000711 ) ;
#4083 = ORIENTED_EDGE ( 'NONE', *, *, #340, .T. ) ;
#4084 = DIRECTION ( 'NONE',  ( 0.000000000000000000, 0.000000000000000000, -1.000000000000000000 ) ) ;
#4085 = CARTESIAN_POINT ( 'NONE',  ( -6.065551073586579503E-16, -9.955602204630560337, 0.000000000000000000 ) ) ;
#4086 = CARTESIAN_POINT ( 'NONE',  ( 14.84743962246411897, 6.944397795369440018, 11.88408012000510006 ) ) ;
#4087 = CARTESIAN_POINT ( 'NONE',  ( 16.07839841383268009, -6.746035622831006329, 21.21550835391562728 ) ) ;
#4088 = EDGE_CURVE ( 'NONE', #2354, #1349, #1962, .T. ) ;
#4089 = AXIS2_PLACEMENT_3D ( 'NONE', #4257, #2499, #466 ) ;
#4090 = VERTEX_POINT ( 'NONE', #1615 ) ;
#4091 = CARTESIAN_POINT ( 'NONE',  ( 18.22448380506529730, -6.862702289498579411, 8.564002541573501048 ) ) ;
#4092 = FILL_AREA_STYLE_COLOUR ( '', #522 ) ;
#4093 = CARTESIAN_POINT ( 'NONE',  ( 12.72119417154572218, -6.562702289499610764, 3.188694826293508644 ) ) ;
#4094 = COLOUR_RGB ( '',0.7921568627450980005, 0.8196078431372548767, 0.9333333333333333481 ) ;
#4095 = EDGE_CURVE ( 'NONE', #1820, #4285, #2362, .T. ) ;
#4096 = ORIENTED_EDGE ( 'NONE', *, *, #1428, .F. ) ;
#4097 = FACE_OUTER_BOUND ( 'NONE', #2986, .T. ) ;
#4098 = CARTESIAN_POINT ( 'NONE',  ( 12.11500000000000021, -12.51560220463055906, 24.03999999999999915 ) ) ;
#4099 = AXIS2_PLACEMENT_3D ( 'NONE', #4348, #2337, #2292 ) ;
#4100 = ORIENTED_EDGE ( 'NONE', *, *, #1888, .T. ) ;
#4101 = CARTESIAN_POINT ( 'NONE',  ( -0.01339333925947008667, -9.412702289499668140, 14.60699408957438017 ) ) ;
#4102 = DIRECTION ( 'NONE',  ( 1.000000000000000000, 0.000000000000000000, 0.000000000000000000 ) ) ;
#4103 = EDGE_CURVE ( 'NONE', #564, #2308, #2299, .T. ) ;
#4104 = CARTESIAN_POINT ( 'NONE',  ( 13.86894785050396095, -1.862702289499070130, 20.02013989705470109 ) ) ;
#4105 = LINE ( 'NONE', #1344, #1716 ) ;
#4106 = LINE ( 'NONE', #344, #3521 ) ;
#4107 = CARTESIAN_POINT ( 'NONE',  ( 3.577717385725164956, 3.637297710502169767, 11.57020309480519948 ) ) ;
#4108 = ORIENTED_EDGE ( 'NONE', *, *, #3764, .T. ) ;
#4109 = DIRECTION ( 'NONE',  ( 0.000000000000000000, -1.000000000000000000, 0.000000000000000000 ) ) ;
#4110 = AXIS2_PLACEMENT_3D ( 'NONE', #2400, #1307, #3744 ) ;
#4111 = CIRCLE ( 'NONE', #4484, 4.549999999999998934 ) ;
#4112 = CARTESIAN_POINT ( 'NONE',  ( 0.6213050490956759653, -4.446035622831774781, 12.06857567247073959 ) ) ;
#4113 = CARTESIAN_POINT ( 'NONE',  ( 15.48416159615180021, -3.912702289498497965, 6.169954373870935704 ) ) ;
#4114 = VECTOR ( 'NONE', #593, 1000.000000000000000 ) ;
#4115 = EDGE_LOOP ( 'NONE', ( #845, #4419 ) ) ;
#4116 = CARTESIAN_POINT ( 'NONE',  ( 7.307950087598890754, -9.362702289498688657, 23.30285840677045073 ) ) ;
#4117 = AXIS2_PLACEMENT_3D ( 'NONE', #3626, #498, #1887 ) ;
#4118 = CARTESIAN_POINT ( 'NONE',  ( 2.121591331802236802, 0.1039643771685623136, 15.41340710206648978 ) ) ;
#4119 = ORIENTED_EDGE ( 'NONE', *, *, #2535, .F. ) ;
#4120 = VECTOR ( 'NONE', #961, 1000.000000000000000 ) ;
#4121 = DIRECTION ( 'NONE',  ( 1.000000000000000000, 0.000000000000000000, 0.000000000000000000 ) ) ;
#4122 = CARTESIAN_POINT ( 'NONE',  ( -6.065551073586579503E-16, -12.51560220463055906, 24.03999999999999915 ) ) ;
#4123 = ORIENTED_EDGE ( 'NONE', *, *, #3652, .F. ) ;
#4124 = ADVANCED_FACE ( 'NONE', ( #885 ), #3333, .T. ) ;
#4125 = CARTESIAN_POINT ( 'NONE',  ( 2.900769473035840207, -1.496035622831441314, 15.20400879434029839 ) ) ;
#4126 = DIRECTION ( 'NONE',  ( 0.000000000000000000, -1.000000000000000000, 0.000000000000000000 ) ) ;
#4127 = CARTESIAN_POINT ( 'NONE',  ( 11.79077967000289995, 0.6372977105017980648, 6.650798465177060415 ) ) ;
#4128 = EDGE_CURVE ( 'NONE', #1271, #3667, #4261, .T. ) ;
#4129 = CARTESIAN_POINT ( 'NONE',  ( 4.877877811044500689, 7.744397795369440729, 12.84561508435411881 ) ) ;
#4130 = DIRECTION ( 'NONE',  ( 1.000000000000000000, 0.000000000000000000, 0.000000000000000000 ) ) ;
#4131 = CARTESIAN_POINT ( 'NONE',  ( 4.562618024072100376, 3.053964377168745248, 17.47394976652200071 ) ) ;
#4132 = ORIENTED_EDGE ( 'NONE', *, *, #1423, .F. ) ;
#4133 = CARTESIAN_POINT ( 'NONE',  ( -2.099999999999998757, -46.89560220463061313, -10.29999999999998472 ) ) ;
#4134 = CARTESIAN_POINT ( 'NONE',  ( 17.08946622799784620, -2.946035622831630008, 7.856417801979449500 ) ) ;
#4135 = CARTESIAN_POINT ( 'NONE',  ( 17.51658385986430844, -2.996035622831500156, 17.63658658335448592 ) ) ;
#4136 = VERTEX_POINT ( 'NONE', #2668 ) ;
#4137 = CARTESIAN_POINT ( 'NONE',  ( 17.31635427836250329, -6.112702289499130082, 18.92734043597075200 ) ) ;
#4138 = CARTESIAN_POINT ( 'NONE',  ( 10.00000000000000000, 7.744397795369440729, 13.29999999999999893 ) ) ;
#4139 = CARTESIAN_POINT ( 'NONE',  ( 2.359839021379336987, -4.146035622831867329, 19.16679300856606361 ) ) ;
#4140 = ORIENTED_EDGE ( 'NONE', *, *, #164, .F. ) ;
#4141 = LINE ( 'NONE', #1750, #1483 ) ;
#4142 = DIRECTION ( 'NONE',  ( 1.000000000000000000, 0.000000000000000000, 0.000000000000000000 ) ) ;
#4143 = CARTESIAN_POINT ( 'NONE',  ( 13.12271713195820233, 5.603964377167526045, 7.889497610982594722 ) ) ;
#4144 = DIRECTION ( 'NONE',  ( 0.000000000000000000, 0.000000000000000000, 1.000000000000000000 ) ) ;
#4145 = CARTESIAN_POINT ( 'NONE',  ( 14.10710132083864998, -3.996035622831039635, 6.181576469377691119 ) ) ;
#4146 = DIRECTION ( 'NONE',  ( 0.000000000000000000, 0.000000000000000000, 1.000000000000000000 ) ) ;
#4147 = EDGE_CURVE ( 'NONE', #3471, #333, #4058, .T. ) ;
#4148 = CARTESIAN_POINT ( 'NONE',  ( 14.01218577410799959, 5.887297710501449899, 16.38807557244600233 ) ) ;
#4149 = VERTEX_POINT ( 'NONE', #4080 ) ;
#4150 = CARTESIAN_POINT ( 'NONE',  ( 10.00000000000000000, 9.344397795369440374, 13.29999999999999893 ) ) ;
#4151 = DIRECTION ( 'NONE',  ( 0.000000000000000000, -1.000000000000000000, 0.000000000000000000 ) ) ;
#4152 = CARTESIAN_POINT ( 'NONE',  ( 15.12212218895549931, 6.944397795369440018, 12.84561508435411881 ) ) ;
#4153 = ORIENTED_EDGE ( 'NONE', *, *, #1544, .T. ) ;
#4154 = DIRECTION ( 'NONE',  ( 0.000000000000000000, 1.000000000000000000, 0.000000000000000000 ) ) ;
#4155 = DIRECTION ( 'NONE',  ( 0.000000000000000000, -1.000000000000000000, 0.000000000000000000 ) ) ;
#4156 = CARTESIAN_POINT ( 'NONE',  ( 18.54914004253009807, -2.696035622831720158, 11.00633884953909991 ) ) ;
#4157 = CARTESIAN_POINT ( 'NONE',  ( 14.65191924766916109, 5.087297710501451853, 16.87971294878267159 ) ) ;
#4158 = EDGE_CURVE ( 'NONE', #3202, #239, #2583, .T. ) ;
#4159 = VERTEX_POINT ( 'NONE', #619 ) ;
#4160 = CARTESIAN_POINT ( 'NONE',  ( 11.99413581855205990, -1.696035622831054912, 20.73459621410850318 ) ) ;
#4161 =( NAMED_UNIT ( * ) PLANE_ANGLE_UNIT ( ) SI_UNIT ( $, .RADIAN. ) );
#4162 = CARTESIAN_POINT ( 'NONE',  ( 14.50999650493715265, -2.396035622831038658, 5.482547358612266386 ) ) ;
#4163 = EDGE_LOOP ( 'NONE', ( #285, #2045 ) ) ;
#4164 = CIRCLE ( 'NONE', #1111, 0.9999999999999991118 ) ;
#4165 = FACE_BOUND ( 'NONE', #3684, .T. ) ;
#4166 = PLANE ( 'NONE',  #909 ) ;
#4167 = CARTESIAN_POINT ( 'NONE',  ( 15.31308753660227140, 5.937297710501456827, 10.24202641702583350 ) ) ;
#4168 = PLANE ( 'NONE',  #1536 ) ;
#4169 = CARTESIAN_POINT ( 'NONE',  ( 5.784232306332071971, -4.662702289497942409, 5.978122539787376510 ) ) ;
#4170 = CARTESIAN_POINT ( 'NONE',  ( -0.4466708609033105404, -8.362702289497430996, 10.48867880421481935 ) ) ;
#4171 = VECTOR ( 'NONE', #1687, 1000.000000000000000 ) ;
#4172 = CARTESIAN_POINT ( 'NONE',  ( 14.97237309855970011, 5.637297710502199521, 14.64014454893846029 ) ) ;
#4173 = EDGE_LOOP ( 'NONE', ( #1431, #3045, #3361, #647 ) ) ;
#4174 = DIRECTION ( 'NONE',  ( 0.000000000000000000, 0.000000000000000000, -1.000000000000000000 ) ) ;
#4175 = DIRECTION ( 'NONE',  ( 0.000000000000000000, 1.000000000000000000, 0.000000000000000000 ) ) ;
#4176 = EDGE_CURVE ( 'NONE', #1619, #3701, #1391, .T. ) ;
#4177 = DIRECTION ( 'NONE',  ( 0.000000000000000000, -1.000000000000000000, 0.000000000000000000 ) ) ;
#4178 = LINE ( 'NONE', #3907, #4191 ) ;
#4179 = CARTESIAN_POINT ( 'NONE',  ( 0.7801285830887280115, -4.696035622832379630, 15.77391519890940152 ) ) ;
#4180 = CARTESIAN_POINT ( 'NONE',  ( 3.318538020383877907, 2.587297710501406556, 14.17084529318015385 ) ) ;
#4181 = EDGE_CURVE ( 'NONE', #1121, #3838, #3318, .T. ) ;
#4182 = ORIENTED_EDGE ( 'NONE', *, *, #4128, .T. ) ;
#4183 = CARTESIAN_POINT ( 'NONE',  ( 3.015432777983495072, -0.3627022894980045375, 11.41909330578956094 ) ) ;
#4184 = FILL_AREA_STYLE ('',( #3866 ) ) ;
#4185 = EDGE_CURVE ( 'NONE', #3952, #1090, #1100, .T. ) ;
#4186 = CARTESIAN_POINT ( 'NONE',  ( 5.143183651834361214, -4.396035622831809597, 21.71919020467331052 ) ) ;
#4187 = VECTOR ( 'NONE', #3861, 999.9999999999998863 ) ;
#4188 = VECTOR ( 'NONE', #1666, 1000.000000000000000 ) ;
#4189 = ORIENTED_EDGE ( 'NONE', *, *, #4456, .F. ) ;
#4190 = DIRECTION ( 'NONE',  ( 0.000000000000000000, 0.000000000000000000, -1.000000000000000000 ) ) ;
#4191 = VECTOR ( 'NONE', #2768, 1000.000000000000000 ) ;
#4192 = DIRECTION ( 'NONE',  ( 0.000000000000000000, 1.000000000000000000, 0.000000000000000000 ) ) ;
#4193 = AXIS2_PLACEMENT_3D ( 'NONE', #3923, #523, #3261 ) ;
#4194 = CARTESIAN_POINT ( 'NONE',  ( 7.465102036015630382, -6.896035622831681700, 3.853209662789955026 ) ) ;
#4195 = LINE ( 'NONE', #1753, #1037 ) ;
#4196 = CARTESIAN_POINT ( 'NONE',  ( 14.56258753687109042, -6.662702289498940722, 21.22361502353029650 ) ) ;
#4197 = CARTESIAN_POINT ( 'NONE',  ( 17.95608775215849917, -6.112702289499130082, 19.41897781207555340 ) ) ;
#4198 = VECTOR ( 'NONE', #1739, 1000.000000000000000 ) ;
#4199 = CONICAL_SURFACE ( 'NONE', #1793, 1.674999999999999378, 0.7853981633974476129 ) ;
#4200 = DIRECTION ( 'NONE',  ( 1.000000000000000000, 0.000000000000000000, 0.000000000000000000 ) ) ;
#4201 = ORIENTED_EDGE ( 'NONE', *, *, #1589, .F. ) ;
#4202 = CARTESIAN_POINT ( 'NONE',  ( 19.26735017743794742, -6.446035622831690404, 14.51684933110242071 ) ) ;
#4203 = DIRECTION ( 'NONE',  ( 1.000000000000000000, 0.000000000000000000, 0.000000000000000000 ) ) ;
#4204 = SURFACE_STYLE_USAGE ( .BOTH. , #346 ) ;
#4205 = CARTESIAN_POINT ( 'NONE',  ( 8.311856788113749062, 7.744397795369440729, 8.750217934704009437 ) ) ;
#4206 = CARTESIAN_POINT ( 'NONE',  ( 4.092627593243239659, -5.112702289498249897, 20.98074037681135096 ) ) ;
#4207 = CARTESIAN_POINT ( 'NONE',  ( 14.38555517178671295, 1.253964377167661182, 19.01272935132187669 ) ) ;
#4208 = EDGE_CURVE ( 'NONE', #793, #3849, #2079, .T. ) ;
#4209 = ORIENTED_EDGE ( 'NONE', *, *, #1614, .F. ) ;
#4210 = CARTESIAN_POINT ( 'NONE',  ( 4.100961996406089938, -0.9460356228318049787, 17.82873401134380131 ) ) ;
#4211 = CARTESIAN_POINT ( 'NONE',  ( 2.590000000040109551, -15.63225098456195283, 26.59999999999999787 ) ) ;
#4212 = CARTESIAN_POINT ( 'NONE',  ( 3.695996499961227588, 0.6872977105020505739, 8.450654619704064174 ) ) ;
#4213 = VERTEX_POINT ( 'NONE', #413 ) ;
#4214 = DIRECTION ( 'NONE',  ( 5.500074432393179673E-17, 0.000000000000000000, -1.000000000000000000 ) ) ;
#4215 = CARTESIAN_POINT ( 'NONE',  ( 0.000000000000000000, 9.344397795369440374, 0.000000000000000000 ) ) ;
#4216 = CARTESIAN_POINT ( 'NONE',  ( 12.51179586390954768, -6.562702289499610764, 3.967872967567143583 ) ) ;
#4217 = CARTESIAN_POINT ( 'NONE',  ( 14.45825576476312513, 11.74345914830108306, 14.22055207039226588 ) ) ;
#4218 = CARTESIAN_POINT ( 'NONE',  ( 11.17177695185672448, -6.412702289498845687, 22.28041049951419339 ) ) ;
#4219 = CARTESIAN_POINT ( 'NONE',  ( 10.00000000000000000, 7.744397795369440729, 9.768466501280959946 ) ) ;
#4220 = EDGE_CURVE ( 'NONE', #1864, #3461, #2056, .T. ) ;
#4221 = LINE ( 'NONE', #751, #1717 ) ;
#4222 = ORIENTED_EDGE ( 'NONE', *, *, #128, .T. ) ;
#4223 = CARTESIAN_POINT ( 'NONE',  ( 17.31635427836250329, -6.112702289499130082, 18.92734043597075200 ) ) ;
#4224 = CARTESIAN_POINT ( 'NONE',  ( 22.09999999999999432, -12.51560220463055195, 36.89999999999998437 ) ) ;
#4225 = CARTESIAN_POINT ( 'NONE',  ( 0.000000000000000000, 0.000000000000000000, 0.000000000000000000 ) ) ;
#4226 = DIRECTION ( 'NONE',  ( -1.000000000000000000, 0.000000000000000000, 0.000000000000000000 ) ) ;
#4227 = CARTESIAN_POINT ( 'NONE',  ( 5.982763380027349420, 7.744397795369440729, 15.39680847698675059 ) ) ;
#4228 = CARTESIAN_POINT ( 'NONE',  ( 3.085153703255965052, -0.1960356228321235017, 9.310233259843359477 ) ) ;
#4229 = CARTESIAN_POINT ( 'NONE',  ( 7.255703728382759898, -7.696035622831689516, 3.074031521512734955 ) ) ;
#4230 = ORIENTED_EDGE ( 'NONE', *, *, #1388, .F. ) ;
#4231 = CARTESIAN_POINT ( 'NONE',  ( 14.24695375163051914, 5.053964377168089328, 10.04089842015210010 ) ) ;
#4232 = DIRECTION ( 'NONE',  ( 0.000000000000000000, 1.000000000000000000, 0.000000000000000000 ) ) ;
#4233 = CARTESIAN_POINT ( 'NONE',  ( 10.91591767250898748, 3.187297710501567849, 20.32578959297075016 ) ) ;
#4234 = EDGE_CURVE ( 'NONE', #439, #2468, #1932, .T. ) ;
#4235 = ORIENTED_EDGE ( 'NONE', *, *, #4439, .T. ) ;
#4236 = VERTEX_POINT ( 'NONE', #1737 ) ;
#4237 = CARTESIAN_POINT ( 'NONE',  ( 11.48251793300537393, 7.103964377169371680, 18.83084885784253970 ) ) ;
#4238 = CARTESIAN_POINT ( 'NONE',  ( 7.884999999999999787, -12.51560220463055906, 24.03999999999999915 ) ) ;
#4239 = CARTESIAN_POINT ( 'NONE',  ( 7.171511679238060211, 3.337297710501279546, 8.385072792655344998 ) ) ;
#4240 = CARTESIAN_POINT ( 'NONE',  ( 16.85469825077250050, -2.112702289498604724, 18.57255619087539955 ) ) ;
#4241 = DIRECTION ( 'NONE',  ( -2.168404344971005318E-15, 1.000000000000000000, 0.000000000000000000 ) ) ;
#4242 = ORIENTED_EDGE ( 'NONE', *, *, #3549, .T. ) ;
#4243 = CARTESIAN_POINT ( 'NONE',  ( 1.559306724349065032, -4.696035622832379630, 15.56451689124519966 ) ) ;
#4244 = EDGE_CURVE ( 'NONE', #2248, #4018, #4331, .T. ) ;
#4245 = AXIS2_PLACEMENT_3D ( 'NONE', #1292, #2286, #1601 ) ;
#4246 = DIRECTION ( 'NONE',  ( 0.000000000000000000, 1.000000000000000000, 0.000000000000000000 ) ) ;
#4247 = CARTESIAN_POINT ( 'NONE',  ( 6.629952246788548997, 6.944397795369440018, 18.93679004332689786 ) ) ;
#4248 = VECTOR ( 'NONE', #1287, 1000.000000000000000 ) ;
#4249 = CARTESIAN_POINT ( 'NONE',  ( 3.318538020383880127, 3.387297710501409931, 14.17084529318013963 ) ) ;
#4250 = CARTESIAN_POINT ( 'NONE',  ( 10.00000000000000000, -9.529368956165059856, 24.42902698495500147 ) ) ;
#4251 = ORIENTED_EDGE ( 'NONE', *, *, #2217, .T. ) ;
#4252 = CARTESIAN_POINT ( 'NONE',  ( 16.51272927126115064, 1.553964377167375011, 14.15627029703185968 ) ) ;
#4253 = CARTESIAN_POINT ( 'NONE',  ( 10.00000000000000000, 7.844397795369440374, 13.29999999999999893 ) ) ;
#4254 = ORIENTED_EDGE ( 'NONE', *, *, #3979, .F. ) ;
#4255 = ORIENTED_EDGE ( 'NONE', *, *, #1974, .T. ) ;
#4256 = CARTESIAN_POINT ( 'NONE',  ( 18.02102987542858870, -5.396035622831262479, 17.92733108557825972 ) ) ;
#4257 = CARTESIAN_POINT ( 'NONE',  ( 15.12212218895549931, 7.744397795369440729, 12.84561508435411881 ) ) ;
#4258 = AXIS2_PLACEMENT_3D ( 'NONE', #3267, #1235, #2537 ) ;
#4259 = VECTOR ( 'NONE', #2040, 1000.000000000000000 ) ;
#4260 = CARTESIAN_POINT ( 'NONE',  ( 3.461228522665984908, -0.9460356228318049787, 18.32037138750595062 ) ) ;
#4261 = CIRCLE ( 'NONE', #2287, 4.549999999999998934 ) ;
#4262 = VECTOR ( 'NONE', #685, 999.9999999999998863 ) ;
#4263 = EDGE_CURVE ( 'NONE', #490, #3449, #2463, .T. ) ;
#4264 = DIRECTION ( 'NONE',  ( 1.000000000000000000, 2.168404344971005318E-15, 0.000000000000000000 ) ) ;
#4265 = VERTEX_POINT ( 'NONE', #3493 ) ;
#4266 = CARTESIAN_POINT ( 'NONE',  ( 2.580707687802549888, -4.196035622831810308, 9.019488757581489935 ) ) ;
#4267 = CARTESIAN_POINT ( 'NONE',  ( 6.629952246788548997, 7.744397795369440729, 18.93679004332689786 ) ) ;
#4268 =( GEOMETRIC_REPRESENTATION_CONTEXT ( 3 ) GLOBAL_UNCERTAINTY_ASSIGNED_CONTEXT ( ( #1861 ) ) GLOBAL_UNIT_ASSIGNED_CONTEXT ( ( #3515, #1781, #71 ) ) REPRESENTATION_CONTEXT ( 'NONE', 'WORKASPACE' ) );
#4269 = CIRCLE ( 'NONE', #2879, 4.549999999999998934 ) ;
#4271 = DIRECTION ( 'NONE',  ( 0.000000000000000000, 1.000000000000000000, 0.000000000000000000 ) ) ;
#4270 = VECTOR ( 'NONE', #1213, 1000.000000000000000 ) ;
#4272 = DIRECTION ( 'NONE',  ( 0.000000000000000000, 0.000000000000000000, 1.000000000000000000 ) ) ;
#4273 = CARTESIAN_POINT ( 'NONE',  ( 15.75155123970614923, 5.637297710502199521, 14.84954285687929953 ) ) ;
#4274 = CARTESIAN_POINT ( 'NONE',  ( 2.594606998450710300, -4.112702289499444497, 7.604232998464410365 ) ) ;
#4275 = ORIENTED_EDGE ( 'NONE', *, *, #1860, .F. ) ;
#4276 = CARTESIAN_POINT ( 'NONE',  ( 15.19280675297909866, 5.387297710501189663, 12.62401922017292044 ) ) ;
#4277 = ORIENTED_EDGE ( 'NONE', *, *, #4010, .F. ) ;
#4278 = ORIENTED_EDGE ( 'NONE', *, *, #652, .T. ) ;
#4279 = CARTESIAN_POINT ( 'NONE',  ( 19.11142465006570745, -5.896035622831541367, 10.85522906025282808 ) ) ;
#4280 = FACE_OUTER_BOUND ( 'NONE', #2069, .T. ) ;
#4281 = B_SPLINE_CURVE_WITH_KNOTS ( 'NONE', 3,
 ( #3574, #2632, #4020, #536, #4345, #3325, #583, #214, #1312, #3752, #945, #3343, #2023, #193, #607, #1264, #923, #874, #3364, #2334 ),
 .UNSPECIFIED., .F., .F.,
 ( 4, 2, 2, 2, 2, 2, 2, 2, 2, 4 ),
 ( 0.000000000000000000, 0.1250000000000000555, 0.2500000000000001110, 0.3750000000000001665, 0.5000000000000002220, 0.6250000000000002220, 0.7500000000000003331, 0.8125000000000000000, 0.8749999999999996669, 1.000000000000000000 ),
 .UNSPECIFIED. ) ;
#4282 = UNCERTAINTY_MEASURE_WITH_UNIT (LENGTH_MEASURE( 1.000000000000000082E-05 ), #1596, 'distance_accuracy_value', 'NONE');
#4283 = CARTESIAN_POINT ( 'NONE',  ( 17.09301398881554590, 1.637297710501175008, 15.21005095356869852 ) ) ;
#4284 = CARTESIAN_POINT ( 'NONE',  ( 10.00000000000000000, -49.45560220463060119, 13.29999999999999893 ) ) ;
#4285 = VERTEX_POINT ( 'NONE', #2441 ) ;
#4286 = CARTESIAN_POINT ( 'NONE',  ( 10.00000000000000000, -50.45560220463060119, 13.29999999999999893 ) ) ;
#4287 = EDGE_CURVE ( 'NONE', #721, #3083, #2660, .T. ) ;
#4288 = CARTESIAN_POINT ( 'NONE',  ( 3.990028151725970140, -7.946035622831349343, 5.473530369314420163 ) ) ;
#4289 = CARTESIAN_POINT ( 'NONE',  ( 10.00000000000000000, 7.844397795369440374, 13.29999999999999893 ) ) ;
#4290 = CARTESIAN_POINT ( 'NONE',  ( 11.00606243113880112, 0.5539643771691570295, 5.642943115463880055 ) ) ;
#4291 = CARTESIAN_POINT ( 'NONE',  ( 2.121591331802120006, -0.6960356228314399374, 15.41340710206555009 ) ) ;
#4292 = ADVANCED_FACE ( 'NONE', ( #1803 ), #2618, .T. ) ;
#4293 = DIRECTION ( 'NONE',  ( 0.000000000000000000, 0.000000000000000000, 1.000000000000000000 ) ) ;
#4294 = VERTEX_POINT ( 'NONE', #646 ) ;
#4295 = CARTESIAN_POINT ( 'NONE',  ( 12.11500000000000021, -12.51560220463055906, 26.59999999999999787 ) ) ;
#4296 = ADVANCED_FACE ( 'NONE', ( #4432 ), #4082, .T. ) ;
#4297 = ORIENTED_EDGE ( 'NONE', *, *, #2591, .T. ) ;
#4298 = VERTEX_POINT ( 'NONE', #957 ) ;
#4299 = CARTESIAN_POINT ( 'NONE',  ( 10.90134267630839382, 1.353964377169160294, 6.442943115463870996 ) ) ;
#4300 = SURFACE_STYLE_FILL_AREA ( #446 ) ;
#4301 = CARTESIAN_POINT ( 'NONE',  ( 14.50999650493715976, -3.196035622831040257, 5.482547358612269939 ) ) ;
#4302 = LINE ( 'NONE', #1140, #1348 ) ;
#4303 = ORIENTED_EDGE ( 'NONE', *, *, #1115, .F. ) ;
#4304 = CARTESIAN_POINT ( 'NONE',  ( 17.02100867867729761, -2.862702289498405328, 9.257642227889110842 ) ) ;
#4305 = LINE ( 'NONE', #1179, #2948 ) ;
#4306 = CARTESIAN_POINT ( 'NONE',  ( -6.065551073586579503E-16, -46.89560220463059892, 2.560000000000000053 ) ) ;
#4307 = EDGE_CURVE ( 'NONE', #420, #2630, #3740, .T. ) ;
#4308 = DIRECTION ( 'NONE',  ( 0.000000000000000000, 1.000000000000000000, 0.000000000000000000 ) ) ;
#4309 = CARTESIAN_POINT ( 'NONE',  ( 4.797386001494629681, 3.887297710501549819, 9.297076240754599041 ) ) ;
#4310 = CARTESIAN_POINT ( 'NONE',  ( 12.00017797776467887, 0.6372977105017980648, 5.871620323954950038 ) ) ;
#4311 = FACE_OUTER_BOUND ( 'NONE', #995, .T. ) ;
#4312 = VECTOR ( 'NONE', #162, 1000.000000000000000 ) ;
#4313 = EDGE_LOOP ( 'NONE', ( #1202, #33, #2890, #2883 ) ) ;
#4314 = EDGE_CURVE ( 'NONE', #1170, #4067, #3404, .T. ) ;
#4315 = CARTESIAN_POINT ( 'NONE',  ( 15.08703640386559997, 5.303964377168409960, 11.93675335081528033 ) ) ;
#4316 = PLANE ( 'NONE',  #3367 ) ;
#4317 = CARTESIAN_POINT ( 'NONE',  ( 9.188802082261959825, 1.753964377168306887, 19.46840165798558075 ) ) ;
#4318 = ORIENTED_EDGE ( 'NONE', *, *, #3285, .F. ) ;
#4319 = EDGE_CURVE ( 'NONE', #3276, #3222, #2670, .T. ) ;
#4320 = CARTESIAN_POINT ( 'NONE',  ( 4.356895526906775729, 4.437297710502171810, 11.77960140265784261 ) ) ;
#4321 = DIRECTION ( 'NONE',  ( 1.000000000000000000, 0.000000000000000000, 0.000000000000000000 ) ) ;
#4322 = CARTESIAN_POINT ( 'NONE',  ( 2.881699773810315168, -0.8627022894986859924, 17.39843311295100037 ) ) ;
#4323 = DIRECTION ( 'NONE',  ( 0.000000000000000000, -1.000000000000000000, 0.000000000000000000 ) ) ;
#4324 = CIRCLE ( 'NONE', #2509, 1.649999999999999911 ) ;
#4325 = ORIENTED_EDGE ( 'NONE', *, *, #3365, .F. ) ;
#4326 = CARTESIAN_POINT ( 'NONE',  ( 16.21496477702014971, -2.112702289498604724, 18.08091881472634910 ) ) ;
#4327 = DIRECTION ( 'NONE',  ( -1.000000000000000000, 0.000000000000000000, 0.000000000000000000 ) ) ;
#4328 = VECTOR ( 'NONE', #224, 1000.000000000000000 ) ;
#4329 = AXIS2_PLACEMENT_3D ( 'NONE', #2872, #3563, #1144 ) ;
#4330 = DIRECTION ( 'NONE',  ( 0.000000000000000000, 0.000000000000000000, 1.000000000000000000 ) ) ;
#4331 = CIRCLE ( 'NONE', #2220, 1.000000000000000888 ) ;
#4332 = AXIS2_PLACEMENT_3D ( 'NONE', #433, #2251, #3648 ) ;
#4333 = LINE ( 'NONE', #1208, #1560 ) ;
#4334 = FACE_OUTER_BOUND ( 'NONE', #3589, .T. ) ;
#4335 = CARTESIAN_POINT ( 'NONE',  ( 5.143183651834359438, -5.196035622831820078, 21.71919020467334605 ) ) ;
#4336 = VECTOR ( 'NONE', #3760, 1000.000000000000000 ) ;
#4337 = CARTESIAN_POINT ( 'NONE',  ( 10.00000000000000000, 7.744397795369440729, 13.29999999999999893 ) ) ;
#4338 = ORIENTED_EDGE ( 'NONE', *, *, #3790, .T. ) ;
#4339 = CARTESIAN_POINT ( 'NONE',  ( 14.97237309855970011, 5.637297710502199521, 14.64014454893846029 ) ) ;
#4340 = CARTESIAN_POINT ( 'NONE',  ( 5.015879022959349953, 7.744397795369440729, 19.62147436016499924 ) ) ;
#4341 = CARTESIAN_POINT ( 'NONE',  ( 15.08703640386559819, 4.503964377168402144, 11.93675335081527855 ) ) ;
#4342 = EDGE_CURVE ( 'NONE', #836, #1855, #2742, .T. ) ;
#4343 = ORIENTED_EDGE ( 'NONE', *, *, #2535, .T. ) ;
#4344 = CARTESIAN_POINT ( 'NONE',  ( 14.61405842574260205, 5.937297710501456827, 10.64492160089348438 ) ) ;
#4345 = CARTESIAN_POINT ( 'NONE',  ( 5.608945408150489698, 12.02389282183330188, 14.50077901579584783 ) ) ;
#4346 = CARTESIAN_POINT ( 'NONE',  ( 0.4747495209609251532, -8.062702289499368291, 18.78571248573305041 ) ) ;
#4347 = ORIENTED_EDGE ( 'NONE', *, *, #3150, .T. ) ;
#4348 = CARTESIAN_POINT ( 'NONE',  ( 10.00000000000000000, 16.54439779536944854, 13.29999999999999893 ) ) ;
#4349 = CARTESIAN_POINT ( 'NONE',  ( 5.510050794191322154, 14.25299655648257868, 14.05959684946520838 ) ) ;
#4350 = ORIENTED_EDGE ( 'NONE', *, *, #3764, .F. ) ;
#4351 = CARTESIAN_POINT ( 'NONE',  ( 12.71982194806608213, 4.803964377167520006, 8.588526721834169209 ) ) ;
#4352 = CARTESIAN_POINT ( 'NONE',  ( 10.00000000000000000, 7.744397795369440729, 13.29999999999999893 ) ) ;
#4353 = EDGE_CURVE ( 'NONE', #3055, #1827, #2370, .T. ) ;
#4354 = PLANE ( 'NONE',  #4038 ) ;
#4355 = CARTESIAN_POINT ( 'NONE',  ( 4.288628829458427383, 4.603964377167702793, 10.00387294638374414 ) ) ;
#4356 = CARTESIAN_POINT ( 'NONE',  ( 12.11500000000000021, -12.51560220463055906, 1.804063233870234612E-15 ) ) ;
#4357 = CARTESIAN_POINT ( 'NONE',  ( -6.065551073586579503E-16, -12.51560220463055906, 2.560000000000000053 ) ) ;
#4358 = CARTESIAN_POINT ( 'NONE',  ( 2.359839021379340096, -4.946035622831869816, 19.16679300856609913 ) ) ;
#4359 = CYLINDRICAL_SURFACE ( 'NONE', #173, 1.000000000000000888 ) ;
#4360 = ORIENTED_EDGE ( 'NONE', *, *, #941, .T. ) ;
#4361 = CARTESIAN_POINT ( 'NONE',  ( 6.468466501280969894, 6.944397795369440018, 13.29999999999999893 ) ) ;
#4362 = DIRECTION ( 'NONE',  ( 0.000000000000000000, 1.000000000000000000, 0.000000000000000000 ) ) ;
#4363 = CARTESIAN_POINT ( 'NONE',  ( 8.543213770382680039, -10.24603562283449243, 24.40033301697343049 ) ) ;
#4364 = ORIENTED_EDGE ( 'NONE', *, *, #4456, .T. ) ;
#4365 = ORIENTED_EDGE ( 'NONE', *, *, #1728, .T. ) ;
#4366 = CARTESIAN_POINT ( 'NONE',  ( 15.11357527561258962, 2.687297710502209558, 17.23449719354036347 ) ) ;
#4367 = FACE_BOUND ( 'NONE', #3182, .T. ) ;
#4368 = EDGE_CURVE ( 'NONE', #4018, #1724, #2829, .T. ) ;
#4369 = CARTESIAN_POINT ( 'NONE',  ( 15.75155123970614923, 5.637297710502199521, 14.84954285687929953 ) ) ;
#4370 = EDGE_LOOP ( 'NONE', ( #404, #3594, #947, #3791 ) ) ;
#4371 = CARTESIAN_POINT ( 'NONE',  ( 11.68814321188623850, 6.944397795369440018, 8.750217934704009437 ) ) ;
#4372 = CARTESIAN_POINT ( 'NONE',  ( 5.687861353124272767, 13.33423397466917493, 11.84797685107433551 ) ) ;
#4373 = ORIENTED_EDGE ( 'NONE', *, *, #2201, .F. ) ;
#4374 = EDGE_CURVE ( 'NONE', #3951, #1405, #3411, .T. ) ;
#4375 = CARTESIAN_POINT ( 'NONE',  ( 1.173778631699664787, -9.662702289499359054, 18.38281730157248006 ) ) ;
#4376 = DIRECTION ( 'NONE',  ( -1.224646799147353947E-16, 0.000000000000000000, -1.000000000000000000 ) ) ;
#4377 = CARTESIAN_POINT ( 'NONE',  ( 18.22448380506529730, -6.862702289498579411, 8.564002541573501048 ) ) ;
#4378 = EDGE_CURVE ( 'NONE', #3336, #1090, #4508, .T. ) ;
#4379 = DIRECTION ( 'NONE',  ( 1.000000000000000000, 0.000000000000000000, 0.000000000000000000 ) ) ;
#4380 = CARTESIAN_POINT ( 'NONE',  ( 6.629952246788540116, 6.944397795369440018, 18.93679004332689786 ) ) ;
#4381 = CARTESIAN_POINT ( 'NONE',  ( 10.00000000000000000, 7.744397795369440729, 13.29999999999999893 ) ) ;
#4382 = VECTOR ( 'NONE', #3557, 1000.000000000000000 ) ;
#4383 = DIRECTION ( 'NONE',  ( 0.000000000000000000, 0.000000000000000000, -1.000000000000000000 ) ) ;
#4384 = CARTESIAN_POINT ( 'NONE',  ( 4.240000000040110351, -15.63225098456195283, 24.03999999999999915 ) ) ;
#4385 = CIRCLE ( 'NONE', #3072, 3.531533498719034547 ) ;
#4386 = FACE_OUTER_BOUND ( 'NONE', #4115, .T. ) ;
#4387 = CARTESIAN_POINT ( 'NONE',  ( 8.389474378435194168, 1.837297710500710890, 19.27847016036751882 ) ) ;
#4388 = EDGE_LOOP ( 'NONE', ( #228, #1657 ) ) ;
#4389 = ORIENTED_EDGE ( 'NONE', *, *, #4036, .F. ) ;
#4390 = CARTESIAN_POINT ( 'NONE',  ( 16.51272927126113288, 2.353964377167373723, 14.15627029703143869 ) ) ;
#4391 = FACE_OUTER_BOUND ( 'NONE', #1191, .T. ) ;
#4392 = AXIS2_PLACEMENT_3D ( 'NONE', #156, #1942, #1572 ) ;
#4393 = CARTESIAN_POINT ( 'NONE',  ( 15.31308753660260003, 5.137297710501459669, 10.24202641702584060 ) ) ;
#4394 = ORIENTED_EDGE ( 'NONE', *, *, #2996, .T. ) ;
#4395 = CARTESIAN_POINT ( 'NONE',  ( 22.10000000000000142, -46.89560220463059892, 13.29999999999999893 ) ) ;
#4396 = FACE_OUTER_BOUND ( 'NONE', #3193, .T. ) ;
#4397 = ORIENTED_EDGE ( 'NONE', *, *, #743, .F. ) ;
#4398 = CARTESIAN_POINT ( 'NONE',  ( 8.647933525780615582, -10.24603562283449243, 23.60033301696583408 ) ) ;
#4399 = LINE ( 'NONE', #569, #1848 ) ;
#4400 = ADVANCED_FACE ( 'NONE', ( #1372 ), #3195, .T. ) ;
#4401 = CARTESIAN_POINT ( 'NONE',  ( 15.83894584125580174, -7.112702289496950492, 5.708298346332689732 ) ) ;
#4402 = DIRECTION ( 'NONE',  ( 0.000000000000000000, 0.000000000000000000, 1.000000000000000000 ) ) ;
#4403 = CYLINDRICAL_SURFACE ( 'NONE', #1770, 2.000000000000000000 ) ;
#4404 = DIRECTION ( 'NONE',  ( -1.000000000000000000, 0.000000000000000000, 0.000000000000000000 ) ) ;
#4405 = AXIS2_PLACEMENT_3D ( 'NONE', #1051, #3807, #4146 ) ;
#4406 = AXIS2_PLACEMENT_3D ( 'NONE', #1045, #1730, #3116 ) ;
#4407 = EDGE_CURVE ( 'NONE', #3111, #4003, #3879, .T. ) ;
#4408 = ORIENTED_EDGE ( 'NONE', *, *, #4147, .T. ) ;
#4409 = AXIS2_PLACEMENT_3D ( 'NONE', #1806, #3520, #8 ) ;
#4411 = CYLINDRICAL_SURFACE ( 'NONE', #104, 8.050000000000000711 ) ;
#4410 = AXIS2_PLACEMENT_3D ( 'NONE', #85, #3275, #1515 ) ;
#4412 = ORIENTED_EDGE ( 'NONE', *, *, #4521, .T. ) ;
#4413 = CYLINDRICAL_SURFACE ( 'NONE', #1195, 3.531533498719039876 ) ;
#4414 = LINE ( 'NONE', #1969, #92 ) ;
#4415 = CARTESIAN_POINT ( 'NONE',  ( 15.98807672662973367, 0.2539643771686246332, 8.702839423015870324 ) ) ;
#4416 = VECTOR ( 'NONE', #1715, 1000.000000000000114 ) ;
#4417 = VECTOR ( 'NONE', #814, 1000.000000000000000 ) ;
#4418 = ORIENTED_EDGE ( 'NONE', *, *, #189, .T. ) ;
#4419 = ORIENTED_EDGE ( 'NONE', *, *, #3007, .F. ) ;
#4420 = CARTESIAN_POINT ( 'NONE',  ( 1.363917113891019994, -4.612702289498350261, 14.42670457260452110 ) ) ;
#4421 = FACE_OUTER_BOUND ( 'NONE', #98, .T. ) ;
#4422 = CARTESIAN_POINT ( 'NONE',  ( 18.92351291581199391, -6.062702289498582253, 8.161107357430614329 ) ) ;
#4423 = ORIENTED_EDGE ( 'NONE', *, *, #2510, .F. ) ;
#4424 = PLANE ( 'NONE',  #4099 ) ;
#4425 = DIRECTION ( 'NONE',  ( 0.000000000000000000, 1.000000000000000000, 0.000000000000000000 ) ) ;
#4426 = ORIENTED_EDGE ( 'NONE', *, *, #2531, .F. ) ;
#4427 = CARTESIAN_POINT ( 'NONE',  ( 12.48166847742866103, 6.137297710500510206, 17.61318964410624943 ) ) ;
#4428 = DIRECTION ( 'NONE',  ( 0.000000000000000000, 0.000000000000000000, 1.000000000000000000 ) ) ;
#4429 = CARTESIAN_POINT ( 'NONE',  ( 4.335729973684140148, -0.1127022894979509970, 8.942291995882110101 ) ) ;
#4430 = DIRECTION ( 'NONE',  ( 0.7071067811865474617, 0.000000000000000000, 0.7071067811865474617 ) ) ;
#4431 = DIRECTION ( 'NONE',  ( 0.000000000000000000, -1.000000000000000000, 0.000000000000000000 ) ) ;
#4432 = FACE_OUTER_BOUND ( 'NONE', #1177, .T. ) ;
#4433 = EDGE_CURVE ( 'NONE', #3644, #3638, #768, .T. ) ;
#4434 = ORIENTED_EDGE ( 'NONE', *, *, #2759, .T. ) ;
#4435 = CARTESIAN_POINT ( 'NONE',  ( 22.10000000000000142, -46.89560220463059892, 13.29999999999999893 ) ) ;
#4436 = CARTESIAN_POINT ( 'NONE',  ( 20.00000000000000000, -9.955602204630560337, 26.59999999999999787 ) ) ;
#4437 = DIRECTION ( 'NONE',  ( 0.000000000000000000, 0.000000000000000000, 1.000000000000000000 ) ) ;
#4438 = CARTESIAN_POINT ( 'NONE',  ( 0.8947918877927275583, -5.162702289498311892, 10.84918690113195971 ) ) ;
#4439 = EDGE_CURVE ( 'NONE', #1936, #2261, #754, .T. ) ;
#4440 = ORIENTED_EDGE ( 'NONE', *, *, #3910, .F. ) ;
#4441 = ORIENTED_EDGE ( 'NONE', *, *, #3482, .T. ) ;
#4442 = CARTESIAN_POINT ( 'NONE',  ( 4.836449772907070788, -3.946035622830680101, 6.574919870549240208 ) ) ;
#4443 = CARTESIAN_POINT ( 'NONE',  ( 20.00000000000000000, -49.45560220463060119, 1.500000000000000000 ) ) ;
#4444 = EDGE_CURVE ( 'NONE', #1950, #2248, #2517, .T. ) ;
#4445 = CARTESIAN_POINT ( 'NONE',  ( 1.493217497144942119, -7.312702289498769659, 6.757811377275551479 ) ) ;
#4446 = ORIENTED_EDGE ( 'NONE', *, *, #1497, .T. ) ;
#4447 = DIRECTION ( 'NONE',  ( 0.000000000000000000, 0.000000000000000000, -1.000000000000000000 ) ) ;
#4448 = CARTESIAN_POINT ( 'NONE',  ( 5.449970115008293980, 14.44449508976674679, 13.49883770152307605 ) ) ;
#4449 = VERTEX_POINT ( 'NONE', #4152 ) ;
#4450 = CARTESIAN_POINT ( 'NONE',  ( 14.24695375163051914, 5.053964377168089328, 10.04089842015210010 ) ) ;
#4451 = FACE_OUTER_BOUND ( 'NONE', #3101, .T. ) ;
#4452 = CARTESIAN_POINT ( 'NONE',  ( 7.825610132964841092, -3.696035622832185119, 5.194672411462270212 ) ) ;
#4453 = CARTESIAN_POINT ( 'NONE',  ( 7.884999999999999787, -12.51560220463055906, 24.03999999999999915 ) ) ;
#4454 = DIRECTION ( 'NONE',  ( 0.000000000000000000, 0.000000000000000000, -1.000000000000000000 ) ) ;
#4455 = VERTEX_POINT ( 'NONE', #2418 ) ;
#4456 = EDGE_CURVE ( 'NONE', #2257, #2248, #2168, .T. ) ;
#4457 = FACE_OUTER_BOUND ( 'NONE', #1152, .T. ) ;
#4458 = DIRECTION ( 'NONE',  ( -1.000000000000000000, 0.000000000000000000, 0.000000000000000000 ) ) ;
#4459 = CARTESIAN_POINT ( 'NONE',  ( 1.258449520067895788, -8.946035622832091860, 20.01321462977779930 ) ) ;
#4460 = CARTESIAN_POINT ( 'NONE',  ( 14.50999650493715265, -3.996035622831039635, 5.482547358612266386 ) ) ;
#4461 = EDGE_CURVE ( 'NONE', #1644, #1285, #1759, .T. ) ;
#4462 = VECTOR ( 'NONE', #20, 1000.000000000000000 ) ;
#4463 = ORIENTED_EDGE ( 'NONE', *, *, #1244, .F. ) ;
#4464 = CARTESIAN_POINT ( 'NONE',  ( 19.26735017743794742, -6.446035622831690404, 14.51684933110242071 ) ) ;
#4465 = PRESENTATION_STYLE_ASSIGNMENT (( #1087 ) ) ;
#4466 = CARTESIAN_POINT ( 'NONE',  ( 3.461228522666218055, -0.1460356228318025196, 18.32037138750592931 ) ) ;
#4467 = AXIS2_PLACEMENT_3D ( 'NONE', #4086, #3383, #2650 ) ;
#4468 = VERTEX_POINT ( 'NONE', #3127 ) ;
#4469 = EDGE_CURVE ( 'NONE', #2580, #4236, #27, .T. ) ;
#4470 = PLANE ( 'NONE',  #3826 ) ;
#4471 = FACE_OUTER_BOUND ( 'NONE', #4173, .T. ) ;
#4472 = VECTOR ( 'NONE', #2995, 1000.000000000000000 ) ;
#4473 = LINE ( 'NONE', #4238, #4462 ) ;
#4474 = CARTESIAN_POINT ( 'NONE',  ( 8.828223048143271967, -6.246035622831281664, 22.22302256407831678 ) ) ;
#4475 = UNCERTAINTY_MEASURE_WITH_UNIT (LENGTH_MEASURE( 1.000000000000000082E-05 ), #1080, 'distance_accuracy_value', 'NONE');
#4476 = DIRECTION ( 'NONE',  ( 1.000000000000000000, 0.000000000000000000, 0.000000000000000000 ) ) ;
#4477 = CARTESIAN_POINT ( 'NONE',  ( 1.421305049095678008, -4.446035622831774781, 12.17329542739548032 ) ) ;
#4478 = FACE_OUTER_BOUND ( 'NONE', #2331, .T. ) ;
#4479 = CARTESIAN_POINT ( 'NONE',  ( 20.00000000000000000, -47.95560220463060119, 26.59999999999999787 ) ) ;
#4480 = CARTESIAN_POINT ( 'NONE',  ( 15.86621454502365047, 5.303964377168409960, 11.72735504289875941 ) ) ;
#4481 = ORIENTED_EDGE ( 'NONE', *, *, #556, .F. ) ;
#4482 = DIRECTION ( 'NONE',  ( 0.000000000000000000, -1.000000000000000000, 0.000000000000000000 ) ) ;
#4483 = VECTOR ( 'NONE', #4428, 1000.000000000000000 ) ;
#4484 = AXIS2_PLACEMENT_3D ( 'NONE', #3503, #1703, #3416 ) ;
#4485 =( NAMED_UNIT ( * ) PLANE_ANGLE_UNIT ( ) SI_UNIT ( $, .RADIAN. ) );
#4486 = CARTESIAN_POINT ( 'NONE',  ( 2.594606998450710300, -4.112702289499444497, 7.604232998464410365 ) ) ;
#4487 = CARTESIAN_POINT ( 'NONE',  ( 0.5639171138909502279, -5.412702289498347419, 14.53142432752871116 ) ) ;
#4488 = AXIS2_PLACEMENT_3D ( 'NONE', #292, #203, #4379 ) ;
#4489 = CIRCLE ( 'NONE', #4329, 1.000000000000000888 ) ;
#4490 = B_SPLINE_CURVE_WITH_KNOTS ( 'NONE', 3,
 ( #2028, #566, #878, #4372, #2001, #3417, #2957, #3396, #950, #2266, #266, #4448, #1957, #4349, #2997, #1224, #2613, #3370, #638, #3712 ),
 .UNSPECIFIED., .F., .F.,
 ( 4, 2, 2, 2, 2, 2, 2, 2, 2, 4 ),
 ( 0.000000000000000000, 0.06250000000000040246, 0.1250000000000008049, 0.2500000000000006661, 0.3750000000000004996, 0.5000000000000003331, 0.6250000000000002220, 0.7500000000000001110, 0.8750000000000001110, 1.000000000000000000 ),
 .UNSPECIFIED. ) ;
#4491 = ORIENTED_EDGE ( 'NONE', *, *, #133, .T. ) ;
#4492 = CARTESIAN_POINT ( 'NONE',  ( 8.647933525780610253, -9.446035622834498824, 23.60033301696584829 ) ) ;
#4493 = DIRECTION ( 'NONE',  ( 0.000000000000000000, 0.000000000000000000, 1.000000000000000000 ) ) ;
#4494 = VECTOR ( 'NONE', #3472, 1000.000000000000000 ) ;
#4495 = AXIS2_PLACEMENT_3D ( 'NONE', #3691, #612, #1606 ) ;
#4496 = CARTESIAN_POINT ( 'NONE',  ( 17.51658385986430844, -1.396035622831499179, 17.63658658335647189 ) ) ;
#4497 = EDGE_LOOP ( 'NONE', ( #3864, #805, #1681, #120 ) ) ;
#4498 = COLOUR_RGB ( '',0.7921568627450980005, 0.8196078431372548767, 0.9333333333333333481 ) ;
#4499 = LINE ( 'NONE', #2027, #396 ) ;
#4500 = CARTESIAN_POINT ( 'NONE',  ( 6.977691140870129871, 7.744397795369440729, 15.49740047818159994 ) ) ;
#4501 = CYLINDRICAL_SURFACE ( 'NONE', #1765, 1.000000000000000888 ) ;
#4502 = CARTESIAN_POINT ( 'NONE',  ( 16.57011720627605200, 0.5872977105024956845, 12.44372970296768344 ) ) ;
#4503 = DIRECTION ( 'NONE',  ( 0.000000000000000000, -1.000000000000000000, 0.000000000000000000 ) ) ;
#4504 = CARTESIAN_POINT ( 'NONE',  ( 4.784204011046250038, 3.137297710501480097, 16.30189824240904883 ) ) ;
#4505 = EDGE_LOOP ( 'NONE', ( #1356, #3600 ) ) ;
#4506 = CARTESIAN_POINT ( 'NONE',  ( -0.01339333925947009882, -8.612702289499670982, 14.60699408957439971 ) ) ;
#4507 = DIRECTION ( 'NONE',  ( 1.000000000000000000, 0.000000000000000000, 0.000000000000000000 ) ) ;
#4508 = LINE ( 'NONE', #1101, #2736 ) ;
#4509 = EDGE_CURVE ( 'NONE', #3667, #3449, #1490, .T. ) ;
#4510 = ORIENTED_EDGE ( 'NONE', *, *, #3490, .T. ) ;
#4511 = DIRECTION ( 'NONE',  ( 0.000000000000000000, 0.000000000000000000, 1.000000000000000000 ) ) ;
#4512 = DIRECTION ( 'NONE',  ( -1.000000000000000000, 0.000000000000000000, 0.000000000000000000 ) ) ;
#4513 = CARTESIAN_POINT ( 'NONE',  ( 0.6782034505639259470, -8.196035622832690493, 7.922953887092069714 ) ) ;
#4514 = CARTESIAN_POINT ( 'NONE',  ( 12.20353412626184131, -2.496035622831058731, 21.51377435534956817 ) ) ;
#4515 = VERTEX_POINT ( 'NONE', #1415 ) ;
#4516 = CARTESIAN_POINT ( 'NONE',  ( 3.990028151725970140, -7.946035622831349343, 5.473530369314420163 ) ) ;
#4517 = LINE ( 'NONE', #2428, #1471 ) ;
#4518 = CARTESIAN_POINT ( 'NONE',  ( 2.881699773810199261, -0.06270228949868381085, 17.39843311295008732 ) ) ;
#4519 = ORIENTED_EDGE ( 'NONE', *, *, #859, .T. ) ;
#4520 = FACE_OUTER_BOUND ( 'NONE', #3502, .T. ) ;
#4521 = EDGE_CURVE ( 'NONE', #1239, #2454, #2507, .T. ) ;
#4522 = FACE_OUTER_BOUND ( 'NONE', #1107, .T. ) ;
#4523 = CARTESIAN_POINT ( 'NONE',  ( 10.82577291383624463, 5.353964377169321942, 7.020253568518316278 ) ) ;
#4524 = CARTESIAN_POINT ( 'NONE',  ( 13.37004775321146077, 7.744397795369440729, 18.93679004332689786 ) ) ;
#4525 = CARTESIAN_POINT ( 'NONE',  ( 17.89003972440128010, -3.246035622832780021, 14.33655981410129243 ) ) ;
#4526 = CARTESIAN_POINT ( 'NONE',  ( 4.449543965503985454, -9.196035622831439937, 22.92266533108239912 ) ) ;
ENDSEC;
END-ISO-10303-21;
