ISO-10303-21;
HEADER;
FILE_DESCRIPTION (( 'STEP AP214' ),
    '1' );
FILE_NAME ('LR7843 MOSFET Module.STEP',
    '2026-02-17T16:07:37',
    ( '' ),
    ( '' ),
    'SwSTEP 2.0',
    'SolidWorks 2025',
    '' );
FILE_SCHEMA (( 'AUTOMOTIVE_DESIGN' ));
ENDSEC;

DATA;
#1 = EDGE_LOOP ( 'NONE', ( #353, #3522, #2687, #4622 ) ) ;
#2 = DIRECTION ( 'NONE',  ( -1.000000000000000000, 0.000000000000000000, 0.000000000000000000 ) ) ;
#3 = CARTESIAN_POINT ( 'NONE',  ( -190.1028708719969700, 40.20482929876415312, 0.000000000000000000 ) ) ;
#4 = ORIENTED_EDGE ( 'NONE', *, *, #4175, .T. ) ;
#5 = DIRECTION ( 'NONE',  ( 0.000000000000000000, -1.000000000000000000, 0.000000000000000000 ) ) ;
#6 = FACE_OUTER_BOUND ( 'NONE', #170, .T. ) ;
#7 = LINE ( 'NONE', #1477, #2234 ) ;
#8 = DIRECTION ( 'NONE',  ( 1.000000000000000000, 0.000000000000000000, 0.000000000000000000 ) ) ;
#9 = ORIENTED_EDGE ( 'NONE', *, *, #688, .F. ) ;
#10 = FACE_OUTER_BOUND ( 'NONE', #2297, .T. ) ;
#11 = DIRECTION ( 'NONE',  ( 0.000000000000000000, 0.000000000000000000, -1.000000000000000000 ) ) ;
#12 = CARTESIAN_POINT ( 'NONE',  ( -192.1619873046875000, 32.03639984130860086, 1.000000000000000000 ) ) ;
#13 = CARTESIAN_POINT ( 'NONE',  ( -175.6819458007815058, 43.89500045776365056, 1.175000000000000044 ) ) ;
#14 = VERTEX_POINT ( 'NONE', #4943 ) ;
#15 = VERTEX_POINT ( 'NONE', #1890 ) ;
#16 = LINE ( 'NONE', #1967, #3124 ) ;
#17 = EDGE_CURVE ( 'NONE', #195, #2619, #1867, .T. ) ;
#18 = ORIENTED_EDGE ( 'NONE', *, *, #1792, .T. ) ;
#19 = EDGE_CURVE ( 'NONE', #2534, #1327, #1808, .T. ) ;
#20 = ADVANCED_FACE ( 'NONE', ( #235 ), #3408, .F. ) ;
#21 = ORIENTED_EDGE ( 'NONE', *, *, #4331, .F. ) ;
#22 = DIRECTION ( 'NONE',  ( 0.000000000000000000, -1.000000000000000000, 0.000000000000000000 ) ) ;
#23 =( NAMED_UNIT ( * ) PLANE_ANGLE_UNIT ( ) SI_UNIT ( $, .RADIAN. ) );
#24 = EDGE_LOOP ( 'NONE', ( #1231, #4076, #2968, #4613 ) ) ;
#25 = DIRECTION ( 'NONE',  ( -1.000000000000000000, 0.000000000000000000, 0.000000000000000000 ) ) ;
#26 = ADVANCED_FACE ( 'NONE', ( #985 ), #1789, .F. ) ;
#27 = DIRECTION ( 'NONE',  ( 0.000000000000000000, 0.000000000000000000, 1.000000000000000000 ) ) ;
#28 = LINE ( 'NONE', #3859, #4156 ) ;
#29 = DIRECTION ( 'NONE',  ( 0.000000000000000000, 0.000000000000000000, 1.000000000000000000 ) ) ;
#30 = DIRECTION ( 'NONE',  ( 0.000000000000000000, 0.000000000000000000, 1.000000000000000000 ) ) ;
#31 = ORIENTED_EDGE ( 'NONE', *, *, #1392, .F. ) ;
#32 = PRESENTATION_STYLE_ASSIGNMENT (( #354 ) ) ;
#33 = CARTESIAN_POINT ( 'NONE',  ( -174.4827270507815058, 39.43781280517579546, 1.500000000000000000 ) ) ;
#34 = CARTESIAN_POINT ( 'NONE',  ( -172.4617309570314774, 43.53197860717774859, 1.600000000000000089 ) ) ;
#35 = ORIENTED_EDGE ( 'NONE', *, *, #1225, .T. ) ;
#36 = ORIENTED_EDGE ( 'NONE', *, *, #3869, .F. ) ;
#37 = DIRECTION ( 'NONE',  ( 1.000000000000000000, 0.000000000000000000, 0.000000000000000000 ) ) ;
#38 = ORIENTED_EDGE ( 'NONE', *, *, #2955, .F. ) ;
#39 = CARTESIAN_POINT ( 'NONE',  ( -174.5577392578125000, 39.96781539916995030, 1.000000000000000000 ) ) ;
#40 = FILL_AREA_STYLE ('',( #3817 ) ) ;
#41 = EDGE_CURVE ( 'NONE', #2000, #602, #2560, .T. ) ;
#42 = CIRCLE ( 'NONE', #1666, 0.5000006829925796037 ) ;
#43 = ORIENTED_EDGE ( 'NONE', *, *, #4324, .F. ) ;
#44 = VERTEX_POINT ( 'NONE', #4868 ) ;
#45 = EDGE_LOOP ( 'NONE', ( #1646, #1067, #722, #1725 ) ) ;
#46 = DIRECTION ( 'NONE',  ( 0.000000000000000000, 0.000000000000000000, -1.000000000000000000 ) ) ;
#47 = PRESENTATION_STYLE_ASSIGNMENT (( #3478 ) ) ;
#48 = ORIENTED_EDGE ( 'NONE', *, *, #3141, .T. ) ;
#51 = EDGE_CURVE ( 'NONE', #261, #2629, #1423, .T. ) ;
#50 = CARTESIAN_POINT ( 'NONE',  ( -174.5236816406250000, 44.03197860717774859, 1.000000000000000000 ) ) ;
#49 = AXIS2_PLACEMENT_3D ( 'NONE', #1186, #4588, #2281 ) ;
#52 = AXIS2_PLACEMENT_3D ( 'NONE', #2260, #1475, #2657 ) ;
#53 = AXIS2_PLACEMENT_3D ( 'NONE', #745, #2976, #2945 ) ;
#54 = CARTESIAN_POINT ( 'NONE',  ( -174.5236816406250000, 42.02197647094729405, 1.000000000000000000 ) ) ;
#55 = DIRECTION ( 'NONE',  ( -0.8660228991410958699, -0.5000043381444320145, 0.000000000000000000 ) ) ;
#56 = FACE_OUTER_BOUND ( 'NONE', #3419, .T. ) ;
#57 = ORIENTED_EDGE ( 'NONE', *, *, #4082, .T. ) ;
#58 = EDGE_CURVE ( 'NONE', #828, #4730, #562, .T. ) ;
#59 = FACE_OUTER_BOUND ( 'NONE', #3718, .T. ) ;
#60 = AXIS2_PLACEMENT_3D ( 'NONE', #3645, #555, #3266 ) ;
#61 = AXIS2_PLACEMENT_3D ( 'NONE', #4351, #3949, #4798 ) ;
#62 = DIRECTION ( 'NONE',  ( 0.000000000000000000, 0.000000000000000000, -1.000000000000000000 ) ) ;
#63 = VECTOR ( 'NONE', #4867, 1000.000000000000000 ) ;
#64 = LINE ( 'NONE', #3867, #1014 ) ;
#65 = CIRCLE ( 'NONE', #884, 0.7499999939727386433 ) ;
#66 = VECTOR ( 'NONE', #963, 1000.000000000000000 ) ;
#67 = ORIENTED_EDGE ( 'NONE', *, *, #222, .T. ) ;
#68 = DIRECTION ( 'NONE',  ( -1.000000000000000000, 0.000000000000000000, 0.000000000000000000 ) ) ;
#69 = AXIS2_PLACEMENT_3D ( 'NONE', #1371, #1780, #1394 ) ;
#70 = AXIS2_PLACEMENT_3D ( 'NONE', #4864, #1805, #4586 ) ;
#71 = ORIENTED_EDGE ( 'NONE', *, *, #2275, .F. ) ;
#72 = CARTESIAN_POINT ( 'NONE',  ( -172.4527587890625000, 39.43781280517579546, 1.500000000000000000 ) ) ;
#73 =( GEOMETRIC_REPRESENTATION_CONTEXT ( 3 ) GLOBAL_UNCERTAINTY_ASSIGNED_CONTEXT ( ( #2076 ) ) GLOBAL_UNIT_ASSIGNED_CONTEXT ( ( #3449, #728, #2374 ) ) REPRESENTATION_CONTEXT ( 'NONE', 'WORKASPACE' ) );
#74 = LINE ( 'NONE', #2027, #1114 ) ;
#75 = CLOSED_SHELL ( 'NONE', ( #4850, #4786, #2352, #4834, #4103, #1053 ) ) ;
#76 = EDGE_LOOP ( 'NONE', ( #928, #36, #2247, #4139 ) ) ;
#77 = AXIS2_PLACEMENT_3D ( 'NONE', #2675, #2581, #4100 ) ;
#78 = VERTEX_POINT ( 'NONE', #4205 ) ;
#79 = CARTESIAN_POINT ( 'NONE',  ( -176.3679046630859943, 43.89500045776365056, 1.175000000000000044 ) ) ;
#80 = LINE ( 'NONE', #3536, #4163 ) ;
#81 = EDGE_CURVE ( 'NONE', #1541, #4906, #3484, .T. ) ;
#82 = DIRECTION ( 'NONE',  ( -1.000000000000000000, 0.000000000000000000, 0.000000000000000000 ) ) ;
#83 = PLANE ( 'NONE',  #4824 ) ;
#84 = CARTESIAN_POINT ( 'NONE',  ( -170.8179168701169885, 36.49311828613280539, 5.007799999999999585 ) ) ;
#85 = ORIENTED_EDGE ( 'NONE', *, *, #2790, .F. ) ;
#86 = CARTESIAN_POINT ( 'NONE',  ( -172.4617309570314774, 42.52197647094725141, 1.600000000000000089 ) ) ;
#87 = EDGE_CURVE ( 'NONE', #4024, #4721, #1910, .T. ) ;
#88 = EDGE_CURVE ( 'NONE', #602, #2738, #2682, .T. ) ;
#89 = CARTESIAN_POINT ( 'NONE',  ( -172.4617309570314774, 44.03197860717774859, 1.000000000000000000 ) ) ;
#90 = LINE ( 'NONE', #111, #2237 ) ;
#91 = ORIENTED_EDGE ( 'NONE', *, *, #4453, .F. ) ;
#92 = ORIENTED_EDGE ( 'NONE', *, *, #3505, .F. ) ;
#93 = DIRECTION ( 'NONE',  ( 0.000000000000000000, 0.000000000000000000, -1.000000000000000000 ) ) ;
#94 = FACE_OUTER_BOUND ( 'NONE', #4129, .T. ) ;
#95 = CARTESIAN_POINT ( 'NONE',  ( -177.9556732177734943, 45.10741043090819602, 1.000000000000000000 ) ) ;
#96 = DIRECTION ( 'NONE',  ( -0.000000000000000000, 1.000000000000000000, 0.000000000000000000 ) ) ;
#97 = CARTESIAN_POINT ( 'NONE',  ( -174.5236816406250000, 44.03197860717774859, 1.600000000000000089 ) ) ;
#98 = EDGE_LOOP ( 'NONE', ( #4503, #1567, #2083, #1424 ) ) ;
#99 = ORIENTED_EDGE ( 'NONE', *, *, #994, .T. ) ;
#100 = UNCERTAINTY_MEASURE_WITH_UNIT (LENGTH_MEASURE( 1.000000000000000082E-05 ), #4838, 'distance_accuracy_value', 'NONE');
#101 = CARTESIAN_POINT ( 'NONE',  ( -163.6620339173564957, 33.60304960583769684, 0.000000000000000000 ) ) ;
#102 = PLANE ( 'NONE',  #146 ) ;
#103 = DIRECTION ( 'NONE',  ( 0.000000000000000000, 1.000000000000000000, 0.000000000000000000 ) ) ;
#104 = CARTESIAN_POINT ( 'NONE',  ( -166.2379302978515057, 42.99311828613279829, 1.000000000000000000 ) ) ;
#105 = DIRECTION ( 'NONE',  ( 0.000000000000000000, 0.000000000000000000, 1.000000000000000000 ) ) ;
#106 = LINE ( 'NONE', #1732, #150 ) ;
#107 = ORIENTED_EDGE ( 'NONE', *, *, #3982, .T. ) ;
#108 = DIRECTION ( 'NONE',  ( 0.000000000000000000, -1.000000000000000000, 0.000000000000000000 ) ) ;
#109 = ADVANCED_FACE ( 'NONE', ( #1498 ), #4668, .F. ) ;
#110 = CARTESIAN_POINT ( 'NONE',  ( -174.5236816406250000, 42.02197647094729405, 1.000000000000000000 ) ) ;
#111 = CARTESIAN_POINT ( 'NONE',  ( -189.3528719480079872, 35.11380527195875345, 1.000000000000000000 ) ) ;
#112 = ORIENTED_EDGE ( 'NONE', *, *, #4857, .T. ) ;
#113 = ORIENTED_EDGE ( 'NONE', *, *, #537, .T. ) ;
#114 = CARTESIAN_POINT ( 'NONE',  ( -175.6939086914065058, 39.46781539916995030, 1.600000000000000089 ) ) ;
#115 = EDGE_CURVE ( 'NONE', #4275, #2972, #352, .T. ) ;
#116 = DIRECTION ( 'NONE',  ( 1.000000000000000000, 0.000000000000000000, 0.000000000000000000 ) ) ;
#117 = LINE ( 'NONE', #3228, #3600 ) ;
#118 =( LENGTH_UNIT ( ) NAMED_UNIT ( * ) SI_UNIT ( .MILLI., .METRE. ) );
#119 = ADVANCED_FACE ( 'NONE', ( #2759 ), #3463, .T. ) ;
#120 = ORIENTED_EDGE ( 'NONE', *, *, #522, .T. ) ;
#121 = EDGE_LOOP ( 'NONE', ( #1108, #1046, #827, #523 ) ) ;
#122 = DIRECTION ( 'NONE',  ( 1.000000000000000000, 0.000000000000000000, 0.000000000000000000 ) ) ;
#123 = AXIS2_PLACEMENT_3D ( 'NONE', #4301, #2396, #3172 ) ;
#124 = CARTESIAN_POINT ( 'NONE',  ( -176.6439208984375000, 39.96781539916995030, 1.000000000000000000 ) ) ;
#125 = LINE ( 'NONE', #4687, #4888 ) ;
#126 = LINE ( 'NONE', #1682, #3937 ) ;
#127 = DIRECTION ( 'NONE',  ( 0.000000000000000000, 0.000000000000000000, 1.000000000000000000 ) ) ;
#128 = ORIENTED_EDGE ( 'NONE', *, *, #1251, .T. ) ;
#129 = CARTESIAN_POINT ( 'NONE',  ( -170.8179168701169885, 42.99311828613279829, 5.007799999999999585 ) ) ;
#130 = VECTOR ( 'NONE', #4686, 1000.000000000000000 ) ;
#131 = CARTESIAN_POINT ( 'NONE',  ( -171.5117187500000000, 42.02197647094729405, 1.600000000000000089 ) ) ;
#132 = ADVANCED_FACE ( 'NONE', ( #1983 ), #2011, .F. ) ;
#133 = CARTESIAN_POINT ( 'NONE',  ( -187.9725036621095171, 43.55812069639190298, 1.000000000000000000 ) ) ;
#134 = ORIENTED_EDGE ( 'NONE', *, *, #4201, .F. ) ;
#135 = VECTOR ( 'NONE', #4270, 1000.000000000000000 ) ;
#136 = EDGE_LOOP ( 'NONE', ( #809, #778, #986, #4157 ) ) ;
#137 = VECTOR ( 'NONE', #968, 1000.000000000000000 ) ;
#138 = VECTOR ( 'NONE', #2422, 1000.000000000000000 ) ;
#139 = CARTESIAN_POINT ( 'NONE',  ( -176.0271116182134961, 42.23183229146774664, 1.175000000000000044 ) ) ;
#140 = VECTOR ( 'NONE', #2931, 1000.000000000000000 ) ;
#141 = EDGE_CURVE ( 'NONE', #752, #973, #1160, .T. ) ;
#142 = LINE ( 'NONE', #845, #4792 ) ;
#143 = DIRECTION ( 'NONE',  ( 0.000000000000000000, 0.000000000000000000, -1.000000000000000000 ) ) ;
#144 = ORIENTED_EDGE ( 'NONE', *, *, #1604, .F. ) ;
#145 = LINE ( 'NONE', #2872, #4819 ) ;
#146 = AXIS2_PLACEMENT_3D ( 'NONE', #2381, #1649, #453 ) ;
#147 = ORIENTED_EDGE ( 'NONE', *, *, #87, .F. ) ;
#148 = AXIS2_PLACEMENT_3D ( 'NONE', #1517, #4579, #1128 ) ;
#149 = ADVANCED_FACE ( 'NONE', ( #4968 ), #3830, .T. ) ;
#150 = VECTOR ( 'NONE', #2837, 1000.000000000000000 ) ;
#151 = EDGE_LOOP ( 'NONE', ( #1587, #747, #4371, #1538 ) ) ;
#152 = CARTESIAN_POINT ( 'NONE',  ( -172.3867187500000000, 42.55197906494139914, 1.500000000000000000 ) ) ;
#153 = CIRCLE ( 'NONE', #4744, 0.7500014039276969857 ) ;
#154 = AXIS2_PLACEMENT_3D ( 'NONE', #2328, #3534, #2031 ) ;
#155 = DIRECTION ( 'NONE',  ( 0.000000000000000000, 0.000000000000000000, -1.000000000000000000 ) ) ;
#156 = LINE ( 'NONE', #913, #1445 ) ;
#157 = ORIENTED_EDGE ( 'NONE', *, *, #4857, .F. ) ;
#158 = FACE_OUTER_BOUND ( 'NONE', #1868, .T. ) ;
#159 = CARTESIAN_POINT ( 'NONE',  ( -183.7859344482419885, 43.94128417968750000, 3.409999999999999698 ) ) ;
#160 = DIRECTION ( 'NONE',  ( 0.000000000000000000, 0.000000000000000000, -1.000000000000000000 ) ) ;
#161 = ORIENTED_EDGE ( 'NONE', *, *, #994, .F. ) ;
#162 = ORIENTED_EDGE ( 'NONE', *, *, #586, .T. ) ;
#163 = DIRECTION ( 'NONE',  ( 0.000000000000000000, 0.000000000000000000, 1.000000000000000000 ) ) ;
#164 = ORIENTED_EDGE ( 'NONE', *, *, #115, .F. ) ;
#165 = DIRECTION ( 'NONE',  ( 1.000000000000000000, 0.000000000000000000, 0.000000000000000000 ) ) ;
#166 = EDGE_LOOP ( 'NONE', ( #3819, #1448, #3841, #429 ) ) ;
#167 =( NAMED_UNIT ( * ) PLANE_ANGLE_UNIT ( ) SI_UNIT ( $, .RADIAN. ) );
#168 = EDGE_CURVE ( 'NONE', #4582, #2853, #4334, .T. ) ;
#169 = ORIENTED_EDGE ( 'NONE', *, *, #2839, .F. ) ;
#170 = EDGE_LOOP ( 'NONE', ( #382, #1726, #2843, #3489 ) ) ;
#171 = DIRECTION ( 'NONE',  ( 0.000000000000000000, -1.000000000000000000, 0.000000000000000000 ) ) ;
#172 = SURFACE_STYLE_USAGE ( .BOTH. , #958 ) ;
#173 = EDGE_CURVE ( 'NONE', #439, #3139, #4639, .T. ) ;
#174 = CARTESIAN_POINT ( 'NONE',  ( -174.5236816406250000, 44.03197860717774859, 1.000000000000000000 ) ) ;
#175 = DIRECTION ( 'NONE',  ( 0.000000000000000000, 0.000000000000000000, -1.000000000000000000 ) ) ;
#176 = PLANE ( 'NONE',  #1197 ) ;
#177 = ORIENTED_EDGE ( 'NONE', *, *, #1511, .T. ) ;
#178 = FACE_OUTER_BOUND ( 'NONE', #2067, .T. ) ;
#179 = CARTESIAN_POINT ( 'NONE',  ( 0.000000000000000000, 0.000000000000000000, 1.600000000000000089 ) ) ;
#180 = ADVANCED_FACE ( 'NONE', ( #1531 ), #3910, .F. ) ;
#181 = SURFACE_SIDE_STYLE ('',( #2786 ) ) ;
#182 = LINE ( 'NONE', #2465, #2806 ) ;
#183 = ORIENTED_EDGE ( 'NONE', *, *, #1038, .F. ) ;
#184 = EDGE_LOOP ( 'NONE', ( #2638, #241, #2369, #2054 ) ) ;
#185 = FACE_OUTER_BOUND ( 'NONE', #3055, .T. ) ;
#186 = CARTESIAN_POINT ( 'NONE',  ( -188.9725050280945027, 43.55812069639190298, 1.000000000000000000 ) ) ;
#187 = EDGE_LOOP ( 'NONE', ( #35, #1891, #4271, #3126 ) ) ;
#188 = CARTESIAN_POINT ( 'NONE',  ( -175.6819458007815058, 43.89500045776365056, 1.000000000000000000 ) ) ;
#189 = VERTEX_POINT ( 'NONE', #4561 ) ;
#190 = ADVANCED_FACE ( 'NONE', ( #2362 ), #3886, .F. ) ;
#191 = DIRECTION ( 'NONE',  ( 0.000000000000000000, 1.000000000000000000, 0.000000000000000000 ) ) ;
#192 = LINE ( 'NONE', #3680, #2478 ) ;
#193 = ADVANCED_FACE ( 'NONE', ( #56 ), #738, .T. ) ;
#194 = LINE ( 'NONE', #2928, #1937 ) ;
#195 = VERTEX_POINT ( 'NONE', #1141 ) ;
#196 = DIRECTION ( 'NONE',  ( -1.000000000000000000, 0.000000000000000000, 0.000000000000000000 ) ) ;
#197 = CARTESIAN_POINT ( 'NONE',  ( -177.9556732177734943, 44.16978185416449776, 1.550000000000000044 ) ) ;
#198 = AXIS2_PLACEMENT_3D ( 'NONE', #3767, #760, #3392 ) ;
#199 = PLANE ( 'NONE',  #4224 ) ;
#200 = ADVANCED_FACE ( 'NONE', ( #1300 ), #3979, .F. ) ;
#201 = LINE ( 'NONE', #3388, #1924 ) ;
#202 = ORIENTED_EDGE ( 'NONE', *, *, #2348, .T. ) ;
#203 = VERTEX_POINT ( 'NONE', #536 ) ;
#204 = PLANE ( 'NONE',  #860 ) ;
#205 = AXIS2_PLACEMENT_3D ( 'NONE', #4239, #2342, #411 ) ;
#206 = MECHANICAL_DESIGN_GEOMETRIC_PRESENTATION_REPRESENTATION (  '', ( #4800 ), #1677 ) ;
#207 = DIRECTION ( 'NONE',  ( 1.000000000000000000, 0.000000000000000000, 0.000000000000000000 ) ) ;
#208 = AXIS2_PLACEMENT_3D ( 'NONE', #2927, #4458, #421 ) ;
#209 = CARTESIAN_POINT ( 'NONE',  ( -172.4617309570314774, 43.53197860717774859, 1.000000000000000000 ) ) ;
#210 = MECHANICAL_DESIGN_GEOMETRIC_PRESENTATION_REPRESENTATION (  '', ( #2156 ), #2633 ) ;
#211 = ORIENTED_EDGE ( 'NONE', *, *, #4047, .F. ) ;
#212 = DIRECTION ( 'NONE',  ( -1.000000000000000000, 0.000000000000000000, 0.000000000000000000 ) ) ;
#213 = LINE ( 'NONE', #4522, #2420 ) ;
#214 = AXIS2_PLACEMENT_3D ( 'NONE', #1813, #4449, #2538 ) ;
#215 = AXIS2_PLACEMENT_3D ( 'NONE', #2531, #4461, #3259 ) ;
#216 = ORIENTED_EDGE ( 'NONE', *, *, #1501, .T. ) ;
#217 = AXIS2_PLACEMENT_3D ( 'NONE', #1401, #3690, #4533 ) ;
#218 = DIRECTION ( 'NONE',  ( 0.000000000000000000, 1.000000000000000000, 0.000000000000000000 ) ) ;
#219 = DIRECTION ( 'NONE',  ( 0.000000000000000000, -1.000000000000000000, 0.000000000000000000 ) ) ;
#220 = AXIS2_PLACEMENT_3D ( 'NONE', #4650, #1618, #3842 ) ;
#222 = EDGE_CURVE ( 'NONE', #2619, #325, #4747, .T. ) ;
#221 = COLOUR_RGB ( '',0.7921568627450980005, 0.8196078431372548767, 0.9333333333333333481 ) ;
#223 = CLOSED_SHELL ( 'NONE', ( #200, #1630, #4828, #180, #3935, #2554 ) ) ;
#224 = CARTESIAN_POINT ( 'NONE',  ( -173.6486816406250000, 43.50197601318360086, 1.500000000000000000 ) ) ;
#225 = CARTESIAN_POINT ( 'NONE',  ( -172.4619873046875114, 34.87976136882910083, 1.826571335919620065 ) ) ;
#226 = ORIENTED_EDGE ( 'NONE', *, *, #618, .F. ) ;
#227 = VECTOR ( 'NONE', #2052, 1000.000000000000000 ) ;
#228 = CARTESIAN_POINT ( 'NONE',  ( -176.3679046630859943, 42.27214431762695312, 1.000000000000000000 ) ) ;
#229 = LINE ( 'NONE', #3355, #140 ) ;
#230 = VECTOR ( 'NONE', #3885, 1000.000000000000000 ) ;
#231 = EDGE_CURVE ( 'NONE', #2959, #4113, #106, .T. ) ;
#232 = FACE_OUTER_BOUND ( 'NONE', #187, .T. ) ;
#233 = AXIS2_PLACEMENT_3D ( 'NONE', #2055, #3127, #1546 ) ;
#234 = DIRECTION ( 'NONE',  ( 0.000000000000000000, 0.000000000000000000, -1.000000000000000000 ) ) ;
#235 = FACE_OUTER_BOUND ( 'NONE', #4295, .T. ) ;
#236 = ORIENTED_EDGE ( 'NONE', *, *, #3000, .T. ) ;
#237 = EDGE_CURVE ( 'NONE', #2045, #4776, #1239, .T. ) ;
#238 = EDGE_CURVE ( 'NONE', #2534, #723, #2884, .T. ) ;
#239 = CARTESIAN_POINT ( 'NONE',  ( -172.5277709960939774, 39.46781539916995030, 1.600000000000000089 ) ) ;
#240 = FACE_OUTER_BOUND ( 'NONE', #594, .T. ) ;
#241 = ORIENTED_EDGE ( 'NONE', *, *, #456, .F. ) ;
#242 = CARTESIAN_POINT ( 'NONE',  ( -190.1028711554349684, 45.12199774108519534, 1.000000000000000000 ) ) ;
#243 = DIRECTION ( 'NONE',  ( 0.000000000000000000, 0.000000000000000000, 1.000000000000000000 ) ) ;
#244 = EDGE_CURVE ( 'NONE', #1559, #1285, #2416, .T. ) ;
#245 = EDGE_LOOP ( 'NONE', ( #4400, #4, #1131, #1971 ) ) ;
#246 = DIRECTION ( 'NONE',  ( 1.000000000000000000, 0.000000000000000000, 0.000000000000000000 ) ) ;
#247 = CARTESIAN_POINT ( 'NONE',  ( -175.8350059006889978, 42.27214431762695312, 1.175000000000000044 ) ) ;
#248 = FACE_OUTER_BOUND ( 'NONE', #2690, .T. ) ;
#249 = FACE_OUTER_BOUND ( 'NONE', #2674, .T. ) ;
#250 = ORIENTED_EDGE ( 'NONE', *, *, #3963, .T. ) ;
#251 = CARTESIAN_POINT ( 'NONE',  ( -159.1619873046875000, 48.03639984130860086, 0.000000000000000000 ) ) ;
#252 = DIRECTION ( 'NONE',  ( 0.000000000000000000, 0.000000000000000000, 1.000000000000000000 ) ) ;
#253 = FILL_AREA_STYLE ('',( #303 ) ) ;
#254 = CARTESIAN_POINT ( 'NONE',  ( -174.5236816406250000, 43.53197860717774859, 1.000000000000000000 ) ) ;
#255 = ORIENTED_EDGE ( 'NONE', *, *, #1459, .F. ) ;
#256 = EDGE_CURVE ( 'NONE', #1945, #2223, #2812, .T. ) ;
#257 = ORIENTED_EDGE ( 'NONE', *, *, #4645, .T. ) ;
#258 = CARTESIAN_POINT ( 'NONE',  ( -164.1620357721599817, 33.60304960583769684, 1.000000000000000000 ) ) ;
#259 = DIRECTION ( 'NONE',  ( 0.000000000000000000, 0.000000000000000000, -1.000000000000000000 ) ) ;
#260 = CARTESIAN_POINT ( 'NONE',  ( -172.4619873046875114, 34.87976136882910083, 2.620787278914795237 ) ) ;
#261 = VERTEX_POINT ( 'NONE', #1321 ) ;
#262 = EDGE_CURVE ( 'NONE', #4944, #2569, #156, .T. ) ;
#263 = ORIENTED_EDGE ( 'NONE', *, *, #4801, .T. ) ;
#264 = DIRECTION ( 'NONE',  ( -1.000000000000000000, 0.000000000000000000, 0.000000000000000000 ) ) ;
#265 = CARTESIAN_POINT ( 'NONE',  ( -190.1028711554349684, 45.12199774108519534, 0.000000000000000000 ) ) ;
#266 = ORIENTED_EDGE ( 'NONE', *, *, #4604, .F. ) ;
#267 = ADVANCED_FACE ( 'NONE', ( #2110 ), #2782, .F. ) ;
#268 = LINE ( 'NONE', #2249, #2879 ) ;
#269 = DIRECTION ( 'NONE',  ( 0.000000000000000000, 0.000000000000000000, -1.000000000000000000 ) ) ;
#270 = LINE ( 'NONE', #979, #2950 ) ;
#271 = DIRECTION ( 'NONE',  ( 0.000000000000000000, 0.000000000000000000, -1.000000000000000000 ) ) ;
#272 = ORIENTED_EDGE ( 'NONE', *, *, #3323, .T. ) ;
#273 = FACE_OUTER_BOUND ( 'NONE', #358, .T. ) ;
#274 = CARTESIAN_POINT ( 'NONE',  ( -175.6819458007815058, 42.27214431762695312, 1.000000000000000000 ) ) ;
#275 = SURFACE_SIDE_STYLE ('',( #983 ) ) ;
#276 = DIRECTION ( 'NONE',  ( 0.000000000000000000, 0.000000000000000000, 1.000000000000000000 ) ) ;
#277 =( NAMED_UNIT ( * ) SI_UNIT ( $, .STERADIAN. ) SOLID_ANGLE_UNIT ( ) );
#278 = EDGE_LOOP ( 'NONE', ( #1049, #1397, #981, #4299 ) ) ;
#279 = EDGE_LOOP ( 'NONE', ( #2990, #635 ) ) ;
#280 = AXIS2_PLACEMENT_3D ( 'NONE', #139, #551, #988 ) ;
#281 = EDGE_CURVE ( 'NONE', #3029, #2630, #962, .T. ) ;
#282 = FACE_OUTER_BOUND ( 'NONE', #4761, .T. ) ;
#283 = PLANE ( 'NONE',  #621 ) ;
#284 = ORIENTED_EDGE ( 'NONE', *, *, #4856, .T. ) ;
#285 = VERTEX_POINT ( 'NONE', #2082 ) ;
#286 = CARTESIAN_POINT ( 'NONE',  ( -172.5277709960939774, 38.45781326293945312, 1.600000000000000089 ) ) ;
#287 = DIRECTION ( 'NONE',  ( -1.000000000000000000, 0.000000000000000000, 0.000000000000000000 ) ) ;
#289 = ADVANCED_FACE ( 'NONE', ( #3610 ), #176, .F. ) ;
#288 = AXIS2_PLACEMENT_3D ( 'NONE', #443, #3173, #1471 ) ;
#290 = ORIENTED_EDGE ( 'NONE', *, *, #2062, .F. ) ;
#291 = VECTOR ( 'NONE', #4173, 1000.000000000000000 ) ;
#292 = UNCERTAINTY_MEASURE_WITH_UNIT (LENGTH_MEASURE( 1.000000000000000082E-05 ), #1547, 'distance_accuracy_value', 'NONE');
#293 = DIRECTION ( 'NONE',  ( 0.000000000000000000, 0.000000000000000000, -1.000000000000000000 ) ) ;
#294 = FACE_OUTER_BOUND ( 'NONE', #3870, .T. ) ;
#295 = VECTOR ( 'NONE', #1277, 1000.000000000000000 ) ;
#296 = EDGE_CURVE ( 'NONE', #2998, #1191, #4008, .T. ) ;
#297 = DIRECTION ( 'NONE',  ( -0.7070890469892903152, 0.7071245149390432694, 0.000000000000000000 ) ) ;
#298 = FACE_OUTER_BOUND ( 'NONE', #3971, .T. ) ;
#299 = EDGE_LOOP ( 'NONE', ( #1719, #2160, #873, #3073 ) ) ;
#300 = DIRECTION ( 'NONE',  ( 1.000000000000000000, 0.000000000000000000, 0.000000000000000000 ) ) ;
#301 = LINE ( 'NONE', #3386, #949 ) ;
#302 = VECTOR ( 'NONE', #3112, 1000.000000000000000 ) ;
#303 = FILL_AREA_STYLE_COLOUR ( '', #1256 ) ;
#304 = LINE ( 'NONE', #2984, #3602 ) ;
#305 = SURFACE_SIDE_STYLE ('',( #1456 ) ) ;
#306 = CLOSED_SHELL ( 'NONE', ( #2150, #1919, #578, #2188 ) ) ;
#307 = ORIENTED_EDGE ( 'NONE', *, *, #4128, .T. ) ;
#308 = ORIENTED_EDGE ( 'NONE', *, *, #3410, .T. ) ;
#309 = DIRECTION ( 'NONE',  ( 0.000000000000000000, -1.000000000000000000, 0.000000000000000000 ) ) ;
#310 = AXIS2_PLACEMENT_3D ( 'NONE', #1876, #4247, #724 ) ;
#311 = VECTOR ( 'NONE', #1000, 1000.000000000000000 ) ;
#312 = CARTESIAN_POINT ( 'NONE',  ( -178.6556701660154829, 45.51155471801759944, 1.550000000000000044 ) ) ;
#313 = CARTESIAN_POINT ( 'NONE',  ( -176.5689086914064774, 38.48781585693359375, 1.000000000000000000 ) ) ;
#314 = ORIENTED_EDGE ( 'NONE', *, *, #4047, .T. ) ;
#315 = ORIENTED_EDGE ( 'NONE', *, *, #1129, .F. ) ;
#316 = DIRECTION ( 'NONE',  ( -1.000000000000000000, 0.000000000000000000, 0.000000000000000000 ) ) ;
#317 = VERTEX_POINT ( 'NONE', #2508 ) ;
#318 = DIRECTION ( 'NONE',  ( 1.000000000000000000, 0.000000000000000000, 0.000000000000000000 ) ) ;
#319 = DIRECTION ( 'NONE',  ( 0.000000000000000000, 1.000000000000000000, 0.000000000000000000 ) ) ;
#320 = EDGE_CURVE ( 'NONE', #1327, #44, #4033, .T. ) ;
#321 = PLANE ( 'NONE',  #4802 ) ;
#322 = ORIENTED_EDGE ( 'NONE', *, *, #2119, .T. ) ;
#323 = ORIENTED_EDGE ( 'NONE', *, *, #3597, .T. ) ;
#324 = FACE_OUTER_BOUND ( 'NONE', #4580, .T. ) ;
#325 = VERTEX_POINT ( 'NONE', #1633 ) ;
#327 = ADVANCED_FACE ( 'NONE', ( #3942 ), #4313, .F. ) ;
#326 = DIRECTION ( 'NONE',  ( 0.000000000000000000, 0.000000000000000000, 1.000000000000000000 ) ) ;
#328 = DIRECTION ( 'NONE',  ( 1.000000000000000000, 0.000000000000000000, 0.000000000000000000 ) ) ;
#329 = CARTESIAN_POINT ( 'NONE',  ( -175.6939086914065058, 39.46781539916995030, 1.600000000000000089 ) ) ;
#330 =( NAMED_UNIT ( * ) PLANE_ANGLE_UNIT ( ) SI_UNIT ( $, .RADIAN. ) );
#331 = DIRECTION ( 'NONE',  ( 1.000000000000000000, 0.000000000000000000, 0.000000000000000000 ) ) ;
#332 = ORIENTED_EDGE ( 'NONE', *, *, #1643, .T. ) ;
#333 = EDGE_CURVE ( 'NONE', #2574, #2475, #514, .T. ) ;
#334 = SURFACE_STYLE_FILL_AREA ( #3864 ) ;
#335 = CARTESIAN_POINT ( 'NONE',  ( -176.0271116182134961, 43.93531248392284994, 1.175000000000000044 ) ) ;
#336 = DIRECTION ( 'NONE',  ( 0.000000000000000000, 0.000000000000000000, -1.000000000000000000 ) ) ;
#337 = DIRECTION ( 'NONE',  ( 1.000000000000000000, 0.000000000000000000, 0.000000000000000000 ) ) ;
#338 = ORIENTED_EDGE ( 'NONE', *, *, #19, .F. ) ;
#339 = ORIENTED_EDGE ( 'NONE', *, *, #173, .T. ) ;
#340 = DIRECTION ( 'NONE',  ( 0.000000000000000000, 0.000000000000000000, -1.000000000000000000 ) ) ;
#341 = CARTESIAN_POINT ( 'NONE',  ( -177.6935577392580115, 44.16944503784180398, 3.409999999999999698 ) ) ;
#342 = ORIENTED_EDGE ( 'NONE', *, *, #4274, .F. ) ;
#343 = CARTESIAN_POINT ( 'NONE',  ( -172.3867187500000000, 42.55197906494139914, 1.500000000000000000 ) ) ;
#344 = EDGE_CURVE ( 'NONE', #4220, #2846, #3184, .T. ) ;
#345 = LINE ( 'NONE', #1523, #4421 ) ;
#346 = ORIENTED_EDGE ( 'NONE', *, *, #3603, .T. ) ;
#347 = CARTESIAN_POINT ( 'NONE',  ( -174.4486694335940058, 42.55197906494139914, 1.000000000000000000 ) ) ;
#348 = EDGE_CURVE ( 'NONE', #1154, #4113, #2059, .T. ) ;
#349 =( NAMED_UNIT ( * ) PLANE_ANGLE_UNIT ( ) SI_UNIT ( $, .RADIAN. ) );
#350 = DIRECTION ( 'NONE',  ( 0.000000000000000000, 0.000000000000000000, 1.000000000000000000 ) ) ;
#351 = CARTESIAN_POINT ( 'NONE',  ( -174.5577392578125000, 38.45781326293945312, 1.000000000000000000 ) ) ;
#352 = LINE ( 'NONE', #2704, #3290 ) ;
#353 = ORIENTED_EDGE ( 'NONE', *, *, #1177, .T. ) ;
#354 = SURFACE_STYLE_USAGE ( .BOTH. , #1085 ) ;
#355 = EDGE_CURVE ( 'NONE', #4404, #1226, #1982, .T. ) ;
#356 = CARTESIAN_POINT ( 'NONE',  ( -161.1180176613555091, 45.94234061952019488, 1.000000000000000000 ) ) ;
#357 = DIRECTION ( 'NONE',  ( 0.000000000000000000, 0.000000000000000000, -1.000000000000000000 ) ) ;
#358 = EDGE_LOOP ( 'NONE', ( #1438, #3717, #3249, #2354 ) ) ;
#359 = ORIENTED_EDGE ( 'NONE', *, *, #58, .F. ) ;
#360 = CARTESIAN_POINT ( 'NONE',  ( -164.1620357721599817, 33.60304960583769684, 1.000000000000000000 ) ) ;
#361 = AXIS2_PLACEMENT_3D ( 'NONE', #2698, #2623, #3882 ) ;
#362 = ORIENTED_EDGE ( 'NONE', *, *, #348, .F. ) ;
#363 = MECHANICAL_DESIGN_GEOMETRIC_PRESENTATION_REPRESENTATION (  '', ( #3913 ), #1669 ) ;
#364 = DIRECTION ( 'NONE',  ( 1.000000000000000000, 0.000000000000000000, 0.000000000000000000 ) ) ;
#365 = DIRECTION ( 'NONE',  ( 0.000000000000000000, -1.000000000000000000, 0.000000000000000000 ) ) ;
#366 = VECTOR ( 'NONE', #3401, 1000.000000000000000 ) ;
#367 = VECTOR ( 'NONE', #2306, 1000.000000000000000 ) ;
#368 = ORIENTED_EDGE ( 'NONE', *, *, #3099, .T. ) ;
#369 = VECTOR ( 'NONE', #3065, 1000.000000000000000 ) ;
#370 = ORIENTED_EDGE ( 'NONE', *, *, #3336, .T. ) ;
#371 = VERTEX_POINT ( 'NONE', #834 ) ;
#372 = STYLED_ITEM ( 'NONE', ( #2689 ), #1281 ) ;
#373 = ORIENTED_EDGE ( 'NONE', *, *, #1667, .F. ) ;
#374 = CARTESIAN_POINT ( 'NONE',  ( -188.4725028719464888, 40.14691954139435381, 1.000000000000000000 ) ) ;
#375 = VECTOR ( 'NONE', #82, 1000.000000000000000 ) ;
#376 = VECTOR ( 'NONE', #637, 1000.000000000000000 ) ;
#377 = CARTESIAN_POINT ( 'NONE',  ( -183.7859344482419885, 38.49012028448694878, 3.409999999999999698 ) ) ;
#378 = CARTESIAN_POINT ( 'NONE',  ( -178.6556701660154829, 45.51155471801759944, 1.550000000000000044 ) ) ;
#379 = FILL_AREA_STYLE_COLOUR ( '', #4066 ) ;
#380 = DIRECTION ( 'NONE',  ( 0.000000000000000000, 0.000000000000000000, 1.000000000000000000 ) ) ;
#381 =( GEOMETRIC_REPRESENTATION_CONTEXT ( 3 ) GLOBAL_UNCERTAINTY_ASSIGNED_CONTEXT ( ( #4280 ) ) GLOBAL_UNIT_ASSIGNED_CONTEXT ( ( #2804, #3632, #4381 ) ) REPRESENTATION_CONTEXT ( 'NONE', 'WORKASPACE' ) );
#382 = ORIENTED_EDGE ( 'NONE', *, *, #1070, .T. ) ;
#383 = CARTESIAN_POINT ( 'NONE',  ( -171.5867309570315058, 42.55197906494139914, 1.500000000000000000 ) ) ;
#384 = ADVANCED_FACE ( 'NONE', ( #3940 ), #862, .F. ) ;
#385 = AXIS2_PLACEMENT_3D ( 'NONE', #4303, #582, #1701 ) ;
#386 = LINE ( 'NONE', #2664, #2071 ) ;
#387 = CLOSED_SHELL ( 'NONE', ( #190, #1099, #3008, #3476, #1443, #3540 ) ) ;
#388 = DIRECTION ( 'NONE',  ( 0.000000000000000000, 1.000000000000000000, 0.000000000000000000 ) ) ;
#389 = VERTEX_POINT ( 'NONE', #3582 ) ;
#390 = VERTEX_POINT ( 'NONE', #4312 ) ;
#391 = DIRECTION ( 'NONE',  ( 0.000000000000000000, 0.000000000000000000, 1.000000000000000000 ) ) ;
#392 = DIRECTION ( 'NONE',  ( -1.000000000000000000, 0.000000000000000000, 0.000000000000000000 ) ) ;
#393 = FACE_OUTER_BOUND ( 'NONE', #3668, .T. ) ;
#394 = ADVANCED_FACE ( 'NONE', ( #3103 ), #3563, .F. ) ;
#395 = EDGE_CURVE ( 'NONE', #3475, #285, #492, .T. ) ;
#396 = VECTOR ( 'NONE', #892, 1000.000000000000000 ) ;
#397 = EDGE_LOOP ( 'NONE', ( #1525, #9, #4602, #1045 ) ) ;
#398 = DIRECTION ( 'NONE',  ( 0.000000000000000000, 0.000000000000000000, 1.000000000000000000 ) ) ;
#399 = EDGE_CURVE ( 'NONE', #3868, #4065, #1268, .T. ) ;
#400 = EDGE_LOOP ( 'NONE', ( #4982, #3226, #1240, #4106, #4649, #521 ) ) ;
#401 = ORIENTED_EDGE ( 'NONE', *, *, #1091, .F. ) ;
#402 = PLANE ( 'NONE',  #233 ) ;
#403 = ORIENTED_EDGE ( 'NONE', *, *, #4696, .T. ) ;
#404 = LINE ( 'NONE', #4632, #2224 ) ;
#405 = DIRECTION ( 'NONE',  ( 0.000000000000000000, 1.000000000000000000, 0.000000000000000000 ) ) ;
#406 = DIRECTION ( 'NONE',  ( 0.000000000000000000, -1.000000000000000000, 0.000000000000000000 ) ) ;
#407 = CARTESIAN_POINT ( 'NONE',  ( -171.5117187500000000, 42.02197647094729405, 1.600000000000000089 ) ) ;
#408 = DIRECTION ( 'NONE',  ( -1.000000000000000000, 0.000000000000000000, 0.000000000000000000 ) ) ;
#409 = ORIENTED_EDGE ( 'NONE', *, *, #4274, .T. ) ;
#410 = DIRECTION ( 'NONE',  ( 0.000000000000000000, 0.000000000000000000, -1.000000000000000000 ) ) ;
#411 = DIRECTION ( 'NONE',  ( -1.000000000000000000, 0.000000000000000000, 0.000000000000000000 ) ) ;
#412 = EDGE_CURVE ( 'NONE', #2375, #3728, #1702, .T. ) ;
#413 = CARTESIAN_POINT ( 'NONE',  ( -175.8350059006889978, 42.27214431762695312, 1.175000000000000044 ) ) ;
#414 = ORIENTED_EDGE ( 'NONE', *, *, #3963, .F. ) ;
#415 = VERTEX_POINT ( 'NONE', #3183 ) ;
#416 = CARTESIAN_POINT ( 'NONE',  ( -174.5577392578125000, 39.96781539916995030, 1.600000000000000089 ) ) ;
#417 =( LENGTH_UNIT ( ) NAMED_UNIT ( * ) SI_UNIT ( .MILLI., .METRE. ) );
#418 = DIRECTION ( 'NONE',  ( -0.000000000000000000, 1.000000000000000000, 0.000000000000000000 ) ) ;
#419 = ORIENTED_EDGE ( 'NONE', *, *, #2463, .T. ) ;
#420 = ADVANCED_FACE ( 'NONE', ( #2440 ), #1215, .F. ) ;
#421 = DIRECTION ( 'NONE',  ( 1.000000000000000000, 0.000000000000000000, 0.000000000000000000 ) ) ;
#422 = PRESENTATION_STYLE_ASSIGNMENT (( #4603 ) ) ;
#423 = VERTEX_POINT ( 'NONE', #407 ) ;
#424 = EDGE_CURVE ( 'NONE', #3223, #371, #4714, .T. ) ;
#425 = ORIENTED_EDGE ( 'NONE', *, *, #141, .F. ) ;
#426 = ORIENTED_EDGE ( 'NONE', *, *, #17, .T. ) ;
#427 = FACE_OUTER_BOUND ( 'NONE', #3115, .T. ) ;
#428 = FILL_AREA_STYLE_COLOUR ( '', #4411 ) ;
#429 = ORIENTED_EDGE ( 'NONE', *, *, #3811, .T. ) ;
#430 = DIRECTION ( 'NONE',  ( 1.000000000000000000, 0.000000000000000000, 0.000000000000000000 ) ) ;
#431 = DIRECTION ( 'NONE',  ( 0.000000000000000000, 0.000000000000000000, -1.000000000000000000 ) ) ;
#432 = CARTESIAN_POINT ( 'NONE',  ( -172.5277709960939774, 39.46781539916995030, 1.600000000000000089 ) ) ;
#433 = CARTESIAN_POINT ( 'NONE',  ( 0.000000000000000000, 0.000000000000000000, 1.000000000000000000 ) ) ;
#434 = EDGE_LOOP ( 'NONE', ( #1617, #1640 ) ) ;
#435 = FACE_OUTER_BOUND ( 'NONE', #2049, .T. ) ;
#436 = CARTESIAN_POINT ( 'NONE',  ( -172.4527587890625000, 39.43781280517579546, 1.500000000000000000 ) ) ;
#437 = DIRECTION ( 'NONE',  ( -1.000000000000000000, 0.000000000000000000, 0.000000000000000000 ) ) ;
#438 = ORIENTED_EDGE ( 'NONE', *, *, #1158, .T. ) ;
#439 = VERTEX_POINT ( 'NONE', #3860 ) ;
#440 = FACE_OUTER_BOUND ( 'NONE', #2570, .T. ) ;
#441 = ADVANCED_FACE ( 'NONE', ( #4638 ), #2058, .F. ) ;
#442 = ORIENTED_EDGE ( 'NONE', *, *, #1303, .F. ) ;
#443 = CARTESIAN_POINT ( 'NONE',  ( -176.4022369384765057, 43.54022216796875000, 1.500000000000000000 ) ) ;
#444 = SURFACE_STYLE_FILL_AREA ( #1174 ) ;
#445 = EDGE_CURVE ( 'NONE', #2111, #2853, #126, .T. ) ;
#446 = VECTOR ( 'NONE', #116, 1000.000000000000000 ) ;
#447 = VERTEX_POINT ( 'NONE', #2735 ) ;
#448 = ORIENTED_EDGE ( 'NONE', *, *, #1939, .T. ) ;
#449 = UNCERTAINTY_MEASURE_WITH_UNIT (LENGTH_MEASURE( 1.000000000000000082E-05 ), #2435, 'distance_accuracy_value', 'NONE');
#450 = PLANE ( 'NONE',  #704 ) ;
#451 = CARTESIAN_POINT ( 'NONE',  ( -175.6819458007815058, 42.27214431762695312, 1.175000000000000044 ) ) ;
#453 = DIRECTION ( 'NONE',  ( 1.000000000000000000, 0.000000000000000000, 0.000000000000000000 ) ) ;
#452 = VECTOR ( 'NONE', #753, 1000.000000000000000 ) ;
#454 = VECTOR ( 'NONE', #727, 1000.000000000000000 ) ;
#455 = EDGE_CURVE ( 'NONE', #3005, #656, #4265, .T. ) ;
#456 = EDGE_CURVE ( 'NONE', #1458, #3329, #2781, .T. ) ;
#457 = VECTOR ( 'NONE', #2373, 1000.000000000000000 ) ;
#458 = CARTESIAN_POINT ( 'NONE',  ( -176.6439208984375000, 38.45781326293945312, 1.000000000000000000 ) ) ;
#459 = VECTOR ( 'NONE', #2094, 1000.000000000000000 ) ;
#460 = LINE ( 'NONE', #891, #2085 ) ;
#461 = FACE_OUTER_BOUND ( 'NONE', #4910, .T. ) ;
#462 = DIRECTION ( 'NONE',  ( 0.000000000000000000, -1.000000000000000000, 0.000000000000000000 ) ) ;
#463 = ORIENTED_EDGE ( 'NONE', *, *, #2888, .F. ) ;
#464 = CARTESIAN_POINT ( 'NONE',  ( 0.000000000000000000, 0.000000000000000000, 1.000000000000000000 ) ) ;
#465 = VECTOR ( 'NONE', #950, 1000.000000000000000 ) ;
#466 = AXIS2_PLACEMENT_3D ( 'NONE', #3432, #4945, #2339 ) ;
#467 = CARTESIAN_POINT ( 'NONE',  ( -172.4617309570314774, 42.52197647094725141, 1.000000000000000000 ) ) ;
#468 = AXIS2_PLACEMENT_3D ( 'NONE', #4637, #3884, #1888 ) ;
#469 = DIRECTION ( 'NONE',  ( 1.000000000000000000, 0.000000000000000000, 0.000000000000000000 ) ) ;
#470 = VECTOR ( 'NONE', #171, 1000.000000000000000 ) ;
#471 = CIRCLE ( 'NONE', #2808, 0.1962897505184135749 ) ;
#472 = EDGE_LOOP ( 'NONE', ( #1407, #4563, #2844, #2390 ) ) ;
#473 = ORIENTED_EDGE ( 'NONE', *, *, #2579, .F. ) ;
#474 = DIRECTION ( 'NONE',  ( 0.000000000000000000, 0.000000000000000000, 1.000000000000000000 ) ) ;
#475 = DIRECTION ( 'NONE',  ( 0.000000000000000000, 0.000000000000000000, -1.000000000000000000 ) ) ;
#476 = VECTOR ( 'NONE', #4030, 1000.000000000000000 ) ;
#477 = VECTOR ( 'NONE', #2587, 1000.000000000000000 ) ;
#478 = DIRECTION ( 'NONE',  ( 0.000000000000000000, -1.000000000000000000, 0.000000000000000000 ) ) ;
#479 = LINE ( 'NONE', #4251, #457 ) ;
#480 = VECTOR ( 'NONE', #3525, 1000.000000000000000 ) ;
#481 =( NAMED_UNIT ( * ) SI_UNIT ( $, .STERADIAN. ) SOLID_ANGLE_UNIT ( ) );
#482 = EDGE_LOOP ( 'NONE', ( #3263, #2800, #2900, #4319 ) ) ;
#483 = AXIS2_PLACEMENT_3D ( 'NONE', #225, #2528, #4788 ) ;
#484 = EDGE_CURVE ( 'NONE', #203, #836, #2384, .T. ) ;
#485 = ORIENTED_EDGE ( 'NONE', *, *, #3620, .T. ) ;
#486 = CARTESIAN_POINT ( 'NONE',  ( 0.000000000000000000, 0.000000000000000000, 1.000000000000000000 ) ) ;
#487 = CARTESIAN_POINT ( 'NONE',  ( -171.5777587890625000, 39.96781539916995030, 1.600000000000000089 ) ) ;
#488 = FACE_OUTER_BOUND ( 'NONE', #2449, .T. ) ;
#489 = DIRECTION ( 'NONE',  ( 0.000000000000000000, 0.000000000000000000, -1.000000000000000000 ) ) ;
#490 = EDGE_CURVE ( 'NONE', #2961, #769, #2361, .T. ) ;
#491 = CARTESIAN_POINT ( 'NONE',  ( -176.3679046630859943, 42.61893523821424878, 1.175000000000000044 ) ) ;
#492 = LINE ( 'NONE', #4343, #396 ) ;
#493 = DIRECTION ( 'NONE',  ( -1.000000000000000000, 0.000000000000000000, 0.000000000000000000 ) ) ;
#494 = EDGE_LOOP ( 'NONE', ( #3891, #442, #21, #3877 ) ) ;
#495 = FACE_BOUND ( 'NONE', #951, .T. ) ;
#496 = FILL_AREA_STYLE_COLOUR ( '', #4799 ) ;
#497 = EDGE_CURVE ( 'NONE', #4444, #78, #3909, .T. ) ;
#498 = CARTESIAN_POINT ( 'NONE',  ( -171.5117187500000000, 44.03197860717774859, 1.600000000000000089 ) ) ;
#499 = ORIENTED_EDGE ( 'NONE', *, *, #3014, .T. ) ;
#500 = ORIENTED_EDGE ( 'NONE', *, *, #2042, .F. ) ;
#501 = FILL_AREA_STYLE ('',( #4754 ) ) ;
#502 = ORIENTED_EDGE ( 'NONE', *, *, #3038, .T. ) ;
#503 = CARTESIAN_POINT ( 'NONE',  ( -164.6620376269629844, 33.60304960583769684, 1.000000000000000000 ) ) ;
#504 = DIRECTION ( 'NONE',  ( 0.000000000000000000, 0.000000000000000000, -1.000000000000000000 ) ) ;
#505 = CARTESIAN_POINT ( 'NONE',  ( -172.4527587890625000, 39.43781280517579546, 1.000000000000000000 ) ) ;
#506 = ORIENTED_EDGE ( 'NONE', *, *, #3627, .T. ) ;
#507 = EDGE_LOOP ( 'NONE', ( #4539, #506, #2935, #1746 ) ) ;
#508 = DIRECTION ( 'NONE',  ( 0.000000000000000000, 0.000000000000000000, 1.000000000000000000 ) ) ;
#509 =( LENGTH_UNIT ( ) NAMED_UNIT ( * ) SI_UNIT ( .MILLI., .METRE. ) );
#510 = ADVANCED_FACE ( 'NONE', ( #461 ), #83, .F. ) ;
#511 = SURFACE_STYLE_FILL_AREA ( #3539 ) ;
#512 = FACE_OUTER_BOUND ( 'NONE', #4907, .T. ) ;
#513 = CARTESIAN_POINT ( 'NONE',  ( -183.2956695556640057, 45.10740661621089487, 1.550000000000000044 ) ) ;
#514 = LINE ( 'NONE', #2038, #2736 ) ;
#515 = ORIENTED_EDGE ( 'NONE', *, *, #1667, .T. ) ;
#516 = CARTESIAN_POINT ( 'NONE',  ( 0.000000000000000000, 0.000000000000000000, 0.000000000000000000 ) ) ;
#517 = EDGE_CURVE ( 'NONE', #2972, #3548, #2109, .T. ) ;
#518 =( NAMED_UNIT ( * ) SI_UNIT ( $, .STERADIAN. ) SOLID_ANGLE_UNIT ( ) );
#519 = DIRECTION ( 'NONE',  ( 1.000000000000000000, 0.000000000000000000, 0.000000000000000000 ) ) ;
#520 = ORIENTED_EDGE ( 'NONE', *, *, #910, .F. ) ;
#521 = ORIENTED_EDGE ( 'NONE', *, *, #3230, .F. ) ;
#522 = EDGE_CURVE ( 'NONE', #2028, #2201, #194, .T. ) ;
#523 = ORIENTED_EDGE ( 'NONE', *, *, #2251, .F. ) ;
#524 = LINE ( 'NONE', #877, #3268 ) ;
#525 = FACE_OUTER_BOUND ( 'NONE', #4391, .T. ) ;
#526 = ORIENTED_EDGE ( 'NONE', *, *, #1005, .T. ) ;
#527 = DIRECTION ( 'NONE',  ( 1.000000000000000000, 0.000000000000000000, 0.000000000000000000 ) ) ;
#528 = ORIENTED_EDGE ( 'NONE', *, *, #1695, .F. ) ;
#529 = ORIENTED_EDGE ( 'NONE', *, *, #3261, .F. ) ;
#530 = LINE ( 'NONE', #1674, #1601 ) ;
#531 = PRESENTATION_STYLE_ASSIGNMENT (( #2778 ) ) ;
#532 = CIRCLE ( 'NONE', #3345, 0.5000011946110771710 ) ;
#533 = CARTESIAN_POINT ( 'NONE',  ( -183.2956695556640057, 45.10740661621089487, 1.000000000000000000 ) ) ;
#534 = VECTOR ( 'NONE', #2625, 1000.000000000000000 ) ;
#535 = PLANE ( 'NONE',  #3303 ) ;
#536 = CARTESIAN_POINT ( 'NONE',  ( -173.5736694335939774, 42.02197647094729405, 1.600000000000000089 ) ) ;
#537 = EDGE_CURVE ( 'NONE', #3340, #4314, #588, .T. ) ;
#538 = ORIENTED_EDGE ( 'NONE', *, *, #1786, .T. ) ;
#539 = DIRECTION ( 'NONE',  ( 0.000000000000000000, 0.000000000000000000, 1.000000000000000000 ) ) ;
#540 = VECTOR ( 'NONE', #2771, 1000.000000000000000 ) ;
#541 = MECHANICAL_DESIGN_GEOMETRIC_PRESENTATION_REPRESENTATION (  '', ( #4399 ), #1012 ) ;
#542 = FILL_AREA_STYLE_COLOUR ( '', #613 ) ;
#543 = DIRECTION ( 'NONE',  ( -0.000000000000000000, 1.000000000000000000, 0.000000000000000000 ) ) ;
#544 = ORIENTED_EDGE ( 'NONE', *, *, #2652, .F. ) ;
#546 = ADVANCED_FACE ( 'NONE', ( #3308 ), #1342, .F. ) ;
#545 = VECTOR ( 'NONE', #1146, 1000.000000000000000 ) ;
#547 = ORIENTED_EDGE ( 'NONE', *, *, #3862, .T. ) ;
#548 =( LENGTH_UNIT ( ) NAMED_UNIT ( * ) SI_UNIT ( .MILLI., .METRE. ) );
#549 = COLOUR_RGB ( '',0.7921568627450980005, 0.8196078431372548767, 0.9333333333333333481 ) ;
#550 = AXIS2_PLACEMENT_3D ( 'NONE', #1739, #2842, #1715 ) ;
#551 = DIRECTION ( 'NONE',  ( 0.000000000000000000, 0.000000000000000000, -1.000000000000000000 ) ) ;
#552 = ORIENTED_EDGE ( 'NONE', *, *, #3567, .T. ) ;
#553 = VECTOR ( 'NONE', #2510, 1000.000000000000000 ) ;
#554 = CARTESIAN_POINT ( 'NONE',  ( -171.5867309570315058, 43.50197601318360086, 1.500000000000000000 ) ) ;
#555 = DIRECTION ( 'NONE',  ( 0.000000000000000000, 0.000000000000000000, 1.000000000000000000 ) ) ;
#556 = ORIENTED_EDGE ( 'NONE', *, *, #2607, .T. ) ;
#557 = EDGE_CURVE ( 'NONE', #4021, #2391, #2459, .T. ) ;
#558 = PRESENTATION_LAYER_ASSIGNMENT (  '', '', ( #1774 ) ) ;
#559 = VECTOR ( 'NONE', #93, 1000.000000000000000 ) ;
#560 = ORIENTED_EDGE ( 'NONE', *, *, #333, .T. ) ;
#561 = MECHANICAL_DESIGN_GEOMETRIC_PRESENTATION_REPRESENTATION (  '', ( #3537 ), #4573 ) ;
#562 = CIRCLE ( 'NONE', #3049, 0.5000018548034224075 ) ;
#563 = EDGE_CURVE ( 'NONE', #4514, #4906, #800, .T. ) ;
#564 = ORIENTED_EDGE ( 'NONE', *, *, #4704, .T. ) ;
#565 = LINE ( 'NONE', #2831, #1839 ) ;
#566 = SURFACE_STYLE_FILL_AREA ( #4359 ) ;
#567 = VECTOR ( 'NONE', #750, 1000.000000000000000 ) ;
#568 = CARTESIAN_POINT ( 'NONE',  ( -160.9923264819234987, 41.08914510582660284, 0.000000000000000000 ) ) ;
#569 = DIRECTION ( 'NONE',  ( 0.000000000000000000, 0.000000000000000000, 1.000000000000000000 ) ) ;
#570 = ORIENTED_EDGE ( 'NONE', *, *, #1758, .T. ) ;
#571 = CARTESIAN_POINT ( 'NONE',  ( -174.4486694335940058, 43.50197601318360086, 1.000000000000000000 ) ) ;
#572 = DIRECTION ( 'NONE',  ( 0.000000000000000000, 0.000000000000000000, 1.000000000000000000 ) ) ;
#573 = DIRECTION ( 'NONE',  ( 0.000000000000000000, 0.000000000000000000, -1.000000000000000000 ) ) ;
#574 = LINE ( 'NONE', #919, #1592 ) ;
#575 = EDGE_LOOP ( 'NONE', ( #2529, #1212, #1949, #1354 ) ) ;
#576 = ORIENTED_EDGE ( 'NONE', *, *, #3799, .T. ) ;
#577 = DIRECTION ( 'NONE',  ( 1.000000000000000000, 0.000000000000000000, 0.000000000000000000 ) ) ;
#578 = ADVANCED_FACE ( 'NONE', ( #980 ), #4817, .T. ) ;
#579 = ORIENTED_EDGE ( 'NONE', *, *, #3899, .F. ) ;
#580 = FACE_OUTER_BOUND ( 'NONE', #575, .T. ) ;
#581 = EDGE_LOOP ( 'NONE', ( #3076, #1771, #2338, #107 ) ) ;
#582 = DIRECTION ( 'NONE',  ( 1.000000000000000000, 0.000000000000000000, 0.000000000000000000 ) ) ;
#583 = EDGE_CURVE ( 'NONE', #1559, #1626, #4049, .T. ) ;
#584 = ORIENTED_EDGE ( 'NONE', *, *, #2366, .F. ) ;
#585 = CARTESIAN_POINT ( 'NONE',  ( -173.6077270507814774, 39.96781539916995030, 1.000000000000000000 ) ) ;
#586 = EDGE_CURVE ( 'NONE', #4737, #15, #606, .T. ) ;
#587 = CARTESIAN_POINT ( 'NONE',  ( -183.5577850341794885, 44.16944503784180398, 3.409999999999999698 ) ) ;
#588 = LINE ( 'NONE', #3654, #3220 ) ;
#589 = CARTESIAN_POINT ( 'NONE',  ( -175.6939086914065058, 39.96781539916995030, 1.600000000000000089 ) ) ;
#590 = DIRECTION ( 'NONE',  ( 0.000000000000000000, 0.000000000000000000, 1.000000000000000000 ) ) ;
#591 = DIRECTION ( 'NONE',  ( 1.000000000000000000, 0.000000000000000000, 0.000000000000000000 ) ) ;
#592 = SURFACE_STYLE_FILL_AREA ( #3568 ) ;
#593 = FACE_OUTER_BOUND ( 'NONE', #494, .T. ) ;
#594 = EDGE_LOOP ( 'NONE', ( #556, #1109, #2752, #864 ) ) ;
#595 = ORIENTED_EDGE ( 'NONE', *, *, #3905, .T. ) ;
#596 = PLANE ( 'NONE',  #1266 ) ;
#597 = CARTESIAN_POINT ( 'NONE',  ( -177.4654083251955115, 43.94128417968750000, 3.409999999999999698 ) ) ;
#598 = CARTESIAN_POINT ( 'NONE',  ( -177.4654083251955115, 43.94128417968750000, 3.409999999999999698 ) ) ;
#599 = ORIENTED_EDGE ( 'NONE', *, *, #644, .F. ) ;
#600 = DIRECTION ( 'NONE',  ( -1.000000000000000000, 0.000000000000000000, 0.000000000000000000 ) ) ;
#601 = ADVANCED_FACE ( 'NONE', ( #4414 ), #535, .F. ) ;
#602 = VERTEX_POINT ( 'NONE', #2507 ) ;
#603 = LINE ( 'NONE', #2077, #470 ) ;
#604 = EDGE_CURVE ( 'NONE', #2593, #2475, #4032, .T. ) ;
#605 = FACE_OUTER_BOUND ( 'NONE', #299, .T. ) ;
#606 = LINE ( 'NONE', #3280, #4256 ) ;
#607 = ORIENTED_EDGE ( 'NONE', *, *, #1798, .F. ) ;
#610 = ADVANCED_FACE ( 'NONE', ( #3682 ), #2128, .F. ) ;
#609 = CARTESIAN_POINT ( 'NONE',  ( -192.1619873046875000, 48.03639984130860086, 0.000000000000000000 ) ) ;
#608 = VECTOR ( 'NONE', #1227, 1000.000000000000000 ) ;
#611 = ADVANCED_FACE ( 'NONE', ( #249 ), #3328, .T. ) ;
#612 = CARTESIAN_POINT ( 'NONE',  ( -173.6077270507814774, 38.45781326293945312, 1.000000000000000000 ) ) ;
#613 = COLOUR_RGB ( '',0.7921568627450980005, 0.8196078431372548767, 0.9333333333333333481 ) ;
#614 = PRESENTATION_STYLE_ASSIGNMENT (( #4035 ) ) ;
#615 = CARTESIAN_POINT ( 'NONE',  ( 0.000000000000000000, 0.000000000000000000, 1.000000000000000000 ) ) ;
#616 = VERTEX_POINT ( 'NONE', #3978 ) ;
#617 = EDGE_LOOP ( 'NONE', ( #2483, #43, #2688, #4279 ) ) ;
#618 = EDGE_CURVE ( 'NONE', #1835, #2569, #2081, .T. ) ;
#619 = AXIS2_PLACEMENT_3D ( 'NONE', #3325, #2994, #3724 ) ;
#620 = PLANE ( 'NONE',  #3361 ) ;
#621 = AXIS2_PLACEMENT_3D ( 'NONE', #4112, #2568, #646 ) ;
#622 = LINE ( 'NONE', #2190, #4556 ) ;
#623 = VECTOR ( 'NONE', #475, 1000.000000000000000 ) ;
#624 = ORIENTED_EDGE ( 'NONE', *, *, #3374, .T. ) ;
#625 = CARTESIAN_POINT ( 'NONE',  ( -175.6819458007815058, 42.27214431762695312, 1.175000000000000044 ) ) ;
#626 = CARTESIAN_POINT ( 'NONE',  ( -174.5236816406250000, 42.52197647094725141, 1.600000000000000089 ) ) ;
#627 = AXIS2_PLACEMENT_3D ( 'NONE', #4510, #1056, #1737 ) ;
#628 = ORIENTED_EDGE ( 'NONE', *, *, #51, .F. ) ;
#629 = VECTOR ( 'NONE', #1788, 1000.000000000000000 ) ;
#630 = DIRECTION ( 'NONE',  ( 0.000000000000000000, 1.000000000000000000, 0.000000000000000000 ) ) ;
#631 = DIRECTION ( 'NONE',  ( -1.000000000000000000, 0.000000000000000000, 0.000000000000000000 ) ) ;
#632 = AXIS2_PLACEMENT_3D ( 'NONE', #433, #3509, #1553 ) ;
#633 = EDGE_CURVE ( 'NONE', #4654, #4827, #1710, .T. ) ;
#634 = LINE ( 'NONE', #2177, #2078 ) ;
#635 = ORIENTED_EDGE ( 'NONE', *, *, #4175, .F. ) ;
#636 = COLOUR_RGB ( '',0.7921568627450980005, 0.8196078431372548767, 0.9333333333333333481 ) ;
#637 = DIRECTION ( 'NONE',  ( 0.000000000000000000, 0.000000000000000000, -1.000000000000000000 ) ) ;
#638 = EDGE_CURVE ( 'NONE', #1877, #2751, #4007, .T. ) ;
#639 = CARTESIAN_POINT ( 'NONE',  ( -173.6486816406250000, 43.50197601318360086, 1.500000000000000000 ) ) ;
#640 = FACE_BOUND ( 'NONE', #2870, .T. ) ;
#641 = DIRECTION ( 'NONE',  ( 0.000000000000000000, -1.000000000000000000, 0.000000000000000000 ) ) ;
#642 = ORIENTED_EDGE ( 'NONE', *, *, #3451, .T. ) ;
#643 = PRESENTATION_STYLE_ASSIGNMENT (( #3363 ) ) ;
#644 = EDGE_CURVE ( 'NONE', #4450, #2285, #345, .T. ) ;
#645 = DIRECTION ( 'NONE',  ( 0.000000000000000000, 0.000000000000000000, -1.000000000000000000 ) ) ;
#646 = DIRECTION ( 'NONE',  ( 0.000000000000000000, 1.000000000000000000, 0.000000000000000000 ) ) ;
#647 = ORIENTED_EDGE ( 'NONE', *, *, #4706, .F. ) ;
#648 = ORIENTED_EDGE ( 'NONE', *, *, #1562, .F. ) ;
#649 = CARTESIAN_POINT ( 'NONE',  ( -182.5956726074220171, 45.51155471801759944, 1.000000000000000000 ) ) ;
#650 = DIRECTION ( 'NONE',  ( 0.9999919387664796266, 0.004015271106317898873, 0.000000000000000000 ) ) ;
#651 = ORIENTED_EDGE ( 'NONE', *, *, #412, .F. ) ;
#652 = DIRECTION ( 'NONE',  ( 1.000000000000000000, 0.000000000000000000, 0.000000000000000000 ) ) ;
#653 = DIRECTION ( 'NONE',  ( 0.000000000000000000, 0.000000000000000000, -1.000000000000000000 ) ) ;
#654 = LINE ( 'NONE', #2199, #4633 ) ;
#655 = DIRECTION ( 'NONE',  ( 0.000000000000000000, -1.000000000000000000, 0.000000000000000000 ) ) ;
#656 = VERTEX_POINT ( 'NONE', #2951 ) ;
#657 = CARTESIAN_POINT ( 'NONE',  ( -172.5277709960939774, 37.95781326293945312, 1.600000000000000089 ) ) ;
#658 = ADVANCED_FACE ( 'NONE', ( #2653 ), #4936, .F. ) ;
#659 = DIRECTION ( 'NONE',  ( 0.000000000000000000, 0.000000000000000000, 1.000000000000000000 ) ) ;
#660 = DIRECTION ( 'NONE',  ( 0.000000000000000000, -1.000000000000000000, 0.000000000000000000 ) ) ;
#661 = ORIENTED_EDGE ( 'NONE', *, *, #3038, .F. ) ;
#662 = ORIENTED_EDGE ( 'NONE', *, *, #4027, .T. ) ;
#663 = DIRECTION ( 'NONE',  ( -0.7071245149390432694, -0.7070890469892903152, 0.000000000000000000 ) ) ;
#664 = ADVANCED_FACE ( 'NONE', ( #324 ), #3382, .F. ) ;
#665 = CARTESIAN_POINT ( 'NONE',  ( -172.5277709960939774, 37.95781326293945312, 1.000000000000000000 ) ) ;
#666 = DIRECTION ( 'NONE',  ( -1.000000000000000000, 0.000000000000000000, 0.000000000000000000 ) ) ;
#667 = EDGE_LOOP ( 'NONE', ( #3702, #4619, #4657, #730 ) ) ;
#668 = EDGE_LOOP ( 'NONE', ( #202, #2987, #2430, #419 ) ) ;
#669 = DIRECTION ( 'NONE',  ( 0.000000000000000000, 0.000000000000000000, -1.000000000000000000 ) ) ;
#670 = DIRECTION ( 'NONE',  ( 0.000000000000000000, 1.000000000000000000, 0.000000000000000000 ) ) ;
#671 = EDGE_CURVE ( 'NONE', #2135, #1463, #3420, .T. ) ;
#672 = VERTEX_POINT ( 'NONE', #3456 ) ;
#673 = DIRECTION ( 'NONE',  ( 0.000000000000000000, 0.000000000000000000, 1.000000000000000000 ) ) ;
#674 = DIRECTION ( 'NONE',  ( 1.000000000000000000, 0.000000000000000000, 0.000000000000000000 ) ) ;
#675 = LINE ( 'NONE', #2749, #3351 ) ;
#676 = EDGE_LOOP ( 'NONE', ( #3947, #4150, #4930, #4847 ) ) ;
#677 = CARTESIAN_POINT ( 'NONE',  ( -162.1446245850090122, 38.08140389644134416, 1.000000000000000000 ) ) ;
#678 = DIRECTION ( 'NONE',  ( 1.000000000000000000, 0.000000000000000000, 0.000000000000000000 ) ) ;
#679 = EDGE_CURVE ( 'NONE', #4978, #2116, #3053, .T. ) ;
#680 = FACE_BOUND ( 'NONE', #4326, .T. ) ;
#681 = DIRECTION ( 'NONE',  ( 0.000000000000000000, -1.000000000000000000, 0.000000000000000000 ) ) ;
#682 = ORIENTED_EDGE ( 'NONE', *, *, #3170, .F. ) ;
#683 = ORIENTED_EDGE ( 'NONE', *, *, #490, .T. ) ;
#684 =( NAMED_UNIT ( * ) SI_UNIT ( $, .STERADIAN. ) SOLID_ANGLE_UNIT ( ) );
#685 = PLANE ( 'NONE',  #3983 ) ;
#686 = VECTOR ( 'NONE', #817, 1000.000000000000000 ) ;
#687 = LINE ( 'NONE', #3769, #2723 ) ;
#688 = EDGE_CURVE ( 'NONE', #3469, #4721, #3019, .T. ) ;
#689 = PLANE ( 'NONE',  #3521 ) ;
#690 = EDGE_LOOP ( 'NONE', ( #624, #1077, #599, #1061 ) ) ;
#691 = VECTOR ( 'NONE', #4558, 1000.000000000000000 ) ;
#692 = EDGE_LOOP ( 'NONE', ( #3960, #4283, #4523, #900 ) ) ;
#693 = DIRECTION ( 'NONE',  ( 0.000000000000000000, 0.000000000000000000, 1.000000000000000000 ) ) ;
#694 = AXIS2_PLACEMENT_3D ( 'NONE', #716, #2262, #3788 ) ;
#695 =( GEOMETRIC_REPRESENTATION_CONTEXT ( 3 ) GLOBAL_UNCERTAINTY_ASSIGNED_CONTEXT ( ( #2576 ) ) GLOBAL_UNIT_ASSIGNED_CONTEXT ( ( #2413, #931, #3134 ) ) REPRESENTATION_CONTEXT ( 'NONE', 'WORKASPACE' ) );
#696 = ORIENTED_EDGE ( 'NONE', *, *, #262, .F. ) ;
#697 = EDGE_CURVE ( 'NONE', #973, #844, #1031, .T. ) ;
#698 = LINE ( 'NONE', #1441, #291 ) ;
#699 = FACE_OUTER_BOUND ( 'NONE', #1363, .T. ) ;
#700 = AXIS2_PLACEMENT_3D ( 'NONE', #2389, #2289, #469 ) ;
#701 = PRESENTATION_LAYER_ASSIGNMENT (  '', '', ( #1680 ) ) ;
#702 = VECTOR ( 'NONE', #4845, 1000.000000000000000 ) ;
#703 = ADVANCED_FACE ( 'NONE', ( #298 ), #2298, .F. ) ;
#704 = AXIS2_PLACEMENT_3D ( 'NONE', #79, #4045, #191 ) ;
#705 = DIRECTION ( 'NONE',  ( -1.000000000000000000, 0.000000000000000000, 0.000000000000000000 ) ) ;
#706 = AXIS2_PLACEMENT_3D ( 'NONE', #2555, #252, #2981 ) ;
#707 = ORIENTED_EDGE ( 'NONE', *, *, #4067, .F. ) ;
#708 = CARTESIAN_POINT ( 'NONE',  ( -189.3528714107160340, 40.20482929876415312, 1.000000000000000000 ) ) ;
#709 = ORIENTED_EDGE ( 'NONE', *, *, #2584, .T. ) ;
#710 = CARTESIAN_POINT ( 'NONE',  ( -175.8350059006889978, 42.27214431762695312, 1.175000000000000044 ) ) ;
#711 = VECTOR ( 'NONE', #830, 1000.000000000000000 ) ;
#712 = AXIS2_PLACEMENT_3D ( 'NONE', #4541, #212, #1796 ) ;
#713 = CARTESIAN_POINT ( 'NONE',  ( -173.6486816406250000, 42.55197906494139914, 1.500000000000000000 ) ) ;
#714 = CIRCLE ( 'NONE', #1368, 0.7499999939727386433 ) ;
#715 = CARTESIAN_POINT ( 'NONE',  ( -162.1180167485564994, 45.94234061952019488, 0.000000000000000000 ) ) ;
#716 = CARTESIAN_POINT ( 'NONE',  ( -176.6439208984375000, 39.46781539916995030, 1.600000000000000089 ) ) ;
#717 = EDGE_LOOP ( 'NONE', ( #2039, #4534, #628, #3499 ) ) ;
#718 = CARTESIAN_POINT ( 'NONE',  ( -174.5577392578125000, 39.46781539916995030, 1.600000000000000089 ) ) ;
#719 = CARTESIAN_POINT ( 'NONE',  ( -159.1619873046875000, 48.03639984130860086, 1.000000000000000000 ) ) ;
#720 = DIRECTION ( 'NONE',  ( 1.000000000000000000, 0.000000000000000000, 0.000000000000000000 ) ) ;
#721 = CARTESIAN_POINT ( 'NONE',  ( -176.3679046630859943, 42.61893523821424878, 1.175000000000000044 ) ) ;
#722 = ORIENTED_EDGE ( 'NONE', *, *, #1219, .F. ) ;
#723 = VERTEX_POINT ( 'NONE', #4176 ) ;
#724 = DIRECTION ( 'NONE',  ( -1.000000000000000000, 0.000000000000000000, 0.000000000000000000 ) ) ;
#725 = ADVANCED_FACE ( 'NONE', ( #3820 ), #1472, .F. ) ;
#726 = ORIENTED_EDGE ( 'NONE', *, *, #4844, .F. ) ;
#727 = DIRECTION ( 'NONE',  ( 0.000000000000000000, 1.000000000000000000, 0.000000000000000000 ) ) ;
#728 =( NAMED_UNIT ( * ) PLANE_ANGLE_UNIT ( ) SI_UNIT ( $, .RADIAN. ) );
#729 = EDGE_CURVE ( 'NONE', #3611, #2045, #2200, .T. ) ;
#730 = ORIENTED_EDGE ( 'NONE', *, *, #3962, .T. ) ;
#731 = CARTESIAN_POINT ( 'NONE',  ( -172.5277709960939774, 38.45781326293945312, 1.600000000000000089 ) ) ;
#732 = ORIENTED_EDGE ( 'NONE', *, *, #3225, .F. ) ;
#733 = DIRECTION ( 'NONE',  ( 1.000000000000000000, 0.000000000000000000, 0.000000000000000000 ) ) ;
#734 = EDGE_CURVE ( 'NONE', #2064, #4514, #3352, .T. ) ;
#735 = SURFACE_SIDE_STYLE ('',( #3786 ) ) ;
#736 = DIRECTION ( 'NONE',  ( 0.000000000000000000, 0.000000000000000000, 1.000000000000000000 ) ) ;
#737 = FILL_AREA_STYLE_COLOUR ( '', #2079 ) ;
#738 = PLANE ( 'NONE',  #1284 ) ;
#739 = ORIENTED_EDGE ( 'NONE', *, *, #4135, .F. ) ;
#740 = CARTESIAN_POINT ( 'NONE',  ( -159.1619873046875000, 32.03639984130860086, 0.000000000000000000 ) ) ;
#741 = CYLINDRICAL_SURFACE ( 'NONE', #3201, 0.7499994612809868233 ) ;
#742 = VERTEX_POINT ( 'NONE', #1447 ) ;
#743 = ORIENTED_EDGE ( 'NONE', *, *, #2856, .F. ) ;
#744 = ORIENTED_EDGE ( 'NONE', *, *, #2444, .F. ) ;
#745 = CARTESIAN_POINT ( 'NONE',  ( -188.4725043045765176, 36.60295841433605801, 1.000000000000000000 ) ) ;
#746 = LINE ( 'NONE', #2294, #792 ) ;
#747 = ORIENTED_EDGE ( 'NONE', *, *, #4043, .F. ) ;
#748 = EDGE_CURVE ( 'NONE', #3216, #3333, #4088, .T. ) ;
#749 = ORIENTED_EDGE ( 'NONE', *, *, #4604, .T. ) ;
#750 = DIRECTION ( 'NONE',  ( 0.000000000000000000, 0.000000000000000000, -1.000000000000000000 ) ) ;
#751 = SURFACE_STYLE_FILL_AREA ( #1211 ) ;
#752 = VERTEX_POINT ( 'NONE', #2434 ) ;
#753 = DIRECTION ( 'NONE',  ( -1.000000000000000000, 0.000000000000000000, 0.000000000000000000 ) ) ;
#754 = ADVANCED_FACE ( 'NONE', ( #4683 ), #1596, .T. ) ;
#755 = FACE_OUTER_BOUND ( 'NONE', #2748, .T. ) ;
#756 = ADVANCED_FACE ( 'NONE', ( #3933 ), #1627, .F. ) ;
#757 = CARTESIAN_POINT ( 'NONE',  ( -190.8528703332779912, 40.20482929876415312, 1.000000000000000000 ) ) ;
#758 = EDGE_LOOP ( 'NONE', ( #2802, #4212, #3661, #2919 ) ) ;
#759 = DIRECTION ( 'NONE',  ( -0.8660249427413257983, 0.5000007985492457285, 0.000000000000000000 ) ) ;
#760 = DIRECTION ( 'NONE',  ( 0.000000000000000000, 0.000000000000000000, 1.000000000000000000 ) ) ;
#761 = DIRECTION ( 'NONE',  ( -0.000000000000000000, 1.000000000000000000, 0.000000000000000000 ) ) ;
#762 = EDGE_CURVE ( 'NONE', #1312, #4384, #2974, .T. ) ;
#763 = LINE ( 'NONE', #1944, #545 ) ;
#764 = ORIENTED_EDGE ( 'NONE', *, *, #1038, .T. ) ;
#765 = EDGE_LOOP ( 'NONE', ( #1279, #2980, #71, #1314 ) ) ;
#766 = CARTESIAN_POINT ( 'NONE',  ( -190.8528747558635246, 35.11380527195875345, 1.000000000000000000 ) ) ;
#767 = DIRECTION ( 'NONE',  ( 0.000000000000000000, -1.000000000000000000, 0.000000000000000000 ) ) ;
#768 = PLANE ( 'NONE',  #1372 ) ;
#769 = VERTEX_POINT ( 'NONE', #1233 ) ;
#770 = MECHANICAL_DESIGN_GEOMETRIC_PRESENTATION_REPRESENTATION (  '', ( #932 ), #4393 ) ;
#771 = FACE_OUTER_BOUND ( 'NONE', #2141, .T. ) ;
#772 = CIRCLE ( 'NONE', #619, 0.6749994285282778783 ) ;
#773 = ORIENTED_EDGE ( 'NONE', *, *, #4543, .F. ) ;
#774 = CIRCLE ( 'NONE', #1101, 1.000002156947066290 ) ;
#775 = ORIENTED_EDGE ( 'NONE', *, *, #3204, .F. ) ;
#776 = DIRECTION ( 'NONE',  ( 0.000000000000000000, 0.000000000000000000, 1.000000000000000000 ) ) ;
#777 =( GEOMETRIC_REPRESENTATION_CONTEXT ( 3 ) GLOBAL_UNCERTAINTY_ASSIGNED_CONTEXT ( ( #2030 ) ) GLOBAL_UNIT_ASSIGNED_CONTEXT ( ( #1791, #2739, #4185 ) ) REPRESENTATION_CONTEXT ( 'NONE', 'WORKASPACE' ) );
#778 = ORIENTED_EDGE ( 'NONE', *, *, #4939, .F. ) ;
#779 = FACE_OUTER_BOUND ( 'NONE', #3472, .T. ) ;
#781 = ADVANCED_FACE ( 'NONE', ( #4221 ), #2777, .F. ) ;
#780 = CIRCLE ( 'NONE', #869, 0.1962897505184135749 ) ;
#782 = CIRCLE ( 'NONE', #1437, 0.7500014039276969857 ) ;
#783 = PLANE ( 'NONE',  #3348 ) ;
#784 = DIRECTION ( 'NONE',  ( 1.000000000000000000, 0.000000000000000000, 0.000000000000000000 ) ) ;
#785 = CARTESIAN_POINT ( 'NONE',  ( -175.6939086914065058, 37.95781326293945312, 1.600000000000000089 ) ) ;
#786 = DIRECTION ( 'NONE',  ( 0.000000000000000000, 0.000000000000000000, 1.000000000000000000 ) ) ;
#787 = MECHANICAL_DESIGN_GEOMETRIC_PRESENTATION_REPRESENTATION (  '', ( #2326 ), #381 ) ;
#788 = ORIENTED_EDGE ( 'NONE', *, *, #563, .T. ) ;
#789 = CIRCLE ( 'NONE', #1027, 0.6749996435091443203 ) ;
#790 = DIRECTION ( 'NONE',  ( 1.000000000000000000, 0.000000000000000000, 0.000000000000000000 ) ) ;
#791 = EDGE_CURVE ( 'NONE', #1352, #1559, #4336, .T. ) ;
#792 = VECTOR ( 'NONE', #365, 1000.000000000000000 ) ;
#793 = DIRECTION ( 'NONE',  ( 0.000000000000000000, 0.000000000000000000, 1.000000000000000000 ) ) ;
#794 = VECTOR ( 'NONE', #1270, 1000.000000000000000 ) ;
#795 = CARTESIAN_POINT ( 'NONE',  ( -173.6827392578125000, 39.43781280517579546, 1.500000000000000000 ) ) ;
#796 = EDGE_LOOP ( 'NONE', ( #346, #2136, #4357, #1387 ) ) ;
#797 = ORIENTED_EDGE ( 'NONE', *, *, #971, .T. ) ;
#798 = CARTESIAN_POINT ( 'NONE',  ( -189.3528714107160340, 40.20482929876415312, 1.000000000000000000 ) ) ;
#799 = CARTESIAN_POINT ( 'NONE',  ( -190.8528711494080028, 45.12199774108519534, 1.000000000000000000 ) ) ;
#800 = CIRCLE ( 'NONE', #1453, 0.7499994612809868233 ) ;
#801 = ADVANCED_FACE ( 'NONE', ( #3579 ), #3095, .F. ) ;
#802 = EDGE_LOOP ( 'NONE', ( #2013, #3455, #1334, #942 ) ) ;
#803 = CARTESIAN_POINT ( 'NONE',  ( -172.4617309570314774, 42.52197647094725141, 1.600000000000000089 ) ) ;
#804 = CARTESIAN_POINT ( 'NONE',  ( -183.2956695556640057, 45.10740661621089487, 1.550000000000000044 ) ) ;
#805 = ORIENTED_EDGE ( 'NONE', *, *, #3405, .F. ) ;
#806 = ORIENTED_EDGE ( 'NONE', *, *, #2187, .T. ) ;
#807 = CARTESIAN_POINT ( 'NONE',  ( -190.1028711554349684, 45.12199774108519534, 0.000000000000000000 ) ) ;
#808 = DIRECTION ( 'NONE',  ( 0.000000000000000000, 0.000000000000000000, 1.000000000000000000 ) ) ;
#809 = ORIENTED_EDGE ( 'NONE', *, *, #4268, .T. ) ;
#810 = DIRECTION ( 'NONE',  ( 0.000000000000000000, 1.000000000000000000, 0.000000000000000000 ) ) ;
#811 = DIRECTION ( 'NONE',  ( 0.000000000000000000, 0.000000000000000000, -1.000000000000000000 ) ) ;
#812 = CARTESIAN_POINT ( 'NONE',  ( -170.8179168701169885, 42.99311828613279829, 5.007799999999999585 ) ) ;
#813 = DIRECTION ( 'NONE',  ( 0.000000000000000000, 1.000000000000000000, 0.000000000000000000 ) ) ;
#814 = CARTESIAN_POINT ( 'NONE',  ( -171.5117187500000000, 42.52197647094725141, 1.600000000000000089 ) ) ;
#815 = ORIENTED_EDGE ( 'NONE', *, *, #688, .T. ) ;
#816 = PLANE ( 'NONE',  #3677 ) ;
#817 = DIRECTION ( 'NONE',  ( 0.000000000000000000, 1.000000000000000000, 0.000000000000000000 ) ) ;
#818 = CARTESIAN_POINT ( 'NONE',  ( -173.5736694335939774, 42.52197647094725141, 1.600000000000000089 ) ) ;
#819 = ORIENTED_EDGE ( 'NONE', *, *, #1604, .T. ) ;
#820 = ADVANCED_FACE ( 'NONE', ( #3854 ), #402, .F. ) ;
#821 = ORIENTED_EDGE ( 'NONE', *, *, #1057, .T. ) ;
#822 = CARTESIAN_POINT ( 'NONE',  ( -162.8196240881989922, 41.58481729878619859, 1.000000000000000000 ) ) ;
#823 = ORIENTED_EDGE ( 'NONE', *, *, #395, .T. ) ;
#824 = CARTESIAN_POINT ( 'NONE',  ( -171.5777587890625000, 39.96781539916995030, 1.600000000000000089 ) ) ;
#825 = ADVANCED_FACE ( 'NONE', ( #4281 ), #3075, .F. ) ;
#826 = EDGE_CURVE ( 'NONE', #3203, #4095, #4258, .T. ) ;
#827 = ORIENTED_EDGE ( 'NONE', *, *, #2765, .F. ) ;
#828 = VERTEX_POINT ( 'NONE', #101 ) ;
#829 = CARTESIAN_POINT ( 'NONE',  ( -175.6819458007815058, 43.89500045776365056, 1.175000000000000044 ) ) ;
#830 = DIRECTION ( 'NONE',  ( 0.000000000000000000, 0.000000000000000000, -1.000000000000000000 ) ) ;
#831 = DIRECTION ( 'NONE',  ( -1.000000000000000000, 0.000000000000000000, 0.000000000000000000 ) ) ;
#832 = DIRECTION ( 'NONE',  ( 0.000000000000000000, -1.000000000000000000, 0.000000000000000000 ) ) ;
#833 = CARTESIAN_POINT ( 'NONE',  ( -175.6619873046875000, 34.87976136882910083, 2.620787278914795237 ) ) ;
#834 = CARTESIAN_POINT ( 'NONE',  ( -183.2956695556640057, 45.10740661621089487, 1.550000000000000044 ) ) ;
#835 = CARTESIAN_POINT ( 'NONE',  ( -161.1180114746095171, 33.90877213949594449, 0.000000000000000000 ) ) ;
#836 = VERTEX_POINT ( 'NONE', #1647 ) ;
#837 = CARTESIAN_POINT ( 'NONE',  ( -176.0271116182134961, 42.23183229146774664, 1.000000000000000000 ) ) ;
#838 = CARTESIAN_POINT ( 'NONE',  ( -162.1446245850090122, 38.08140389644134416, 0.000000000000000000 ) ) ;
#839 = DIRECTION ( 'NONE',  ( -1.000000000000000000, 0.000000000000000000, 0.000000000000000000 ) ) ;
#840 = VERTEX_POINT ( 'NONE', #1568 ) ;
#841 = ORIENTED_EDGE ( 'NONE', *, *, #3106, .T. ) ;
#842 = CARTESIAN_POINT ( 'NONE',  ( -190.1028733519355001, 35.11380527195875345, 0.000000000000000000 ) ) ;
#843 = ADVANCED_FACE ( 'NONE', ( #4628 ), #2753, .F. ) ;
#844 = VERTEX_POINT ( 'NONE', #829 ) ;
#845 = CARTESIAN_POINT ( 'NONE',  ( -174.5577392578125000, 39.46781539916995030, 1.000000000000000000 ) ) ;
#846 = CARTESIAN_POINT ( 'NONE',  ( -176.6439208984375000, 39.96781539916995030, 1.000000000000000000 ) ) ;
#847 = FILL_AREA_STYLE_COLOUR ( '', #636 ) ;
#849 = EDGE_CURVE ( 'NONE', #317, #3334, #65, .T. ) ;
#848 = AXIS2_PLACEMENT_3D ( 'NONE', #2707, #790, #4209 ) ;
#850 = ORIENTED_EDGE ( 'NONE', *, *, #2212, .F. ) ;
#851 = ORIENTED_EDGE ( 'NONE', *, *, #4536, .T. ) ;
#852 = UNCERTAINTY_MEASURE_WITH_UNIT (LENGTH_MEASURE( 1.000000000000000082E-05 ), #2229, 'distance_accuracy_value', 'NONE');
#853 = CARTESIAN_POINT ( 'NONE',  ( -172.5277709960939774, 39.96781539916995030, 1.600000000000000089 ) ) ;
#854 =( NAMED_UNIT ( * ) PLANE_ANGLE_UNIT ( ) SI_UNIT ( $, .RADIAN. ) );
#856 = PLANE ( 'NONE',  #2649 ) ;
#855 = VECTOR ( 'NONE', #940, 1000.000000000000000 ) ;
#857 = ADVANCED_FACE ( 'NONE', ( #427 ), #1976, .F. ) ;
#858 = VECTOR ( 'NONE', #489, 1000.000000000000000 ) ;
#859 = PLANE ( 'NONE',  #3031 ) ;
#860 = AXIS2_PLACEMENT_3D ( 'NONE', #1143, #1163, #3082 ) ;
#861 = DIRECTION ( 'NONE',  ( -0.000000000000000000, 1.000000000000000000, 0.000000000000000000 ) ) ;
#862 = PLANE ( 'NONE',  #3377 ) ;
#863 = CARTESIAN_POINT ( 'NONE',  ( -161.1180114746095171, 33.90877213949594449, 1.000000000000000000 ) ) ;
#864 = ORIENTED_EDGE ( 'NONE', *, *, #1152, .T. ) ;
#865 = DIRECTION ( 'NONE',  ( -0.7070890469892472385, -0.7071245149390862350, 0.000000000000000000 ) ) ;
#866 = VECTOR ( 'NONE', #1794, 1000.000000000000000 ) ;
#867 = VECTOR ( 'NONE', #4791, 1000.000000000000000 ) ;
#868 = FILL_AREA_STYLE ('',( #542 ) ) ;
#869 = AXIS2_PLACEMENT_3D ( 'NONE', #2819, #4369, #3587 ) ;
#870 = CARTESIAN_POINT ( 'NONE',  ( -189.3528711614624740, 45.12199774108519534, 1.000000000000000000 ) ) ;
#871 = CIRCLE ( 'NONE', #2165, 0.7500014039276969857 ) ;
#872 = ORIENTED_EDGE ( 'NONE', *, *, #1130, .T. ) ;
#873 = ORIENTED_EDGE ( 'NONE', *, *, #320, .F. ) ;
#874 = CARTESIAN_POINT ( 'NONE',  ( -176.4022369384765057, 43.54022216796875000, 1.500000000000000000 ) ) ;
#875 = CLOSED_SHELL ( 'NONE', ( #1545, #610, #4305, #2522, #4601, #4511, #3385, #2602 ) ) ;
#876 = VERTEX_POINT ( 'NONE', #2379 ) ;
#877 = CARTESIAN_POINT ( 'NONE',  ( -173.6077270507814774, 38.45781326293945312, 1.600000000000000089 ) ) ;
#878 = CARTESIAN_POINT ( 'NONE',  ( -176.6439208984375000, 37.95781326293945312, 1.600000000000000089 ) ) ;
#879 = MECHANICAL_DESIGN_GEOMETRIC_PRESENTATION_REPRESENTATION (  '', ( #955 ), #73 ) ;
#880 = PRESENTATION_STYLE_ASSIGNMENT (( #4731 ) ) ;
#881 = VECTOR ( 'NONE', #4508, 1000.000000000000000 ) ;
#882 = ADVANCED_FACE ( 'NONE', ( #3902 ), #450, .F. ) ;
#883 = ORIENTED_EDGE ( 'NONE', *, *, #3225, .T. ) ;
#884 = AXIS2_PLACEMENT_3D ( 'NONE', #807, #2355, #3879 ) ;
#885 = ORIENTED_EDGE ( 'NONE', *, *, #2217, .F. ) ;
#886 = DIRECTION ( 'NONE',  ( 1.000000000000000000, 0.000000000000000000, 0.000000000000000000 ) ) ;
#887 = CARTESIAN_POINT ( 'NONE',  ( -176.3679046630859943, 42.61893523821424878, 1.175000000000000044 ) ) ;
#889 = EDGE_CURVE ( 'NONE', #1292, #2124, #3764, .T. ) ;
#888 = CARTESIAN_POINT ( 'NONE',  ( -160.9923261950864912, 38.64326855405789729, 0.000000000000000000 ) ) ;
#890 = SURFACE_STYLE_FILL_AREA ( #1318 ) ;
#891 = CARTESIAN_POINT ( 'NONE',  ( -176.6439208984375000, 37.95781326293945312, 1.600000000000000089 ) ) ;
#892 = DIRECTION ( 'NONE',  ( 0.000000000000000000, 1.000000000000000000, 0.000000000000000000 ) ) ;
#893 = CARTESIAN_POINT ( 'NONE',  ( -192.1619873046875000, 32.03639984130860086, 1.000000000000000000 ) ) ;
#894 = ORIENTED_EDGE ( 'NONE', *, *, #3780, .T. ) ;
#895 = EDGE_CURVE ( 'NONE', #3498, #4219, #530, .T. ) ;
#896 = FACE_OUTER_BOUND ( 'NONE', #4630, .T. ) ;
#897 = APPLICATION_CONTEXT ( 'automotive_design' ) ;
#898 = DIRECTION ( 'NONE',  ( 1.000000000000000000, 0.000000000000000000, 0.000000000000000000 ) ) ;
#899 = PLANE ( 'NONE',  #3837 ) ;
#900 = ORIENTED_EDGE ( 'NONE', *, *, #3250, .F. ) ;
#901 = ORIENTED_EDGE ( 'NONE', *, *, #2126, .T. ) ;
#902 = ORIENTED_EDGE ( 'NONE', *, *, #4911, .F. ) ;
#903 = CARTESIAN_POINT ( 'NONE',  ( -183.5577850341794885, 44.16944503784180398, 3.409999999999999698 ) ) ;
#904 = LINE ( 'NONE', #186, #465 ) ;
#905 = ORIENTED_EDGE ( 'NONE', *, *, #2072, .T. ) ;
#906 = ORIENTED_EDGE ( 'NONE', *, *, #4536, .F. ) ;
#907 = ORIENTED_EDGE ( 'NONE', *, *, #1057, .F. ) ;
#908 = DIRECTION ( 'NONE',  ( 1.000000000000000000, 0.000000000000000000, 0.000000000000000000 ) ) ;
#909 = DIRECTION ( 'NONE',  ( 0.000000000000000000, 0.000000000000000000, -1.000000000000000000 ) ) ;
#910 = EDGE_CURVE ( 'NONE', #3005, #4492, #4380, .T. ) ;
#911 = DIRECTION ( 'NONE',  ( -0.8660228991410958699, -0.5000043381444320145, 0.000000000000000000 ) ) ;
#912 = DIRECTION ( 'NONE',  ( 1.000000000000000000, 0.000000000000000000, 0.000000000000000000 ) ) ;
#913 = CARTESIAN_POINT ( 'NONE',  ( -176.6439208984375000, 38.45781326293945312, 1.000000000000000000 ) ) ;
#914 = EDGE_LOOP ( 'NONE', ( #1663, #2520, #3588, #3911 ) ) ;
#915 = CARTESIAN_POINT ( 'NONE',  ( -177.9556732177734943, 44.16978185416449776, 1.550000000000000044 ) ) ;
#916 = EDGE_CURVE ( 'NONE', #4776, #2694, #3605, .T. ) ;
#917 = EDGE_CURVE ( 'NONE', #4113, #78, #1747, .T. ) ;
#918 = DIRECTION ( 'NONE',  ( 0.000000000000000000, 1.000000000000000000, 0.000000000000000000 ) ) ;
#919 = CARTESIAN_POINT ( 'NONE',  ( -176.5689086914064774, 39.43781280517579546, 1.000000000000000000 ) ) ;
#920 = ORIENTED_EDGE ( 'NONE', *, *, #3493, .F. ) ;
#921 = ORIENTED_EDGE ( 'NONE', *, *, #1152, .F. ) ;
#922 = ADVANCED_FACE ( 'NONE', ( #2854 ), #3975, .F. ) ;
#923 = CARTESIAN_POINT ( 'NONE',  ( -176.3679046630859943, 42.27214431762695312, 1.175000000000000044 ) ) ;
#924 = DIRECTION ( 'NONE',  ( 0.000000000000000000, 1.000000000000000000, 0.000000000000000000 ) ) ;
#925 = ORIENTED_EDGE ( 'NONE', *, *, #2286, .F. ) ;
#926 =( NAMED_UNIT ( * ) PLANE_ANGLE_UNIT ( ) SI_UNIT ( $, .RADIAN. ) );
#927 = ORIENTED_EDGE ( 'NONE', *, *, #3093, .F. ) ;
#928 = ORIENTED_EDGE ( 'NONE', *, *, #4493, .T. ) ;
#929 = DIRECTION ( 'NONE',  ( -1.000000000000000000, 0.000000000000000000, 0.000000000000000000 ) ) ;
#930 = AXIS2_PLACEMENT_3D ( 'NONE', #3108, #793, #720 ) ;
#931 =( NAMED_UNIT ( * ) PLANE_ANGLE_UNIT ( ) SI_UNIT ( $, .RADIAN. ) );
#932 = STYLED_ITEM ( 'NONE', ( #1832 ), #2925 ) ;
#933 = DIRECTION ( 'NONE',  ( -0.000000000000000000, 1.000000000000000000, 0.000000000000000000 ) ) ;
#934 = VERTEX_POINT ( 'NONE', #2877 ) ;
#935 = DIRECTION ( 'NONE',  ( 1.000000000000000000, 0.000000000000000000, 0.000000000000000000 ) ) ;
#936 = DIRECTION ( 'NONE',  ( -1.000000000000000000, 0.000000000000000000, 0.000000000000000000 ) ) ;
#937 = EDGE_CURVE ( 'NONE', #1154, #4444, #603, .T. ) ;
#938 = AXIS2_PLACEMENT_3D ( 'NONE', #1446, #4816, #4031 ) ;
#939 = AXIS2_PLACEMENT_3D ( 'NONE', #1706, #4455, #957 ) ;
#940 = DIRECTION ( 'NONE',  ( 0.000000000000000000, 1.000000000000000000, 0.000000000000000000 ) ) ;
#941 = CARTESIAN_POINT ( 'NONE',  ( -172.3867187500000000, 42.55197906494139914, 1.500000000000000000 ) ) ;
#942 = ORIENTED_EDGE ( 'NONE', *, *, #1562, .T. ) ;
#943 = VECTOR ( 'NONE', #3576, 1000.000000000000000 ) ;
#944 = EDGE_LOOP ( 'NONE', ( #3887, #92, #925, #1200 ) ) ;
#945 = CARTESIAN_POINT ( 'NONE',  ( -160.1180185741539788, 45.94234061952019488, 1.000000000000000000 ) ) ;
#946 = EDGE_CURVE ( 'NONE', #4592, #1154, #1317, .T. ) ;
#947 = AXIS2_PLACEMENT_3D ( 'NONE', #2701, #350, #4559 ) ;
#948 = EDGE_LOOP ( 'NONE', ( #1763, #773, #2278, #1322 ) ) ;
#949 = VECTOR ( 'NONE', #1861, 1000.000000000000000 ) ;
#950 = DIRECTION ( 'NONE',  ( 0.000000000000000000, 0.000000000000000000, -1.000000000000000000 ) ) ;
#951 = EDGE_LOOP ( 'NONE', ( #3070, #3315 ) ) ;
#952 = ADVANCED_FACE ( 'NONE', ( #2524 ), #977, .F. ) ;
#953 = AXIS2_PLACEMENT_3D ( 'NONE', #2714, #68, #3147 ) ;
#954 = EDGE_LOOP ( 'NONE', ( #851, #788 ) ) ;
#955 = STYLED_ITEM ( 'NONE', ( #3876 ), #4711 ) ;
#956 = CLOSED_SHELL ( 'NONE', ( #2034, #3875, #2590, #4664, #998, #2897 ) ) ;
#957 = DIRECTION ( 'NONE',  ( 1.000000000000000000, 0.000000000000000000, 0.000000000000000000 ) ) ;
#958 = SURFACE_SIDE_STYLE ('',( #566 ) ) ;
#959 = AXIS2_PLACEMENT_3D ( 'NONE', #2222, #2, #3402 ) ;
#960 = DIRECTION ( 'NONE',  ( 0.000000000000000000, 0.000000000000000000, -1.000000000000000000 ) ) ;
#961 = CARTESIAN_POINT ( 'NONE',  ( -176.4022369384765057, 43.54022216796875000, 1.500000000000000000 ) ) ;
#962 = LINE ( 'NONE', #2858, #3375 ) ;
#963 = DIRECTION ( 'NONE',  ( 0.000000000000000000, 0.000000000000000000, -1.000000000000000000 ) ) ;
#964 = DIRECTION ( 'NONE',  ( -1.000000000000000000, 0.000000000000000000, 0.000000000000000000 ) ) ;
#965 = DIRECTION ( 'NONE',  ( -1.000000000000000000, 0.000000000000000000, 0.000000000000000000 ) ) ;
#966 = EDGE_LOOP ( 'NONE', ( #4540, #2368, #2092, #2712 ) ) ;
#967 = ORIENTED_EDGE ( 'NONE', *, *, #3696, .F. ) ;
#968 = DIRECTION ( 'NONE',  ( 0.000000000000000000, 0.000000000000000000, -1.000000000000000000 ) ) ;
#969 = LINE ( 'NONE', #2517, #1503 ) ;
#970 = ORIENTED_EDGE ( 'NONE', *, *, #2132, .F. ) ;
#971 = EDGE_CURVE ( 'NONE', #3304, #4654, #2924, .T. ) ;
#972 = CARTESIAN_POINT ( 'NONE',  ( -174.5236816406250000, 44.03197860717774859, 1.600000000000000089 ) ) ;
#973 = VERTEX_POINT ( 'NONE', #4837 ) ;
#974 = DIRECTION ( 'NONE',  ( 0.000000000000000000, 0.000000000000000000, 1.000000000000000000 ) ) ;
#975 = EDGE_LOOP ( 'NONE', ( #2300, #1591, #1293, #3901 ) ) ;
#976 = EDGE_CURVE ( 'NONE', #1873, #2615, #3631, .T. ) ;
#977 = PLANE ( 'NONE',  #4882 ) ;
#978 = LINE ( 'NONE', #3379, #2332 ) ;
#979 = CARTESIAN_POINT ( 'NONE',  ( -171.5777587890625000, 39.96781539916995030, 1.000000000000000000 ) ) ;
#980 = FACE_OUTER_BOUND ( 'NONE', #1335, .T. ) ;
#981 = ORIENTED_EDGE ( 'NONE', *, *, #4979, .F. ) ;
#982 = LINE ( 'NONE', #2886, #66 ) ;
#983 = SURFACE_STYLE_FILL_AREA ( #253 ) ;
#984 = DIRECTION ( 'NONE',  ( 0.000000000000000000, 0.000000000000000000, -1.000000000000000000 ) ) ;
#985 = FACE_OUTER_BOUND ( 'NONE', #2196, .T. ) ;
#986 = ORIENTED_EDGE ( 'NONE', *, *, #729, .F. ) ;
#987 = SURFACE_STYLE_USAGE ( .BOTH. , #4445 ) ;
#988 = DIRECTION ( 'NONE',  ( -1.000000000000000000, 0.000000000000000000, 0.000000000000000000 ) ) ;
#989 = DIRECTION ( 'NONE',  ( -0.000000000000000000, 1.000000000000000000, 0.000000000000000000 ) ) ;
#990 = CARTESIAN_POINT ( 'NONE',  ( -173.6077270507814774, 37.95781326293945312, 1.600000000000000089 ) ) ;
#991 = ORIENTED_EDGE ( 'NONE', *, *, #3122, .F. ) ;
#992 = PLANE ( 'NONE',  #712 ) ;
#993 = PLANE ( 'NONE',  #4419 ) ;
#994 = EDGE_CURVE ( 'NONE', #1017, #3383, #565, .T. ) ;
#995 = ORIENTED_EDGE ( 'NONE', *, *, #2431, .F. ) ;
#996 = CARTESIAN_POINT ( 'NONE',  ( -172.5277709960939774, 39.96781539916995030, 1.000000000000000000 ) ) ;
#997 = DIRECTION ( 'NONE',  ( 0.000000000000000000, 0.000000000000000000, 1.000000000000000000 ) ) ;
#998 = ADVANCED_FACE ( 'NONE', ( #4029 ), #2107, .F. ) ;
#999 = DIRECTION ( 'NONE',  ( 1.000000000000000000, 0.000000000000000000, 0.000000000000000000 ) ) ;
#1000 = DIRECTION ( 'NONE',  ( 0.000000000000000000, 0.000000000000000000, -1.000000000000000000 ) ) ;
#1001 = ORIENTED_EDGE ( 'NONE', *, *, #3775, .T. ) ;
#1003 = FACE_OUTER_BOUND ( 'NONE', #1761, .T. ) ;
#1002 = AXIS2_PLACEMENT_3D ( 'NONE', #4554, #1110, #4179 ) ;
#1004 = DIRECTION ( 'NONE',  ( -1.000000000000000000, 0.000000000000000000, 0.000000000000000000 ) ) ;
#1005 = EDGE_CURVE ( 'NONE', #2751, #2223, #2905, .T. ) ;
#1006 = MECHANICAL_DESIGN_GEOMETRIC_PRESENTATION_REPRESENTATION (  '', ( #2947 ), #1831 ) ;
#1007 = FACE_OUTER_BOUND ( 'NONE', #4519, .T. ) ;
#1008 = FACE_BOUND ( 'NONE', #1904, .T. ) ;
#1009 = DIRECTION ( 'NONE',  ( 0.000000000000000000, 0.000000000000000000, -1.000000000000000000 ) ) ;
#1010 = ORIENTED_EDGE ( 'NONE', *, *, #826, .T. ) ;
#1011 = CARTESIAN_POINT ( 'NONE',  ( -172.4617309570314774, 42.52197647094725141, 1.000000000000000000 ) ) ;
#1012 =( GEOMETRIC_REPRESENTATION_CONTEXT ( 3 ) GLOBAL_UNCERTAINTY_ASSIGNED_CONTEXT ( ( #852 ) ) GLOBAL_UNIT_ASSIGNED_CONTEXT ( ( #2229, #4231, #3359 ) ) REPRESENTATION_CONTEXT ( 'NONE', 'WORKASPACE' ) );
#1013 = DIRECTION ( 'NONE',  ( 0.000000000000000000, 0.000000000000000000, 1.000000000000000000 ) ) ;
#1014 = VECTOR ( 'NONE', #4597, 1000.000000000000000 ) ;
#1015 = DIRECTION ( 'NONE',  ( 1.000000000000000000, 0.000000000000000000, 0.000000000000000000 ) ) ;
#1016 = ORIENTED_EDGE ( 'NONE', *, *, #971, .F. ) ;
#1017 = VERTEX_POINT ( 'NONE', #585 ) ;
#1018 = CYLINDRICAL_SURFACE ( 'NONE', #3043, 0.6749996435091443203 ) ;
#1019 = DIRECTION ( 'NONE',  ( 0.000000000000000000, 1.000000000000000000, 0.000000000000000000 ) ) ;
#1020 = CIRCLE ( 'NONE', #550, 0.7942159429951758387 ) ;
#1021 = CIRCLE ( 'NONE', #4481, 1.000002156947066290 ) ;
#1022 = ORIENTED_EDGE ( 'NONE', *, *, #238, .T. ) ;
#1024 = EDGE_CURVE ( 'NONE', #4677, #2021, #4738, .T. ) ;
#1023 = AXIS2_PLACEMENT_3D ( 'NONE', #4467, #1013, #207 ) ;
#1025 = CARTESIAN_POINT ( 'NONE',  ( -162.1446245850090122, 38.08140389644134416, 0.000000000000000000 ) ) ;
#1026 = CARTESIAN_POINT ( 'NONE',  ( -173.6077270507814774, 39.96781539916995030, 1.000000000000000000 ) ) ;
#1027 = AXIS2_PLACEMENT_3D ( 'NONE', #677, #590, #3330 ) ;
#1028 = CLOSED_SHELL ( 'NONE', ( #267, #1654, #2773, #1970, #2732, #3652 ) ) ;
#1029 = DIRECTION ( 'NONE',  ( 0.000000000000000000, 0.000000000000000000, -1.000000000000000000 ) ) ;
#1030 = EDGE_CURVE ( 'NONE', #2629, #4797, #4763, .T. ) ;
#1031 = LINE ( 'NONE', #1930, #881 ) ;
#1032 = ORIENTED_EDGE ( 'NONE', *, *, #141, .T. ) ;
#1033 = CARTESIAN_POINT ( 'NONE',  ( -177.6935577392580115, 44.16944503784180398, 1.000000000000000000 ) ) ;
#1034 = DIRECTION ( 'NONE',  ( 0.000000000000000000, 0.000000000000000000, -1.000000000000000000 ) ) ;
#1035 = VECTOR ( 'NONE', #4891, 1000.000000000000000 ) ;
#1036 = PRODUCT_DEFINITION_FORMATION_WITH_SPECIFIED_SOURCE ( 'ANY', '', #3555, .NOT_KNOWN. ) ;
#1037 = PLANE ( 'NONE',  #2624 ) ;
#1038 = EDGE_CURVE ( 'NONE', #2639, #1522, #4434, .T. ) ;
#1039 = CARTESIAN_POINT ( 'NONE',  ( -175.8350059006889978, 43.89500045776365056, 1.000000000000000000 ) ) ;
#1040 = CARTESIAN_POINT ( 'NONE',  ( -171.6527709960940058, 39.43781280517579546, 1.000000000000000000 ) ) ;
#1041 = ORIENTED_EDGE ( 'NONE', *, *, #231, .T. ) ;
#1042 = FACE_OUTER_BOUND ( 'NONE', #1634, .T. ) ;
#1043 = LINE ( 'NONE', #4517, #1183 ) ;
#1044 = CARTESIAN_POINT ( 'NONE',  ( -174.5577392578125000, 39.46781539916995030, 1.600000000000000089 ) ) ;
#1045 = ORIENTED_EDGE ( 'NONE', *, *, #2856, .T. ) ;
#1046 = ORIENTED_EDGE ( 'NONE', *, *, #2923, .F. ) ;
#1047 = FACE_OUTER_BOUND ( 'NONE', #2523, .T. ) ;
#1048 = PLANE ( 'NONE',  #3936 ) ;
#1049 = ORIENTED_EDGE ( 'NONE', *, *, #3230, .T. ) ;
#1050 = UNCERTAINTY_MEASURE_WITH_UNIT (LENGTH_MEASURE( 1.000000000000000082E-05 ), #1941, 'distance_accuracy_value', 'NONE');
#1051 = DIRECTION ( 'NONE',  ( -0.000000000000000000, 1.000000000000000000, 0.000000000000000000 ) ) ;
#1052 = SURFACE_STYLE_FILL_AREA ( #1413 ) ;
#1053 = ADVANCED_FACE ( 'NONE', ( #4785 ), #2125, .F. ) ;
#1054 = CARTESIAN_POINT ( 'NONE',  ( -183.2956695556640057, 44.16978185416449776, 1.000000000000000000 ) ) ;
#1055 = VERTEX_POINT ( 'NONE', #3747 ) ;
#1056 = DIRECTION ( 'NONE',  ( 0.000000000000000000, 0.000000000000000000, 1.000000000000000000 ) ) ;
#1057 = EDGE_CURVE ( 'NONE', #4444, #1376, #3378, .T. ) ;
#1058 = DIRECTION ( 'NONE',  ( 1.000000000000000000, 0.000000000000000000, 0.000000000000000000 ) ) ;
#1059 = SURFACE_STYLE_USAGE ( .BOTH. , #1552 ) ;
#1060 = ORIENTED_EDGE ( 'NONE', *, *, #4704, .F. ) ;
#1061 = ORIENTED_EDGE ( 'NONE', *, *, #3505, .T. ) ;
#1062 =( LENGTH_UNIT ( ) NAMED_UNIT ( * ) SI_UNIT ( .MILLI., .METRE. ) );
#1063 = ADVANCED_FACE ( 'NONE', ( #1878 ), #4883, .F. ) ;
#1064 = CARTESIAN_POINT ( 'NONE',  ( -174.5577392578125000, 38.45781326293945312, 1.000000000000000000 ) ) ;
#1065 = CARTESIAN_POINT ( 'NONE',  ( -172.3867187500000000, 43.50197601318360086, 1.500000000000000000 ) ) ;
#1066 = ORIENTED_EDGE ( 'NONE', *, *, #1137, .F. ) ;
#1067 = ORIENTED_EDGE ( 'NONE', *, *, #455, .F. ) ;
#1068 = LINE ( 'NONE', #286, #2565 ) ;
#1069 = CYLINDRICAL_SURFACE ( 'NONE', #1860, 0.7499999939727386433 ) ;
#1070 = EDGE_CURVE ( 'NONE', #415, #2534, #2647, .T. ) ;
#1071 = DIRECTION ( 'NONE',  ( -1.000000000000000000, 0.000000000000000000, 0.000000000000000000 ) ) ;
#1072 = DIRECTION ( 'NONE',  ( 0.000000000000000000, 0.000000000000000000, -1.000000000000000000 ) ) ;
#1073 = CARTESIAN_POINT ( 'NONE',  ( -176.4022369384765057, 43.54022216796875000, 1.000000000000000000 ) ) ;
#1074 = CARTESIAN_POINT ( 'NONE',  ( -177.4654083251955115, 43.94128417968750000, 1.000000000000000000 ) ) ;
#1075 = ORIENTED_EDGE ( 'NONE', *, *, #3750, .F. ) ;
#1076 = CARTESIAN_POINT ( 'NONE',  ( -160.4923249098245037, 41.08914510582660284, 0.000000000000000000 ) ) ;
#1077 = ORIENTED_EDGE ( 'NONE', *, *, #2004, .F. ) ;
#1078 = DIRECTION ( 'NONE',  ( 0.000000000000000000, 0.000000000000000000, 1.000000000000000000 ) ) ;
#1079 = DIRECTION ( 'NONE',  ( 1.000000000000000000, 0.000000000000000000, 0.000000000000000000 ) ) ;
#1080 = FACE_BOUND ( 'NONE', #2986, .T. ) ;
#1081 = DIRECTION ( 'NONE',  ( 0.000000000000000000, 0.000000000000000000, -1.000000000000000000 ) ) ;
#1082 = ORIENTED_EDGE ( 'NONE', *, *, #2645, .F. ) ;
#1083 = ADVANCED_FACE ( 'NONE', ( #1489 ), #2616, .F. ) ;
#1084 = VERTEX_POINT ( 'NONE', #1900 ) ;
#1085 = SURFACE_SIDE_STYLE ('',( #334 ) ) ;
#1086 = AXIS2_PLACEMENT_3D ( 'NONE', #719, #2310, #2266 ) ;
#1087 = PLANE ( 'NONE',  #4388 ) ;
#1088 = LINE ( 'NONE', #1065, #1762 ) ;
#1089 = ORIENTED_EDGE ( 'NONE', *, *, #3380, .T. ) ;
#1091 = EDGE_CURVE ( 'NONE', #840, #4681, #3754, .T. ) ;
#1090 = VECTOR ( 'NONE', #4693, 1000.000000000000000 ) ;
#1092 = ORIENTED_EDGE ( 'NONE', *, *, #734, .F. ) ;
#1093 = CARTESIAN_POINT ( 'NONE',  ( -173.5736694335939774, 42.52197647094725141, 1.000000000000000000 ) ) ;
#1094 = CARTESIAN_POINT ( 'NONE',  ( -176.3679046630859943, 43.89500045776365056, 1.175000000000000044 ) ) ;
#1095 =( GEOMETRIC_REPRESENTATION_CONTEXT ( 3 ) GLOBAL_UNCERTAINTY_ASSIGNED_CONTEXT ( ( #4119 ) ) GLOBAL_UNIT_ASSIGNED_CONTEXT ( ( #4204, #330, #277 ) ) REPRESENTATION_CONTEXT ( 'NONE', 'WORKASPACE' ) );
#1096 = CIRCLE ( 'NONE', #1347, 0.9999990872011366161 ) ;
#1097 = EDGE_LOOP ( 'NONE', ( #579, #2024, #544, #3176 ) ) ;
#1098 = AXIS2_PLACEMENT_3D ( 'NONE', #2589, #4108, #3765 ) ;
#1099 = ADVANCED_FACE ( 'NONE', ( #2577 ), #4475, .T. ) ;
#1100 = LINE ( 'NONE', #1468, #1343 ) ;
#1101 = AXIS2_PLACEMENT_3D ( 'NONE', #2848, #4023, #4398 ) ;
#1102 = AXIS2_PLACEMENT_3D ( 'NONE', #179, #4417, #678 ) ;
#1103 = VECTOR ( 'NONE', #2734, 1000.000000000000000 ) ;
#1104 = VECTOR ( 'NONE', #929, 1000.000000000000000 ) ;
#1105 = CARTESIAN_POINT ( 'NONE',  ( -166.2379302978515057, 36.49311828613280539, 5.007799999999999585 ) ) ;
#1106 = AXIS2_PLACEMENT_3D ( 'NONE', #3638, #474, #935 ) ;
#1107 = ORIENTED_EDGE ( 'NONE', *, *, #3656, .F. ) ;
#1108 = ORIENTED_EDGE ( 'NONE', *, *, #3845, .F. ) ;
#1109 = ORIENTED_EDGE ( 'NONE', *, *, #2312, .F. ) ;
#1110 = DIRECTION ( 'NONE',  ( 1.000000000000000000, 0.000000000000000000, 0.000000000000000000 ) ) ;
#1111 = MECHANICAL_DESIGN_GEOMETRIC_PRESENTATION_REPRESENTATION (  '', ( #3529 ), #3844 ) ;
#1112 = CLOSED_SHELL ( 'NONE', ( #1735, #4887, #4207, #1388, #2983, #843 ) ) ;
#1113 = CARTESIAN_POINT ( 'NONE',  ( -172.3867187500000000, 43.50197601318360086, 1.500000000000000000 ) ) ;
#1114 = VECTOR ( 'NONE', #3599, 1000.000000000000000 ) ;
#1115 = CARTESIAN_POINT ( 'NONE',  ( -176.5689086914064774, 39.43781280517579546, 1.500000000000000000 ) ) ;
#1116 = AXIS2_PLACEMENT_3D ( 'NONE', #863, #3959, #493 ) ;
#1117 = CARTESIAN_POINT ( 'NONE',  ( -188.4725028719464888, 40.14691954139435381, 1.000000000000000000 ) ) ;
#1118 = VERTEX_POINT ( 'NONE', #1852 ) ;
#1119 = FACE_OUTER_BOUND ( 'NONE', #4050, .T. ) ;
#1120 = VECTOR ( 'NONE', #271, 1000.000000000000000 ) ;
#1121 = CARTESIAN_POINT ( 'NONE',  ( -172.4617309570314774, 42.02197647094729405, 1.000000000000000000 ) ) ;
#1122 = DIRECTION ( 'NONE',  ( 0.000000000000000000, 0.000000000000000000, -1.000000000000000000 ) ) ;
#1123 = ORIENTED_EDGE ( 'NONE', *, *, #4218, .F. ) ;
#1124 = ORIENTED_EDGE ( 'NONE', *, *, #917, .T. ) ;
#1125 = EDGE_CURVE ( 'NONE', #447, #4275, #1100, .T. ) ;
#1126 = EDGE_LOOP ( 'NONE', ( #3300, #3928, #805, #815 ) ) ;
#1127 = DIRECTION ( 'NONE',  ( 0.000000000000000000, 0.000000000000000000, 1.000000000000000000 ) ) ;
#1128 = DIRECTION ( 'NONE',  ( 1.000000000000000000, 0.000000000000000000, 0.000000000000000000 ) ) ;
#1129 = EDGE_CURVE ( 'NONE', #2788, #4024, #698, .T. ) ;
#1130 = EDGE_CURVE ( 'NONE', #1307, #4001, #772, .T. ) ;
#1131 = ORIENTED_EDGE ( 'NONE', *, *, #2132, .T. ) ;
#1132 = EDGE_LOOP ( 'NONE', ( #3081, #4304 ) ) ;
#1133 = DIRECTION ( 'NONE',  ( 0.000000000000000000, 0.000000000000000000, -1.000000000000000000 ) ) ;
#1134 = PLANE ( 'NONE',  #3209 ) ;
#1135 = ORIENTED_EDGE ( 'NONE', *, *, #1493, .T. ) ;
#1136 = CARTESIAN_POINT ( 'NONE',  ( -160.4923255120939984, 38.64326855405789729, 0.000000000000000000 ) ) ;
#1137 = EDGE_CURVE ( 'NONE', #1285, #3340, #4524, .T. ) ;
#1138 = CARTESIAN_POINT ( 'NONE',  ( -173.6077270507814774, 37.95781326293945312, 1.600000000000000089 ) ) ;
#1139 = CARTESIAN_POINT ( 'NONE',  ( -166.2379302978515057, 36.49311828613280539, 1.000000000000000000 ) ) ;
#1140 = LINE ( 'NONE', #351, #1263 ) ;
#1141 = CARTESIAN_POINT ( 'NONE',  ( -172.5277709960939774, 38.45781326293945312, 1.600000000000000089 ) ) ;
#1142 = ORIENTED_EDGE ( 'NONE', *, *, #1766, .T. ) ;
#1143 = CARTESIAN_POINT ( 'NONE',  ( -174.5236816406250000, 43.53197860717774859, 1.600000000000000089 ) ) ;
#1144 = DIRECTION ( 'NONE',  ( 1.000000000000000000, 0.000000000000000000, 0.000000000000000000 ) ) ;
#1145 = DIRECTION ( 'NONE',  ( 0.000000000000000000, -1.000000000000000000, 0.000000000000000000 ) ) ;
#1146 = DIRECTION ( 'NONE',  ( 0.000000000000000000, 0.000000000000000000, -1.000000000000000000 ) ) ;
#1147 = ORIENTED_EDGE ( 'NONE', *, *, #4543, .T. ) ;
#1148 = ORIENTED_EDGE ( 'NONE', *, *, #1572, .T. ) ;
#1149 = SURFACE_STYLE_USAGE ( .BOTH. , #3843 ) ;
#1150 = ORIENTED_EDGE ( 'NONE', *, *, #2636, .T. ) ;
#1151 = PLANE ( 'NONE',  #385 ) ;
#1152 = EDGE_CURVE ( 'NONE', #2738, #4797, #2273, .T. ) ;
#1153 = VERTEX_POINT ( 'NONE', #4858 ) ;
#1154 = VERTEX_POINT ( 'NONE', #3047 ) ;
#1155 = CARTESIAN_POINT ( 'NONE',  ( -160.4923249098245037, 41.08914510582660284, 1.000000000000000000 ) ) ;
#1156 = ORIENTED_EDGE ( 'NONE', *, *, #2903, .F. ) ;
#1158 = EDGE_CURVE ( 'NONE', #390, #3557, #2626, .T. ) ;
#1157 = CARTESIAN_POINT ( 'NONE',  ( -176.6439208984375000, 38.45781326293945312, 1.600000000000000089 ) ) ;
#1159 = PLANE ( 'NONE',  #947 ) ;
#1160 = LINE ( 'NONE', #3104, #3450 ) ;
#1161 = ORIENTED_EDGE ( 'NONE', *, *, #633, .T. ) ;
#1162 = EDGE_CURVE ( 'NONE', #285, #1463, #268, .T. ) ;
#1163 = DIRECTION ( 'NONE',  ( -0.000000000000000000, 1.000000000000000000, 0.000000000000000000 ) ) ;
#1164 = DIRECTION ( 'NONE',  ( 0.000000000000000000, 0.000000000000000000, -1.000000000000000000 ) ) ;
#1165 = LINE ( 'NONE', #2711, #1178 ) ;
#1166 = EDGE_LOOP ( 'NONE', ( #4306, #4695, #211, #3369 ) ) ;
#1167 = ORIENTED_EDGE ( 'NONE', *, *, #4531, .F. ) ;
#1168 = CARTESIAN_POINT ( 'NONE',  ( -173.5736694335939774, 44.03197860717774859, 1.600000000000000089 ) ) ;
#1169 = LINE ( 'NONE', #2668, #2480 ) ;
#1170 = DIRECTION ( 'NONE',  ( -1.000000000000000000, 0.000000000000000000, 0.000000000000000000 ) ) ;
#1171 = VECTOR ( 'NONE', #3865, 1000.000000000000000 ) ;
#1172 = ORIENTED_EDGE ( 'NONE', *, *, #4516, .F. ) ;
#1173 = VECTOR ( 'NONE', #898, 1000.000000000000000 ) ;
#1174 = FILL_AREA_STYLE ('',( #3048 ) ) ;
#1175 = STYLED_ITEM ( 'NONE', ( #3826 ), #3090 ) ;
#1176 = ORIENTED_EDGE ( 'NONE', *, *, #895, .F. ) ;
#1177 = EDGE_CURVE ( 'NONE', #4681, #840, #2398, .T. ) ;
#1178 = VECTOR ( 'NONE', #1964, 1000.000000000000000 ) ;
#1179 = DIRECTION ( 'NONE',  ( -1.000000000000000000, 0.000000000000000000, 0.000000000000000000 ) ) ;
#1180 = DIRECTION ( 'NONE',  ( 0.000000000000000000, 1.000000000000000000, 0.000000000000000000 ) ) ;
#1181 = VERTEX_POINT ( 'NONE', #2219 ) ;
#1182 = CARTESIAN_POINT ( 'NONE',  ( -162.8196242285185065, 38.08140389644134416, 1.000000000000000000 ) ) ;
#1183 = VECTOR ( 'NONE', #259, 1000.000000000000000 ) ;
#1184 = PRESENTATION_LAYER_ASSIGNMENT (  '', '', ( #2963 ) ) ;
#1185 = ADVANCED_FACE ( 'NONE', ( #4504 ), #3703, .F. ) ;
#1186 = CARTESIAN_POINT ( 'NONE',  ( -166.2379302978515057, 42.99311828613279829, 5.007799999999999585 ) ) ;
#1187 = CARTESIAN_POINT ( 'NONE',  ( -176.3679046630859943, 43.89500045776365056, 1.175000000000000044 ) ) ;
#1188 = CARTESIAN_POINT ( 'NONE',  ( 0.000000000000000000, 0.000000000000000000, 1.000000000000000000 ) ) ;
#1189 = CARTESIAN_POINT ( 'NONE',  ( -172.4527587890625000, 39.43781280517579546, 1.500000000000000000 ) ) ;
#1190 = COLOUR_RGB ( '',0.7921568627450980005, 0.8196078431372548767, 0.9333333333333333481 ) ;
#1191 = VERTEX_POINT ( 'NONE', #3346 ) ;
#1192 = LINE ( 'NONE', #3030, #3279 ) ;
#1193 = AXIS2_PLACEMENT_3D ( 'NONE', #842, #4675, #1989 ) ;
#1194 = AXIS2_PLACEMENT_3D ( 'NONE', #2544, #653, #631 ) ;
#1195 = EDGE_CURVE ( 'NONE', #3243, #2179, #3778, .T. ) ;
#1196 = DIRECTION ( 'NONE',  ( -1.000000000000000000, 0.000000000000000000, 0.000000000000000000 ) ) ;
#1197 = AXIS2_PLACEMENT_3D ( 'NONE', #893, #933, #4383 ) ;
#1198 = LINE ( 'NONE', #1615, #369 ) ;
#1199 = ORIENTED_EDGE ( 'NONE', *, *, #3380, .F. ) ;
#1200 = ORIENTED_EDGE ( 'NONE', *, *, #2366, .T. ) ;
#1201 = CARTESIAN_POINT ( 'NONE',  ( 0.000000000000000000, 0.000000000000000000, 1.000000000000000000 ) ) ;
#1202 = SHAPE_DEFINITION_REPRESENTATION ( #2474, #4431 ) ;
#1203 = VECTOR ( 'NONE', #3542, 1000.000000000000000 ) ;
#1204 = ORIENTED_EDGE ( 'NONE', *, *, #1195, .T. ) ;
#1205 = PLANE ( 'NONE',  #1756 ) ;
#1206 = CARTESIAN_POINT ( 'NONE',  ( -171.5117187500000000, 43.53197860717774859, 1.000000000000000000 ) ) ;
#1207 = VERTEX_POINT ( 'NONE', #3448 ) ;
#1208 = ORIENTED_EDGE ( 'NONE', *, *, #1906, .T. ) ;
#1209 = UNCERTAINTY_MEASURE_WITH_UNIT (LENGTH_MEASURE( 1.000000000000000082E-05 ), #3977, 'distance_accuracy_value', 'NONE');
#1210 = DIRECTION ( 'NONE',  ( -1.000000000000000000, 0.000000000000000000, 0.000000000000000000 ) ) ;
#1211 = FILL_AREA_STYLE ('',( #428 ) ) ;
#1212 = ORIENTED_EDGE ( 'NONE', *, *, #1348, .F. ) ;
#1213 = CARTESIAN_POINT ( 'NONE',  ( -164.1620357721599817, 33.60304960583769684, 1.000000000000000000 ) ) ;
#1214 = PLANE ( 'NONE',  #1600 ) ;
#1215 = PLANE ( 'NONE',  #4574 ) ;
#1216 = DIRECTION ( 'NONE',  ( 1.000000000000000000, 0.000000000000000000, 0.000000000000000000 ) ) ;
#1217 = ORIENTED_EDGE ( 'NONE', *, *, #1481, .T. ) ;
#1218 = FACE_BOUND ( 'NONE', #2074, .T. ) ;
#1219 = EDGE_CURVE ( 'NONE', #3549, #3005, #2293, .T. ) ;
#1220 = LINE ( 'NONE', #1637, #2149 ) ;
#1221 = DIRECTION ( 'NONE',  ( 0.000000000000000000, 0.000000000000000000, -1.000000000000000000 ) ) ;
#1222 = ORIENTED_EDGE ( 'NONE', *, *, #168, .T. ) ;
#1223 = VERTEX_POINT ( 'NONE', #4612 ) ;
#1224 = DIRECTION ( 'NONE',  ( -1.000000000000000000, 0.000000000000000000, 0.000000000000000000 ) ) ;
#1225 = EDGE_CURVE ( 'NONE', #1207, #4107, #3807, .T. ) ;
#1226 = VERTEX_POINT ( 'NONE', #3429 ) ;
#1227 = DIRECTION ( 'NONE',  ( 0.000000000000000000, 0.000000000000000000, -1.000000000000000000 ) ) ;
#1228 = DIRECTION ( 'NONE',  ( -0.000000000000000000, 1.000000000000000000, 0.000000000000000000 ) ) ;
#1229 = CARTESIAN_POINT ( 'NONE',  ( -175.6939086914065058, 39.96781539916995030, 1.600000000000000089 ) ) ;
#1230 = EDGE_CURVE ( 'NONE', #4432, #934, #1140, .T. ) ;
#1231 = ORIENTED_EDGE ( 'NONE', *, *, #2438, .T. ) ;
#1232 = EDGE_LOOP ( 'NONE', ( #2264, #4937, #2106, #3578 ) ) ;
#1233 = CARTESIAN_POINT ( 'NONE',  ( -176.3679046630859943, 42.61893523821424878, 1.000000000000000000 ) ) ;
#1234 = CARTESIAN_POINT ( 'NONE',  ( -182.5956726074220171, 45.51155471801759944, 1.000000000000000000 ) ) ;
#1235 = CARTESIAN_POINT ( 'NONE',  ( -176.3679046630859943, 42.27214431762695312, 1.175000000000000044 ) ) ;
#1236 = DIRECTION ( 'NONE',  ( 0.000000000000000000, 0.000000000000000000, -1.000000000000000000 ) ) ;
#1237 = CARTESIAN_POINT ( 'NONE',  ( -175.7689208984375000, 39.43781280517579546, 1.500000000000000000 ) ) ;
#1238 = MANIFOLD_SOLID_BREP ( 'NONE', #3538 ) ;
#1239 = LINE ( 'NONE', #4789, #2971 ) ;
#1240 = ORIENTED_EDGE ( 'NONE', *, *, #4856, .F. ) ;
#1241 = CARTESIAN_POINT ( 'NONE',  ( -170.8179168701169885, 36.49311828613280539, 5.007799999999999585 ) ) ;
#1242 = CARTESIAN_POINT ( 'NONE',  ( -175.8350059006889978, 42.27214431762695312, 1.000000000000000000 ) ) ;
#1243 = EDGE_CURVE ( 'NONE', #1835, #3549, #2628, .T. ) ;
#1244 = DIRECTION ( 'NONE',  ( -1.000000000000000000, 0.000000000000000000, 0.000000000000000000 ) ) ;
#1245 = ORIENTED_EDGE ( 'NONE', *, *, #3546, .T. ) ;
#1246 = ORIENTED_EDGE ( 'NONE', *, *, #1137, .T. ) ;
#1247 = CARTESIAN_POINT ( 'NONE',  ( -176.3679046630859943, 42.61893523821424878, 1.175000000000000044 ) ) ;
#1248 = DIRECTION ( 'NONE',  ( 1.000000000000000000, 0.000000000000000000, 0.000000000000000000 ) ) ;
#1249 = MANIFOLD_SOLID_BREP ( 'NONE', #1028 ) ;
#1250 = VERTEX_POINT ( 'NONE', #1866 ) ;
#1251 = EDGE_CURVE ( 'NONE', #4107, #1522, #7, .T. ) ;
#1252 = DIRECTION ( 'NONE',  ( 0.000000000000000000, 0.000000000000000000, -1.000000000000000000 ) ) ;
#1253 = CARTESIAN_POINT ( 'NONE',  ( -175.6819458007815058, 42.27214431762695312, 1.175000000000000044 ) ) ;
#1254 = CIRCLE ( 'NONE', #1748, 0.5000011946110771710 ) ;
#1255 = PLANE ( 'NONE',  #1694 ) ;
#1256 = COLOUR_RGB ( '',0.7921568627450980005, 0.8196078431372548767, 0.9333333333333333481 ) ;
#1257 = ORIENTED_EDGE ( 'NONE', *, *, #4043, .T. ) ;
#1258 = ADVANCED_FACE ( 'NONE', ( #3003 ), #4154, .F. ) ;
#1259 = VERTEX_POINT ( 'NONE', #1889 ) ;
#1260 = DIRECTION ( 'NONE',  ( 0.000000000000000000, 0.000000000000000000, -1.000000000000000000 ) ) ;
#1262 = LINE ( 'NONE', #2436, #1366 ) ;
#1261 = AXIS2_PLACEMENT_3D ( 'NONE', #2719, #3524, #4702 ) ;
#1263 = VECTOR ( 'NONE', #681, 1000.000000000000000 ) ;
#1264 = AXIS2_PLACEMENT_3D ( 'NONE', #4468, #3368, #4905 ) ;
#1265 = CARTESIAN_POINT ( 'NONE',  ( -175.6819458007815058, 42.27214431762695312, 1.000000000000000000 ) ) ;
#1266 = AXIS2_PLACEMENT_3D ( 'NONE', #4902, #1837, #4056 ) ;
#1267 = CARTESIAN_POINT ( 'NONE',  ( -189.3528719480079872, 35.11380527195875345, 0.000000000000000000 ) ) ;
#1268 = LINE ( 'NONE', #1652, #2575 ) ;
#1269 = MANIFOLD_SOLID_BREP ( 'NONE', #956 ) ;
#1270 = DIRECTION ( 'NONE',  ( 1.000000000000000000, 0.000000000000000000, 0.000000000000000000 ) ) ;
#1271 = ORIENTED_EDGE ( 'NONE', *, *, #1125, .T. ) ;
#1272 = DIRECTION ( 'NONE',  ( 0.000000000000000000, 0.000000000000000000, 1.000000000000000000 ) ) ;
#1273 = AXIS2_PLACEMENT_3D ( 'NONE', #615, #276, #2627 ) ;
#1274 = AXIS2_PLACEMENT_3D ( 'NONE', #2203, #2954, #2583 ) ;
#1275 = CARTESIAN_POINT ( 'NONE',  ( -176.6439208984375000, 39.46781539916995030, 1.000000000000000000 ) ) ;
#1276 = VECTOR ( 'NONE', #2360, 1000.000000000000000 ) ;
#1277 = DIRECTION ( 'NONE',  ( 0.000000000000000000, 0.000000000000000000, -1.000000000000000000 ) ) ;
#1278 = VECTOR ( 'NONE', #2033, 1000.000000000000000 ) ;
#1279 = ORIENTED_EDGE ( 'NONE', *, *, #3732, .T. ) ;
#1280 = ORIENTED_EDGE ( 'NONE', *, *, #2410, .F. ) ;
#1281 = MANIFOLD_SOLID_BREP ( 'NONE', #75 ) ;
#1283 = EDGE_CURVE ( 'NONE', #3129, #1978, #3148, .T. ) ;
#1282 = PRESENTATION_LAYER_ASSIGNMENT (  '', '', ( #4652 ) ) ;
#1284 = AXIS2_PLACEMENT_3D ( 'NONE', #2284, #3059, #4591 ) ;
#1285 = VERTEX_POINT ( 'NONE', #2768 ) ;
#1286 = CARTESIAN_POINT ( 'NONE',  ( -177.4654083251955115, 38.51549911499025569, 1.000000000000000000 ) ) ;
#1287 = LINE ( 'NONE', #2498, #4069 ) ;
#1288 = PRESENTATION_LAYER_ASSIGNMENT (  '', '', ( #2573 ) ) ;
#1289 = ORIENTED_EDGE ( 'NONE', *, *, #4493, .F. ) ;
#1290 = VECTOR ( 'NONE', #1826, 1000.000000000000000 ) ;
#1291 = ADVANCED_FACE ( 'NONE', ( #2319 ), #2271, .F. ) ;
#1292 = VERTEX_POINT ( 'NONE', #1898 ) ;
#1293 = ORIENTED_EDGE ( 'NONE', *, *, #3442, .T. ) ;
#1294 = CARTESIAN_POINT ( 'NONE',  ( 0.000000000000000000, 0.000000000000000000, 1.000000000000000000 ) ) ;
#1295 = PRESENTATION_STYLE_ASSIGNMENT (( #4337 ) ) ;
#1296 = EDGE_CURVE ( 'NONE', #2207, #1223, #4952, .T. ) ;
#1297 = EDGE_CURVE ( 'NONE', #4716, #1716, #1169, .T. ) ;
#1298 = CARTESIAN_POINT ( 'NONE',  ( -172.3867187500000000, 42.55197906494139914, 1.000000000000000000 ) ) ;
#1299 = DIRECTION ( 'NONE',  ( 0.000000000000000000, 0.000000000000000000, -1.000000000000000000 ) ) ;
#1300 = FACE_OUTER_BOUND ( 'NONE', #1931, .T. ) ;
#1301 = ORIENTED_EDGE ( 'NONE', *, *, #1225, .F. ) ;
#1302 = FACE_OUTER_BOUND ( 'NONE', #3999, .T. ) ;
#1303 = EDGE_CURVE ( 'NONE', #203, #616, #1718, .T. ) ;
#1304 = LINE ( 'NONE', #2388, #855 ) ;
#1305 = FACE_OUTER_BOUND ( 'NONE', #3881, .T. ) ;
#1306 = ORIENTED_EDGE ( 'NONE', *, *, #4576, .F. ) ;
#1307 = VERTEX_POINT ( 'NONE', #1328 ) ;
#1308 = DIRECTION ( 'NONE',  ( 0.000000000000000000, 1.000000000000000000, 0.000000000000000000 ) ) ;
#1309 = VERTEX_POINT ( 'NONE', #2822 ) ;
#1310 = CARTESIAN_POINT ( 'NONE',  ( -172.4617309570314774, 42.52197647094725141, 1.600000000000000089 ) ) ;
#1311 = CARTESIAN_POINT ( 'NONE',  ( -176.5689086914064774, 39.43781280517579546, 1.500000000000000000 ) ) ;
#1312 = VERTEX_POINT ( 'NONE', #2118 ) ;
#1313 = CARTESIAN_POINT ( 'NONE',  ( -171.6527709960940058, 39.43781280517579546, 1.500000000000000000 ) ) ;
#1314 = ORIENTED_EDGE ( 'NONE', *, *, #2312, .T. ) ;
#1315 = EDGE_CURVE ( 'NONE', #1486, #1332, #3116, .T. ) ;
#1316 = ORIENTED_EDGE ( 'NONE', *, *, #1855, .F. ) ;
#1317 = LINE ( 'NONE', #4811, #1104 ) ;
#1318 = FILL_AREA_STYLE ('',( #4743 ) ) ;
#1319 = EDGE_CURVE ( 'NONE', #2849, #2788, #3224, .T. ) ;
#1320 = DIRECTION ( 'NONE',  ( 0.000000000000000000, 0.000000000000000000, -1.000000000000000000 ) ) ;
#1321 = CARTESIAN_POINT ( 'NONE',  ( -171.6527709960940058, 38.48781585693359375, 1.000000000000000000 ) ) ;
#1322 = ORIENTED_EDGE ( 'NONE', *, *, #3175, .T. ) ;
#1323 = CARTESIAN_POINT ( 'NONE',  ( -183.5577850341794885, 44.16944503784180398, 3.409999999999999698 ) ) ;
#1324 = ADVANCED_FACE ( 'NONE', ( #185 ), #4699, .T. ) ;
#1325 = FACE_OUTER_BOUND ( 'NONE', #4038, .T. ) ;
#1326 = ORIENTED_EDGE ( 'NONE', *, *, #2195, .F. ) ;
#1327 = VERTEX_POINT ( 'NONE', #114 ) ;
#1328 = CARTESIAN_POINT ( 'NONE',  ( -161.4696252311424871, 41.58481729878619859, 0.000000000000000000 ) ) ;
#1329 = CARTESIAN_POINT ( 'NONE',  ( -171.6527709960940058, 39.43781280517579546, 1.000000000000000000 ) ) ;
#1330 = LINE ( 'NONE', #2770, #4871 ) ;
#1331 = PLANE ( 'NONE',  #1353 ) ;
#1332 = VERTEX_POINT ( 'NONE', #945 ) ;
#1333 = CARTESIAN_POINT ( 'NONE',  ( -175.7689208984375000, 38.48781585693359375, 1.000000000000000000 ) ) ;
#1334 = ORIENTED_EDGE ( 'NONE', *, *, #791, .F. ) ;
#1335 = EDGE_LOOP ( 'NONE', ( #4916, #3389, #3470, #414 ) ) ;
#1336 = DIRECTION ( 'NONE',  ( 0.000000000000000000, -1.000000000000000000, 0.000000000000000000 ) ) ;
#1337 =( NAMED_UNIT ( * ) SI_UNIT ( $, .STERADIAN. ) SOLID_ANGLE_UNIT ( ) );
#1338 = VECTOR ( 'NONE', #478, 1000.000000000000000 ) ;
#1339 = EDGE_CURVE ( 'NONE', #2998, #1207, #1742, .T. ) ;
#1340 = CARTESIAN_POINT ( 'NONE',  ( -172.5277709960939774, 37.95781326293945312, 1.600000000000000089 ) ) ;
#1341 = PRESENTATION_LAYER_ASSIGNMENT (  '', '', ( #932 ) ) ;
#1342 = CYLINDRICAL_SURFACE ( 'NONE', #3616, 0.5000018548034224075 ) ;
#1343 = VECTOR ( 'NONE', #4142, 1000.000000000000000 ) ;
#1344 = DIRECTION ( 'NONE',  ( 1.000000000000000000, 0.000000000000000000, 0.000000000000000000 ) ) ;
#1345 = CARTESIAN_POINT ( 'NONE',  ( -177.4654083251955115, 38.51549911499025569, 3.409999999999999698 ) ) ;
#1346 = LINE ( 'NONE', #3639, #376 ) ;
#1348 = EDGE_CURVE ( 'NONE', #2694, #4086, #3265, .T. ) ;
#1347 = AXIS2_PLACEMENT_3D ( 'NONE', #2978, #4787, #2108 ) ;
#1349 = AXIS2_PLACEMENT_3D ( 'NONE', #4372, #1248, #1308 ) ;
#1350 = FACE_OUTER_BOUND ( 'NONE', #667, .T. ) ;
#1351 = PLANE ( 'NONE',  #3762 ) ;
#1352 = VERTEX_POINT ( 'NONE', #4724 ) ;
#1353 = AXIS2_PLACEMENT_3D ( 'NONE', #3952, #1665, #4729 ) ;
#1354 = ORIENTED_EDGE ( 'NONE', *, *, #4765, .T. ) ;
#1355 = PLANE ( 'NONE',  #2882 ) ;
#1356 = MECHANICAL_DESIGN_GEOMETRIC_PRESENTATION_REPRESENTATION (  '', ( #1680 ), #1757 ) ;
#1357 = ADVANCED_FACE ( 'NONE', ( #94 ), #3169, .F. ) ;
#1358 = EDGE_CURVE ( 'NONE', #4278, #4460, #3435, .T. ) ;
#1359 = AXIS2_PLACEMENT_3D ( 'NONE', #1187, #4941, #431 ) ;
#1360 = VECTOR ( 'NONE', #1336, 1000.000000000000000 ) ;
#1361 = VECTOR ( 'NONE', #759, 1000.000000000000114 ) ;
#1362 = LINE ( 'NONE', #2869, #1920 ) ;
#1363 = EDGE_LOOP ( 'NONE', ( #2060, #3166, #4659, #1700 ) ) ;
#1364 = DIRECTION ( 'NONE',  ( 0.000000000000000000, 1.000000000000000000, 0.000000000000000000 ) ) ;
#1365 = CIRCLE ( 'NONE', #1023, 0.5000011433170248321 ) ;
#1366 = VECTOR ( 'NONE', #4308, 1000.000000000000000 ) ;
#1367 = ORIENTED_EDGE ( 'NONE', *, *, #638, .F. ) ;
#1368 = AXIS2_PLACEMENT_3D ( 'NONE', #265, #4909, #4502 ) ;
#1369 = VECTOR ( 'NONE', #641, 1000.000000000000000 ) ;
#1370 = CARTESIAN_POINT ( 'NONE',  ( -176.5689086914064774, 39.43781280517579546, 1.500000000000000000 ) ) ;
#1371 = CARTESIAN_POINT ( 'NONE',  ( -160.4923255120939984, 38.64326855405789729, 0.000000000000000000 ) ) ;
#1372 = AXIS2_PLACEMENT_3D ( 'NONE', #1540, #418, #4932 ) ;
#1373 = VECTOR ( 'NONE', #2415, 1000.000000000000000 ) ;
#1374 = CARTESIAN_POINT ( 'NONE',  ( -164.6620376269629844, 33.60304960583769684, 1.000000000000000000 ) ) ;
#1375 = DIRECTION ( 'NONE',  ( 0.000000000000000000, 0.000000000000000000, -1.000000000000000000 ) ) ;
#1376 = VERTEX_POINT ( 'NONE', #2448 ) ;
#1377 = CARTESIAN_POINT ( 'NONE',  ( -172.4619873046875114, 34.87976136882910083, 1.826571335919620065 ) ) ;
#1378 = CARTESIAN_POINT ( 'NONE',  ( -176.4022369384765057, 42.62692260742190342, 1.000000000000000000 ) ) ;
#1379 = MANIFOLD_SOLID_BREP ( 'NONE', #875 ) ;
#1380 = LINE ( 'NONE', #4825, #702 ) ;
#1381 = EDGE_LOOP ( 'NONE', ( #183, #342, #1645, #373 ) ) ;
#1382 = ADVANCED_FACE ( 'NONE', ( #1042 ), #1355, .F. ) ;
#1383 = VERTEX_POINT ( 'NONE', #3713 ) ;
#1384 = FILL_AREA_STYLE ('',( #1764 ) ) ;
#1385 = CARTESIAN_POINT ( 'NONE',  ( -173.5736694335939774, 42.52197647094725141, 1.000000000000000000 ) ) ;
#1386 = LINE ( 'NONE', #2938, #3034 ) ;
#1387 = ORIENTED_EDGE ( 'NONE', *, *, #2217, .T. ) ;
#1388 = ADVANCED_FACE ( 'NONE', ( #1425 ), #596, .F. ) ;
#1389 = CARTESIAN_POINT ( 'NONE',  ( -161.1180176613555091, 45.94234061952019488, 1.000000000000000000 ) ) ;
#1390 = FACE_OUTER_BOUND ( 'NONE', #3232, .T. ) ;
#1391 = ORIENTED_EDGE ( 'NONE', *, *, #1749, .F. ) ;
#1392 = EDGE_CURVE ( 'NONE', #4769, #2493, #3759, .T. ) ;
#1393 = DIRECTION ( 'NONE',  ( 0.000000000000000000, -1.000000000000000000, 0.000000000000000000 ) ) ;
#1394 = DIRECTION ( 'NONE',  ( 1.000000000000000000, 0.000000000000000000, 0.000000000000000000 ) ) ;
#1395 = PLANE ( 'NONE',  #208 ) ;
#1396 = DIRECTION ( 'NONE',  ( 1.000000000000000000, 0.000000000000000000, 0.000000000000000000 ) ) ;
#1397 = ORIENTED_EDGE ( 'NONE', *, *, #586, .F. ) ;
#1398 = CARTESIAN_POINT ( 'NONE',  ( -172.3867187500000000, 43.50197601318360086, 1.500000000000000000 ) ) ;
#1399 = PLANE ( 'NONE',  #215 ) ;
#1400 = DIRECTION ( 'NONE',  ( 1.000000000000000000, 0.000000000000000000, 0.000000000000000000 ) ) ;
#1401 = CARTESIAN_POINT ( 'NONE',  ( 0.000000000000000000, 0.000000000000000000, 1.000000000000000000 ) ) ;
#1402 = ORIENTED_EDGE ( 'NONE', *, *, #497, .T. ) ;
#1403 = ORIENTED_EDGE ( 'NONE', *, *, #2926, .T. ) ;
#1404 = ADVANCED_FACE ( 'NONE', ( #2896 ), #2606, .T. ) ;
#1405 = DIRECTION ( 'NONE',  ( 0.000000000000000000, 0.000000000000000000, -1.000000000000000000 ) ) ;
#1406 = LINE ( 'NONE', #313, #4151 ) ;
#1407 = ORIENTED_EDGE ( 'NONE', *, *, #1243, .T. ) ;
#1408 = DIRECTION ( 'NONE',  ( -1.000000000000000000, 0.000000000000000000, 0.000000000000000000 ) ) ;
#1409 = DIRECTION ( 'NONE',  ( 1.000000000000000000, 0.000000000000000000, 0.000000000000000000 ) ) ;
#1410 = EDGE_CURVE ( 'NONE', #4721, #2849, #1810, .T. ) ;
#1411 = ORIENTED_EDGE ( 'NONE', *, *, #3806, .T. ) ;
#1412 = CARTESIAN_POINT ( 'NONE',  ( -162.1446245850090122, 38.08140389644134416, 1.000000000000000000 ) ) ;
#1413 = FILL_AREA_STYLE ('',( #4143 ) ) ;
#1414 = ADVANCED_FACE ( 'NONE', ( #3335 ), #2137, .F. ) ;
#1415 = DIRECTION ( 'NONE',  ( -1.000000000000000000, 0.000000000000000000, 0.000000000000000000 ) ) ;
#1416 = DIRECTION ( 'NONE',  ( 0.000000000000000000, 0.000000000000000000, -1.000000000000000000 ) ) ;
#1417 = ORIENTED_EDGE ( 'NONE', *, *, #679, .T. ) ;
#1418 = VECTOR ( 'NONE', #4975, 1000.000000000000000 ) ;
#1419 = DIRECTION ( 'NONE',  ( 0.000000000000000000, 0.000000000000000000, 1.000000000000000000 ) ) ;
#1420 = MANIFOLD_SOLID_BREP ( 'NONE', #3132 ) ;
#1421 = CARTESIAN_POINT ( 'NONE',  ( -176.6439208984375000, 39.96781539916995030, 1.600000000000000089 ) ) ;
#1422 = CARTESIAN_POINT ( 'NONE',  ( -174.5236816406250000, 42.02197647094729405, 1.600000000000000089 ) ) ;
#1423 = LINE ( 'NONE', #1040, #477 ) ;
#1424 = ORIENTED_EDGE ( 'NONE', *, *, #4706, .T. ) ;
#1425 = FACE_OUTER_BOUND ( 'NONE', #948, .T. ) ;
#1426 = VECTOR ( 'NONE', #4480, 1000.000000000000000 ) ;
#1427 = AXIS2_PLACEMENT_3D ( 'NONE', #3800, #318, #2597 ) ;
#1428 = CARTESIAN_POINT ( 'NONE',  ( -187.9725031612594819, 36.60295841433605801, 1.000000000000000000 ) ) ;
#1429 = VECTOR ( 'NONE', #1743, 1000.000000000000000 ) ;
#1430 = DIRECTION ( 'NONE',  ( 0.000000000000000000, 0.000000000000000000, -1.000000000000000000 ) ) ;
#1431 = ORIENTED_EDGE ( 'NONE', *, *, #3944, .F. ) ;
#1432 = ORIENTED_EDGE ( 'NONE', *, *, #4506, .T. ) ;
#1433 = FACE_OUTER_BOUND ( 'NONE', #975, .T. ) ;
#1434 = DIRECTION ( 'NONE',  ( 0.000000000000000000, 0.000000000000000000, 1.000000000000000000 ) ) ;
#1435 = EDGE_CURVE ( 'NONE', #3974, #3548, #4848, .T. ) ;
#1436 = VECTOR ( 'NONE', #406, 1000.000000000000000 ) ;
#1437 = AXIS2_PLACEMENT_3D ( 'NONE', #1816, #4501, #3301 ) ;
#1438 = ORIENTED_EDGE ( 'NONE', *, *, #1736, .T. ) ;
#1439 = AXIS2_PLACEMENT_3D ( 'NONE', #887, #4739, #909 ) ;
#1440 = MANIFOLD_SOLID_BREP ( 'NONE', #2253 ) ;
#1441 = CARTESIAN_POINT ( 'NONE',  ( -172.4617309570314774, 42.02197647094729405, 1.000000000000000000 ) ) ;
#1442 = DIRECTION ( 'NONE',  ( -1.000000000000000000, 0.000000000000000000, 0.000000000000000000 ) ) ;
#1443 = ADVANCED_FACE ( 'NONE', ( #2287 ), #204, .F. ) ;
#1444 = AXIS2_PLACEMENT_3D ( 'NONE', #4884, #1442, #1823 ) ;
#1445 = VECTOR ( 'NONE', #4415, 1000.000000000000000 ) ;
#1446 = CARTESIAN_POINT ( 'NONE',  ( -188.4725043045765176, 36.60295841433605801, 1.000000000000000000 ) ) ;
#1447 = CARTESIAN_POINT ( 'NONE',  ( -172.4527587890625000, 38.48781585693359375, 1.500000000000000000 ) ) ;
#1448 = ORIENTED_EDGE ( 'NONE', *, *, #2799, .F. ) ;
#1450 = ADVANCED_FACE ( 'NONE', ( #10 ), #816, .F. ) ;
#1449 = CARTESIAN_POINT ( 'NONE',  ( -176.5689086914064774, 39.43781280517579546, 1.000000000000000000 ) ) ;
#1451 = ADVANCED_FACE ( 'NONE', ( #435 ), #3061, .F. ) ;
#1452 = FACE_OUTER_BOUND ( 'NONE', #184, .T. ) ;
#1453 = AXIS2_PLACEMENT_3D ( 'NONE', #2178, #3256, #1396 ) ;
#1454 = CARTESIAN_POINT ( 'NONE',  ( -192.1619873046875000, 48.03639984130860086, 0.000000000000000000 ) ) ;
#1455 = FACE_OUTER_BOUND ( 'NONE', #166, .T. ) ;
#1456 = SURFACE_STYLE_FILL_AREA ( #4590 ) ;
#1457 = DIRECTION ( 'NONE',  ( 0.000000000000000000, -1.000000000000000000, 0.000000000000000000 ) ) ;
#1458 = VERTEX_POINT ( 'NONE', #1892 ) ;
#1459 = EDGE_CURVE ( 'NONE', #2201, #3011, #3486, .T. ) ;
#1460 = DIRECTION ( 'NONE',  ( 0.000000000000000000, 0.000000000000000000, -1.000000000000000000 ) ) ;
#1461 = CARTESIAN_POINT ( 'NONE',  ( -176.4022369384765057, 42.62692260742190342, 1.500000000000000000 ) ) ;
#1462 = PLANE ( 'NONE',  #2556 ) ;
#1463 = VERTEX_POINT ( 'NONE', #1480 ) ;
#1464 = ORIENTED_EDGE ( 'NONE', *, *, #3069, .T. ) ;
#1465 = FACE_OUTER_BOUND ( 'NONE', #1899, .T. ) ;
#1466 = CARTESIAN_POINT ( 'NONE',  ( -190.1028711554349684, 45.12199774108519534, 1.000000000000000000 ) ) ;
#1467 = ORIENTED_EDGE ( 'NONE', *, *, #4478, .T. ) ;
#1468 = CARTESIAN_POINT ( 'NONE',  ( -172.4617309570314774, 44.03197860717774859, 1.600000000000000089 ) ) ;
#1469 = CARTESIAN_POINT ( 'NONE',  ( -173.6827392578125000, 38.48781585693359375, 1.000000000000000000 ) ) ;
#1470 = EDGE_CURVE ( 'NONE', #2029, #3243, #1985, .T. ) ;
#1471 = DIRECTION ( 'NONE',  ( 0.000000000000000000, 1.000000000000000000, 0.000000000000000000 ) ) ;
#1472 = CYLINDRICAL_SURFACE ( 'NONE', #77, 0.5000015720988404411 ) ;
#1473 = ORIENTED_EDGE ( 'NONE', *, *, #1358, .T. ) ;
#1474 = EDGE_CURVE ( 'NONE', #2615, #3475, #2309, .T. ) ;
#1475 = DIRECTION ( 'NONE',  ( -0.000000000000000000, 1.000000000000000000, 0.000000000000000000 ) ) ;
#1476 = CARTESIAN_POINT ( 'NONE',  ( -171.5117187500000000, 44.03197860717774859, 1.600000000000000089 ) ) ;
#1477 = CARTESIAN_POINT ( 'NONE',  ( -176.4022369384765057, 42.62692260742190342, 1.500000000000000000 ) ) ;
#1478 = ORIENTED_EDGE ( 'NONE', *, *, #1435, .T. ) ;
#1479 = ORIENTED_EDGE ( 'NONE', *, *, #1319, .T. ) ;
#1480 = CARTESIAN_POINT ( 'NONE',  ( -172.3867187500000000, 43.50197601318360086, 1.000000000000000000 ) ) ;
#1481 = EDGE_CURVE ( 'NONE', #3604, #2028, #2265, .T. ) ;
#1482 = MANIFOLD_SOLID_BREP ( 'NONE', #223 ) ;
#1483 = CARTESIAN_POINT ( 'NONE',  ( -176.2192173357375111, 42.27214431762695312, 1.175000000000000044 ) ) ;
#1484 = CARTESIAN_POINT ( 'NONE',  ( -177.4654083251955115, 43.94128417968750000, 1.000000000000000000 ) ) ;
#1485 = EDGE_LOOP ( 'NONE', ( #894, #661, #4267, #1147 ) ) ;
#1486 = VERTEX_POINT ( 'NONE', #4972 ) ;
#1487 = CARTESIAN_POINT ( 'NONE',  ( -174.5236816406250000, 42.52197647094725141, 1.600000000000000089 ) ) ;
#1488 = ORIENTED_EDGE ( 'NONE', *, *, #889, .T. ) ;
#1489 = FACE_OUTER_BOUND ( 'NONE', #4010, .T. ) ;
#1490 = DIRECTION ( 'NONE',  ( 0.000000000000000000, 0.000000000000000000, -1.000000000000000000 ) ) ;
#1491 = ORIENTED_EDGE ( 'NONE', *, *, #1542, .F. ) ;
#1492 = DIRECTION ( 'NONE',  ( 0.000000000000000000, 0.000000000000000000, -1.000000000000000000 ) ) ;
#1493 = EDGE_CURVE ( 'NONE', #4223, #2894, #2086, .T. ) ;
#1494 = CARTESIAN_POINT ( 'NONE',  ( -175.6939086914065058, 37.95781326293945312, 1.600000000000000089 ) ) ;
#1495 = CIRCLE ( 'NONE', #4309, 0.5000011946110771710 ) ;
#1496 = LINE ( 'NONE', #4153, #1436 ) ;
#1497 = FILL_AREA_STYLE ('',( #4942 ) ) ;
#1498 = FACE_OUTER_BOUND ( 'NONE', #2718, .T. ) ;
#1499 = VERTEX_POINT ( 'NONE', #1500 ) ;
#1500 = CARTESIAN_POINT ( 'NONE',  ( -173.6486816406250000, 42.55197906494139914, 1.000000000000000000 ) ) ;
#1501 = EDGE_CURVE ( 'NONE', #844, #3868, #1192, .T. ) ;
#1502 = DIRECTION ( 'NONE',  ( 0.000000000000000000, -1.000000000000000000, 0.000000000000000000 ) ) ;
#1503 = VECTOR ( 'NONE', #2536, 1000.000000000000000 ) ;
#1504 = FACE_OUTER_BOUND ( 'NONE', #245, .T. ) ;
#1505 = LINE ( 'NONE', #1537, #2880 ) ;
#1506 = ORIENTED_EDGE ( 'NONE', *, *, #2852, .T. ) ;
#1507 = VECTOR ( 'NONE', #2863, 1000.000000000000000 ) ;
#1508 = ORIENTED_EDGE ( 'NONE', *, *, #237, .T. ) ;
#1509 = DIRECTION ( 'NONE',  ( 0.000000000000000000, 0.000000000000000000, 1.000000000000000000 ) ) ;
#1510 = VECTOR ( 'NONE', #2197, 1000.000000000000000 ) ;
#1511 = EDGE_CURVE ( 'NONE', #2475, #389, #2684, .T. ) ;
#1512 = ADVANCED_FACE ( 'NONE', ( #3945, #2418, #3162, #495, #2784, #4749, #3981, #1218, #1635, #2840, #3217, #1656, #2815, #59 ), #3961, .F. ) ;
#1513 = STYLED_ITEM ( 'NONE', ( #2056 ), #3107 ) ;
#1514 = ORIENTED_EDGE ( 'NONE', *, *, #2206, .F. ) ;
#1515 = AXIS2_PLACEMENT_3D ( 'NONE', #360, #340, #392 ) ;
#1516 = CARTESIAN_POINT ( 'NONE',  ( -172.4527587890625000, 39.43781280517579546, 1.500000000000000000 ) ) ;
#1517 = CARTESIAN_POINT ( 'NONE',  ( 0.000000000000000000, 0.000000000000000000, 3.409999999999999698 ) ) ;
#1518 = VECTOR ( 'NONE', #3739, 1000.000000000000000 ) ;
#1519 = VECTOR ( 'NONE', #4234, 1000.000000000000000 ) ;
#1520 = AXIS2_PLACEMENT_3D ( 'NONE', #1377, #196, #2180 ) ;
#1521 = VERTEX_POINT ( 'NONE', #86 ) ;
#1522 = VERTEX_POINT ( 'NONE', #2061 ) ;
#1523 = CARTESIAN_POINT ( 'NONE',  ( -177.4654083251955115, 43.94128417968750000, 3.409999999999999698 ) ) ;
#1524 = CARTESIAN_POINT ( 'NONE',  ( -175.6939086914065058, 38.45781326293945312, 1.600000000000000089 ) ) ;
#1525 = ORIENTED_EDGE ( 'NONE', *, *, #87, .T. ) ;
#1526 = CLOSED_SHELL ( 'NONE', ( #801, #4627, #4544, #3801, #3163, #1357 ) ) ;
#1527 = PRESENTATION_LAYER_ASSIGNMENT (  '', '', ( #3537 ) ) ;
#1528 = LINE ( 'NONE', #4362, #375 ) ;
#1529 = PRESENTATION_STYLE_ASSIGNMENT (( #1059 ) ) ;
#1530 = VECTOR ( 'NONE', #2883, 1000.000000000000000 ) ;
#1531 = FACE_OUTER_BOUND ( 'NONE', #397, .T. ) ;
#1532 = VERTEX_POINT ( 'NONE', #3186 ) ;
#1533 =( NAMED_UNIT ( * ) SI_UNIT ( $, .STERADIAN. ) SOLID_ANGLE_UNIT ( ) );
#1534 = DIRECTION ( 'NONE',  ( 0.000000000000000000, 0.000000000000000000, 1.000000000000000000 ) ) ;
#1535 = DIRECTION ( 'NONE',  ( 0.000000000000000000, 0.000000000000000000, -1.000000000000000000 ) ) ;
#1536 = ADVANCED_FACE ( 'NONE', ( #4386 ), #2015, .F. ) ;
#1537 = CARTESIAN_POINT ( 'NONE',  ( -162.8196242285185065, 38.08140389644134416, 1.000000000000000000 ) ) ;
#1538 = ORIENTED_EDGE ( 'NONE', *, *, #1820, .T. ) ;
#1539 = ORIENTED_EDGE ( 'NONE', *, *, #3296, .F. ) ;
#1540 = CARTESIAN_POINT ( 'NONE',  ( -170.8179168701169885, 36.49311828613280539, 5.007799999999999585 ) ) ;
#1541 = VERTEX_POINT ( 'NONE', #4717 ) ;
#1542 = EDGE_CURVE ( 'NONE', #1921, #3413, #2084, .T. ) ;
#1543 = LINE ( 'NONE', #804, #4338 ) ;
#1544 = ORIENTED_EDGE ( 'NONE', *, *, #3633, .T. ) ;
#1545 = ADVANCED_FACE ( 'NONE', ( #158 ), #4315, .T. ) ;
#1546 = DIRECTION ( 'NONE',  ( 0.000000000000000000, 0.000000000000000000, -1.000000000000000000 ) ) ;
#1547 =( LENGTH_UNIT ( ) NAMED_UNIT ( * ) SI_UNIT ( .MILLI., .METRE. ) );
#1548 = VERTEX_POINT ( 'NONE', #3585 ) ;
#1549 = CARTESIAN_POINT ( 'NONE',  ( -177.4654083251955115, 38.51549911499025569, 3.409999999999999698 ) ) ;
#1550 = CARTESIAN_POINT ( 'NONE',  ( -161.1180176613555091, 45.94234061952019488, 1.000000000000000000 ) ) ;
#1551 = DIRECTION ( 'NONE',  ( 1.000000000000000000, 0.000000000000000000, 0.000000000000000000 ) ) ;
#1552 = SURFACE_SIDE_STYLE ('',( #2985 ) ) ;
#1553 = DIRECTION ( 'NONE',  ( 1.000000000000000000, 0.000000000000000000, 0.000000000000000000 ) ) ;
#1554 = ORIENTED_EDGE ( 'NONE', *, *, #2286, .T. ) ;
#1555 = DIRECTION ( 'NONE',  ( 1.000000000000000000, 0.000000000000000000, 0.000000000000000000 ) ) ;
#1556 = DIRECTION ( 'NONE',  ( 0.000000000000000000, 0.000000000000000000, -1.000000000000000000 ) ) ;
#1557 = DIRECTION ( 'NONE',  ( 0.000000000000000000, 0.000000000000000000, -1.000000000000000000 ) ) ;
#1558 = ORIENTED_EDGE ( 'NONE', *, *, #445, .T. ) ;
#1559 = VERTEX_POINT ( 'NONE', #1241 ) ;
#1560 = DIRECTION ( 'NONE',  ( 0.000000000000000000, 1.000000000000000000, 0.000000000000000000 ) ) ;
#1561 = DIRECTION ( 'NONE',  ( 1.000000000000000000, 0.000000000000000000, 0.000000000000000000 ) ) ;
#1562 = EDGE_CURVE ( 'NONE', #1352, #2104, #3612, .T. ) ;
#1563 = ORIENTED_EDGE ( 'NONE', *, *, #671, .F. ) ;
#1564 = DIRECTION ( 'NONE',  ( 0.000000000000000000, 0.000000000000000000, -1.000000000000000000 ) ) ;
#1565 = ADVANCED_FACE ( 'NONE', ( #896 ), #1713, .F. ) ;
#1566 = DIRECTION ( 'NONE',  ( 0.000000000000000000, 0.000000000000000000, -1.000000000000000000 ) ) ;
#1567 = ORIENTED_EDGE ( 'NONE', *, *, #3099, .F. ) ;
#1568 = CARTESIAN_POINT ( 'NONE',  ( -187.9725031612594819, 36.60295841433605801, 1.000000000000000000 ) ) ;
#1569 = LINE ( 'NONE', #4282, #711 ) ;
#1570 = ORIENTED_EDGE ( 'NONE', *, *, #3775, .F. ) ;
#1571 = PLANE ( 'NONE',  #361 ) ;
#1572 = EDGE_CURVE ( 'NONE', #3251, #2859, #4670, .T. ) ;
#1573 = CARTESIAN_POINT ( 'NONE',  ( -174.5236816406250000, 44.03197860717774859, 1.600000000000000089 ) ) ;
#1574 = DIRECTION ( 'NONE',  ( -0.000000000000000000, 1.000000000000000000, 0.000000000000000000 ) ) ;
#1575 = DIRECTION ( 'NONE',  ( 1.000000000000000000, 0.000000000000000000, 0.000000000000000000 ) ) ;
#1576 = CARTESIAN_POINT ( 'NONE',  ( 0.000000000000000000, 0.000000000000000000, 1.000000000000000000 ) ) ;
#1577 = ORIENTED_EDGE ( 'NONE', *, *, #3925, .F. ) ;
#1578 = DIRECTION ( 'NONE',  ( 1.000000000000000000, 0.000000000000000000, 0.000000000000000000 ) ) ;
#1579 = LINE ( 'NONE', #2685, #686 ) ;
#1580 = DIRECTION ( 'NONE',  ( 1.000000000000000000, 0.000000000000000000, 0.000000000000000000 ) ) ;
#1581 = ORIENTED_EDGE ( 'NONE', *, *, #2206, .T. ) ;
#1582 = ORIENTED_EDGE ( 'NONE', *, *, #2828, .T. ) ;
#1583 = LINE ( 'NONE', #1948, #4896 ) ;
#1584 =( NAMED_UNIT ( * ) SI_UNIT ( $, .STERADIAN. ) SOLID_ANGLE_UNIT ( ) );
#1585 = PRODUCT_CONTEXT ( 'NONE', #897, 'mechanical' ) ;
#1586 = VECTOR ( 'NONE', #3889, 1000.000000000000000 ) ;
#1587 = ORIENTED_EDGE ( 'NONE', *, *, #1708, .T. ) ;
#1588 = VECTOR ( 'NONE', #1787, 1000.000000000000000 ) ;
#1589 = LINE ( 'NONE', #846, #366 ) ;
#1590 = AXIS2_PLACEMENT_3D ( 'NONE', #1025, #2671, #652 ) ;
#1591 = ORIENTED_EDGE ( 'NONE', *, *, #1636, .T. ) ;
#1593 = ADVANCED_FACE ( 'NONE', ( #1302 ), #4366, .F. ) ;
#1592 = VECTOR ( 'NONE', #2489, 1000.000000000000000 ) ;
#1594 = EDGE_LOOP ( 'NONE', ( #538, #3440, #2255, #314, #2291, #2344 ) ) ;
#1595 = ORIENTED_EDGE ( 'NONE', *, *, #1348, .T. ) ;
#1596 = PLANE ( 'NONE',  #4496 ) ;
#1597 = AXIS2_PLACEMENT_3D ( 'NONE', #4087, #663, #4494 ) ;
#1598 = VERTEX_POINT ( 'NONE', #915 ) ;
#1599 = LINE ( 'NONE', #3559, #3286 ) ;
#1600 = AXIS2_PLACEMENT_3D ( 'NONE', #1605, #1574, #3787 ) ;
#1601 = VECTOR ( 'NONE', #1779, 1000.000000000000000 ) ;
#1602 = AXIS2_PLACEMENT_3D ( 'NONE', #3140, #539, #2485 ) ;
#1603 = CARTESIAN_POINT ( 'NONE',  ( -174.5577392578125000, 39.46781539916995030, 1.600000000000000089 ) ) ;
#1604 = EDGE_CURVE ( 'NONE', #4527, #4677, #2040, .T. ) ;
#1605 = CARTESIAN_POINT ( 'NONE',  ( -173.6486816406250000, 42.55197906494139914, 1.500000000000000000 ) ) ;
#1606 = CARTESIAN_POINT ( 'NONE',  ( -173.5736694335939774, 42.52197647094725141, 1.600000000000000089 ) ) ;
#1607 = DIRECTION ( 'NONE',  ( 0.000000000000000000, 0.000000000000000000, -1.000000000000000000 ) ) ;
#1608 = MECHANICAL_DESIGN_GEOMETRIC_PRESENTATION_REPRESENTATION (  '', ( #4652 ), #3288 ) ;
#1609 = ORIENTED_EDGE ( 'NONE', *, *, #3473, .F. ) ;
#1610 = DIRECTION ( 'NONE',  ( 0.000000000000000000, -1.000000000000000000, 0.000000000000000000 ) ) ;
#1611 = VECTOR ( 'NONE', #3742, 1000.000000000000000 ) ;
#1612 = FACE_OUTER_BOUND ( 'NONE', #3422, .T. ) ;
#1613 = CLOSED_SHELL ( 'NONE', ( #4022, #1324, #703, #3967, #3276, #2372 ) ) ;
#1614 = ADVANCED_FACE ( 'NONE', ( #4771 ), #2861, .F. ) ;
#1615 = CARTESIAN_POINT ( 'NONE',  ( -172.4527587890625000, 38.48781585693359375, 1.000000000000000000 ) ) ;
#1616 = EDGE_LOOP ( 'NONE', ( #1896, #3815, #2240, #3711, #1217, #552 ) ) ;
#1617 = ORIENTED_EDGE ( 'NONE', *, *, #1906, .F. ) ;
#1618 = DIRECTION ( 'NONE',  ( 0.000000000000000000, 0.000000000000000000, 1.000000000000000000 ) ) ;
#1619 =( NAMED_UNIT ( * ) PLANE_ANGLE_UNIT ( ) SI_UNIT ( $, .RADIAN. ) );
#1620 = VECTOR ( 'NONE', #2613, 1000.000000000000000 ) ;
#1621 = AXIS2_PLACEMENT_3D ( 'NONE', #4583, #4123, #1133 ) ;
#1622 = ORIENTED_EDGE ( 'NONE', *, *, #3336, .F. ) ;
#1623 = LINE ( 'NONE', #824, #540 ) ;
#1624 = SURFACE_SIDE_STYLE ('',( #3626 ) ) ;
#1625 = ORIENTED_EDGE ( 'NONE', *, *, #3962, .F. ) ;
#1626 = VERTEX_POINT ( 'NONE', #4291 ) ;
#1627 = PLANE ( 'NONE',  #154 ) ;
#1628 = CARTESIAN_POINT ( 'NONE',  ( -171.5867309570315058, 43.50197601318360086, 1.500000000000000000 ) ) ;
#1629 = CARTESIAN_POINT ( 'NONE',  ( -188.9725040665575193, 40.14691954139435381, 1.000000000000000000 ) ) ;
#1630 = ADVANCED_FACE ( 'NONE', ( #2387 ), #4440, .T. ) ;
#1631 = DIRECTION ( 'NONE',  ( 1.000000000000000000, 0.000000000000000000, 0.000000000000000000 ) ) ;
#1632 = CARTESIAN_POINT ( 'NONE',  ( -174.5577392578125000, 38.45781326293945312, 1.600000000000000089 ) ) ;
#1633 = CARTESIAN_POINT ( 'NONE',  ( -171.5752667234459921, 37.95781326293945312, 1.600000000000000089 ) ) ;
#1634 = EDGE_LOOP ( 'NONE', ( #99, #647, #2231, #4250 ) ) ;
#1635 = FACE_BOUND ( 'NONE', #1911, .T. ) ;
#1636 = EDGE_CURVE ( 'NONE', #4021, #876, #2407, .T. ) ;
#1637 = CARTESIAN_POINT ( 'NONE',  ( -174.5236816406250000, 42.52197647094725141, 1.600000000000000089 ) ) ;
#1638 = CARTESIAN_POINT ( 'NONE',  ( -174.5577392578125000, 38.45781326293945312, 1.600000000000000089 ) ) ;
#1639 = ORIENTED_EDGE ( 'NONE', *, *, #4690, .F. ) ;
#1640 = ORIENTED_EDGE ( 'NONE', *, *, #2123, .F. ) ;
#1641 = DIRECTION ( 'NONE',  ( 0.000000000000000000, 0.000000000000000000, -1.000000000000000000 ) ) ;
#1642 = DIRECTION ( 'NONE',  ( 0.000000000000000000, -1.000000000000000000, 0.000000000000000000 ) ) ;
#1643 = EDGE_CURVE ( 'NONE', #3795, #2021, #1346, .T. ) ;
#1644 = DIRECTION ( 'NONE',  ( 1.000000000000000000, 0.000000000000000000, 0.000000000000000000 ) ) ;
#1645 = ORIENTED_EDGE ( 'NONE', *, *, #4457, .F. ) ;
#1646 = ORIENTED_EDGE ( 'NONE', *, *, #2444, .T. ) ;
#1647 = CARTESIAN_POINT ( 'NONE',  ( -173.5736694335939774, 42.52197647094725141, 1.600000000000000089 ) ) ;
#1648 = LINE ( 'NONE', #1728, #476 ) ;
#1649 = DIRECTION ( 'NONE',  ( 0.000000000000000000, 0.000000000000000000, 1.000000000000000000 ) ) ;
#1650 = SURFACE_STYLE_USAGE ( .BOTH. , #2437 ) ;
#1651 = DIRECTION ( 'NONE',  ( -1.000000000000000000, 0.000000000000000000, 0.000000000000000000 ) ) ;
#1652 = CARTESIAN_POINT ( 'NONE',  ( -175.8350059006889978, 43.89500045776365056, 1.175000000000000044 ) ) ;
#1653 = DIRECTION ( 'NONE',  ( 0.000000000000000000, 1.000000000000000000, 0.000000000000000000 ) ) ;
#1654 = ADVANCED_FACE ( 'NONE', ( #4034 ), #1399, .T. ) ;
#1655 = ORIENTED_EDGE ( 'NONE', *, *, #2251, .T. ) ;
#1656 = FACE_BOUND ( 'NONE', #2914, .T. ) ;
#1657 = CARTESIAN_POINT ( 'NONE',  ( -160.1180185741539788, 45.94234061952019488, 0.000000000000000000 ) ) ;
#1658 = DIRECTION ( 'NONE',  ( 0.000000000000000000, 1.000000000000000000, 0.000000000000000000 ) ) ;
#1659 = ORIENTED_EDGE ( 'NONE', *, *, #946, .T. ) ;
#1660 = ADVANCED_FACE ( 'NONE', ( #1452 ), #4893, .F. ) ;
#1661 = ORIENTED_EDGE ( 'NONE', *, *, #3804, .T. ) ;
#1662 = CARTESIAN_POINT ( 'NONE',  ( -161.1180176613555091, 45.94234061952019488, 1.000000000000000000 ) ) ;
#1663 = ORIENTED_EDGE ( 'NONE', *, *, #3189, .T. ) ;
#1664 = CARTESIAN_POINT ( 'NONE',  ( -176.6439208984375000, 37.95781326293945312, 1.000000000000000000 ) ) ;
#1665 = DIRECTION ( 'NONE',  ( -1.000000000000000000, 0.000000000000000000, 0.000000000000000000 ) ) ;
#1667 = EDGE_CURVE ( 'NONE', #1522, #1309, #3685, .T. ) ;
#1666 = AXIS2_PLACEMENT_3D ( 'NONE', #2313, #4566, #1914 ) ;
#1668 = EDGE_CURVE ( 'NONE', #2619, #4404, #2181, .T. ) ;
#1669 =( GEOMETRIC_REPRESENTATION_CONTEXT ( 3 ) GLOBAL_UNCERTAINTY_ASSIGNED_CONTEXT ( ( #2876 ) ) GLOBAL_UNIT_ASSIGNED_CONTEXT ( ( #1759, #2585, #3659 ) ) REPRESENTATION_CONTEXT ( 'NONE', 'WORKASPACE' ) );
#1670 = ORIENTED_EDGE ( 'NONE', *, *, #4227, .T. ) ;
#1671 = EDGE_CURVE ( 'NONE', #1598, #2574, #4820, .T. ) ;
#1672 = EDGE_LOOP ( 'NONE', ( #764, #4426, #1301, #3601 ) ) ;
#1673 = UNCERTAINTY_MEASURE_WITH_UNIT (LENGTH_MEASURE( 1.000000000000000082E-05 ), #417, 'distance_accuracy_value', 'NONE');
#1674 = CARTESIAN_POINT ( 'NONE',  ( -176.5689086914064774, 38.48781585693359375, 1.500000000000000000 ) ) ;
#1675 = FACE_OUTER_BOUND ( 'NONE', #2654, .T. ) ;
#1676 = VECTOR ( 'NONE', #832, 1000.000000000000000 ) ;
#1677 =( GEOMETRIC_REPRESENTATION_CONTEXT ( 3 ) GLOBAL_UNCERTAINTY_ASSIGNED_CONTEXT ( ( #1673 ) ) GLOBAL_UNIT_ASSIGNED_CONTEXT ( ( #417, #3040, #1584 ) ) REPRESENTATION_CONTEXT ( 'NONE', 'WORKASPACE' ) );
#1678 = AXIS2_PLACEMENT_3D ( 'NONE', #4211, #3468, #4977 ) ;
#1679 = SURFACE_STYLE_USAGE ( .BOTH. , #2834 ) ;
#1680 = STYLED_ITEM ( 'NONE', ( #643 ), #1420 ) ;
#1681 = FACE_OUTER_BOUND ( 'NONE', #2766, .T. ) ;
#1682 = CARTESIAN_POINT ( 'NONE',  ( -160.1180093176625121, 33.90877213949594449, 1.000000000000000000 ) ) ;
#1683 = CARTESIAN_POINT ( 'NONE',  ( -172.5277709960939774, 39.96781539916995030, 1.600000000000000089 ) ) ;
#1684 = EDGE_LOOP ( 'NONE', ( #284, #2604, #4881, #3238 ) ) ;
#1685 = DIRECTION ( 'NONE',  ( 0.000000000000000000, 0.000000000000000000, -1.000000000000000000 ) ) ;
#1686 = CIRCLE ( 'NONE', #4330, 0.6749994285282778783 ) ;
#1687 = VECTOR ( 'NONE', #3912, 1000.000000000000000 ) ;
#1688 = LINE ( 'NONE', #2421, #1912 ) ;
#1689 = STYLED_ITEM ( 'NONE', ( #1295 ), #4595 ) ;
#1690 = FACE_OUTER_BOUND ( 'NONE', #4136, .T. ) ;
#1691 = ORIENTED_EDGE ( 'NONE', *, *, #4610, .F. ) ;
#1692 = ORIENTED_EDGE ( 'NONE', *, *, #3493, .T. ) ;
#1693 =( NAMED_UNIT ( * ) SI_UNIT ( $, .STERADIAN. ) SOLID_ANGLE_UNIT ( ) );
#1694 = AXIS2_PLACEMENT_3D ( 'NONE', #2827, #3996, #527 ) ;
#1695 = EDGE_CURVE ( 'NONE', #973, #189, #982, .T. ) ;
#1696 = DIRECTION ( 'NONE',  ( 1.000000000000000000, 0.000000000000000000, 0.000000000000000000 ) ) ;
#1697 = CARTESIAN_POINT ( 'NONE',  ( -172.4617309570314774, 43.53197860717774859, 1.000000000000000000 ) ) ;
#1698 = CARTESIAN_POINT ( 'NONE',  ( -171.5117187500000000, 42.52197647094725141, 1.600000000000000089 ) ) ;
#1699 = VECTOR ( 'NONE', #1969, 1000.000000000000000 ) ;
#1700 = ORIENTED_EDGE ( 'NONE', *, *, #3442, .F. ) ;
#1701 = DIRECTION ( 'NONE',  ( 0.000000000000000000, 1.000000000000000000, 0.000000000000000000 ) ) ;
#1702 = CIRCLE ( 'NONE', #2174, 0.6749996435091443203 ) ;
#1703 = EDGE_CURVE ( 'NONE', #1181, #672, #4051, .T. ) ;
#1704 = ORIENTED_EDGE ( 'NONE', *, *, #4645, .F. ) ;
#1705 = VERTEX_POINT ( 'NONE', #3730 ) ;
#1706 = CARTESIAN_POINT ( 'NONE',  ( -176.6439208984375000, 37.95781326293945312, 1.600000000000000089 ) ) ;
#1707 = FILL_AREA_STYLE ('',( #3651 ) ) ;
#1708 = EDGE_CURVE ( 'NONE', #3097, #2961, #3331, .T. ) ;
#1709 = CARTESIAN_POINT ( 'NONE',  ( -176.3679046630859943, 43.55095183099730605, 1.000000000000000000 ) ) ;
#1710 = LINE ( 'NONE', #4767, #2103 ) ;
#1711 = DIRECTION ( 'NONE',  ( 0.000000000000000000, 0.000000000000000000, -1.000000000000000000 ) ) ;
#1712 = ORIENTED_EDGE ( 'NONE', *, *, #4860, .T. ) ;
#1713 = CYLINDRICAL_SURFACE ( 'NONE', #2721, 0.7499994612809868233 ) ;
#1714 = DIRECTION ( 'NONE',  ( -1.000000000000000000, 0.000000000000000000, 0.000000000000000000 ) ) ;
#1715 = DIRECTION ( 'NONE',  ( 0.000000000000000000, 0.000000000000000000, 1.000000000000000000 ) ) ;
#1716 = VERTEX_POINT ( 'NONE', #4865 ) ;
#1717 = ORIENTED_EDGE ( 'NONE', *, *, #1792, .F. ) ;
#1718 = LINE ( 'NONE', #3572, #459 ) ;
#1719 = ORIENTED_EDGE ( 'NONE', *, *, #2790, .T. ) ;
#1720 = DIRECTION ( 'NONE',  ( 1.000000000000000000, 0.000000000000000000, 0.000000000000000000 ) ) ;
#1721 = CARTESIAN_POINT ( 'NONE',  ( -176.3679046630859943, 43.55095183099730605, 1.000000000000000000 ) ) ;
#1722 = EDGE_LOOP ( 'NONE', ( #2270, #1570, #2377, #4423 ) ) ;
#1723 = FILL_AREA_STYLE ('',( #4759 ) ) ;
#1724 = PRODUCT_DEFINITION ( 'UNKNOWN', '', #1036, #3533 ) ;
#1725 = ORIENTED_EDGE ( 'NONE', *, *, #4324, .T. ) ;
#1726 = ORIENTED_EDGE ( 'NONE', *, *, #19, .T. ) ;
#1727 = CARTESIAN_POINT ( 'NONE',  ( -172.4527587890625000, 39.43781280517579546, 1.000000000000000000 ) ) ;
#1728 = CARTESIAN_POINT ( 'NONE',  ( -172.4617309570314774, 42.02197647094729405, 1.600000000000000089 ) ) ;
#1729 = EDGE_CURVE ( 'NONE', #1978, #3873, #3708, .T. ) ;
#1730 = DIRECTION ( 'NONE',  ( 0.000000000000000000, 1.000000000000000000, 0.000000000000000000 ) ) ;
#1731 = CARTESIAN_POINT ( 'NONE',  ( -187.9725036621095171, 43.55812069639190298, 1.000000000000000000 ) ) ;
#1732 = CARTESIAN_POINT ( 'NONE',  ( -172.5277709960939774, 39.96781539916995030, 1.000000000000000000 ) ) ;
#1733 = ORIENTED_EDGE ( 'NONE', *, *, #3400, .T. ) ;
#1735 = ADVANCED_FACE ( 'NONE', ( #4486 ), #2131, .F. ) ;
#1734 = FACE_OUTER_BOUND ( 'NONE', #3528, .T. ) ;
#1736 = EDGE_CURVE ( 'NONE', #3629, #2789, #2162, .T. ) ;
#1737 = DIRECTION ( 'NONE',  ( 1.000000000000000000, 0.000000000000000000, 0.000000000000000000 ) ) ;
#1738 = LINE ( 'NONE', #4672, #3194 ) ;
#1739 = CARTESIAN_POINT ( 'NONE',  ( -175.6619873046875000, 34.87976136882910083, 1.826571335919620065 ) ) ;
#1740 = VERTEX_POINT ( 'NONE', #2154 ) ;
#1741 = ORIENTED_EDGE ( 'NONE', *, *, #1474, .F. ) ;
#1742 = LINE ( 'NONE', #874, #3523 ) ;
#1743 = DIRECTION ( 'NONE',  ( 0.000000000000000000, 0.000000000000000000, -1.000000000000000000 ) ) ;
#1744 = EDGE_LOOP ( 'NONE', ( #3625, #1814, #4963, #4697 ) ) ;
#1745 = FACE_OUTER_BOUND ( 'NONE', #4755, .T. ) ;
#1746 = ORIENTED_EDGE ( 'NONE', *, *, #2700, .F. ) ;
#1747 = LINE ( 'NONE', #996, #1360 ) ;
#1748 = AXIS2_PLACEMENT_3D ( 'NONE', #4946, #1534, #1144 ) ;
#1749 = EDGE_CURVE ( 'NONE', #2111, #3673, #1021, .T. ) ;
#1750 = PLANE ( 'NONE',  #3825 ) ;
#1751 = VECTOR ( 'NONE', #3615, 1000.000000000000000 ) ;
#1752 = DIRECTION ( 'NONE',  ( 0.000000000000000000, 0.000000000000000000, -1.000000000000000000 ) ) ;
#1753 = ORIENTED_EDGE ( 'NONE', *, *, #4067, .T. ) ;
#1754 = CARTESIAN_POINT ( 'NONE',  ( -183.7859344482419885, 43.94128417968750000, 3.409999999999999698 ) ) ;
#1755 = DIRECTION ( 'NONE',  ( 1.000000000000000000, 0.000000000000000000, 0.000000000000000000 ) ) ;
#1756 = AXIS2_PLACEMENT_3D ( 'NONE', #4655, #96, #1644 ) ;
#1757 =( GEOMETRIC_REPRESENTATION_CONTEXT ( 3 ) GLOBAL_UNCERTAINTY_ASSIGNED_CONTEXT ( ( #3932 ) ) GLOBAL_UNIT_ASSIGNED_CONTEXT ( ( #1062, #4130, #684 ) ) REPRESENTATION_CONTEXT ( 'NONE', 'WORKASPACE' ) );
#1758 = EDGE_CURVE ( 'NONE', #1292, #1961, #229, .T. ) ;
#1759 =( LENGTH_UNIT ( ) NAMED_UNIT ( * ) SI_UNIT ( .MILLI., .METRE. ) );
#1760 = FACE_BOUND ( 'NONE', #4114, .T. ) ;
#1761 = EDGE_LOOP ( 'NONE', ( #4500, #648, #3808, #113 ) ) ;
#1762 = VECTOR ( 'NONE', #3770, 1000.000000000000000 ) ;
#1763 = ORIENTED_EDGE ( 'NONE', *, *, #2376, .T. ) ;
#1764 = FILL_AREA_STYLE_COLOUR ( '', #549 ) ;
#1765 = VECTOR ( 'NONE', #160, 1000.000000000000000 ) ;
#1766 = EDGE_CURVE ( 'NONE', #4220, #195, #4102, .T. ) ;
#1767 = AXIS2_PLACEMENT_3D ( 'NONE', #3477, #508, #4708 ) ;
#1768 = PLANE ( 'NONE',  #3924 ) ;
#1769 = AXIS2_PLACEMENT_3D ( 'NONE', #4093, #2940, #4167 ) ;
#1770 = CARTESIAN_POINT ( 'NONE',  ( -162.8196242285185065, 38.08140389644134416, 0.000000000000000000 ) ) ;
#1771 = ORIENTED_EDGE ( 'NONE', *, *, #3314, .F. ) ;
#1772 = DIRECTION ( 'NONE',  ( 0.000000000000000000, 0.000000000000000000, -1.000000000000000000 ) ) ;
#1773 = CARTESIAN_POINT ( 'NONE',  ( -190.1028733519355001, 35.11380527195875345, 0.000000000000000000 ) ) ;
#1774 = STYLED_ITEM ( 'NONE', ( #47 ), #4555 ) ;
#1775 = AXIS2_PLACEMENT_3D ( 'NONE', #1576, #2660, #4289 ) ;
#1776 = ORIENTED_EDGE ( 'NONE', *, *, #88, .F. ) ;
#1777 = AXIS2_PLACEMENT_3D ( 'NONE', #2122, #974, #3269 ) ;
#1778 = VECTOR ( 'NONE', #1375, 1000.000000000000000 ) ;
#1779 = DIRECTION ( 'NONE',  ( 0.000000000000000000, 0.000000000000000000, -1.000000000000000000 ) ) ;
#1780 = DIRECTION ( 'NONE',  ( 0.000000000000000000, 0.000000000000000000, 1.000000000000000000 ) ) ;
#1781 = CARTESIAN_POINT ( 'NONE',  ( -176.6439208984375000, 37.95781326293945312, 1.000000000000000000 ) ) ;
#1782 = DIRECTION ( 'NONE',  ( 0.000000000000000000, 0.000000000000000000, -1.000000000000000000 ) ) ;
#1783 = ORIENTED_EDGE ( 'NONE', *, *, #2212, .T. ) ;
#1784 = CYLINDRICAL_SURFACE ( 'NONE', #1520, 0.7942159429951758387 ) ;
#1785 = LINE ( 'NONE', #4842, #4073 ) ;
#1786 = EDGE_CURVE ( 'NONE', #3203, #1598, #1785, .T. ) ;
#1787 = DIRECTION ( 'NONE',  ( -1.000000000000000000, 0.000000000000000000, 0.000000000000000000 ) ) ;
#1788 = DIRECTION ( 'NONE',  ( -1.000000000000000000, 0.000000000000000000, 0.000000000000000000 ) ) ;
#1789 = PLANE ( 'NONE',  #4013 ) ;
#1790 = EDGE_LOOP ( 'NONE', ( #2683, #584, #3396, #499 ) ) ;
#1791 =( LENGTH_UNIT ( ) NAMED_UNIT ( * ) SI_UNIT ( .MILLI., .METRE. ) );
#1792 = EDGE_CURVE ( 'NONE', #656, #4944, #301, .T. ) ;
#1793 = DIRECTION ( 'NONE',  ( 1.000000000000000000, 0.000000000000000000, 0.000000000000000000 ) ) ;
#1794 = DIRECTION ( 'NONE',  ( 0.000000000000000000, 1.000000000000000000, 0.000000000000000000 ) ) ;
#1795 = EDGE_LOOP ( 'NONE', ( #3441, #2502, #1432, #902 ) ) ;
#1796 = DIRECTION ( 'NONE',  ( 0.000000000000000000, 0.000000000000000000, 1.000000000000000000 ) ) ;
#1797 = PLANE ( 'NONE',  #1777 ) ;
#1798 = EDGE_CURVE ( 'NONE', #1259, #3966, #4919, .T. ) ;
#1799 = ORIENTED_EDGE ( 'NONE', *, *, #2349, .F. ) ;
#1800 = CARTESIAN_POINT ( 'NONE',  ( -173.6827392578125000, 39.43781280517579546, 1.500000000000000000 ) ) ;
#1801 = CARTESIAN_POINT ( 'NONE',  ( -171.5117187500000000, 44.03197860717774859, 1.600000000000000089 ) ) ;
#1802 = CARTESIAN_POINT ( 'NONE',  ( -182.5956726074220171, 45.51155471801759944, 1.550000000000000044 ) ) ;
#1803 = CARTESIAN_POINT ( 'NONE',  ( -177.9556732177734943, 45.10741043090819602, 1.550000000000000044 ) ) ;
#1804 = ORIENTED_EDGE ( 'NONE', *, *, #2119, .F. ) ;
#1805 = DIRECTION ( 'NONE',  ( 0.000000000000000000, -1.000000000000000000, 0.000000000000000000 ) ) ;
#1806 = DIRECTION ( 'NONE',  ( 1.000000000000000000, 0.000000000000000000, 0.000000000000000000 ) ) ;
#1807 = LINE ( 'NONE', #4922, #63 ) ;
#1808 = LINE ( 'NONE', #3692, #4821 ) ;
#1809 = ORIENTED_EDGE ( 'NONE', *, *, #256, .F. ) ;
#1810 = LINE ( 'NONE', #1011, #2239 ) ;
#1811 = PLANE ( 'NONE',  #2486 ) ;
#1812 = EDGE_CURVE ( 'NONE', #1376, #1740, #3013, .T. ) ;
#1813 = CARTESIAN_POINT ( 'NONE',  ( -188.4725043451020099, 43.55812069639190298, 0.000000000000000000 ) ) ;
#1814 = ORIENTED_EDGE ( 'NONE', *, *, #762, .T. ) ;
#1815 = ORIENTED_EDGE ( 'NONE', *, *, #1474, .T. ) ;
#1816 = CARTESIAN_POINT ( 'NONE',  ( -190.1028733519355001, 35.11380527195875345, 1.000000000000000000 ) ) ;
#1817 = CARTESIAN_POINT ( 'NONE',  ( -176.5689086914064774, 39.43781280517579546, 1.000000000000000000 ) ) ;
#1818 = EDGE_LOOP ( 'NONE', ( #2152, #3948 ) ) ;
#1819 = EDGE_CURVE ( 'NONE', #4730, #828, #1925, .T. ) ;
#1820 = EDGE_CURVE ( 'NONE', #3494, #3097, #4853, .T. ) ;
#1821 = UNCERTAINTY_MEASURE_WITH_UNIT (LENGTH_MEASURE( 1.000000000000000082E-05 ), #3418, 'distance_accuracy_value', 'NONE');
#1822 = DIRECTION ( 'NONE',  ( 0.000000000000000000, 0.000000000000000000, 1.000000000000000000 ) ) ;
#1823 = DIRECTION ( 'NONE',  ( 0.000000000000000000, 0.000000000000000000, 1.000000000000000000 ) ) ;
#1824 = ADVANCED_FACE ( 'NONE', ( #4832 ), #4877, .F. ) ;
#1825 = CARTESIAN_POINT ( 'NONE',  ( -183.2956695556640057, 44.16978185416449776, 1.550000000000000044 ) ) ;
#1826 = DIRECTION ( 'NONE',  ( 0.000000000000000000, 1.000000000000000000, 0.000000000000000000 ) ) ;
#1827 = ORIENTED_EDGE ( 'NONE', *, *, #2280, .F. ) ;
#1829 = CARTESIAN_POINT ( 'NONE',  ( -176.0271116182134961, 42.23183229146774664, 1.000000000000000000 ) ) ;
#1828 = CIRCLE ( 'NONE', #198, 0.6749994285282778783 ) ;
#1830 = CARTESIAN_POINT ( 'NONE',  ( -161.1180114746095171, 33.90877213949594449, 1.000000000000000000 ) ) ;
#1831 =( GEOMETRIC_REPRESENTATION_CONTEXT ( 3 ) GLOBAL_UNCERTAINTY_ASSIGNED_CONTEXT ( ( #2378 ) ) GLOBAL_UNIT_ASSIGNED_CONTEXT ( ( #4718, #4389, #518 ) ) REPRESENTATION_CONTEXT ( 'NONE', 'WORKASPACE' ) );
#1832 = PRESENTATION_STYLE_ASSIGNMENT (( #2157 ) ) ;
#1833 = CARTESIAN_POINT ( 'NONE',  ( -172.4617309570314774, 44.03197860717774859, 1.600000000000000089 ) ) ;
#1834 = CARTESIAN_POINT ( 'NONE',  ( -176.6439208984375000, 38.45781326293945312, 1.600000000000000089 ) ) ;
#1835 = VERTEX_POINT ( 'NONE', #1845 ) ;
#1836 = ORIENTED_EDGE ( 'NONE', *, *, #2679, .F. ) ;
#1837 = DIRECTION ( 'NONE',  ( 1.000000000000000000, 0.000000000000000000, 0.000000000000000000 ) ) ;
#1838 = VECTOR ( 'NONE', #2397, 1000.000000000000000 ) ;
#1839 = VECTOR ( 'NONE', #3207, 1000.000000000000000 ) ;
#1840 = FACE_OUTER_BOUND ( 'NONE', #1381, .T. ) ;
#1841 = VECTOR ( 'NONE', #1580, 1000.000000000000000 ) ;
#1842 = DIRECTION ( 'NONE',  ( -0.000000000000000000, 1.000000000000000000, 0.000000000000000000 ) ) ;
#1843 = ORIENTED_EDGE ( 'NONE', *, *, #3374, .F. ) ;
#1844 = EDGE_LOOP ( 'NONE', ( #823, #4901, #1172, #1815 ) ) ;
#1845 = CARTESIAN_POINT ( 'NONE',  ( -176.6439208984375000, 38.45781326293945312, 1.600000000000000089 ) ) ;
#1846 = CARTESIAN_POINT ( 'NONE',  ( -183.7859344482419885, 38.49012028448694878, 3.409999999999999698 ) ) ;
#1848 = EDGE_CURVE ( 'NONE', #195, #4971, #1068, .T. ) ;
#1847 = VECTOR ( 'NONE', #645, 1000.000000000000000 ) ;
#1849 = AXIS2_PLACEMENT_3D ( 'NONE', #2113, #1610, #2761 ) ;
#1850 = ORIENTED_EDGE ( 'NONE', *, *, #2868, .T. ) ;
#1851 = PRESENTATION_LAYER_ASSIGNMENT (  '', '', ( #2326 ) ) ;
#1852 = CARTESIAN_POINT ( 'NONE',  ( -178.6556701660154829, 45.51155471801759944, 1.550000000000000044 ) ) ;
#1853 = PLANE ( 'NONE',  #3294 ) ;
#1854 = AXIS2_PLACEMENT_3D ( 'NONE', #4245, #391, #2885 ) ;
#1855 = EDGE_CURVE ( 'NONE', #3798, #2046, #782, .T. ) ;
#1856 = MECHANICAL_DESIGN_GEOMETRIC_PRESENTATION_REPRESENTATION (  '', ( #2573 ), #2494 ) ;
#1857 = AXIS2_PLACEMENT_3D ( 'NONE', #4183, #30, #4266 ) ;
#1858 = CARTESIAN_POINT ( 'NONE',  ( -176.2192173357375111, 43.89500045776365056, 1.000000000000000000 ) ) ;
#1859 = EDGE_LOOP ( 'NONE', ( #2783, #2820, #3556, #1661 ) ) ;
#1860 = AXIS2_PLACEMENT_3D ( 'NONE', #1466, #3701, #287 ) ;
#1861 = DIRECTION ( 'NONE',  ( 0.000000000000000000, 1.000000000000000000, 0.000000000000000000 ) ) ;
#1862 = AXIS2_PLACEMENT_3D ( 'NONE', #4746, #3136, #1575 ) ;
#1863 = EDGE_CURVE ( 'NONE', #934, #1181, #3719, .T. ) ;
#1864 = DIRECTION ( 'NONE',  ( 0.000000000000000000, 0.000000000000000000, -1.000000000000000000 ) ) ;
#1865 = FACE_BOUND ( 'NONE', #4469, .T. ) ;
#1866 = CARTESIAN_POINT ( 'NONE',  ( -173.6077270507814774, 39.96781539916995030, 1.600000000000000089 ) ) ;
#1867 = LINE ( 'NONE', #3789, #1369 ) ;
#1868 = EDGE_LOOP ( 'NONE', ( #850, #255, #4752, #3267, #2330, #1156 ) ) ;
#1869 = SURFACE_STYLE_FILL_AREA ( #3736 ) ;
#1870 = CARTESIAN_POINT ( 'NONE',  ( -175.6819458007815058, 42.61893523821424878, 1.175000000000000044 ) ) ;
#1871 = LINE ( 'NONE', #3393, #4004 ) ;
#1872 = FACE_OUTER_BOUND ( 'NONE', #2371, .T. ) ;
#1873 = VERTEX_POINT ( 'NONE', #3670 ) ;
#1874 = VERTEX_POINT ( 'NONE', #3700 ) ;
#1875 = CARTESIAN_POINT ( 'NONE',  ( -159.1619873046875000, 32.03639984130860086, 1.000000000000000000 ) ) ;
#1876 = CARTESIAN_POINT ( 'NONE',  ( -176.0271116182134961, 42.23183229146774664, 1.175000000000000044 ) ) ;
#1877 = VERTEX_POINT ( 'NONE', #1875 ) ;
#1878 = FACE_OUTER_BOUND ( 'NONE', #2423, .T. ) ;
#1879 = CARTESIAN_POINT ( 'NONE',  ( -188.9725054478934965, 36.60295841433605801, 1.000000000000000000 ) ) ;
#1880 = LINE ( 'NONE', #72, #1838 ) ;
#1881 = ADVANCED_FACE ( 'NONE', ( #1433 ), #3371, .F. ) ;
#1882 = ORIENTED_EDGE ( 'NONE', *, *, #4921, .T. ) ;
#1883 = CARTESIAN_POINT ( 'NONE',  ( -176.6439208984375000, 39.96781539916995030, 1.600000000000000089 ) ) ;
#1884 = ORIENTED_EDGE ( 'NONE', *, *, #4793, .T. ) ;
#1885 = DIRECTION ( 'NONE',  ( 1.000000000000000000, 0.000000000000000000, 0.000000000000000000 ) ) ;
#1886 = SURFACE_STYLE_USAGE ( .BOTH. , #735 ) ;
#1887 = ADVANCED_FACE ( 'NONE', ( #1047 ), #4931, .F. ) ;
#1888 = DIRECTION ( 'NONE',  ( 1.000000000000000000, 0.000000000000000000, 0.000000000000000000 ) ) ;
#1889 = CARTESIAN_POINT ( 'NONE',  ( -173.6077270507814774, 38.45781326293945312, 1.600000000000000089 ) ) ;
#1890 = CARTESIAN_POINT ( 'NONE',  ( -176.3679046630859943, 43.89500045776365056, 1.000000000000000000 ) ) ;
#1891 = ORIENTED_EDGE ( 'NONE', *, *, #3473, .T. ) ;
#1892 = CARTESIAN_POINT ( 'NONE',  ( -176.2192173357375111, 43.89500045776365056, 1.175000000000000044 ) ) ;
#1893 = CARTESIAN_POINT ( 'NONE',  ( -176.6439208984375000, 38.45781326293945312, 1.600000000000000089 ) ) ;
#1894 = PLANE ( 'NONE',  #4216 ) ;
#1895 = DIRECTION ( 'NONE',  ( 0.000000000000000000, 1.000000000000000000, 0.000000000000000000 ) ) ;
#1896 = ORIENTED_EDGE ( 'NONE', *, *, #4955, .T. ) ;
#1897 = EDGE_LOOP ( 'NONE', ( #3916, #1804, #4350, #1478 ) ) ;
#1898 = CARTESIAN_POINT ( 'NONE',  ( -160.9923261950864912, 38.64326855405789729, 1.000000000000000000 ) ) ;
#1899 = EDGE_LOOP ( 'NONE', ( #4373, #4805, #3167, #991 ) ) ;
#1900 = CARTESIAN_POINT ( 'NONE',  ( -175.6819458007815058, 43.89500045776365056, 1.000000000000000000 ) ) ;
#1901 = EDGE_LOOP ( 'NONE', ( #57, #3637, #1514, #162 ) ) ;
#1902 = DIRECTION ( 'NONE',  ( -0.7070890469892903152, 0.7071245149390432694, 0.000000000000000000 ) ) ;
#1903 = FACE_OUTER_BOUND ( 'NONE', #3291, .T. ) ;
#1904 = EDGE_LOOP ( 'NONE', ( #1075, #1975 ) ) ;
#1905 = DIRECTION ( 'NONE',  ( 0.000000000000000000, -1.000000000000000000, 0.000000000000000000 ) ) ;
#1906 = EDGE_CURVE ( 'NONE', #4950, #4165, #3445, .T. ) ;
#1907 = DIRECTION ( 'NONE',  ( 0.000000000000000000, 0.000000000000000000, -1.000000000000000000 ) ) ;
#1908 = VECTOR ( 'NONE', #1956, 1000.000000000000000 ) ;
#1909 = CARTESIAN_POINT ( 'NONE',  ( -162.1180136315564937, 33.90877213949594449, 1.000000000000000000 ) ) ;
#1910 = LINE ( 'NONE', #3027, #4169 ) ;
#1911 = EDGE_LOOP ( 'NONE', ( #3161, #4365 ) ) ;
#1913 = ADVANCED_FACE ( 'NONE', ( #1465 ), #4521, .F. ) ;
#1912 = VECTOR ( 'NONE', #2043, 1000.000000000000000 ) ;
#1914 = DIRECTION ( 'NONE',  ( 1.000000000000000000, 0.000000000000000000, 0.000000000000000000 ) ) ;
#1915 = DIRECTION ( 'NONE',  ( 0.000000000000000000, 0.000000000000000000, 1.000000000000000000 ) ) ;
#1916 = ORIENTED_EDGE ( 'NONE', *, *, #1470, .F. ) ;
#1917 = COLOUR_RGB ( '',0.7921568627450980005, 0.8196078431372548767, 0.9333333333333333481 ) ;
#1918 = ORIENTED_EDGE ( 'NONE', *, *, #1848, .T. ) ;
#1919 = ADVANCED_FACE ( 'NONE', ( #3397 ), #992, .F. ) ;
#1920 = VECTOR ( 'NONE', #143, 1000.000000000000000 ) ;
#1921 = VERTEX_POINT ( 'NONE', #1487 ) ;
#1922 = CARTESIAN_POINT ( 'NONE',  ( -173.6077270507814774, 39.46781539916995030, 1.600000000000000089 ) ) ;
#1923 = FACE_OUTER_BOUND ( 'NONE', #3543, .T. ) ;
#1924 = VECTOR ( 'NONE', #3710, 1000.000000000000000 ) ;
#1925 = CIRCLE ( 'NONE', #3766, 0.5000018548034224075 ) ;
#1926 = VERTEX_POINT ( 'NONE', #1093 ) ;
#1927 = VECTOR ( 'NONE', #1954, 1000.000000000000000 ) ;
#1928 = CIRCLE ( 'NONE', #1854, 0.5000011433170248321 ) ;
#1929 = ORIENTED_EDGE ( 'NONE', *, *, #4979, .T. ) ;
#1930 = CARTESIAN_POINT ( 'NONE',  ( -175.6819458007815058, 43.89500045776365056, 1.175000000000000044 ) ) ;
#1931 = EDGE_LOOP ( 'NONE', ( #4091, #3628, #147, #315 ) ) ;
#1932 = CARTESIAN_POINT ( 'NONE',  ( -170.8179168701169885, 36.49311828613280539, 1.000000000000000000 ) ) ;
#1933 = AXIS2_PLACEMENT_3D ( 'NONE', #3, #808, #1977 ) ;
#1934 = VECTOR ( 'NONE', #3237, 1000.000000000000000 ) ;
#1935 = LINE ( 'NONE', #4264, #4405 ) ;
#1936 = CARTESIAN_POINT ( 'NONE',  ( -176.4022369384765057, 43.54022216796875000, 1.500000000000000000 ) ) ;
#1937 = VECTOR ( 'NONE', #2857, 1000.000000000000000 ) ;
#1938 = DIRECTION ( 'NONE',  ( 1.000000000000000000, 0.000000000000000000, 0.000000000000000000 ) ) ;
#1939 = EDGE_CURVE ( 'NONE', #752, #3490, #2595, .T. ) ;
#1940 = ORIENTED_EDGE ( 'NONE', *, *, #424, .F. ) ;
#1941 =( LENGTH_UNIT ( ) NAMED_UNIT ( * ) SI_UNIT ( .MILLI., .METRE. ) );
#1942 = VECTOR ( 'NONE', #2194, 1000.000000000000000 ) ;
#1943 = LINE ( 'NONE', #12, #2699 ) ;
#1944 = CARTESIAN_POINT ( 'NONE',  ( -192.1619873046875000, 48.03639984130860086, 1.000000000000000000 ) ) ;
#1945 = VERTEX_POINT ( 'NONE', #4062 ) ;
#1946 = ADVANCED_FACE ( 'NONE', ( #3320 ), #1018, .F. ) ;
#1947 = VERTEX_POINT ( 'NONE', #649 ) ;
#1948 = CARTESIAN_POINT ( 'NONE',  ( -171.5777587890625000, 39.96781539916995030, 1.600000000000000089 ) ) ;
#1949 = ORIENTED_EDGE ( 'NONE', *, *, #916, .F. ) ;
#1950 = EDGE_CURVE ( 'NONE', #2605, #1705, #2193, .T. ) ;
#1951 = SURFACE_STYLE_FILL_AREA ( #40 ) ;
#1952 = ORIENTED_EDGE ( 'NONE', *, *, #3410, .F. ) ;
#1953 = CARTESIAN_POINT ( 'NONE',  ( 0.000000000000000000, 0.000000000000000000, 1.500000000000000000 ) ) ;
#1954 = DIRECTION ( 'NONE',  ( 0.000000000000000000, 0.000000000000000000, -1.000000000000000000 ) ) ;
#1955 = VERTEX_POINT ( 'NONE', #4663 ) ;
#1956 = DIRECTION ( 'NONE',  ( 0.000000000000000000, 0.000000000000000000, -1.000000000000000000 ) ) ;
#1957 = FACE_OUTER_BOUND ( 'NONE', #2814, .T. ) ;
#1958 = DIRECTION ( 'NONE',  ( 1.000000000000000000, 0.000000000000000000, 0.000000000000000000 ) ) ;
#1959 = DIRECTION ( 'NONE',  ( 1.000000000000000000, 0.000000000000000000, 0.000000000000000000 ) ) ;
#1960 = DIRECTION ( 'NONE',  ( 0.000000000000000000, 0.000000000000000000, -1.000000000000000000 ) ) ;
#1961 = VERTEX_POINT ( 'NONE', #888 ) ;
#1962 = DIRECTION ( 'NONE',  ( -1.000000000000000000, 0.000000000000000000, 0.000000000000000000 ) ) ;
#1963 = CARTESIAN_POINT ( 'NONE',  ( -174.5577392578125000, 39.96781539916995030, 1.600000000000000089 ) ) ;
#1964 = DIRECTION ( 'NONE',  ( 0.000000000000000000, -1.000000000000000000, 0.000000000000000000 ) ) ;
#1965 = ORIENTED_EDGE ( 'NONE', *, *, #2438, .F. ) ;
#1966 = ORIENTED_EDGE ( 'NONE', *, *, #604, .T. ) ;
#1967 = CARTESIAN_POINT ( 'NONE',  ( -171.5117187500000000, 43.53197860717774859, 1.600000000000000089 ) ) ;
#1968 = FILL_AREA_STYLE ('',( #2746 ) ) ;
#1969 = DIRECTION ( 'NONE',  ( -1.000000000000000000, 0.000000000000000000, 0.000000000000000000 ) ) ;
#1970 = ADVANCED_FACE ( 'NONE', ( #3130 ), #856, .F. ) ;
#1971 = ORIENTED_EDGE ( 'NONE', *, *, #1130, .F. ) ;
#1972 = CARTESIAN_POINT ( 'NONE',  ( -171.5117187500000000, 42.52197647094725141, 1.600000000000000089 ) ) ;
#1973 = EDGE_CURVE ( 'NONE', #1874, #3029, #1262, .T. ) ;
#1974 = ORIENTED_EDGE ( 'NONE', *, *, #3721, .T. ) ;
#1975 = ORIENTED_EDGE ( 'NONE', *, *, #2072, .F. ) ;
#1976 = CYLINDRICAL_SURFACE ( 'NONE', #2889, 0.5000006829925796037 ) ;
#1977 = DIRECTION ( 'NONE',  ( 1.000000000000000000, 0.000000000000000000, 0.000000000000000000 ) ) ;
#1978 = VERTEX_POINT ( 'NONE', #2805 ) ;
#1979 = CARTESIAN_POINT ( 'NONE',  ( -172.4527587890625000, 38.48781585693359375, 1.500000000000000000 ) ) ;
#1980 = EDGE_CURVE ( 'NONE', #1598, #2593, #1599, .T. ) ;
#1981 = LINE ( 'NONE', #1909, #1103 ) ;
#1982 = LINE ( 'NONE', #3508, #1373 ) ;
#1983 = FACE_OUTER_BOUND ( 'NONE', #400, .T. ) ;
#1984 = EDGE_LOOP ( 'NONE', ( #1882, #1464, #4682, #2776 ) ) ;
#1985 = LINE ( 'NONE', #718, #3839 ) ;
#1986 = FACE_OUTER_BOUND ( 'NONE', #1594, .T. ) ;
#1987 = DIRECTION ( 'NONE',  ( 0.000000000000000000, 0.000000000000000000, -1.000000000000000000 ) ) ;
#1988 = ORIENTED_EDGE ( 'NONE', *, *, #3806, .F. ) ;
#1989 = DIRECTION ( 'NONE',  ( 1.000000000000000000, 0.000000000000000000, 0.000000000000000000 ) ) ;
#1990 = AXIS2_PLACEMENT_3D ( 'NONE', #2301, #2331, #3857 ) ;
#1991 = ORIENTED_EDGE ( 'NONE', *, *, #3443, .F. ) ;
#1992 = FACE_OUTER_BOUND ( 'NONE', #4707, .T. ) ;
#1993 = PRESENTATION_LAYER_ASSIGNMENT (  '', '', ( #4800 ) ) ;
#1994 =( NAMED_UNIT ( * ) SI_UNIT ( $, .STERADIAN. ) SOLID_ANGLE_UNIT ( ) );
#1995 = EDGE_CURVE ( 'NONE', #2493, #4769, #4653, .T. ) ;
#1996 = VECTOR ( 'NONE', #297, 1000.000000000000000 ) ;
#1997 = MECHANICAL_DESIGN_GEOMETRIC_PRESENTATION_REPRESENTATION (  '', ( #4552 ), #777 ) ;
#1998 = ORIENTED_EDGE ( 'NONE', *, *, #4576, .T. ) ;
#1999 = CIRCLE ( 'NONE', #700, 0.7499994612809868233 ) ;
#2000 = VERTEX_POINT ( 'NONE', #4284 ) ;
#2001 = FILL_AREA_STYLE ('',( #3903 ) ) ;
#2002 = AXIS2_PLACEMENT_3D ( 'NONE', #2571, #2214, #4137 ) ;
#2004 = EDGE_CURVE ( 'NONE', #2285, #2205, #80, .T. ) ;
#2003 = DIRECTION ( 'NONE',  ( 0.000000000000000000, 0.000000000000000000, 1.000000000000000000 ) ) ;
#2005 = AXIS2_PLACEMENT_3D ( 'NONE', #4036, #543, #2090 ) ;
#2006 = AXIS2_PLACEMENT_3D ( 'NONE', #486, #4307, #886 ) ;
#2007 = VECTOR ( 'NONE', #4451, 1000.000000000000000 ) ;
#2008 = CARTESIAN_POINT ( 'NONE',  ( -174.5236816406250000, 42.52197647094725141, 1.000000000000000000 ) ) ;
#2009 = PLANE ( 'NONE',  #2324 ) ;
#2010 = DIRECTION ( 'NONE',  ( 1.000000000000000000, 0.000000000000000000, 0.000000000000000000 ) ) ;
#2011 = PLANE ( 'NONE',  #1857 ) ;
#2012 =( GEOMETRIC_REPRESENTATION_CONTEXT ( 3 ) GLOBAL_UNCERTAINTY_ASSIGNED_CONTEXT ( ( #449 ) ) GLOBAL_UNIT_ASSIGNED_CONTEXT ( ( #2435, #854, #2832 ) ) REPRESENTATION_CONTEXT ( 'NONE', 'WORKASPACE' ) );
#2013 = ORIENTED_EDGE ( 'NONE', *, *, #3845, .T. ) ;
#2014 = ADVANCED_FACE ( 'NONE', ( #488 ), #102, .F. ) ;
#2015 = PLANE ( 'NONE',  #1602 ) ;
#2016 = CIRCLE ( 'NONE', #1106, 0.7499994612809868233 ) ;
#2017 = CARTESIAN_POINT ( 'NONE',  ( -171.5752667234459921, 38.45781326293945312, 1.600000000000000089 ) ) ;
#2018 = CLOSED_SHELL ( 'NONE', ( #4016, #1404, #1382, #4703, #3648, #3657 ) ) ;
#2019 = LINE ( 'NONE', #4751, #295 ) ;
#2020 = VERTEX_POINT ( 'NONE', #1629 ) ;
#2021 = VERTEX_POINT ( 'NONE', #3156 ) ;
#2022 = DIRECTION ( 'NONE',  ( 0.000000000000000000, 0.000000000000000000, -1.000000000000000000 ) ) ;
#2023 = AXIS2_PLACEMENT_3D ( 'NONE', #2481, #4862, #912 ) ;
#2024 = ORIENTED_EDGE ( 'NONE', *, *, #2182, .F. ) ;
#2025 = LINE ( 'NONE', #3575, #2393 ) ;
#2026 = CARTESIAN_POINT ( 'NONE',  ( -189.3528711614624740, 45.12199774108519534, 0.000000000000000000 ) ) ;
#2027 = CARTESIAN_POINT ( 'NONE',  ( -175.7689208984375000, 39.43781280517579546, 1.500000000000000000 ) ) ;
#2028 = VERTEX_POINT ( 'NONE', #1235 ) ;
#2029 = VERTEX_POINT ( 'NONE', #2779 ) ;
#2030 = UNCERTAINTY_MEASURE_WITH_UNIT (LENGTH_MEASURE( 1.000000000000000082E-05 ), #1791, 'distance_accuracy_value', 'NONE');
#2031 = DIRECTION ( 'NONE',  ( 1.000000000000000000, 0.000000000000000000, 0.000000000000000000 ) ) ;
#2032 = PRESENTATION_STYLE_ASSIGNMENT (( #172 ) ) ;
#2033 = DIRECTION ( 'NONE',  ( 0.000000000000000000, 0.000000000000000000, -1.000000000000000000 ) ) ;
#2034 = ADVANCED_FACE ( 'NONE', ( #3180 ), #4709, .F. ) ;
#2035 = CARTESIAN_POINT ( 'NONE',  ( -174.4827270507815058, 39.43781280517579546, 1.500000000000000000 ) ) ;
#2036 = DIRECTION ( 'NONE',  ( 0.000000000000000000, -1.000000000000000000, 0.000000000000000000 ) ) ;
#2037 = DIRECTION ( 'NONE',  ( 0.000000000000000000, 0.000000000000000000, -1.000000000000000000 ) ) ;
#2038 = CARTESIAN_POINT ( 'NONE',  ( -177.9556732177734943, 45.10741043090819602, 1.000000000000000000 ) ) ;
#2039 = ORIENTED_EDGE ( 'NONE', *, *, #2607, .F. ) ;
#2040 = LINE ( 'NONE', #2462, #2245 ) ;
#2041 = EDGE_CURVE ( 'NONE', #4929, #1955, #1928, .T. ) ;
#2042 = EDGE_CURVE ( 'NONE', #876, #4021, #2965, .T. ) ;
#2043 = DIRECTION ( 'NONE',  ( 1.000000000000000000, 0.000000000000000000, 0.000000000000000000 ) ) ;
#2044 = CARTESIAN_POINT ( 'NONE',  ( -175.7689208984375000, 38.48781585693359375, 1.500000000000000000 ) ) ;
#2045 = VERTEX_POINT ( 'NONE', #1168 ) ;
#2046 = VERTEX_POINT ( 'NONE', #766 ) ;
#2047 = SURFACE_STYLE_FILL_AREA ( #501 ) ;
#2048 = EDGE_CURVE ( 'NONE', #1376, #4592, #1583, .T. ) ;
#2049 = EDGE_LOOP ( 'NONE', ( #4585, #3577, #2211, #2395 ) ) ;
#2050 = PLANE ( 'NONE',  #2542 ) ;
#2051 = LINE ( 'NONE', #3299, #1429 ) ;
#2052 = DIRECTION ( 'NONE',  ( 0.000000000000000000, 0.000000000000000000, -1.000000000000000000 ) ) ;
#2053 = EDGE_LOOP ( 'NONE', ( #2991, #642, #3431, #970 ) ) ;
#2054 = ORIENTED_EDGE ( 'NONE', *, *, #399, .T. ) ;
#2055 = CARTESIAN_POINT ( 'NONE',  ( -183.5577850341794885, 44.16944503784180398, 3.409999999999999698 ) ) ;
#2056 = PRESENTATION_STYLE_ASSIGNMENT (( #1679 ) ) ;
#2057 = DIRECTION ( 'NONE',  ( -1.000000000000000000, 0.000000000000000000, 0.000000000000000000 ) ) ;
#2058 = PLANE ( 'NONE',  #3453 ) ;
#2059 = LINE ( 'NONE', #1683, #4741 ) ;
#2060 = ORIENTED_EDGE ( 'NONE', *, *, #2042, .T. ) ;
#2061 = CARTESIAN_POINT ( 'NONE',  ( -176.4022369384765057, 42.62692260742190342, 1.000000000000000000 ) ) ;
#2062 = EDGE_CURVE ( 'NONE', #4669, #4355, #2490, .T. ) ;
#2063 = LINE ( 'NONE', #4719, #138 ) ;
#2064 = VERTEX_POINT ( 'NONE', #798 ) ;
#2065 = EDGE_LOOP ( 'NONE', ( #4206, #696, #1717, #744 ) ) ;
#2066 = ADVANCED_FACE ( 'NONE', ( #1734 ), #2318, .F. ) ;
#2067 = EDGE_LOOP ( 'NONE', ( #1473, #250 ) ) ;
#2068 = DIRECTION ( 'NONE',  ( 0.000000000000000000, -1.000000000000000000, 0.000000000000000000 ) ) ;
#2069 = CARTESIAN_POINT ( 'NONE',  ( -171.5867309570315058, 42.55197906494139914, 1.000000000000000000 ) ) ;
#2070 = ORIENTED_EDGE ( 'NONE', *, *, #4472, .F. ) ;
#2071 = VECTOR ( 'NONE', #4948, 1000.000000000000000 ) ;
#2072 = EDGE_CURVE ( 'NONE', #2064, #1541, #2016, .T. ) ;
#2073 = AXIS2_PLACEMENT_3D ( 'NONE', #639, #5, #811 ) ;
#2074 = EDGE_LOOP ( 'NONE', ( #2666, #4705 ) ) ;
#2075 = ORIENTED_EDGE ( 'NONE', *, *, #2252, .F. ) ;
#2076 = UNCERTAINTY_MEASURE_WITH_UNIT (LENGTH_MEASURE( 1.000000000000000082E-05 ), #3449, 'distance_accuracy_value', 'NONE');
#2077 = CARTESIAN_POINT ( 'NONE',  ( -172.5277709960939774, 39.96781539916995030, 1.600000000000000089 ) ) ;
#2078 = VECTOR ( 'NONE', #1029, 1000.000000000000000 ) ;
#2079 = COLOUR_RGB ( '',0.7921568627450980005, 0.8196078431372548767, 0.9333333333333333481 ) ;
#2080 = VECTOR ( 'NONE', #2140, 1000.000000000000000 ) ;
#2081 = LINE ( 'NONE', #3609, #3695 ) ;
#2082 = CARTESIAN_POINT ( 'NONE',  ( -171.5867309570315058, 43.50197601318360086, 1.000000000000000000 ) ) ;
#2083 = ORIENTED_EDGE ( 'NONE', *, *, #2089, .F. ) ;
#2084 = LINE ( 'NONE', #4346, #4890 ) ;
#2085 = VECTOR ( 'NONE', #1236, 1000.000000000000000 ) ;
#2086 = CIRCLE ( 'NONE', #466, 0.9999990872011366161 ) ;
#2087 = CARTESIAN_POINT ( 'NONE',  ( -174.5577392578125000, 37.95781326293945312, 1.600000000000000089 ) ) ;
#2089 = EDGE_CURVE ( 'NONE', #2670, #2029, #4011, .T. ) ;
#2088 = CIRCLE ( 'NONE', #1933, 0.7499994612809868233 ) ;
#2090 = DIRECTION ( 'NONE',  ( 1.000000000000000000, 0.000000000000000000, 0.000000000000000000 ) ) ;
#2091 = VECTOR ( 'NONE', #2258, 1000.000000000000000 ) ;
#2092 = ORIENTED_EDGE ( 'NONE', *, *, #1481, .F. ) ;
#2093 = EDGE_LOOP ( 'NONE', ( #4691, #707, #3360, #322 ) ) ;
#2094 = DIRECTION ( 'NONE',  ( 0.000000000000000000, 0.000000000000000000, -1.000000000000000000 ) ) ;
#2095 = COLOUR_RGB ( '',0.7921568627450980005, 0.8196078431372548767, 0.9333333333333333481 ) ;
#2096 = CARTESIAN_POINT ( 'NONE',  ( -187.9725016773355151, 40.14691954139435381, 1.000000000000000000 ) ) ;
#2097 = EDGE_CURVE ( 'NONE', #3604, #769, #3258, .T. ) ;
#2098 = CARTESIAN_POINT ( 'NONE',  ( -172.4617309570314774, 42.02197647094729405, 1.600000000000000089 ) ) ;
#2099 = DIRECTION ( 'NONE',  ( 1.000000000000000000, 0.000000000000000000, 0.000000000000000000 ) ) ;
#2100 = VECTOR ( 'NONE', #650, 1000.000000000000114 ) ;
#2101 = EDGE_LOOP ( 'NONE', ( #409, #726, #3813, #3831 ) ) ;
#2102 = SURFACE_SIDE_STYLE ('',( #2429 ) ) ;
#2103 = VECTOR ( 'NONE', #1320, 1000.000000000000000 ) ;
#2104 = VERTEX_POINT ( 'NONE', #2745 ) ;
#2105 = EDGE_CURVE ( 'NONE', #2000, #261, #4790, .T. ) ;
#2106 = ORIENTED_EDGE ( 'NONE', *, *, #3343, .T. ) ;
#2107 = PLANE ( 'NONE',  #939 ) ;
#2108 = DIRECTION ( 'NONE',  ( 1.000000000000000000, 0.000000000000000000, 0.000000000000000000 ) ) ;
#2109 = LINE ( 'NONE', #3635, #4658 ) ;
#2110 = FACE_OUTER_BOUND ( 'NONE', #717, .T. ) ;
#2111 = VERTEX_POINT ( 'NONE', #2346 ) ;
#2112 = CARTESIAN_POINT ( 'NONE',  ( -177.6935577392580115, 44.16944503784180398, 3.409999999999999698 ) ) ;
#2113 = CARTESIAN_POINT ( 'NONE',  ( -174.4827270507815058, 39.43781280517579546, 1.500000000000000000 ) ) ;
#2114 = LINE ( 'NONE', #2017, #1090 ) ;
#2115 = DIRECTION ( 'NONE',  ( 1.000000000000000000, 0.000000000000000000, 0.000000000000000000 ) ) ;
#2116 = VERTEX_POINT ( 'NONE', #571 ) ;
#2117 = ORIENTED_EDGE ( 'NONE', *, *, #1542, .T. ) ;
#2118 = CARTESIAN_POINT ( 'NONE',  ( -159.9923233377254803, 41.08914510582660284, 1.000000000000000000 ) ) ;
#2119 = EDGE_CURVE ( 'NONE', #2317, #4716, #16, .T. ) ;
#2120 = CARTESIAN_POINT ( 'NONE',  ( -176.4022369384765057, 42.62692260742190342, 1.500000000000000000 ) ) ;
#2121 = VERTEX_POINT ( 'NONE', #1345 ) ;
#2122 = CARTESIAN_POINT ( 'NONE',  ( 0.000000000000000000, 0.000000000000000000, 1.000000000000000000 ) ) ;
#2123 = EDGE_CURVE ( 'NONE', #4165, #4950, #3927, .T. ) ;
#2124 = VERTEX_POINT ( 'NONE', #3550 ) ;
#2125 = PLANE ( 'NONE',  #1427 ) ;
#2126 = EDGE_CURVE ( 'NONE', #3037, #1309, #2484, .T. ) ;
#2127 = CARTESIAN_POINT ( 'NONE',  ( -170.8179168701169885, 42.99311828613279829, 5.007799999999999585 ) ) ;
#2128 = PLANE ( 'NONE',  #2501 ) ;
#2129 = DIRECTION ( 'NONE',  ( 0.000000000000000000, 1.000000000000000000, 0.000000000000000000 ) ) ;
#2130 = LINE ( 'NONE', #1449, #4412 ) ;
#2131 = PLANE ( 'NONE',  #706 ) ;
#2132 = EDGE_CURVE ( 'NONE', #2452, #4001, #4273, .T. ) ;
#2133 = LINE ( 'NONE', #2511, #1588 ) ;
#2134 = PLANE ( 'NONE',  #2641 ) ;
#2135 = VERTEX_POINT ( 'NONE', #2370 ) ;
#2136 = ORIENTED_EDGE ( 'NONE', *, *, #976, .T. ) ;
#2137 = PLANE ( 'NONE',  #1597 ) ;
#2138 = FACE_OUTER_BOUND ( 'NONE', #3264, .T. ) ;
#2139 = LINE ( 'NONE', #312, #2813 ) ;
#2140 = DIRECTION ( 'NONE',  ( 0.000000000000000000, 0.000000000000000000, -1.000000000000000000 ) ) ;
#2141 = EDGE_LOOP ( 'NONE', ( #3917, #2290, #967, #1204 ) ) ;
#2142 = CARTESIAN_POINT ( 'NONE',  ( -171.5777587890625000, 39.46781539916995030, 1.600000000000000089 ) ) ;
#2143 = CARTESIAN_POINT ( 'NONE',  ( -173.5736694335939774, 44.03197860717774859, 1.600000000000000089 ) ) ;
#2144 = VERTEX_POINT ( 'NONE', #3893 ) ;
#2145 = VECTOR ( 'NONE', #4328, 1000.000000000000000 ) ;
#2146 = ADVANCED_FACE ( 'NONE', ( #440 ), #3087, .F. ) ;
#2147 = DIRECTION ( 'NONE',  ( -1.000000000000000000, 0.000000000000000000, 0.000000000000000000 ) ) ;
#2148 = DIRECTION ( 'NONE',  ( 1.000000000000000000, 0.000000000000000000, 0.000000000000000000 ) ) ;
#2150 = ADVANCED_FACE ( 'NONE', ( #178 ), #3168, .T. ) ;
#2149 = VECTOR ( 'NONE', #1714, 1000.000000000000000 ) ;
#2151 = DIRECTION ( 'NONE',  ( 0.000000000000000000, -1.000000000000000000, 0.000000000000000000 ) ) ;
#2152 = ORIENTED_EDGE ( 'NONE', *, *, #1315, .F. ) ;
#2153 = DIRECTION ( 'NONE',  ( -1.000000000000000000, 0.000000000000000000, 0.000000000000000000 ) ) ;
#2154 = CARTESIAN_POINT ( 'NONE',  ( -171.5777587890625000, 39.46781539916995030, 1.000000000000000000 ) ) ;
#2155 = STYLED_ITEM ( 'NONE', ( #4712 ), #3123 ) ;
#2156 = STYLED_ITEM ( 'NONE', ( #3193 ), #1379 ) ;
#2157 = SURFACE_STYLE_USAGE ( .BOTH. , #4512 ) ;
#2158 = EDGE_CURVE ( 'NONE', #3728, #2375, #789, .T. ) ;
#2159 = CARTESIAN_POINT ( 'NONE',  ( -183.2956695556640057, 44.16978185416449776, 1.000000000000000000 ) ) ;
#2160 = ORIENTED_EDGE ( 'NONE', *, *, #4793, .F. ) ;
#2161 = ORIENTED_EDGE ( 'NONE', *, *, #1643, .F. ) ;
#2162 = CIRCLE ( 'NONE', #3119, 0.7942159429951758387 ) ;
#2163 = CIRCLE ( 'NONE', #4562, 0.5000015720988404411 ) ;
#2164 = LINE ( 'NONE', #2209, #1847 ) ;
#2165 = AXIS2_PLACEMENT_3D ( 'NONE', #3729, #3756, #300 ) ;
#2166 = DIRECTION ( 'NONE',  ( 1.000000000000000000, 0.000000000000000000, 0.000000000000000000 ) ) ;
#2167 = ORIENTED_EDGE ( 'NONE', *, *, #976, .F. ) ;
#2168 = DIRECTION ( 'NONE',  ( 0.000000000000000000, 0.000000000000000000, -1.000000000000000000 ) ) ;
#2169 = PLANE ( 'NONE',  #3852 ) ;
#2170 = VECTOR ( 'NONE', #2505, 1000.000000000000000 ) ;
#2171 = AXIS2_PLACEMENT_3D ( 'NONE', #835, #2337, #2385 ) ;
#2172 = ORIENTED_EDGE ( 'NONE', *, *, #58, .T. ) ;
#2173 = COLOUR_RGB ( '',0.7921568627450980005, 0.8196078431372548767, 0.9333333333333333481 ) ;
#2174 = AXIS2_PLACEMENT_3D ( 'NONE', #3958, #4667, #1959 ) ;
#2175 = CARTESIAN_POINT ( 'NONE',  ( -160.4923255120939984, 38.64326855405789729, 1.000000000000000000 ) ) ;
#2176 = LINE ( 'NONE', #1801, #4897 ) ;
#2177 = CARTESIAN_POINT ( 'NONE',  ( -174.4486694335940058, 43.50197601318360086, 1.500000000000000000 ) ) ;
#2178 = CARTESIAN_POINT ( 'NONE',  ( -190.1028708719969700, 40.20482929876415312, 0.000000000000000000 ) ) ;
#2179 = VERTEX_POINT ( 'NONE', #2225 ) ;
#2180 = DIRECTION ( 'NONE',  ( 0.000000000000000000, 0.000000000000000000, 1.000000000000000000 ) ) ;
#2181 = LINE ( 'NONE', #657, #867 ) ;
#2182 = EDGE_CURVE ( 'NONE', #4438, #4827, #2130, .T. ) ;
#2183 = CARTESIAN_POINT ( 'NONE',  ( -161.4696249415000011, 38.08140389644134416, 1.000000000000000000 ) ) ;
#2184 = ORIENTED_EDGE ( 'NONE', *, *, #3780, .F. ) ;
#2185 = APPLICATION_CONTEXT ( 'automotive_design' ) ;
#2186 = ORIENTED_EDGE ( 'NONE', *, *, #4027, .F. ) ;
#2187 = EDGE_CURVE ( 'NONE', #2046, #3798, #871, .T. ) ;
#2188 = ADVANCED_FACE ( 'NONE', ( #273 ), #1784, .T. ) ;
#2189 = CYLINDRICAL_SURFACE ( 'NONE', #2243, 0.7499999939727386433 ) ;
#2190 = CARTESIAN_POINT ( 'NONE',  ( -159.9923233377254803, 41.08914510582660284, 1.000000000000000000 ) ) ;
#2191 = ORIENTED_EDGE ( 'NONE', *, *, #917, .F. ) ;
#2192 = ORIENTED_EDGE ( 'NONE', *, *, #2765, .T. ) ;
#2193 = LINE ( 'NONE', #3341, #1278 ) ;
#2194 = DIRECTION ( 'NONE',  ( 0.000000000000000000, 0.000000000000000000, -1.000000000000000000 ) ) ;
#2195 = EDGE_CURVE ( 'NONE', #2859, #4101, #4439, .T. ) ;
#2196 = EDGE_LOOP ( 'NONE', ( #576, #3776, #2315, #4648 ) ) ;
#2197 = DIRECTION ( 'NONE',  ( 0.000000000000000000, -1.000000000000000000, 0.000000000000000000 ) ) ;
#2198 = PLANE ( 'NONE',  #2250 ) ;
#2199 = CARTESIAN_POINT ( 'NONE',  ( -176.3679046630859943, 43.89500045776365056, 1.000000000000000000 ) ) ;
#2200 = LINE ( 'NONE', #3727, #1290 ) ;
#2201 = VERTEX_POINT ( 'NONE', #228 ) ;
#2202 = DIRECTION ( 'NONE',  ( -1.000000000000000000, 0.000000000000000000, 0.000000000000000000 ) ) ;
#2203 = CARTESIAN_POINT ( 'NONE',  ( -176.0271116182134961, 43.93531248392284994, 1.175000000000000044 ) ) ;
#2204 = FACE_OUTER_BOUND ( 'NONE', #278, .T. ) ;
#2205 = VERTEX_POINT ( 'NONE', #1033 ) ;
#2206 = EDGE_CURVE ( 'NONE', #4737, #752, #3282, .T. ) ;
#2207 = VERTEX_POINT ( 'NONE', #609 ) ;
#2208 = FILL_AREA_STYLE_COLOUR ( '', #4403 ) ;
#2209 = CARTESIAN_POINT ( 'NONE',  ( -178.6556701660154829, 45.51155471801759944, 1.550000000000000044 ) ) ;
#2210 = DIRECTION ( 'NONE',  ( 1.000000000000000000, 0.000000000000000000, 0.000000000000000000 ) ) ;
#2211 = ORIENTED_EDGE ( 'NONE', *, *, #3434, .T. ) ;
#2212 = EDGE_CURVE ( 'NONE', #3011, #3012, #471, .T. ) ;
#2213 = EDGE_LOOP ( 'NONE', ( #2446, #872 ) ) ;
#2214 = DIRECTION ( 'NONE',  ( 0.000000000000000000, 0.000000000000000000, -1.000000000000000000 ) ) ;
#2215 = DIRECTION ( 'NONE',  ( 0.000000000000000000, -1.000000000000000000, 0.000000000000000000 ) ) ;
#2216 = VERTEX_POINT ( 'NONE', #3684 ) ;
#2217 = EDGE_CURVE ( 'NONE', #2588, #2135, #4918, .T. ) ;
#2218 = UNCERTAINTY_MEASURE_WITH_UNIT (LENGTH_MEASURE( 1.000000000000000082E-05 ), #4080, 'distance_accuracy_value', 'NONE');
#2219 = CARTESIAN_POINT ( 'NONE',  ( -173.6077270507814774, 37.95781326293945312, 1.000000000000000000 ) ) ;
#2220 = SURFACE_SIDE_STYLE ('',( #1052 ) ) ;
#2221 = DIRECTION ( 'NONE',  ( 0.000000000000000000, -1.000000000000000000, 0.000000000000000000 ) ) ;
#2222 = CARTESIAN_POINT ( 'NONE',  ( -173.6077270507814774, 38.45781326293945312, 1.600000000000000089 ) ) ;
#2223 = VERTEX_POINT ( 'NONE', #251 ) ;
#2225 = CARTESIAN_POINT ( 'NONE',  ( -173.6077270507814774, 39.46781539916995030, 1.000000000000000000 ) ) ;
#2224 = VECTOR ( 'NONE', #1492, 1000.000000000000000 ) ;
#2226 = CARTESIAN_POINT ( 'NONE',  ( -174.5577392578125000, 38.45781326293945312, 1.600000000000000089 ) ) ;
#2227 = AXIS2_PLACEMENT_3D ( 'NONE', #3426, #27, #1079 ) ;
#2228 = DIRECTION ( 'NONE',  ( -0.000000000000000000, 1.000000000000000000, 0.000000000000000000 ) ) ;
#2229 =( LENGTH_UNIT ( ) NAMED_UNIT ( * ) SI_UNIT ( .MILLI., .METRE. ) );
#2230 = ORIENTED_EDGE ( 'NONE', *, *, #2409, .F. ) ;
#2231 = ORIENTED_EDGE ( 'NONE', *, *, #4098, .F. ) ;
#2232 = MECHANICAL_DESIGN_GEOMETRIC_PRESENTATION_REPRESENTATION (  '', ( #2155 ), #695 ) ;
#2233 = DIRECTION ( 'NONE',  ( -0.004015271106317904078, 0.9999919387664796266, 0.000000000000000000 ) ) ;
#2234 = VECTOR ( 'NONE', #1081, 1000.000000000000000 ) ;
#2235 = ADVANCED_FACE ( 'NONE', ( #1003 ), #2552, .F. ) ;
#2236 = PLANE ( 'NONE',  #3118 ) ;
#2237 = VECTOR ( 'NONE', #3641, 1000.000000000000000 ) ;
#2238 = FACE_OUTER_BOUND ( 'NONE', #98, .T. ) ;
#2239 = VECTOR ( 'NONE', #2515, 1000.000000000000000 ) ;
#2240 = ORIENTED_EDGE ( 'NONE', *, *, #2747, .T. ) ;
#2241 = ORIENTED_EDGE ( 'NONE', *, *, #4109, .T. ) ;
#2242 = DIRECTION ( 'NONE',  ( 0.000000000000000000, 0.000000000000000000, -1.000000000000000000 ) ) ;
#2243 = AXIS2_PLACEMENT_3D ( 'NONE', #4089, #4039, #3737 ) ;
#2244 = VECTOR ( 'NONE', #3558, 1000.000000000000000 ) ;
#2245 = VECTOR ( 'NONE', #3566, 1000.000000000000000 ) ;
#2246 = EDGE_CURVE ( 'NONE', #4674, #3494, #2999, .T. ) ;
#2247 = ORIENTED_EDGE ( 'NONE', *, *, #3603, .F. ) ;
#2248 = CIRCLE ( 'NONE', #69, 0.5000006829925796037 ) ;
#2249 = CARTESIAN_POINT ( 'NONE',  ( -172.3867187500000000, 43.50197601318360086, 1.000000000000000000 ) ) ;
#2250 = AXIS2_PLACEMENT_3D ( 'NONE', #4121, #3725, #2946 ) ;
#2251 = EDGE_CURVE ( 'NONE', #1626, #4127, #4261, .T. ) ;
#2252 = EDGE_CURVE ( 'NONE', #3177, #4086, #3424, .T. ) ;
#2253 = CLOSED_SHELL ( 'NONE', ( #1593, #4734, #1414, #384, #2545, #3142, #820, #2146 ) ) ;
#2254 = LINE ( 'NONE', #3922, #3274 ) ;
#2255 = ORIENTED_EDGE ( 'NONE', *, *, #4453, .T. ) ;
#2256 = DIRECTION ( 'NONE',  ( 1.000000000000000000, 0.000000000000000000, 0.000000000000000000 ) ) ;
#2257 = ORIENTED_EDGE ( 'NONE', *, *, #946, .F. ) ;
#2258 = DIRECTION ( 'NONE',  ( 0.000000000000000000, -1.000000000000000000, 0.000000000000000000 ) ) ;
#2259 = VECTOR ( 'NONE', #2441, 1000.000000000000000 ) ;
#2260 = CARTESIAN_POINT ( 'NONE',  ( -176.3679046630859943, 43.55095183099730605, 1.175000000000000044 ) ) ;
#2261 = CARTESIAN_POINT ( 'NONE',  ( -172.4527587890625000, 38.48781585693359375, 1.000000000000000000 ) ) ;
#2262 = DIRECTION ( 'NONE',  ( -0.000000000000000000, 1.000000000000000000, 0.000000000000000000 ) ) ;
#2263 = EDGE_LOOP ( 'NONE', ( #3281, #4570 ) ) ;
#2264 = ORIENTED_EDGE ( 'NONE', *, *, #2409, .T. ) ;
#2265 = LINE ( 'NONE', #3006, #1519 ) ;
#2266 = DIRECTION ( 'NONE',  ( 0.000000000000000000, 0.000000000000000000, 1.000000000000000000 ) ) ;
#2267 = CARTESIAN_POINT ( 'NONE',  ( -172.4527587890625000, 39.43781280517579546, 1.500000000000000000 ) ) ;
#2268 = CARTESIAN_POINT ( 'NONE',  ( -176.6439208984375000, 39.96781539916995030, 1.600000000000000089 ) ) ;
#2269 = ORIENTED_EDGE ( 'NONE', *, *, #1392, .T. ) ;
#2270 = ORIENTED_EDGE ( 'NONE', *, *, #4382, .T. ) ;
#2271 = CYLINDRICAL_SURFACE ( 'NONE', #1515, 0.5000018548034224075 ) ;
#2272 = ORIENTED_EDGE ( 'NONE', *, *, #1195, .F. ) ;
#2273 = LINE ( 'NONE', #1516, #4959 ) ;
#2274 = PLANE ( 'NONE',  #148 ) ;
#2275 = EDGE_CURVE ( 'NONE', #742, #2000, #3823, .T. ) ;
#2276 = LINE ( 'NONE', #3851, #4954 ) ;
#2277 = DIRECTION ( 'NONE',  ( 0.000000000000000000, -1.000000000000000000, 0.000000000000000000 ) ) ;
#2278 = ORIENTED_EDGE ( 'NONE', *, *, #1973, .F. ) ;
#2280 = EDGE_CURVE ( 'NONE', #4492, #1835, #4609, .T. ) ;
#2279 = LINE ( 'NONE', #2358, #1908 ) ;
#2281 = DIRECTION ( 'NONE',  ( 0.000000000000000000, 0.000000000000000000, 1.000000000000000000 ) ) ;
#2282 = DIRECTION ( 'NONE',  ( -0.5000007985492457285, -0.8660249427413257983, 0.000000000000000000 ) ) ;
#2283 = SURFACE_STYLE_USAGE ( .BOTH. , #305 ) ;
#2284 = CARTESIAN_POINT ( 'NONE',  ( 0.000000000000000000, 0.000000000000000000, 1.600000000000000089 ) ) ;
#2285 = VERTEX_POINT ( 'NONE', #3784 ) ;
#2286 = EDGE_CURVE ( 'NONE', #2121, #4450, #3077, .T. ) ;
#2287 = FACE_OUTER_BOUND ( 'NONE', #4662, .T. ) ;
#2288 = LINE ( 'NONE', #3810, #2304 ) ;
#2289 = DIRECTION ( 'NONE',  ( 0.000000000000000000, 0.000000000000000000, 1.000000000000000000 ) ) ;
#2290 = ORIENTED_EDGE ( 'NONE', *, *, #4368, .F. ) ;
#2291 = ORIENTED_EDGE ( 'NONE', *, *, #424, .T. ) ;
#2292 = ORIENTED_EDGE ( 'NONE', *, *, #2862, .F. ) ;
#2293 = LINE ( 'NONE', #4984, #2320 ) ;
#2294 = CARTESIAN_POINT ( 'NONE',  ( -183.7859344482419885, 43.94128417968750000, 1.000000000000000000 ) ) ;
#2295 = ORIENTED_EDGE ( 'NONE', *, *, #2004, .T. ) ;
#2296 = EDGE_CURVE ( 'NONE', #1532, #934, #2279, .T. ) ;
#2297 = EDGE_LOOP ( 'NONE', ( #4483, #3574, #85, #169 ) ) ;
#2298 = PLANE ( 'NONE',  #1621 ) ;
#2299 = LINE ( 'NONE', #1628, #3929 ) ;
#2300 = ORIENTED_EDGE ( 'NONE', *, *, #557, .F. ) ;
#2301 = CARTESIAN_POINT ( 'NONE',  ( -174.5236816406250000, 42.52197647094725141, 1.600000000000000089 ) ) ;
#2302 = ADVANCED_FACE ( 'NONE', ( #3480 ), #1571, .F. ) ;
#2303 = DIRECTION ( 'NONE',  ( 1.000000000000000000, 0.000000000000000000, 0.000000000000000000 ) ) ;
#2304 = VECTOR ( 'NONE', #1535, 1000.000000000000000 ) ;
#2305 = CARTESIAN_POINT ( 'NONE',  ( -172.5277709960939774, 39.96781539916995030, 1.000000000000000000 ) ) ;
#2306 = DIRECTION ( 'NONE',  ( 0.000000000000000000, -1.000000000000000000, 0.000000000000000000 ) ) ;
#2307 = DIRECTION ( 'NONE',  ( -1.000000000000000000, 0.000000000000000000, 0.000000000000000000 ) ) ;
#2308 = ORIENTED_EDGE ( 'NONE', *, *, #4331, .T. ) ;
#2309 = LINE ( 'NONE', #383, #4410 ) ;
#2310 = DIRECTION ( 'NONE',  ( -1.000000000000000000, 0.000000000000000000, 0.000000000000000000 ) ) ;
#2311 = AXIS2_PLACEMENT_3D ( 'NONE', #3260, #659, #4794 ) ;
#2312 = EDGE_CURVE ( 'NONE', #742, #4243, #4225, .T. ) ;
#2313 = CARTESIAN_POINT ( 'NONE',  ( -160.4923255120939984, 38.64326855405789729, 1.000000000000000000 ) ) ;
#2314 = LINE ( 'NONE', #13, #2321 ) ;
#2315 = ORIENTED_EDGE ( 'NONE', *, *, #1501, .F. ) ;
#2316 = MECHANICAL_DESIGN_GEOMETRIC_PRESENTATION_REPRESENTATION (  '', ( #1175 ), #2631 ) ;
#2317 = VERTEX_POINT ( 'NONE', #3504 ) ;
#2318 = CYLINDRICAL_SURFACE ( 'NONE', #3687, 0.5000006829925796037 ) ;
#2319 = FACE_OUTER_BOUND ( 'NONE', #3146, .T. ) ;
#2320 = VECTOR ( 'NONE', #364, 1000.000000000000000 ) ;
#2321 = VECTOR ( 'NONE', #1557, 1000.000000000000000 ) ;
#2322 = ORIENTED_EDGE ( 'NONE', *, *, #1950, .T. ) ;
#2323 = SURFACE_STYLE_USAGE ( .BOTH. , #4253 ) ;
#2324 = AXIS2_PLACEMENT_3D ( 'NONE', #4287, #861, #1631 ) ;
#2325 = ORIENTED_EDGE ( 'NONE', *, *, #41, .F. ) ;
#2326 = STYLED_ITEM ( 'NONE', ( #531 ), #4577 ) ;
#2327 = AXIS2_PLACEMENT_3D ( 'NONE', #1213, #3904, #2756 ) ;
#2328 = CARTESIAN_POINT ( 'NONE',  ( -177.9556732177734943, 44.16978185416449776, 1.550000000000000044 ) ) ;
#2329 = DIRECTION ( 'NONE',  ( 1.000000000000000000, 0.000000000000000000, 0.000000000000000000 ) ) ;
#2330 = ORIENTED_EDGE ( 'NONE', *, *, #1708, .F. ) ;
#2331 = DIRECTION ( 'NONE',  ( 0.000000000000000000, -1.000000000000000000, 0.000000000000000000 ) ) ;
#2332 = VECTOR ( 'NONE', #219, 1000.000000000000000 ) ;
#2333 = AXIS2_PLACEMENT_3D ( 'NONE', #2913, #4443, #4464 ) ;
#2334 = DIRECTION ( 'NONE',  ( 0.000000000000000000, -1.000000000000000000, 0.000000000000000000 ) ) ;
#2335 = FACE_OUTER_BOUND ( 'NONE', #1485, .T. ) ;
#2336 = CARTESIAN_POINT ( 'NONE',  ( -176.2192173357375111, 43.89500045776365056, 1.175000000000000044 ) ) ;
#2337 = DIRECTION ( 'NONE',  ( 0.000000000000000000, 0.000000000000000000, 1.000000000000000000 ) ) ;
#2338 = ORIENTED_EDGE ( 'NONE', *, *, #4770, .F. ) ;
#2339 = DIRECTION ( 'NONE',  ( 1.000000000000000000, 0.000000000000000000, 0.000000000000000000 ) ) ;
#2340 = EDGE_CURVE ( 'NONE', #2020, #2605, #532, .T. ) ;
#2341 = CARTESIAN_POINT ( 'NONE',  ( -177.9556732177734943, 44.16978185416449776, 1.000000000000000000 ) ) ;
#2342 = DIRECTION ( 'NONE',  ( 0.000000000000000000, 0.000000000000000000, -1.000000000000000000 ) ) ;
#2343 = CARTESIAN_POINT ( 'NONE',  ( -161.1180114746095171, 33.90877213949594449, 1.000000000000000000 ) ) ;
#2344 = ORIENTED_EDGE ( 'NONE', *, *, #3944, .T. ) ;
#2345 = EDGE_LOOP ( 'NONE', ( #3516, #1367, #3847, #4571 ) ) ;
#2346 = CARTESIAN_POINT ( 'NONE',  ( -160.1180093176625121, 33.90877213949594449, 1.000000000000000000 ) ) ;
#2347 =( LENGTH_UNIT ( ) NAMED_UNIT ( * ) SI_UNIT ( .MILLI., .METRE. ) );
#2348 = EDGE_CURVE ( 'NONE', #1383, #2594, #4530, .T. ) ;
#2349 = EDGE_CURVE ( 'NONE', #4980, #1961, #4625, .T. ) ;
#2350 = ORIENTED_EDGE ( 'NONE', *, *, #4983, .F. ) ;
#2351 = LINE ( 'NONE', #3117, #3277 ) ;
#2352 = ADVANCED_FACE ( 'NONE', ( #779 ), #4938, .F. ) ;
#2353 = ORIENTED_EDGE ( 'NONE', *, *, #4742, .T. ) ;
#2354 = ORIENTED_EDGE ( 'NONE', *, *, #4726, .F. ) ;
#2355 = DIRECTION ( 'NONE',  ( 0.000000000000000000, 0.000000000000000000, 1.000000000000000000 ) ) ;
#2356 = CARTESIAN_POINT ( 'NONE',  ( -172.3867187500000000, 43.50197601318360086, 1.000000000000000000 ) ) ;
#2357 = EDGE_LOOP ( 'NONE', ( #3755, #2161, #1991, #2677 ) ) ;
#2358 = CARTESIAN_POINT ( 'NONE',  ( -174.5577392578125000, 37.95781326293945312, 1.600000000000000089 ) ) ;
#2359 = FACE_OUTER_BOUND ( 'NONE', #2744, .T. ) ;
#2360 = DIRECTION ( 'NONE',  ( 0.000000000000000000, -1.000000000000000000, 0.000000000000000000 ) ) ;
#2361 = LINE ( 'NONE', #2758, #230 ) ;
#2362 = FACE_OUTER_BOUND ( 'NONE', #2875, .T. ) ;
#2363 = ORIENTED_EDGE ( 'NONE', *, *, #1158, .F. ) ;
#2364 = CARTESIAN_POINT ( 'NONE',  ( 0.000000000000000000, 0.000000000000000000, 1.000000000000000000 ) ) ;
#2365 = DIRECTION ( 'NONE',  ( -1.000000000000000000, 0.000000000000000000, 0.000000000000000000 ) ) ;
#2366 = EDGE_CURVE ( 'NONE', #2121, #2967, #404, .T. ) ;
#2367 = DIRECTION ( 'NONE',  ( 1.000000000000000000, 0.000000000000000000, 0.000000000000000000 ) ) ;
#2368 = ORIENTED_EDGE ( 'NONE', *, *, #522, .F. ) ;
#2369 = ORIENTED_EDGE ( 'NONE', *, *, #2584, .F. ) ;
#2370 = CARTESIAN_POINT ( 'NONE',  ( -172.3867187500000000, 43.50197601318360086, 1.500000000000000000 ) ) ;
#2371 = EDGE_LOOP ( 'NONE', ( #883, #1539, #4960, #4428 ) ) ;
#2372 = ADVANCED_FACE ( 'NONE', ( #3803 ), #3022, .F. ) ;
#2373 = DIRECTION ( 'NONE',  ( 0.000000000000000000, 0.000000000000000000, -1.000000000000000000 ) ) ;
#2374 =( NAMED_UNIT ( * ) SI_UNIT ( $, .STERADIAN. ) SOLID_ANGLE_UNIT ( ) );
#2375 = VERTEX_POINT ( 'NONE', #1182 ) ;
#2376 = EDGE_CURVE ( 'NONE', #2116, #4395, #2655, .T. ) ;
#2377 = ORIENTED_EDGE ( 'NONE', *, *, #484, .F. ) ;
#2378 = UNCERTAINTY_MEASURE_WITH_UNIT (LENGTH_MEASURE( 1.000000000000000082E-05 ), #4718, 'distance_accuracy_value', 'NONE');
#2379 = CARTESIAN_POINT ( 'NONE',  ( -188.9725050280945027, 43.55812069639190298, 1.000000000000000000 ) ) ;
#2380 = CARTESIAN_POINT ( 'NONE',  ( -162.1180136315564937, 33.90877213949594449, 0.000000000000000000 ) ) ;
#2381 = CARTESIAN_POINT ( 'NONE',  ( 0.000000000000000000, 0.000000000000000000, 1.000000000000000000 ) ) ;
#2382 = CARTESIAN_POINT ( 'NONE',  ( -192.1619873046875000, 32.03639984130860086, 1.000000000000000000 ) ) ;
#2383 = CARTESIAN_POINT ( 'NONE',  ( -173.6827392578125000, 38.48781585693359375, 1.500000000000000000 ) ) ;
#2384 = LINE ( 'NONE', #1606, #4981 ) ;
#2385 = DIRECTION ( 'NONE',  ( 1.000000000000000000, 0.000000000000000000, 0.000000000000000000 ) ) ;
#2386 = ORIENTED_EDGE ( 'NONE', *, *, #3869, .T. ) ;
#2387 = FACE_OUTER_BOUND ( 'NONE', #1232, .T. ) ;
#2388 = CARTESIAN_POINT ( 'NONE',  ( -159.1619873046875000, 48.03639984130860086, 1.000000000000000000 ) ) ;
#2389 = CARTESIAN_POINT ( 'NONE',  ( -190.1028708719969700, 40.20482929876415312, 1.000000000000000000 ) ) ;
#2390 = ORIENTED_EDGE ( 'NONE', *, *, #2280, .T. ) ;
#2391 = VERTEX_POINT ( 'NONE', #4397 ) ;
#2392 = DIRECTION ( 'NONE',  ( 0.000000000000000000, 0.000000000000000000, -1.000000000000000000 ) ) ;
#2393 = VECTOR ( 'NONE', #3992, 1000.000000000000000 ) ;
#2394 = EDGE_CURVE ( 'NONE', #3383, #1153, #4352, .T. ) ;
#2395 = ORIENTED_EDGE ( 'NONE', *, *, #3633, .F. ) ;
#2396 = DIRECTION ( 'NONE',  ( 0.000000000000000000, 0.000000000000000000, 1.000000000000000000 ) ) ;
#2397 = DIRECTION ( 'NONE',  ( 0.000000000000000000, -1.000000000000000000, 0.000000000000000000 ) ) ;
#2398 = CIRCLE ( 'NONE', #53, 0.5000011433170248321 ) ;
#2400 = EDGE_CURVE ( 'NONE', #2124, #4980, #4678, .T. ) ;
#2399 = VECTOR ( 'NONE', #2618, 1000.000000000000000 ) ;
#2401 = VECTOR ( 'NONE', #1642, 1000.000000000000000 ) ;
#2402 = ORIENTED_EDGE ( 'NONE', *, *, #2828, .F. ) ;
#2403 = AXIS2_PLACEMENT_3D ( 'NONE', #1044, #2989, #2210 ) ;
#2404 = ORIENTED_EDGE ( 'NONE', *, *, #497, .F. ) ;
#2405 = DIRECTION ( 'NONE',  ( 1.000000000000000000, 0.000000000000000000, 0.000000000000000000 ) ) ;
#2406 =( NAMED_UNIT ( * ) PLANE_ANGLE_UNIT ( ) SI_UNIT ( $, .RADIAN. ) );
#2407 = CIRCLE ( 'NONE', #627, 0.5000006829925796037 ) ;
#2408 = DIRECTION ( 'NONE',  ( 0.000000000000000000, 1.000000000000000000, 0.000000000000000000 ) ) ;
#2409 = EDGE_CURVE ( 'NONE', #1521, #2144, #4728, .T. ) ;
#2410 = EDGE_CURVE ( 'NONE', #1153, #2179, #142, .T. ) ;
#2411 = VECTOR ( 'NONE', #3428, 1000.000000000000000 ) ;
#2412 = AXIS2_PLACEMENT_3D ( 'NONE', #2612, #4908, #1408 ) ;
#2413 =( LENGTH_UNIT ( ) NAMED_UNIT ( * ) SI_UNIT ( .MILLI., .METRE. ) );
#2414 = CARTESIAN_POINT ( 'NONE',  ( -172.4617309570314774, 44.03197860717774859, 1.600000000000000089 ) ) ;
#2415 = DIRECTION ( 'NONE',  ( 1.000000000000000000, 0.000000000000000000, 0.000000000000000000 ) ) ;
#2416 = LINE ( 'NONE', #84, #794 ) ;
#2417 = ORIENTED_EDGE ( 'NONE', *, *, #2868, .F. ) ;
#2418 = FACE_BOUND ( 'NONE', #2213, .T. ) ;
#2419 = AXIS2_PLACEMENT_3D ( 'NONE', #2737, #786, #8 ) ;
#2420 = VECTOR ( 'NONE', #4094, 1000.000000000000000 ) ;
#2421 = CARTESIAN_POINT ( 'NONE',  ( -174.5236816406250000, 43.53197860717774859, 1.000000000000000000 ) ) ;
#2422 = DIRECTION ( 'NONE',  ( 0.000000000000000000, -1.000000000000000000, 0.000000000000000000 ) ) ;
#2423 = EDGE_LOOP ( 'NONE', ( #2455, #1741, #2167, #2386 ) ) ;
#2424 = ORIENTED_EDGE ( 'NONE', *, *, #1125, .F. ) ;
#2425 = CARTESIAN_POINT ( 'NONE',  ( -174.5236816406250000, 43.53197860717774859, 1.600000000000000089 ) ) ;
#2426 = AXIS2_PLACEMENT_3D ( 'NONE', #1155, #1260, #2803 ) ;
#2427 = CARTESIAN_POINT ( 'NONE',  ( -162.8196240881989922, 41.58481729878619859, 1.000000000000000000 ) ) ;
#2428 = FACE_OUTER_BOUND ( 'NONE', #1684, .T. ) ;
#2429 = SURFACE_STYLE_FILL_AREA ( #4781 ) ;
#2430 = ORIENTED_EDGE ( 'NONE', *, *, #1572, .F. ) ;
#2431 = EDGE_CURVE ( 'NONE', #3548, #4716, #4778, .T. ) ;
#2432 = ORIENTED_EDGE ( 'NONE', *, *, #729, .T. ) ;
#2433 = UNCERTAINTY_MEASURE_WITH_UNIT (LENGTH_MEASURE( 1.000000000000000082E-05 ), #3174, 'distance_accuracy_value', 'NONE');
#2434 = CARTESIAN_POINT ( 'NONE',  ( -176.3679046630859943, 43.55095183099730605, 1.175000000000000044 ) ) ;
#2435 =( LENGTH_UNIT ( ) NAMED_UNIT ( * ) SI_UNIT ( .MILLI., .METRE. ) );
#2436 = CARTESIAN_POINT ( 'NONE',  ( -174.4486694335940058, 42.55197906494139914, 1.500000000000000000 ) ) ;
#2437 = SURFACE_SIDE_STYLE ('',( #890 ) ) ;
#2438 = EDGE_CURVE ( 'NONE', #3446, #3177, #1330, .T. ) ;
#2439 = CYLINDRICAL_SURFACE ( 'NONE', #4969, 0.6749994285282778783 ) ;
#2440 = FACE_OUTER_BOUND ( 'NONE', #1097, .T. ) ;
#2441 = DIRECTION ( 'NONE',  ( 0.000000000000000000, 0.000000000000000000, -1.000000000000000000 ) ) ;
#2442 = ORIENTED_EDGE ( 'NONE', *, *, #2917, .T. ) ;
#2443 = CARTESIAN_POINT ( 'NONE',  ( -190.1028708719969700, 40.20482929876415312, 1.000000000000000000 ) ) ;
#2444 = EDGE_CURVE ( 'NONE', #3191, #656, #3246, .T. ) ;
#2445 = CARTESIAN_POINT ( 'NONE',  ( 0.000000000000000000, 0.000000000000000000, 1.000000000000000000 ) ) ;
#2446 = ORIENTED_EDGE ( 'NONE', *, *, #2563, .T. ) ;
#2447 = ORIENTED_EDGE ( 'NONE', *, *, #3982, .F. ) ;
#2448 = CARTESIAN_POINT ( 'NONE',  ( -171.5777587890625000, 39.46781539916995030, 1.600000000000000089 ) ) ;
#2449 = EDGE_LOOP ( 'NONE', ( #1199, #3244, #3619, #144 ) ) ;
#2450 = FACE_OUTER_BOUND ( 'NONE', #3853, .T. ) ;
#2451 = CARTESIAN_POINT ( 'NONE',  ( -176.3679046630859943, 42.27214431762695312, 1.175000000000000044 ) ) ;
#2452 = VERTEX_POINT ( 'NONE', #2427 ) ;
#2453 = SURFACE_STYLE_USAGE ( .BOTH. , #2102 ) ;
#2454 = ORIENTED_EDGE ( 'NONE', *, *, #3434, .F. ) ;
#2455 = ORIENTED_EDGE ( 'NONE', *, *, #4340, .T. ) ;
#2456 = CARTESIAN_POINT ( 'NONE',  ( -174.5236816406250000, 44.03197860717774859, 1.600000000000000089 ) ) ;
#2457 = LINE ( 'NONE', #3253, #2170 ) ;
#2458 = EDGE_CURVE ( 'NONE', #4095, #2574, #2025, .T. ) ;
#2459 = LINE ( 'NONE', #1731, #1778 ) ;
#2460 = CARTESIAN_POINT ( 'NONE',  ( 0.000000000000000000, 0.000000000000000000, 1.000000000000000000 ) ) ;
#2461 = EDGE_LOOP ( 'NONE', ( #1289, #3618, #2866, #3376 ) ) ;
#2462 = CARTESIAN_POINT ( 'NONE',  ( -174.4827270507815058, 38.48781585693359375, 1.000000000000000000 ) ) ;
#2463 = EDGE_CURVE ( 'NONE', #3251, #1383, #3197, .T. ) ;
#2464 = LINE ( 'NONE', #2087, #3672 ) ;
#2465 = CARTESIAN_POINT ( 'NONE',  ( -175.6749114990234943, 43.54022216796875000, 1.500000000000000000 ) ) ;
#2466 = ORIENTED_EDGE ( 'NONE', *, *, #2348, .F. ) ;
#2467 = ORIENTED_EDGE ( 'NONE', *, *, #3287, .F. ) ;
#2468 = SURFACE_STYLE_USAGE ( .BOTH. , #4298 ) ;
#2469 = ADVANCED_FACE ( 'NONE', ( #2450 ), #3552, .T. ) ;
#2470 = CARTESIAN_POINT ( 'NONE',  ( -174.5577392578125000, 39.96781539916995030, 1.000000000000000000 ) ) ;
#2471 = FACE_OUTER_BOUND ( 'NONE', #4723, .T. ) ;
#2472 = ORIENTED_EDGE ( 'NONE', *, *, #2492, .F. ) ;
#2473 = VECTOR ( 'NONE', #1252, 1000.000000000000000 ) ;
#2474 = PRODUCT_DEFINITION_SHAPE ( 'NONE', 'NONE',  #1724 ) ;
#2475 = VERTEX_POINT ( 'NONE', #95 ) ;
#2476 = ORIENTED_EDGE ( 'NONE', *, *, #2158, .F. ) ;
#2477 = DIRECTION ( 'NONE',  ( 0.000000000000000000, -1.000000000000000000, 0.000000000000000000 ) ) ;
#2478 = VECTOR ( 'NONE', #3307, 1000.000000000000000 ) ;
#2479 = AXIS2_PLACEMENT_3D ( 'NONE', #2787, #2864, #2115 ) ;
#2480 = VECTOR ( 'NONE', #2845, 1000.000000000000000 ) ;
#2481 = CARTESIAN_POINT ( 'NONE',  ( 0.000000000000000000, 0.000000000000000000, 1.500000000000000000 ) ) ;
#2482 = DIRECTION ( 'NONE',  ( 1.000000000000000000, 0.000000000000000000, 0.000000000000000000 ) ) ;
#2483 = ORIENTED_EDGE ( 'NONE', *, *, #3133, .T. ) ;
#2484 = LINE ( 'NONE', #4385, #4487 ) ;
#2485 = DIRECTION ( 'NONE',  ( 1.000000000000000000, 0.000000000000000000, 0.000000000000000000 ) ) ;
#2486 = AXIS2_PLACEMENT_3D ( 'NONE', #1461, #989, #2591 ) ;
#2487 = AXIS2_PLACEMENT_3D ( 'NONE', #837, #4692, #4012 ) ;
#2488 = DIRECTION ( 'NONE',  ( 1.000000000000000000, 0.000000000000000000, 0.000000000000000000 ) ) ;
#2489 = DIRECTION ( 'NONE',  ( 0.000000000000000000, -1.000000000000000000, 0.000000000000000000 ) ) ;
#2490 = CIRCLE ( 'NONE', #1193, 0.7500014039276969857 ) ;
#2491 = EDGE_LOOP ( 'NONE', ( #3722, #134, #338, #1022 ) ) ;
#2492 = EDGE_CURVE ( 'NONE', #2144, #423, #4374, .T. ) ;
#2493 = VERTEX_POINT ( 'NONE', #503 ) ;
#2494 =( GEOMETRIC_REPRESENTATION_CONTEXT ( 3 ) GLOBAL_UNCERTAINTY_ASSIGNED_CONTEXT ( ( #2433 ) ) GLOBAL_UNIT_ASSIGNED_CONTEXT ( ( #3174, #167, #3151 ) ) REPRESENTATION_CONTEXT ( 'NONE', 'WORKASPACE' ) );
#2495 = AXIS2_PLACEMENT_3D ( 'NONE', #2460, #127, #1344 ) ;
#2496 = LINE ( 'NONE', #4020, #2944 ) ;
#2497 = ORIENTED_EDGE ( 'NONE', *, *, #3014, .F. ) ;
#2498 = CARTESIAN_POINT ( 'NONE',  ( -173.6827392578125000, 39.43781280517579546, 1.500000000000000000 ) ) ;
#2499 = ORIENTED_EDGE ( 'NONE', *, *, #916, .T. ) ;
#2500 = EDGE_CURVE ( 'NONE', #2588, #285, #4701, .T. ) ;
#2501 = AXIS2_PLACEMENT_3D ( 'NONE', #2549, #1416, #3705 ) ;
#2502 = ORIENTED_EDGE ( 'NONE', *, *, #1855, .T. ) ;
#2503 = EDGE_CURVE ( 'NONE', #2967, #3643, #2793, .T. ) ;
#2504 = CARTESIAN_POINT ( 'NONE',  ( -176.4022369384765057, 43.54022216796875000, 1.000000000000000000 ) ) ;
#2505 = DIRECTION ( 'NONE',  ( 1.000000000000000000, 0.000000000000000000, 0.000000000000000000 ) ) ;
#2506 = CARTESIAN_POINT ( 'NONE',  ( -171.5752667234459921, 38.45781326293945312, 1.000000000000000000 ) ) ;
#2507 = CARTESIAN_POINT ( 'NONE',  ( -171.6527709960940058, 39.43781280517579546, 1.500000000000000000 ) ) ;
#2508 = CARTESIAN_POINT ( 'NONE',  ( -190.8528711494080028, 45.12199774108519534, 0.000000000000000000 ) ) ;
#2509 = DIRECTION ( 'NONE',  ( 0.000000000000000000, -1.000000000000000000, 0.000000000000000000 ) ) ;
#2510 = DIRECTION ( 'NONE',  ( 0.000000000000000000, 1.000000000000000000, 0.000000000000000000 ) ) ;
#2511 = CARTESIAN_POINT ( 'NONE',  ( -174.5236816406250000, 42.52197647094725141, 1.000000000000000000 ) ) ;
#2512 = CARTESIAN_POINT ( 'NONE',  ( -173.6827392578125000, 38.48781585693359375, 1.500000000000000000 ) ) ;
#2513 = EDGE_LOOP ( 'NONE', ( #4780, #749, #4370, #797 ) ) ;
#2514 = ORIENTED_EDGE ( 'NONE', *, *, #4300, .F. ) ;
#2515 = DIRECTION ( 'NONE',  ( -1.000000000000000000, 0.000000000000000000, 0.000000000000000000 ) ) ;
#2516 = EDGE_CURVE ( 'NONE', #3622, #1259, #524, .T. ) ;
#2517 = CARTESIAN_POINT ( 'NONE',  ( -172.4527587890625000, 39.43781280517579546, 1.000000000000000000 ) ) ;
#2518 = PLANE ( 'NONE',  #2887 ) ;
#2519 = DIRECTION ( 'NONE',  ( 0.000000000000000000, 1.000000000000000000, 0.000000000000000000 ) ) ;
#2520 = ORIENTED_EDGE ( 'NONE', *, *, #344, .F. ) ;
#2521 = CARTESIAN_POINT ( 'NONE',  ( -174.5577392578125000, 38.45781326293945312, 1.600000000000000089 ) ) ;
#2522 = ADVANCED_FACE ( 'NONE', ( #3951 ), #2050, .F. ) ;
#2523 = EDGE_LOOP ( 'NONE', ( #806, #595, #290, #2692 ) ) ;
#2524 = FACE_OUTER_BOUND ( 'NONE', #4134, .T. ) ;
#2525 = FACE_OUTER_BOUND ( 'NONE', #3642, .T. ) ;
#2526 = ADVANCED_FACE ( 'NONE', ( #3007 ), #4236, .F. ) ;
#2527 = DIRECTION ( 'NONE',  ( 0.000000000000000000, 0.000000000000000000, 1.000000000000000000 ) ) ;
#2528 = DIRECTION ( 'NONE',  ( -1.000000000000000000, 0.000000000000000000, 0.000000000000000000 ) ) ;
#2529 = ORIENTED_EDGE ( 'NONE', *, *, #2252, .T. ) ;
#2530 = CARTESIAN_POINT ( 'NONE',  ( -176.3679046630859943, 43.89500045776365056, 1.175000000000000044 ) ) ;
#2531 = CARTESIAN_POINT ( 'NONE',  ( 0.000000000000000000, 0.000000000000000000, 1.500000000000000000 ) ) ;
#2532 = FACE_BOUND ( 'NONE', #279, .T. ) ;
#2533 = ORIENTED_EDGE ( 'NONE', *, *, #2458, .F. ) ;
#2534 = VERTEX_POINT ( 'NONE', #3792 ) ;
#2535 = PRESENTATION_STYLE_ASSIGNMENT (( #987 ) ) ;
#2536 = DIRECTION ( 'NONE',  ( 0.000000000000000000, -1.000000000000000000, 0.000000000000000000 ) ) ;
#2537 = FACE_OUTER_BOUND ( 'NONE', #1166, .T. ) ;
#2538 = DIRECTION ( 'NONE',  ( 1.000000000000000000, 0.000000000000000000, 0.000000000000000000 ) ) ;
#2539 = VERTEX_POINT ( 'NONE', #1870 ) ;
#2540 = DIRECTION ( 'NONE',  ( 1.000000000000000000, 0.000000000000000000, 0.000000000000000000 ) ) ;
#2541 = DIRECTION ( 'NONE',  ( 0.000000000000000000, 0.000000000000000000, -1.000000000000000000 ) ) ;
#2542 = AXIS2_PLACEMENT_3D ( 'NONE', #923, #3623, #4974 ) ;
#2543 = CARTESIAN_POINT ( 'NONE',  ( -175.6939086914065058, 38.45781326293945312, 1.600000000000000089 ) ) ;
#2544 = CARTESIAN_POINT ( 'NONE',  ( -188.4725043451020099, 43.55812069639190298, 1.000000000000000000 ) ) ;
#2545 = ADVANCED_FACE ( 'NONE', ( #3465 ), #4594, .F. ) ;
#2546 = AXIS2_PLACEMENT_3D ( 'NONE', #838, #3731, #4488 ) ;
#2547 = FACE_OUTER_BOUND ( 'NONE', #1897, .T. ) ;
#2548 = VECTOR ( 'NONE', #960, 1000.000000000000000 ) ;
#2549 = CARTESIAN_POINT ( 'NONE',  ( -176.0271116182134961, 42.23183229146774664, 1.175000000000000044 ) ) ;
#2550 = MECHANICAL_DESIGN_GEOMETRIC_PRESENTATION_REPRESENTATION (  '', ( #4229 ), #1095 ) ;
#2551 = ORIENTED_EDGE ( 'NONE', *, *, #4801, .F. ) ;
#2553 = EDGE_CURVE ( 'NONE', #2605, #2020, #1254, .T. ) ;
#2552 = PLANE ( 'NONE',  #70 ) ;
#2554 = ADVANCED_FACE ( 'NONE', ( #1119 ), #2632, .F. ) ;
#2555 = CARTESIAN_POINT ( 'NONE',  ( 0.000000000000000000, 0.000000000000000000, 1.000000000000000000 ) ) ;
#2556 = AXIS2_PLACEMENT_3D ( 'NONE', #3716, #4830, #2918 ) ;
#2557 = VECTOR ( 'NONE', #767, 1000.000000000000000 ) ;
#2558 = PLANE ( 'NONE',  #2073 ) ;
#2559 = CARTESIAN_POINT ( 'NONE',  ( -192.1619873046875000, 48.03639984130860086, 1.000000000000000000 ) ) ;
#2560 = LINE ( 'NONE', #4491, #3930 ) ;
#2561 = AXIS2_PLACEMENT_3D ( 'NONE', #378, #2282, #4967 ) ;
#2562 = ORIENTED_EDGE ( 'NONE', *, *, #2275, .T. ) ;
#2563 = EDGE_CURVE ( 'NONE', #4001, #1307, #1828, .T. ) ;
#2564 = DIRECTION ( 'NONE',  ( 1.000000000000000000, 0.000000000000000000, 0.000000000000000000 ) ) ;
#2565 = VECTOR ( 'NONE', #2168, 1000.000000000000000 ) ;
#2566 = LINE ( 'NONE', #1483, #4732 ) ;
#2567 = VECTOR ( 'NONE', #2509, 1000.000000000000000 ) ;
#2568 = DIRECTION ( 'NONE',  ( 1.000000000000000000, 0.000000000000000000, 0.000000000000000000 ) ) ;
#2569 = VERTEX_POINT ( 'NONE', #4186 ) ;
#2570 = EDGE_LOOP ( 'NONE', ( #1411, #3318, #2350, #2295 ) ) ;
#2571 = CARTESIAN_POINT ( 'NONE',  ( -188.4725043045765176, 36.60295841433605801, 1.000000000000000000 ) ) ;
#2572 = CARTESIAN_POINT ( 'NONE',  ( -188.9725054478934965, 36.60295841433605801, 0.000000000000000000 ) ) ;
#2573 = STYLED_ITEM ( 'NONE', ( #880 ), #4782 ) ;
#2574 = VERTEX_POINT ( 'NONE', #2341 ) ;
#2575 = VECTOR ( 'NONE', #1299, 1000.000000000000000 ) ;
#2576 = UNCERTAINTY_MEASURE_WITH_UNIT (LENGTH_MEASURE( 1.000000000000000082E-05 ), #2413, 'distance_accuracy_value', 'NONE');
#2577 = FACE_OUTER_BOUND ( 'NONE', #2830, .T. ) ;
#2578 =( GEOMETRIC_REPRESENTATION_CONTEXT ( 3 ) GLOBAL_UNCERTAINTY_ASSIGNED_CONTEXT ( ( #3178 ) ) GLOBAL_UNIT_ASSIGNED_CONTEXT ( ( #2347, #4600, #4542 ) ) REPRESENTATION_CONTEXT ( 'NONE', 'WORKASPACE' ) );
#2579 = EDGE_CURVE ( 'NONE', #2846, #4971, #4926, .T. ) ;
#2580 = CARTESIAN_POINT ( 'NONE',  ( 0.000000000000000000, 0.000000000000000000, 1.000000000000000000 ) ) ;
#2581 = DIRECTION ( 'NONE',  ( 0.000000000000000000, 0.000000000000000000, -1.000000000000000000 ) ) ;
#2582 = ORIENTED_EDGE ( 'NONE', *, *, #4028, .F. ) ;
#2583 = DIRECTION ( 'NONE',  ( -1.000000000000000000, 0.000000000000000000, 0.000000000000000000 ) ) ;
#2584 = EDGE_CURVE ( 'NONE', #3868, #1458, #3818, .T. ) ;
#2585 =( NAMED_UNIT ( * ) PLANE_ANGLE_UNIT ( ) SI_UNIT ( $, .RADIAN. ) );
#2586 = CARTESIAN_POINT ( 'NONE',  ( -176.4022369384765057, 42.62692260742190342, 1.500000000000000000 ) ) ;
#2587 = DIRECTION ( 'NONE',  ( 0.000000000000000000, 1.000000000000000000, 0.000000000000000000 ) ) ;
#2588 = VERTEX_POINT ( 'NONE', #4131 ) ;
#2589 = CARTESIAN_POINT ( 'NONE',  ( 0.000000000000000000, 0.000000000000000000, 1.600000000000000089 ) ) ;
#2590 = ADVANCED_FACE ( 'NONE', ( #4160 ), #685, .F. ) ;
#2591 = DIRECTION ( 'NONE',  ( 1.000000000000000000, 0.000000000000000000, 0.000000000000000000 ) ) ;
#2592 = DIRECTION ( 'NONE',  ( 0.000000000000000000, 0.000000000000000000, -1.000000000000000000 ) ) ;
#2593 = VERTEX_POINT ( 'NONE', #4565 ) ;
#2594 = VERTEX_POINT ( 'NONE', #2663 ) ;
#2595 = LINE ( 'NONE', #2920, #3530 ) ;
#2596 = PLANE ( 'NONE',  #2973 ) ;
#2597 = DIRECTION ( 'NONE',  ( 0.000000000000000000, 1.000000000000000000, 0.000000000000000000 ) ) ;
#2598 = CARTESIAN_POINT ( 'NONE',  ( -172.5277709960939774, 39.96781539916995030, 1.600000000000000089 ) ) ;
#2599 = CARTESIAN_POINT ( 'NONE',  ( -173.6077270507814774, 38.45781326293945312, 1.600000000000000089 ) ) ;
#2600 = EDGE_LOOP ( 'NONE', ( #4640, #1625, #1107, #1884 ) ) ;
#2601 = DIRECTION ( 'NONE',  ( 0.000000000000000000, 1.000000000000000000, 0.000000000000000000 ) ) ;
#2602 = ADVANCED_FACE ( 'NONE', ( #2138 ), #4447, .F. ) ;
#2603 = CARTESIAN_POINT ( 'NONE',  ( -183.7859344482419885, 38.49012028448694878, 3.409999999999999698 ) ) ;
#2604 = ORIENTED_EDGE ( 'NONE', *, *, #3824, .F. ) ;
#2605 = VERTEX_POINT ( 'NONE', #2096 ) ;
#2606 = PLANE ( 'NONE',  #1098 ) ;
#2607 = EDGE_CURVE ( 'NONE', #4797, #4243, #969, .T. ) ;
#2608 = CARTESIAN_POINT ( 'NONE',  ( -175.6749114990234943, 43.54022216796875000, 1.500000000000000000 ) ) ;
#2609 = PLANE ( 'NONE',  #4402 ) ;
#2610 = ORIENTED_EDGE ( 'NONE', *, *, #4478, .F. ) ;
#2611 = ORIENTED_EDGE ( 'NONE', *, *, #1766, .F. ) ;
#2612 = CARTESIAN_POINT ( 'NONE',  ( -188.4725043451020099, 43.55812069639190298, 1.000000000000000000 ) ) ;
#2613 = DIRECTION ( 'NONE',  ( -1.000000000000000000, 0.000000000000000000, 0.000000000000000000 ) ) ;
#2614 = EDGE_CURVE ( 'NONE', #4762, #1705, #1495, .T. ) ;
#2615 = VERTEX_POINT ( 'NONE', #4777 ) ;
#2616 = CYLINDRICAL_SURFACE ( 'NONE', #3994, 0.6749996435091443203 ) ;
#2617 = CARTESIAN_POINT ( 'NONE',  ( 0.000000000000000000, 0.000000000000000000, 1.600000000000000089 ) ) ;
#2618 = DIRECTION ( 'NONE',  ( 0.000000000000000000, 0.000000000000000000, -1.000000000000000000 ) ) ;
#2619 = VERTEX_POINT ( 'NONE', #3621 ) ;
#2620 = DIRECTION ( 'NONE',  ( 0.000000000000000000, 0.000000000000000000, 1.000000000000000000 ) ) ;
#2621 = ORIENTED_EDGE ( 'NONE', *, *, #2614, .T. ) ;
#2623 = DIRECTION ( 'NONE',  ( -1.000000000000000000, 0.000000000000000000, 0.000000000000000000 ) ) ;
#2622 = VECTOR ( 'NONE', #4756, 1000.000000000000000 ) ;
#2624 = AXIS2_PLACEMENT_3D ( 'NONE', #1421, #4823, #4104 ) ;
#2625 = DIRECTION ( 'NONE',  ( 0.000000000000000000, 0.000000000000000000, -1.000000000000000000 ) ) ;
#2626 = CIRCLE ( 'NONE', #1590, 0.6749996435091443203 ) ;
#2627 = DIRECTION ( 'NONE',  ( 1.000000000000000000, 0.000000000000000000, 0.000000000000000000 ) ) ;
#2628 = LINE ( 'NONE', #1834, #3199 ) ;
#2629 = VERTEX_POINT ( 'NONE', #1329 ) ;
#2630 = VERTEX_POINT ( 'NONE', #3665 ) ;
#2631 =( GEOMETRIC_REPRESENTATION_CONTEXT ( 3 ) GLOBAL_UNCERTAINTY_ASSIGNED_CONTEXT ( ( #3272 ) ) GLOBAL_UNIT_ASSIGNED_CONTEXT ( ( #3461, #349, #3078 ) ) REPRESENTATION_CONTEXT ( 'NONE', 'WORKASPACE' ) );
#2632 = PLANE ( 'NONE',  #848 ) ;
#2633 =( GEOMETRIC_REPRESENTATION_CONTEXT ( 3 ) GLOBAL_UNCERTAINTY_ASSIGNED_CONTEXT ( ( #4836 ) ) GLOBAL_UNIT_ASSIGNED_CONTEXT ( ( #548, #3591, #1693 ) ) REPRESENTATION_CONTEXT ( 'NONE', 'WORKASPACE' ) );
#2634 = CARTESIAN_POINT ( 'NONE',  ( -160.9923264819234987, 41.08914510582660284, 1.000000000000000000 ) ) ;
#2636 = EDGE_CURVE ( 'NONE', #3223, #1947, #2496, .T. ) ;
#2635 = VECTOR ( 'NONE', #4188, 1000.000000000000000 ) ;
#2637 = CARTESIAN_POINT ( 'NONE',  ( -174.5577392578125000, 39.96781539916995030, 1.600000000000000089 ) ) ;
#2638 = ORIENTED_EDGE ( 'NONE', *, *, #3997, .T. ) ;
#2639 = VERTEX_POINT ( 'NONE', #1073 ) ;
#2640 = CARTESIAN_POINT ( 'NONE',  ( -162.1446245850090122, 38.08140389644134416, 1.000000000000000000 ) ) ;
#2641 = AXIS2_PLACEMENT_3D ( 'NONE', #1422, #2228, #3660 ) ;
#2642 = VECTOR ( 'NONE', #1393, 1000.000000000000000 ) ;
#2643 = VECTOR ( 'NONE', #810, 1000.000000000000000 ) ;
#2644 = ORIENTED_EDGE ( 'NONE', *, *, #1863, .F. ) ;
#2645 = EDGE_CURVE ( 'NONE', #4950, #317, #2276, .T. ) ;
#2646 = AXIS2_PLACEMENT_3D ( 'NONE', #451, #2676, #3502 ) ;
#2647 = LINE ( 'NONE', #4934, #1510 ) ;
#2648 = CARTESIAN_POINT ( 'NONE',  ( -171.5117187500000000, 42.52197647094725141, 1.000000000000000000 ) ) ;
#2649 = AXIS2_PLACEMENT_3D ( 'NONE', #4685, #831, #2003 ) ;
#2650 = VECTOR ( 'NONE', #1072, 1000.000000000000000 ) ;
#2651 = CLOSED_SHELL ( 'NONE', ( #132, #4568, #26, #3560, #3072, #882, #4110, #1660 ) ) ;
#2652 = EDGE_CURVE ( 'NONE', #4818, #4438, #4377, .T. ) ;
#2653 = FACE_OUTER_BOUND ( 'NONE', #2600, .T. ) ;
#2654 = EDGE_LOOP ( 'NONE', ( #683, #3085, #2936, #1257 ) ) ;
#2655 = LINE ( 'NONE', #347, #3021 ) ;
#2656 = VECTOR ( 'NONE', #3753, 1000.000000000000000 ) ;
#2657 = DIRECTION ( 'NONE',  ( 1.000000000000000000, 0.000000000000000000, 0.000000000000000000 ) ) ;
#2658 = FACE_OUTER_BOUND ( 'NONE', #121, .T. ) ;
#2659 = SURFACE_STYLE_USAGE ( .BOTH. , #4560 ) ;
#2660 = DIRECTION ( 'NONE',  ( 0.000000000000000000, 0.000000000000000000, -1.000000000000000000 ) ) ;
#2661 = EDGE_LOOP ( 'NONE', ( #3968, #3052, #307, #920 ) ) ;
#2662 = DIRECTION ( 'NONE',  ( 1.000000000000000000, 0.000000000000000000, 0.000000000000000000 ) ) ;
#2663 = CARTESIAN_POINT ( 'NONE',  ( -183.7859344482419885, 43.94128417968750000, 1.000000000000000000 ) ) ;
#2664 = CARTESIAN_POINT ( 'NONE',  ( -175.6939086914065058, 39.96781539916995030, 1.000000000000000000 ) ) ;
#2665 = CARTESIAN_POINT ( 'NONE',  ( -177.6935577392580115, 44.16944503784180398, 1.000000000000000000 ) ) ;
#2666 = ORIENTED_EDGE ( 'NONE', *, *, #2062, .T. ) ;
#2667 = ORIENTED_EDGE ( 'NONE', *, *, #1030, .T. ) ;
#2668 = CARTESIAN_POINT ( 'NONE',  ( -171.5117187500000000, 44.03197860717774859, 1.000000000000000000 ) ) ;
#2669 = EDGE_CURVE ( 'NONE', #3413, #4192, #2288, .T. ) ;
#2670 = VERTEX_POINT ( 'NONE', #1963 ) ;
#2671 = DIRECTION ( 'NONE',  ( 0.000000000000000000, 0.000000000000000000, 1.000000000000000000 ) ) ;
#2672 = CARTESIAN_POINT ( 'NONE',  ( -176.3679046630859943, 43.89500045776365056, 1.175000000000000044 ) ) ;
#2673 = ADVANCED_FACE ( 'NONE', ( #4616 ), #3866, .F. ) ;
#2674 = EDGE_LOOP ( 'NONE', ( #4748, #3452, #2908, #3074 ) ) ;
#2675 = CARTESIAN_POINT ( 'NONE',  ( -160.4923249098245037, 41.08914510582660284, 1.000000000000000000 ) ) ;
#2676 = DIRECTION ( 'NONE',  ( -1.000000000000000000, 0.000000000000000000, 0.000000000000000000 ) ) ;
#2677 = ORIENTED_EDGE ( 'NONE', *, *, #4300, .T. ) ;
#2678 = DIRECTION ( 'NONE',  ( -0.7070890469892472385, -0.7071245149390862350, 0.000000000000000000 ) ) ;
#2679 = EDGE_CURVE ( 'NONE', #4769, #828, #2741, .T. ) ;
#2680 = CARTESIAN_POINT ( 'NONE',  ( -176.5689086914064774, 38.48781585693359375, 1.000000000000000000 ) ) ;
#2681 = PRESENTATION_STYLE_ASSIGNMENT (( #2283 ) ) ;
#2682 = LINE ( 'NONE', #1189, #3691 ) ;
#2683 = ORIENTED_EDGE ( 'NONE', *, *, #3349, .T. ) ;
#2684 = LINE ( 'NONE', #4208, #1361 ) ;
#2685 = CARTESIAN_POINT ( 'NONE',  ( -166.2379302978515057, 42.99311828613279829, 1.000000000000000000 ) ) ;
#2686 = LINE ( 'NONE', #2665, #2635 ) ;
#2687 = ORIENTED_EDGE ( 'NONE', *, *, #2041, .F. ) ;
#2688 = ORIENTED_EDGE ( 'NONE', *, *, #1243, .F. ) ;
#2689 = PRESENTATION_STYLE_ASSIGNMENT (( #1149 ) ) ;
#2690 = EDGE_LOOP ( 'NONE', ( #2191, #3900, #732, #2722 ) ) ;
#2691 = LINE ( 'NONE', #3898, #4009 ) ;
#2692 = ORIENTED_EDGE ( 'NONE', *, *, #4506, .F. ) ;
#2693 = EDGE_CURVE ( 'NONE', #3795, #3129, #3466, .T. ) ;
#2694 = VERTEX_POINT ( 'NONE', #3083 ) ;
#2695 = CARTESIAN_POINT ( 'NONE',  ( -183.2956695556640057, 44.16978185416449776, 1.550000000000000044 ) ) ;
#2696 = CARTESIAN_POINT ( 'NONE',  ( -176.0271116182134961, 43.93531248392284994, 1.175000000000000044 ) ) ;
#2697 = EDGE_LOOP ( 'NONE', ( #2743, #662, #4213, #2725 ) ) ;
#2698 = CARTESIAN_POINT ( 'NONE',  ( -171.5867309570315058, 43.50197601318360086, 1.500000000000000000 ) ) ;
#2700 = EDGE_CURVE ( 'NONE', #4384, #3216, #3487, .T. ) ;
#2699 = VECTOR ( 'NONE', #1556, 1000.000000000000000 ) ;
#2701 = CARTESIAN_POINT ( 'NONE',  ( 0.000000000000000000, 0.000000000000000000, 1.000000000000000000 ) ) ;
#2702 = EDGE_CURVE ( 'NONE', #2452, #4618, #3101, .T. ) ;
#2703 = FILL_AREA_STYLE ('',( #737 ) ) ;
#2704 = CARTESIAN_POINT ( 'NONE',  ( -172.4617309570314774, 44.03197860717774859, 1.600000000000000089 ) ) ;
#2705 = ORIENTED_EDGE ( 'NONE', *, *, #2376, .F. ) ;
#2706 = DIRECTION ( 'NONE',  ( 0.000000000000000000, 0.000000000000000000, 1.000000000000000000 ) ) ;
#2707 = CARTESIAN_POINT ( 'NONE',  ( -172.4617309570314774, 42.52197647094725141, 1.600000000000000089 ) ) ;
#2708 = AXIS2_PLACEMENT_3D ( 'NONE', #1573, #2334, #1864 ) ;
#2709 = CARTESIAN_POINT ( 'NONE',  ( 0.000000000000000000, 0.000000000000000000, 1.550000000000000044 ) ) ;
#2710 = EDGE_CURVE ( 'NONE', #3139, #1877, #3436, .T. ) ;
#2711 = CARTESIAN_POINT ( 'NONE',  ( -170.8179168701169885, 42.99311828613279829, 1.000000000000000000 ) ) ;
#2712 = ORIENTED_EDGE ( 'NONE', *, *, #2097, .T. ) ;
#2713 = ORIENTED_EDGE ( 'NONE', *, *, #3063, .T. ) ;
#2714 = CARTESIAN_POINT ( 'NONE',  ( -175.6619873046875000, 34.87976136882910083, 1.826571335919620065 ) ) ;
#2715 = LINE ( 'NONE', #1094, #1699 ) ;
#2716 = PRESENTATION_LAYER_ASSIGNMENT (  '', '', ( #4399 ) ) ;
#2717 = VECTOR ( 'NONE', #3915, 1000.000000000000000 ) ;
#2718 = EDGE_LOOP ( 'NONE', ( #4054, #2322, #4626, #2454 ) ) ;
#2719 = CARTESIAN_POINT ( 'NONE',  ( -172.4619873046875114, 34.87976136882910083, 1.826571335919620065 ) ) ;
#2720 = VECTOR ( 'NONE', #1651, 1000.000000000000000 ) ;
#2721 = AXIS2_PLACEMENT_3D ( 'NONE', #2443, #1685, #936 ) ;
#2722 = ORIENTED_EDGE ( 'NONE', *, *, #3546, .F. ) ;
#2723 = VECTOR ( 'NONE', #1405, 1000.000000000000000 ) ;
#2724 = AXIS2_PLACEMENT_3D ( 'NONE', #1389, #2242, #316 ) ;
#2725 = ORIENTED_EDGE ( 'NONE', *, *, #3721, .F. ) ;
#2726 = DIRECTION ( 'NONE',  ( 0.000000000000000000, 0.000000000000000000, 1.000000000000000000 ) ) ;
#2727 = LINE ( 'NONE', #2356, #4081 ) ;
#2728 = ORIENTED_EDGE ( 'NONE', *, *, #583, .T. ) ;
#2729 = DIRECTION ( 'NONE',  ( 1.000000000000000000, 0.000000000000000000, 0.000000000000000000 ) ) ;
#2730 = AXIS2_PLACEMENT_3D ( 'NONE', #3092, #3496, #398 ) ;
#2731 = AXIS2_PLACEMENT_3D ( 'NONE', #3636, #569, #2482 ) ;
#2732 = ADVANCED_FACE ( 'NONE', ( #4187 ), #1087, .F. ) ;
#2733 = CARTESIAN_POINT ( 'NONE',  ( -175.6749114990234943, 42.62692260742190342, 1.500000000000000000 ) ) ;
#2734 = DIRECTION ( 'NONE',  ( 0.000000000000000000, 0.000000000000000000, -1.000000000000000000 ) ) ;
#2735 = CARTESIAN_POINT ( 'NONE',  ( -171.5117187500000000, 44.03197860717774859, 1.600000000000000089 ) ) ;
#2736 = VECTOR ( 'NONE', #1653, 1000.000000000000000 ) ;
#2737 = CARTESIAN_POINT ( 'NONE',  ( 0.000000000000000000, 0.000000000000000000, 1.600000000000000089 ) ) ;
#2738 = VERTEX_POINT ( 'NONE', #436 ) ;
#2739 =( NAMED_UNIT ( * ) PLANE_ANGLE_UNIT ( ) SI_UNIT ( $, .RADIAN. ) );
#2740 = EDGE_CURVE ( 'NONE', #2124, #1292, #42, .T. ) ;
#2741 = LINE ( 'NONE', #3064, #3745 ) ;
#2742 = LINE ( 'NONE', #941, #4642 ) ;
#2743 = ORIENTED_EDGE ( 'NONE', *, *, #412, .T. ) ;
#2744 = EDGE_LOOP ( 'NONE', ( #841, #528, #425, #448 ) ) ;
#2745 = CARTESIAN_POINT ( 'NONE',  ( -170.8179168701169885, 42.99311828613279829, 1.000000000000000000 ) ) ;
#2746 = FILL_AREA_STYLE_COLOUR ( '', #4474 ) ;
#2747 = EDGE_CURVE ( 'NONE', #3494, #2539, #4162, .T. ) ;
#2748 = EDGE_LOOP ( 'NONE', ( #177, #2904, #91, #1966 ) ) ;
#2749 = CARTESIAN_POINT ( 'NONE',  ( -174.4827270507815058, 39.43781280517579546, 1.000000000000000000 ) ) ;
#2750 = SURFACE_SIDE_STYLE ('',( #444 ) ) ;
#2751 = VERTEX_POINT ( 'NONE', #740 ) ;
#2752 = ORIENTED_EDGE ( 'NONE', *, *, #3323, .F. ) ;
#2753 = PLANE ( 'NONE',  #3285 ) ;
#2754 = PLANE ( 'NONE',  #3045 ) ;
#2755 = ORIENTED_EDGE ( 'NONE', *, *, #937, .F. ) ;
#2756 = DIRECTION ( 'NONE',  ( 1.000000000000000000, 0.000000000000000000, 0.000000000000000000 ) ) ;
#2757 = DIRECTION ( 'NONE',  ( 1.000000000000000000, 0.000000000000000000, 0.000000000000000000 ) ) ;
#2758 = CARTESIAN_POINT ( 'NONE',  ( -176.3679046630859943, 42.61893523821424878, 1.000000000000000000 ) ) ;
#2759 = FACE_OUTER_BOUND ( 'NONE', #4529, .T. ) ;
#2760 = ORIENTED_EDGE ( 'NONE', *, *, #4446, .F. ) ;
#2761 = DIRECTION ( 'NONE',  ( 0.000000000000000000, 0.000000000000000000, -1.000000000000000000 ) ) ;
#2762 = DIRECTION ( 'NONE',  ( -1.000000000000000000, 0.000000000000000000, 0.000000000000000000 ) ) ;
#2763 = LINE ( 'NONE', #818, #2717 ) ;
#2764 = EDGE_LOOP ( 'NONE', ( #4041, #3370, #4335, #463 ) ) ;
#2765 = EDGE_CURVE ( 'NONE', #4127, #4314, #1579, .T. ) ;
#2766 = EDGE_LOOP ( 'NONE', ( #485, #2447, #266, #4809 ) ) ;
#2767 = CARTESIAN_POINT ( 'NONE',  ( -171.6527709960940058, 38.48781585693359375, 1.500000000000000000 ) ) ;
#2768 = CARTESIAN_POINT ( 'NONE',  ( -166.2379302978515057, 36.49311828613280539, 5.007799999999999585 ) ) ;
#2769 = ORIENTED_EDGE ( 'NONE', *, *, #4822, .F. ) ;
#2770 = CARTESIAN_POINT ( 'NONE',  ( -174.5236816406250000, 44.03197860717774859, 1.000000000000000000 ) ) ;
#2771 = DIRECTION ( 'NONE',  ( 0.000000000000000000, 0.000000000000000000, -1.000000000000000000 ) ) ;
#2772 = ADVANCED_FACE ( 'NONE', ( #1986 ), #1894, .F. ) ;
#2773 = ADVANCED_FACE ( 'NONE', ( #1612 ), #3836, .F. ) ;
#2774 = DIRECTION ( 'NONE',  ( 0.000000000000000000, 0.000000000000000000, -1.000000000000000000 ) ) ;
#2775 = EDGE_LOOP ( 'NONE', ( #819, #2514, #4171, #1998 ) ) ;
#2776 = ORIENTED_EDGE ( 'NONE', *, *, #281, .T. ) ;
#2777 = CYLINDRICAL_SURFACE ( 'NONE', #2426, 0.5000015720988404411 ) ;
#2778 = SURFACE_STYLE_USAGE ( .BOTH. , #2855 ) ;
#2779 = CARTESIAN_POINT ( 'NONE',  ( -174.5577392578125000, 39.46781539916995030, 1.600000000000000089 ) ) ;
#2780 = LINE ( 'NONE', #1298, #3284 ) ;
#2781 = LINE ( 'NONE', #2336, #3137 ) ;
#2782 = PLANE ( 'NONE',  #2731 ) ;
#2783 = ORIENTED_EDGE ( 'NONE', *, *, #2903, .T. ) ;
#2784 = FACE_BOUND ( 'NONE', #2865, .T. ) ;
#2785 = VECTOR ( 'NONE', #3407, 1000.000000000000000 ) ;
#2786 = SURFACE_STYLE_FILL_AREA ( #868 ) ;
#2787 = CARTESIAN_POINT ( 'NONE',  ( 0.000000000000000000, 0.000000000000000000, 1.600000000000000089 ) ) ;
#2788 = VERTEX_POINT ( 'NONE', #1121 ) ;
#2789 = VERTEX_POINT ( 'NONE', #3411 ) ;
#2790 = EDGE_CURVE ( 'NONE', #14, #4605, #386, .T. ) ;
#2791 = ORIENTED_EDGE ( 'NONE', *, *, #1230, .F. ) ;
#2792 =( GEOMETRIC_REPRESENTATION_CONTEXT ( 3 ) GLOBAL_UNCERTAINTY_ASSIGNED_CONTEXT ( ( #1209 ) ) GLOBAL_UNIT_ASSIGNED_CONTEXT ( ( #3977, #3580, #3608 ) ) REPRESENTATION_CONTEXT ( 'NONE', 'WORKASPACE' ) );
#2793 = LINE ( 'NONE', #1286, #2145 ) ;
#2794 = FACE_OUTER_BOUND ( 'NONE', #136, .T. ) ;
#2795 = VECTOR ( 'NONE', #4407, 1000.000000000000000 ) ;
#2796 = CARTESIAN_POINT ( 'NONE',  ( -163.6620339173564957, 33.60304960583769684, 1.000000000000000000 ) ) ;
#2797 = VECTOR ( 'NONE', #3278, 1000.000000000000000 ) ;
#2798 = MECHANICAL_DESIGN_GEOMETRIC_PRESENTATION_REPRESENTATION (  '', ( #372 ), #4804 ) ;
#2799 = EDGE_CURVE ( 'NONE', #3139, #1223, #1943, .T. ) ;
#2800 = ORIENTED_EDGE ( 'NONE', *, *, #3467, .F. ) ;
#2801 = AXIS2_PLACEMENT_3D ( 'NONE', #2343, #357, #839 ) ;
#2802 = ORIENTED_EDGE ( 'NONE', *, *, #2089, .T. ) ;
#2803 = DIRECTION ( 'NONE',  ( -1.000000000000000000, 0.000000000000000000, 0.000000000000000000 ) ) ;
#2804 =( LENGTH_UNIT ( ) NAMED_UNIT ( * ) SI_UNIT ( .MILLI., .METRE. ) );
#2805 = CARTESIAN_POINT ( 'NONE',  ( -174.4827270507815058, 38.48781585693359375, 1.500000000000000000 ) ) ;
#2806 = VECTOR ( 'NONE', #1658, 1000.000000000000000 ) ;
#2807 = ADVANCED_FACE ( 'NONE', ( #1504 ), #3033, .F. ) ;
#2808 = AXIS2_PLACEMENT_3D ( 'NONE', #1829, #3707, #2153 ) ;
#2809 = CARTESIAN_POINT ( 'NONE',  ( -162.1180167485564994, 45.94234061952019488, 1.000000000000000000 ) ) ;
#2810 = CARTESIAN_POINT ( 'NONE',  ( -176.3679046630859943, 42.27214431762695312, 1.175000000000000044 ) ) ;
#2811 = CARTESIAN_POINT ( 'NONE',  ( -177.4654083251955115, 38.51549911499025569, 3.409999999999999698 ) ) ;
#2812 = LINE ( 'NONE', #4344, #3613 ) ;
#2813 = VECTOR ( 'NONE', #2937, 1000.000000000000114 ) ;
#2814 = EDGE_LOOP ( 'NONE', ( #2192, #3503, #1066, #308 ) ) ;
#2815 = FACE_BOUND ( 'NONE', #4244, .T. ) ;
#2816 = AXIS2_PLACEMENT_3D ( 'NONE', #814, #3861, #380 ) ;
#2817 = MECHANICAL_DESIGN_GEOMETRIC_PRESENTATION_REPRESENTATION (  '', ( #3774 ), #3694 ) ;
#2818 = PLANE ( 'NONE',  #4548 ) ;
#2819 = CARTESIAN_POINT ( 'NONE',  ( -176.0271116182134961, 43.93531248392284994, 1.000000000000000000 ) ) ;
#2820 = ORIENTED_EDGE ( 'NONE', *, *, #1820, .F. ) ;
#2821 = ORIENTED_EDGE ( 'NONE', *, *, #1091, .T. ) ;
#2822 = CARTESIAN_POINT ( 'NONE',  ( -175.6749114990234943, 42.62692260742190342, 1.000000000000000000 ) ) ;
#2823 = VECTOR ( 'NONE', #1170, 1000.000000000000000 ) ;
#2824 = ORIENTED_EDGE ( 'NONE', *, *, #1671, .F. ) ;
#2825 = LINE ( 'NONE', #2451, #4885 ) ;
#2826 = EDGE_LOOP ( 'NONE', ( #2939, #3931, #3950, #3892 ) ) ;
#2827 = CARTESIAN_POINT ( 'NONE',  ( 0.000000000000000000, 0.000000000000000000, 1.600000000000000089 ) ) ;
#2828 = EDGE_CURVE ( 'NONE', #1532, #3622, #2464, .T. ) ;
#2829 = ORIENTED_EDGE ( 'NONE', *, *, #3071, .T. ) ;
#2830 = EDGE_LOOP ( 'NONE', ( #2499, #4753, #2432, #1508 ) ) ;
#2831 = CARTESIAN_POINT ( 'NONE',  ( -174.5577392578125000, 39.96781539916995030, 1.000000000000000000 ) ) ;
#2832 =( NAMED_UNIT ( * ) SI_UNIT ( $, .STERADIAN. ) SOLID_ANGLE_UNIT ( ) );
#2833 = EDGE_CURVE ( 'NONE', #4086, #1548, #1688, .T. ) ;
#2834 = SURFACE_SIDE_STYLE ('',( #511 ) ) ;
#2835 = FACE_OUTER_BOUND ( 'NONE', #796, .T. ) ;
#2836 = DIRECTION ( 'NONE',  ( -1.000000000000000000, 0.000000000000000000, 0.000000000000000000 ) ) ;
#2837 = DIRECTION ( 'NONE',  ( -1.000000000000000000, 0.000000000000000000, 0.000000000000000000 ) ) ;
#2838 = ORIENTED_EDGE ( 'NONE', *, *, #1703, .T. ) ;
#2839 = EDGE_CURVE ( 'NONE', #723, #14, #3219, .T. ) ;
#2840 = FACE_BOUND ( 'NONE', #954, .T. ) ;
#2841 = DIRECTION ( 'NONE',  ( 0.000000000000000000, 0.000000000000000000, -1.000000000000000000 ) ) ;
#2842 = DIRECTION ( 'NONE',  ( -1.000000000000000000, 0.000000000000000000, 0.000000000000000000 ) ) ;
#2843 = ORIENTED_EDGE ( 'NONE', *, *, #320, .T. ) ;
#2844 = ORIENTED_EDGE ( 'NONE', *, *, #910, .T. ) ;
#2845 = DIRECTION ( 'NONE',  ( 0.000000000000000000, 1.000000000000000000, 0.000000000000000000 ) ) ;
#2846 = VERTEX_POINT ( 'NONE', #3984 ) ;
#2847 = DIRECTION ( 'NONE',  ( 0.000000000000000000, 1.000000000000000000, 0.000000000000000000 ) ) ;
#2848 = CARTESIAN_POINT ( 'NONE',  ( -161.1180114746095171, 33.90877213949594449, 0.000000000000000000 ) ) ;
#2849 = VERTEX_POINT ( 'NONE', #467 ) ;
#2850 = PRESENTATION_STYLE_ASSIGNMENT (( #2453 ) ) ;
#2851 = ORIENTED_EDGE ( 'NONE', *, *, #4485, .T. ) ;
#2852 = EDGE_CURVE ( 'NONE', #325, #4220, #2114, .T. ) ;
#2853 = VERTEX_POINT ( 'NONE', #4292 ) ;
#2854 = FACE_OUTER_BOUND ( 'NONE', #2461, .T. ) ;
#2855 = SURFACE_SIDE_STYLE ('',( #3535 ) ) ;
#2856 = EDGE_CURVE ( 'NONE', #423, #4024, #3545, .T. ) ;
#2857 = DIRECTION ( 'NONE',  ( 0.000000000000000000, 0.000000000000000000, -1.000000000000000000 ) ) ;
#2858 = CARTESIAN_POINT ( 'NONE',  ( -173.6486816406250000, 42.55197906494139914, 1.500000000000000000 ) ) ;
#2859 = VERTEX_POINT ( 'NONE', #159 ) ;
#2860 = CARTESIAN_POINT ( 'NONE',  ( -190.1028711554349684, 45.12199774108519534, 1.000000000000000000 ) ) ;
#2861 = PLANE ( 'NONE',  #1849 ) ;
#2862 = EDGE_CURVE ( 'NONE', #1716, #2972, #3640, .T. ) ;
#2863 = DIRECTION ( 'NONE',  ( -1.000000000000000000, 0.000000000000000000, 0.000000000000000000 ) ) ;
#2864 = DIRECTION ( 'NONE',  ( 0.000000000000000000, 0.000000000000000000, 1.000000000000000000 ) ) ;
#2865 = EDGE_LOOP ( 'NONE', ( #1403, #438 ) ) ;
#2866 = ORIENTED_EDGE ( 'NONE', *, *, #395, .F. ) ;
#2867 = DIRECTION ( 'NONE',  ( 0.000000000000000000, 0.000000000000000000, 1.000000000000000000 ) ) ;
#2868 = EDGE_CURVE ( 'NONE', #836, #1921, #1220, .T. ) ;
#2869 = CARTESIAN_POINT ( 'NONE',  ( -171.5752667234459921, 37.95781326293945312, 1.600000000000000089 ) ) ;
#2870 = EDGE_LOOP ( 'NONE', ( #3185, #2953 ) ) ;
#2871 = VECTOR ( 'NONE', #1720, 1000.000000000000000 ) ;
#2872 = CARTESIAN_POINT ( 'NONE',  ( -174.5236816406250000, 43.53197860717774859, 1.600000000000000089 ) ) ;
#2873 = ORIENTED_EDGE ( 'NONE', *, *, #2740, .T. ) ;
#2874 = AXIS2_PLACEMENT_3D ( 'NONE', #343, #1051, #4096 ) ;
#2875 = EDGE_LOOP ( 'NONE', ( #2075, #1965, #4826, #4332 ) ) ;
#2876 = UNCERTAINTY_MEASURE_WITH_UNIT (LENGTH_MEASURE( 1.000000000000000082E-05 ), #1759, 'distance_accuracy_value', 'NONE');
#2877 = CARTESIAN_POINT ( 'NONE',  ( -174.5577392578125000, 37.95781326293945312, 1.000000000000000000 ) ) ;
#2878 = VECTOR ( 'NONE', #1730, 1000.000000000000000 ) ;
#2879 = VECTOR ( 'NONE', #4193, 1000.000000000000000 ) ;
#2880 = VECTOR ( 'NONE', #1987, 1000.000000000000000 ) ;
#2881 = DIRECTION ( 'NONE',  ( -0.000000000000000000, 1.000000000000000000, 0.000000000000000000 ) ) ;
#2882 = AXIS2_PLACEMENT_3D ( 'NONE', #3293, #309, #1460 ) ;
#2883 = DIRECTION ( 'NONE',  ( 0.000000000000000000, 0.000000000000000000, -1.000000000000000000 ) ) ;
#2884 = LINE ( 'NONE', #4689, #1934 ) ;
#2885 = DIRECTION ( 'NONE',  ( 1.000000000000000000, 0.000000000000000000, 0.000000000000000000 ) ) ;
#2886 = CARTESIAN_POINT ( 'NONE',  ( -175.6819458007815058, 43.55095183099730605, 1.175000000000000044 ) ) ;
#2888 = EDGE_CURVE ( 'NONE', #4192, #616, #4750, .T. ) ;
#2887 = AXIS2_PLACEMENT_3D ( 'NONE', #2988, #3316, #4829 ) ;
#2889 = AXIS2_PLACEMENT_3D ( 'NONE', #3501, #46, #1210 ) ;
#2890 = FACE_OUTER_BOUND ( 'NONE', #3706, .T. ) ;
#2891 = COLOUR_RGB ( '',0.7921568627450980005, 0.8196078431372548767, 0.9333333333333333481 ) ;
#2892 = DIRECTION ( 'NONE',  ( 0.000000000000000000, 0.000000000000000000, 1.000000000000000000 ) ) ;
#2893 = AXIS2_PLACEMENT_3D ( 'NONE', #242, #693, #2969 ) ;
#2894 = VERTEX_POINT ( 'NONE', #1657 ) ;
#2895 = ORIENTED_EDGE ( 'NONE', *, *, #455, .T. ) ;
#2896 = FACE_OUTER_BOUND ( 'NONE', #758, .T. ) ;
#2897 = ADVANCED_FACE ( 'NONE', ( #4367 ), #2818, .F. ) ;
#2898 = VECTOR ( 'NONE', #1364, 1000.000000000000000 ) ;
#2899 = LINE ( 'NONE', #598, #2080 ) ;
#2900 = ORIENTED_EDGE ( 'NONE', *, *, #222, .F. ) ;
#2901 = FACE_OUTER_BOUND ( 'NONE', #1984, .T. ) ;
#2902 = AXIS2_PLACEMENT_3D ( 'NONE', #1076, #2620, #2256 ) ;
#2903 = EDGE_CURVE ( 'NONE', #3012, #3097, #3164, .T. ) ;
#2904 = ORIENTED_EDGE ( 'NONE', *, *, #4387, .F. ) ;
#2905 = LINE ( 'NONE', #4068, #2952 ) ;
#2906 =( NAMED_UNIT ( * ) PLANE_ANGLE_UNIT ( ) SI_UNIT ( $, .RADIAN. ) );
#2907 = DIRECTION ( 'NONE',  ( 1.000000000000000000, 0.000000000000000000, 0.000000000000000000 ) ) ;
#2908 = ORIENTED_EDGE ( 'NONE', *, *, #3443, .T. ) ;
#2909 = DIRECTION ( 'NONE',  ( -1.000000000000000000, 0.000000000000000000, 0.000000000000000000 ) ) ;
#2910 = MANIFOLD_SOLID_BREP ( 'NONE', #3218 ) ;
#2911 = PRODUCT_RELATED_PRODUCT_CATEGORY ( 'part', '', ( #3555 ) ) ;
#2912 = FACE_BOUND ( 'NONE', #3565, .T. ) ;
#2913 = CARTESIAN_POINT ( 'NONE',  ( -172.3867187500000000, 43.50197601318360086, 1.500000000000000000 ) ) ;
#2914 = EDGE_LOOP ( 'NONE', ( #3222, #4863 ) ) ;
#2915 = SURFACE_STYLE_FILL_AREA ( #1384 ) ;
#2916 = CARTESIAN_POINT ( 'NONE',  ( -182.5956726074220171, 45.51155471801759944, 1.550000000000000044 ) ) ;
#2917 = EDGE_CURVE ( 'NONE', #1877, #1945, #1304, .T. ) ;
#2918 = DIRECTION ( 'NONE',  ( 0.000000000000000000, 0.000000000000000000, 1.000000000000000000 ) ) ;
#2919 = ORIENTED_EDGE ( 'NONE', *, *, #4098, .T. ) ;
#2920 = CARTESIAN_POINT ( 'NONE',  ( -176.3679046630859943, 43.55095183099730605, 1.175000000000000044 ) ) ;
#2921 = CARTESIAN_POINT ( 'NONE',  ( -172.4619873046875114, 34.87976136882910083, 1.032355392924441784 ) ) ;
#2922 = ORIENTED_EDGE ( 'NONE', *, *, #3709, .T. ) ;
#2923 = EDGE_CURVE ( 'NONE', #4314, #2104, #1738, .T. ) ;
#2924 = LINE ( 'NONE', #1370, #3353 ) ;
#2925 = MANIFOLD_SOLID_BREP ( 'NONE', #4567 ) ;
#2926 = EDGE_CURVE ( 'NONE', #3557, #390, #3423, .T. ) ;
#2927 = CARTESIAN_POINT ( 'NONE',  ( -172.4617309570314774, 43.53197860717774859, 1.600000000000000089 ) ) ;
#2928 = CARTESIAN_POINT ( 'NONE',  ( -176.3679046630859943, 42.27214431762695312, 1.175000000000000044 ) ) ;
#2929 = ORIENTED_EDGE ( 'NONE', *, *, #1671, .T. ) ;
#2930 = DIRECTION ( 'NONE',  ( -1.000000000000000000, 0.000000000000000000, 0.000000000000000000 ) ) ;
#2931 = DIRECTION ( 'NONE',  ( 0.000000000000000000, 0.000000000000000000, -1.000000000000000000 ) ) ;
#2932 = DIRECTION ( 'NONE',  ( 0.000000000000000000, 1.000000000000000000, 0.000000000000000000 ) ) ;
#2933 = MANIFOLD_SOLID_BREP ( 'NONE', #4254 ) ;
#2934 = LINE ( 'NONE', #1476, #3444 ) ;
#2935 = ORIENTED_EDGE ( 'NONE', *, *, #748, .F. ) ;
#2936 = ORIENTED_EDGE ( 'NONE', *, *, #4339, .F. ) ;
#2937 = DIRECTION ( 'NONE',  ( -0.8660249427413257983, 0.5000007985492457285, 0.000000000000000000 ) ) ;
#2938 = CARTESIAN_POINT ( 'NONE',  ( -183.7859344482419885, 43.94128417968750000, 3.409999999999999698 ) ) ;
#2939 = ORIENTED_EDGE ( 'NONE', *, *, #517, .T. ) ;
#2940 = DIRECTION ( 'NONE',  ( 0.000000000000000000, 0.000000000000000000, -1.000000000000000000 ) ) ;
#2941 = DIRECTION ( 'NONE',  ( 0.000000000000000000, 0.000000000000000000, -1.000000000000000000 ) ) ;
#2942 = ADVANCED_FACE ( 'NONE', ( #232 ), #4441, .T. ) ;
#2943 = ORIENTED_EDGE ( 'NONE', *, *, #1786, .F. ) ;
#2944 = VECTOR ( 'NONE', #1566, 1000.000000000000000 ) ;
#2945 = DIRECTION ( 'NONE',  ( 1.000000000000000000, 0.000000000000000000, 0.000000000000000000 ) ) ;
#2946 = DIRECTION ( 'NONE',  ( 0.000000000000000000, 0.000000000000000000, -1.000000000000000000 ) ) ;
#2948 = ADVANCED_FACE ( 'NONE', ( #1350 ), #1037, .F. ) ;
#2947 = STYLED_ITEM ( 'NONE', ( #4772 ), #2910 ) ;
#2949 = DIRECTION ( 'NONE',  ( -1.000000000000000000, 0.000000000000000000, 0.000000000000000000 ) ) ;
#2950 = VECTOR ( 'NONE', #3327, 1000.000000000000000 ) ;
#2951 = CARTESIAN_POINT ( 'NONE',  ( -175.6939086914065058, 37.95781326293945312, 1.000000000000000000 ) ) ;
#2952 = VECTOR ( 'NONE', #630, 1000.000000000000000 ) ;
#2953 = ORIENTED_EDGE ( 'NONE', *, *, #2740, .F. ) ;
#2954 = DIRECTION ( 'NONE',  ( 0.000000000000000000, 0.000000000000000000, -1.000000000000000000 ) ) ;
#2955 = EDGE_CURVE ( 'NONE', #2223, #2207, #4462, .T. ) ;
#2956 = VECTOR ( 'NONE', #1490, 1000.000000000000000 ) ;
#2957 =( NAMED_UNIT ( * ) PLANE_ANGLE_UNIT ( ) SI_UNIT ( $, .RADIAN. ) );
#2958 = FACE_BOUND ( 'NONE', #1818, .T. ) ;
#2959 = VERTEX_POINT ( 'NONE', #3689 ) ;
#2960 = VECTOR ( 'NONE', #4017, 1000.000000000000000 ) ;
#2961 = VERTEX_POINT ( 'NONE', #2982 ) ;
#2962 = DIRECTION ( 'NONE',  ( 0.000000000000000000, 0.000000000000000000, 1.000000000000000000 ) ) ;
#2963 = STYLED_ITEM ( 'NONE', ( #32 ), #1482 ) ;
#2964 = FACE_OUTER_BOUND ( 'NONE', #3735, .T. ) ;
#2965 = CIRCLE ( 'NONE', #220, 0.5000006829925796037 ) ;
#2966 = CARTESIAN_POINT ( 'NONE',  ( -174.4827270507815058, 39.43781280517579546, 1.000000000000000000 ) ) ;
#2967 = VERTEX_POINT ( 'NONE', #4866 ) ;
#2968 = ORIENTED_EDGE ( 'NONE', *, *, #237, .F. ) ;
#2969 = DIRECTION ( 'NONE',  ( 1.000000000000000000, 0.000000000000000000, 0.000000000000000000 ) ) ;
#2970 = PLANE ( 'NONE',  #4416 ) ;
#2971 = VECTOR ( 'NONE', #4768, 1000.000000000000000 ) ;
#2972 = VERTEX_POINT ( 'NONE', #4420 ) ;
#2973 = AXIS2_PLACEMENT_3D ( 'NONE', #4452, #4116, #2993 ) ;
#2974 = CIRCLE ( 'NONE', #1767, 0.5000015720988404411 ) ;
#2975 = EDGE_CURVE ( 'NONE', #1926, #3145, #2133, .T. ) ;
#2976 = DIRECTION ( 'NONE',  ( 0.000000000000000000, 0.000000000000000000, 1.000000000000000000 ) ) ;
#2977 = LINE ( 'NONE', #4525, #2650 ) ;
#2978 = CARTESIAN_POINT ( 'NONE',  ( -161.1180176613555091, 45.94234061952019488, 0.000000000000000000 ) ) ;
#2979 = ADVANCED_FACE ( 'NONE', ( #2890 ), #199, .F. ) ;
#2980 = ORIENTED_EDGE ( 'NONE', *, *, #2105, .F. ) ;
#2981 = DIRECTION ( 'NONE',  ( 1.000000000000000000, 0.000000000000000000, 0.000000000000000000 ) ) ;
#2982 = CARTESIAN_POINT ( 'NONE',  ( -175.6819458007815058, 42.61893523821424878, 1.000000000000000000 ) ) ;
#2983 = ADVANCED_FACE ( 'NONE', ( #1007 ), #2558, .F. ) ;
#2984 = CARTESIAN_POINT ( 'NONE',  ( -175.6819458007815058, 42.61893523821424878, 1.175000000000000044 ) ) ;
#2985 = SURFACE_STYLE_FILL_AREA ( #2703 ) ;
#2986 = EDGE_LOOP ( 'NONE', ( #3111, #1316 ) ) ;
#2987 = ORIENTED_EDGE ( 'NONE', *, *, #3597, .F. ) ;
#2988 = CARTESIAN_POINT ( 'NONE',  ( 0.000000000000000000, 0.000000000000000000, 1.000000000000000000 ) ) ;
#2989 = DIRECTION ( 'NONE',  ( -0.000000000000000000, 1.000000000000000000, 0.000000000000000000 ) ) ;
#2990 = ORIENTED_EDGE ( 'NONE', *, *, #2702, .F. ) ;
#2991 = ORIENTED_EDGE ( 'NONE', *, *, #2702, .T. ) ;
#2992 = CARTESIAN_POINT ( 'NONE',  ( -174.5577392578125000, 37.95781326293945312, 1.000000000000000000 ) ) ;
#2993 = DIRECTION ( 'NONE',  ( 1.000000000000000000, 0.000000000000000000, 0.000000000000000000 ) ) ;
#2994 = DIRECTION ( 'NONE',  ( 0.000000000000000000, 0.000000000000000000, 1.000000000000000000 ) ) ;
#2995 = LINE ( 'NONE', #4526, #2399 ) ;
#2996 = ORIENTED_EDGE ( 'NONE', *, *, #3204, .T. ) ;
#2997 = DIRECTION ( 'NONE',  ( -1.000000000000000000, 0.000000000000000000, 0.000000000000000000 ) ) ;
#2998 = VERTEX_POINT ( 'NONE', #3100 ) ;
#2999 = LINE ( 'NONE', #710, #3367 ) ;
#3000 = EDGE_CURVE ( 'NONE', #3673, #2111, #4875, .T. ) ;
#3001 = LINE ( 'NONE', #533, #4551 ) ;
#3002 = DIRECTION ( 'NONE',  ( 0.000000000000000000, 0.000000000000000000, -1.000000000000000000 ) ) ;
#3003 = FACE_OUTER_BOUND ( 'NONE', #2491, .T. ) ;
#3004 = ORIENTED_EDGE ( 'NONE', *, *, #517, .F. ) ;
#3005 = VERTEX_POINT ( 'NONE', #1494 ) ;
#3006 = CARTESIAN_POINT ( 'NONE',  ( -176.3679046630859943, 42.27214431762695312, 1.175000000000000044 ) ) ;
#3007 = FACE_OUTER_BOUND ( 'NONE', #3763, .T. ) ;
#3008 = ADVANCED_FACE ( 'NONE', ( #4228 ), #4966, .F. ) ;
#3009 = DIRECTION ( 'NONE',  ( 0.000000000000000000, 0.000000000000000000, -1.000000000000000000 ) ) ;
#3010 = PLANE ( 'NONE',  #2403 ) ;
#3011 = VERTEX_POINT ( 'NONE', #3387 ) ;
#3012 = VERTEX_POINT ( 'NONE', #4940 ) ;
#3013 = LINE ( 'NONE', #2142, #3208 ) ;
#3014 = EDGE_CURVE ( 'NONE', #4101, #2216, #3858, .T. ) ;
#3015 = ORIENTED_EDGE ( 'NONE', *, *, #3314, .T. ) ;
#3016 = DIRECTION ( 'NONE',  ( -1.000000000000000000, 0.000000000000000000, 0.000000000000000000 ) ) ;
#3017 = PLANE ( 'NONE',  #2730 ) ;
#3018 = CARTESIAN_POINT ( 'NONE',  ( -174.5236816406250000, 42.02197647094729405, 1.600000000000000089 ) ) ;
#3019 = LINE ( 'NONE', #4482, #1120 ) ;
#3020 = ORIENTED_EDGE ( 'NONE', *, *, #2126, .F. ) ;
#3022 = PLANE ( 'NONE',  #1002 ) ;
#3021 = VECTOR ( 'NONE', #1905, 1000.000000000000000 ) ;
#3023 = VECTOR ( 'NONE', #3188, 1000.000000000000000 ) ;
#3024 = FILL_AREA_STYLE_COLOUR ( '', #4320 ) ;
#3025 = CARTESIAN_POINT ( 'NONE',  ( -173.5736694335939774, 44.03197860717774859, 1.000000000000000000 ) ) ;
#3026 = SURFACE_STYLE_FILL_AREA ( #1497 ) ;
#3027 = CARTESIAN_POINT ( 'NONE',  ( -171.5117187500000000, 42.52197647094725141, 1.000000000000000000 ) ) ;
#3028 = ADVANCED_FACE ( 'NONE', ( #1957 ), #4634, .F. ) ;
#3029 = VERTEX_POINT ( 'NONE', #3057 ) ;
#3030 = CARTESIAN_POINT ( 'NONE',  ( -175.8350059006889978, 43.89500045776365056, 1.175000000000000044 ) ) ;
#3031 = AXIS2_PLACEMENT_3D ( 'NONE', #3938, #3561, #103 ) ;
#3032 = DIRECTION ( 'NONE',  ( 0.000000000000000000, 0.000000000000000000, -1.000000000000000000 ) ) ;
#3033 = CYLINDRICAL_SURFACE ( 'NONE', #205, 0.6749994285282778783 ) ;
#3034 = VECTOR ( 'NONE', #4928, 1000.000000000000000 ) ;
#3035 = PLANE ( 'NONE',  #1678 ) ;
#3036 = VECTOR ( 'NONE', #591, 1000.000000000000000 ) ;
#3037 = VERTEX_POINT ( 'NONE', #2733 ) ;
#3038 = EDGE_CURVE ( 'NONE', #2630, #1499, #4152, .T. ) ;
#3039 = ORIENTED_EDGE ( 'NONE', *, *, #633, .F. ) ;
#3040 =( NAMED_UNIT ( * ) PLANE_ANGLE_UNIT ( ) SI_UNIT ( $, .RADIAN. ) );
#3041 = APPLICATION_PROTOCOL_DEFINITION ( 'draft international standard', 'automotive_design', 1998, #2185 ) ;
#3042 = VECTOR ( 'NONE', #4181, 1000.000000000000000 ) ;
#3043 = AXIS2_PLACEMENT_3D ( 'NONE', #2640, #1772, #264 ) ;
#3044 = ORIENTED_EDGE ( 'NONE', *, *, #1177, .F. ) ;
#3045 = AXIS2_PLACEMENT_3D ( 'NONE', #2696, #776, #2329 ) ;
#3046 = ADVANCED_FACE ( 'NONE', ( #3883 ), #783, .F. ) ;
#3047 = CARTESIAN_POINT ( 'NONE',  ( -172.5277709960939774, 39.96781539916995030, 1.600000000000000089 ) ) ;
#3048 = FILL_AREA_STYLE_COLOUR ( '', #2095 ) ;
#3049 = AXIS2_PLACEMENT_3D ( 'NONE', #3734, #4232, #1938 ) ;
#3050 = AXIS2_PLACEMENT_3D ( 'NONE', #2598, #3326, #269 ) ;
#3051 = AXIS2_PLACEMENT_3D ( 'NONE', #1883, #655, #4528 ) ;
#3052 = ORIENTED_EDGE ( 'NONE', *, *, #1749, .T. ) ;
#3053 = LINE ( 'NONE', #4149, #3777 ) ;
#3054 = CARTESIAN_POINT ( 'NONE',  ( -174.4486694335940058, 42.55197906494139914, 1.500000000000000000 ) ) ;
#3055 = EDGE_LOOP ( 'NONE', ( #2241, #547, #3500, #1271 ) ) ;
#3056 = VECTOR ( 'NONE', #22, 1000.000000000000000 ) ;
#3057 = CARTESIAN_POINT ( 'NONE',  ( -174.4486694335940058, 42.55197906494139914, 1.500000000000000000 ) ) ;
#3058 = CARTESIAN_POINT ( 'NONE',  ( -162.1446246596709955, 41.58481729878619859, 1.000000000000000000 ) ) ;
#3059 = DIRECTION ( 'NONE',  ( 0.000000000000000000, 0.000000000000000000, 1.000000000000000000 ) ) ;
#3060 = ORIENTED_EDGE ( 'NONE', *, *, #4742, .F. ) ;
#3061 = CYLINDRICAL_SURFACE ( 'NONE', #3606, 0.5000011946110771710 ) ;
#3062 = CARTESIAN_POINT ( 'NONE',  ( -183.7859344482419885, 38.49012028448694878, 3.409999999999999698 ) ) ;
#3063 = EDGE_CURVE ( 'NONE', #1332, #1486, #4631, .T. ) ;
#3064 = CARTESIAN_POINT ( 'NONE',  ( -163.6620339173564957, 33.60304960583769684, 1.000000000000000000 ) ) ;
#3065 = DIRECTION ( 'NONE',  ( 1.000000000000000000, 0.000000000000000000, 0.000000000000000000 ) ) ;
#3066 = ORIENTED_EDGE ( 'NONE', *, *, #1636, .F. ) ;
#3067 = EDGE_LOOP ( 'NONE', ( #2922, #529, #4349, #332 ) ) ;
#3068 =( NAMED_UNIT ( * ) SI_UNIT ( $, .STERADIAN. ) SOLID_ANGLE_UNIT ( ) );
#3069 = EDGE_CURVE ( 'NONE', #1055, #1874, #4202, .T. ) ;
#3070 = ORIENTED_EDGE ( 'NONE', *, *, #4610, .T. ) ;
#3071 = EDGE_CURVE ( 'NONE', #3622, #1181, #4263, .T. ) ;
#3072 = ADVANCED_FACE ( 'NONE', ( #2359 ), #4920, .F. ) ;
#3073 = ORIENTED_EDGE ( 'NONE', *, *, #4201, .T. ) ;
#3074 = ORIENTED_EDGE ( 'NONE', *, *, #2693, .T. ) ;
#3075 = PLANE ( 'NONE',  #4408 ) ;
#3076 = ORIENTED_EDGE ( 'NONE', *, *, #2652, .T. ) ;
#3077 = LINE ( 'NONE', #1549, #2643 ) ;
#3078 =( NAMED_UNIT ( * ) SI_UNIT ( $, .STERADIAN. ) SOLID_ANGLE_UNIT ( ) );
#3079 = DIRECTION ( 'NONE',  ( 0.000000000000000000, 0.000000000000000000, 1.000000000000000000 ) ) ;
#3080 = DIRECTION ( 'NONE',  ( 0.000000000000000000, 0.000000000000000000, -1.000000000000000000 ) ) ;
#3081 = ORIENTED_EDGE ( 'NONE', *, *, #748, .T. ) ;
#3082 = DIRECTION ( 'NONE',  ( 1.000000000000000000, 0.000000000000000000, 0.000000000000000000 ) ) ;
#3083 = CARTESIAN_POINT ( 'NONE',  ( -174.5236816406250000, 43.53197860717774859, 1.600000000000000089 ) ) ;
#3084 = LINE ( 'NONE', #4617, #135 ) ;
#3085 = ORIENTED_EDGE ( 'NONE', *, *, #2097, .F. ) ;
#3086 = ORIENTED_EDGE ( 'NONE', *, *, #3261, .T. ) ;
#3087 = PLANE ( 'NONE',  #4564 ) ;
#3088 = CARTESIAN_POINT ( 'NONE',  ( -174.4827270507815058, 39.43781280517579546, 1.500000000000000000 ) ) ;
#3089 = CARTESIAN_POINT ( 'NONE',  ( -173.6486816406250000, 43.50197601318360086, 1.000000000000000000 ) ) ;
#3090 = MANIFOLD_SOLID_BREP ( 'NONE', #306 ) ;
#3091 = ORIENTED_EDGE ( 'NONE', *, *, #679, .F. ) ;
#3092 = CARTESIAN_POINT ( 'NONE',  ( -173.6077270507814774, 39.96781539916995030, 1.600000000000000089 ) ) ;
#3093 = EDGE_CURVE ( 'NONE', #1947, #3699, #3001, .T. ) ;
#3094 = ORIENTED_EDGE ( 'NONE', *, *, #4028, .T. ) ;
#3095 = PLANE ( 'NONE',  #2006 ) ;
#3096 = DIRECTION ( 'NONE',  ( 0.000000000000000000, -1.000000000000000000, 0.000000000000000000 ) ) ;
#3097 = VERTEX_POINT ( 'NONE', #1265 ) ;
#3099 = EDGE_CURVE ( 'NONE', #2029, #1153, #4341, .T. ) ;
#3098 = CARTESIAN_POINT ( 'NONE',  ( -183.5577850341794885, 44.16944503784180398, 1.000000000000000000 ) ) ;
#3100 = CARTESIAN_POINT ( 'NONE',  ( -175.6749114990234943, 43.54022216796875000, 1.500000000000000000 ) ) ;
#3101 = CIRCLE ( 'NONE', #930, 0.6749994285282778783 ) ;
#3102 = PLANE ( 'NONE',  #2561 ) ;
#3103 = FACE_OUTER_BOUND ( 'NONE', #2775, .T. ) ;
#3104 = CARTESIAN_POINT ( 'NONE',  ( -176.3679046630859943, 43.55095183099730605, 1.175000000000000044 ) ) ;
#3105 = EDGE_LOOP ( 'NONE', ( #4189, #1148, #4197, #4037, #1554, #4178 ) ) ;
#3106 = EDGE_CURVE ( 'NONE', #3490, #189, #3157, .T. ) ;
#3107 = MANIFOLD_SOLID_BREP ( 'NONE', #387 ) ;
#3108 = CARTESIAN_POINT ( 'NONE',  ( -162.1446246596709955, 41.58481729878619859, 1.000000000000000000 ) ) ;
#3109 = CARTESIAN_POINT ( 'NONE',  ( -161.4696249415000011, 38.08140389644134416, 1.000000000000000000 ) ) ;
#3110 = VERTEX_POINT ( 'NONE', #124 ) ;
#3111 = ORIENTED_EDGE ( 'NONE', *, *, #2187, .F. ) ;
#3112 = DIRECTION ( 'NONE',  ( 0.000000000000000000, -1.000000000000000000, 0.000000000000000000 ) ) ;
#3113 = AXIS2_PLACEMENT_3D ( 'NONE', #4547, #673, #3417 ) ;
#3114 = CIRCLE ( 'NONE', #60, 0.5000006829925796037 ) ;
#3115 = EDGE_LOOP ( 'NONE', ( #1488, #4026, #1691, #3510 ) ) ;
#3116 = CIRCLE ( 'NONE', #3275, 0.9999990872011366161 ) ;
#3117 = CARTESIAN_POINT ( 'NONE',  ( -188.9725040665575193, 40.14691954139435381, 1.000000000000000000 ) ) ;
#3118 = AXIS2_PLACEMENT_3D ( 'NONE', #2916, #4448, #4059 ) ;
#3119 = AXIS2_PLACEMENT_3D ( 'NONE', #3310, #1004, #3658 ) ;
#3120 = ORIENTED_EDGE ( 'NONE', *, *, #1736, .F. ) ;
#3122 = EDGE_CURVE ( 'NONE', #1486, #4223, #3211, .T. ) ;
#3121 = PRESENTATION_LAYER_ASSIGNMENT (  '', '', ( #1689 ) ) ;
#3123 = MANIFOLD_SOLID_BREP ( 'NONE', #4418 ) ;
#3124 = VECTOR ( 'NONE', #2022, 1000.000000000000000 ) ;
#3125 = ORIENTED_EDGE ( 'NONE', *, *, #4860, .F. ) ;
#3126 = ORIENTED_EDGE ( 'NONE', *, *, #1339, .T. ) ;
#3127 = DIRECTION ( 'NONE',  ( 0.7071245149390863460, -0.7070890469892473496, 0.000000000000000000 ) ) ;
#3128 = PLANE ( 'NONE',  #2646 ) ;
#3129 = VERTEX_POINT ( 'NONE', #2035 ) ;
#3130 = FACE_OUTER_BOUND ( 'NONE', #4925, .T. ) ;
#3131 = VECTOR ( 'NONE', #2774, 1000.000000000000000 ) ;
#3132 = CLOSED_SHELL ( 'NONE', ( #2014, #611, #1614, #1185, #394, #4760 ) ) ;
#3133 = EDGE_CURVE ( 'NONE', #2569, #3191, #4285, .T. ) ;
#3134 =( NAMED_UNIT ( * ) SI_UNIT ( $, .STERADIAN. ) SOLID_ANGLE_UNIT ( ) );
#3135 = LINE ( 'NONE', #1115, #1276 ) ;
#3136 = DIRECTION ( 'NONE',  ( -0.000000000000000000, 1.000000000000000000, 0.000000000000000000 ) ) ;
#3137 = VECTOR ( 'NONE', #2037, 1000.000000000000000 ) ;
#3138 = DIRECTION ( 'NONE',  ( 0.000000000000000000, 1.000000000000000000, 0.000000000000000000 ) ) ;
#3139 = VERTEX_POINT ( 'NONE', #2382 ) ;
#3140 = CARTESIAN_POINT ( 'NONE',  ( 0.000000000000000000, 0.000000000000000000, 1.000000000000000000 ) ) ;
#3141 = EDGE_CURVE ( 'NONE', #3145, #4192, #3906, .T. ) ;
#3142 = ADVANCED_FACE ( 'NONE', ( #4310 ), #859, .F. ) ;
#3143 = DIRECTION ( 'NONE',  ( 0.000000000000000000, 0.000000000000000000, -1.000000000000000000 ) ) ;
#3144 = FACE_OUTER_BOUND ( 'NONE', #3362, .T. ) ;
#3145 = VERTEX_POINT ( 'NONE', #3181 ) ;
#3146 = EDGE_LOOP ( 'NONE', ( #1836, #2269, #3339, #359 ) ) ;
#3147 = DIRECTION ( 'NONE',  ( 0.000000000000000000, 0.000000000000000000, 1.000000000000000000 ) ) ;
#3148 = LINE ( 'NONE', #3088, #2557 ) ;
#3149 = EDGE_LOOP ( 'NONE', ( #3120, #2467 ) ) ;
#3150 = DIRECTION ( 'NONE',  ( 0.000000000000000000, 0.000000000000000000, -1.000000000000000000 ) ) ;
#3151 =( NAMED_UNIT ( * ) SI_UNIT ( $, .STERADIAN. ) SOLID_ANGLE_UNIT ( ) );
#3152 = VERTEX_POINT ( 'NONE', #4099 ) ;
#3153 = ORIENTED_EDGE ( 'NONE', *, *, #2710, .T. ) ;
#3154 = CARTESIAN_POINT ( 'NONE',  ( -170.8179168701169885, 42.99311828613279829, 5.007799999999999585 ) ) ;
#3155 = DIRECTION ( 'NONE',  ( 0.000000000000000000, 0.000000000000000000, -1.000000000000000000 ) ) ;
#3156 = CARTESIAN_POINT ( 'NONE',  ( -173.6827392578125000, 39.43781280517579546, 1.000000000000000000 ) ) ;
#3157 = LINE ( 'NONE', #1709, #3195 ) ;
#3158 = CARTESIAN_POINT ( 'NONE',  ( -176.6439208984375000, 39.96781539916995030, 1.000000000000000000 ) ) ;
#3159 = DIRECTION ( 'NONE',  ( 0.000000000000000000, -1.000000000000000000, 0.000000000000000000 ) ) ;
#3160 = DIRECTION ( 'NONE',  ( 1.000000000000000000, 0.000000000000000000, 0.000000000000000000 ) ) ;
#3161 = ORIENTED_EDGE ( 'NONE', *, *, #2041, .T. ) ;
#3162 = FACE_BOUND ( 'NONE', #1132, .T. ) ;
#3163 = ADVANCED_FACE ( 'NONE', ( #4861 ), #1750, .F. ) ;
#3164 = LINE ( 'NONE', #1242, #3023 ) ;
#3165 = LINE ( 'NONE', #3946, #2960 ) ;
#3166 = ORIENTED_EDGE ( 'NONE', *, *, #557, .T. ) ;
#3167 = ORIENTED_EDGE ( 'NONE', *, *, #1493, .F. ) ;
#3168 = PLANE ( 'NONE',  #953 ) ;
#3169 = PLANE ( 'NONE',  #1349 ) ;
#3170 = EDGE_CURVE ( 'NONE', #1055, #4978, #4839, .T. ) ;
#3171 = ORIENTED_EDGE ( 'NONE', *, *, #1459, .T. ) ;
#3172 = DIRECTION ( 'NONE',  ( 1.000000000000000000, 0.000000000000000000, 0.000000000000000000 ) ) ;
#3173 = DIRECTION ( 'NONE',  ( 1.000000000000000000, 0.000000000000000000, 0.000000000000000000 ) ) ;
#3174 =( LENGTH_UNIT ( ) NAMED_UNIT ( * ) SI_UNIT ( .MILLI., .METRE. ) );
#3175 = EDGE_CURVE ( 'NONE', #1874, #2116, #634, .T. ) ;
#3176 = ORIENTED_EDGE ( 'NONE', *, *, #3620, .F. ) ;
#3177 = VERTEX_POINT ( 'NONE', #174 ) ;
#3178 = UNCERTAINTY_MEASURE_WITH_UNIT (LENGTH_MEASURE( 1.000000000000000082E-05 ), #2347, 'distance_accuracy_value', 'NONE');
#3179 = DIRECTION ( 'NONE',  ( 1.000000000000000000, 0.000000000000000000, 0.000000000000000000 ) ) ;
#3180 = FACE_OUTER_BOUND ( 'NONE', #2065, .T. ) ;
#3181 = CARTESIAN_POINT ( 'NONE',  ( -174.5236816406250000, 42.52197647094725141, 1.000000000000000000 ) ) ;
#3182 = CARTESIAN_POINT ( 'NONE',  ( -162.1446246596709955, 41.58481729878619859, 1.000000000000000000 ) ) ;
#3183 = CARTESIAN_POINT ( 'NONE',  ( -176.6439208984375000, 39.96781539916995030, 1.600000000000000089 ) ) ;
#3184 = LINE ( 'NONE', #4715, #2259 ) ;
#3185 = ORIENTED_EDGE ( 'NONE', *, *, #889, .F. ) ;
#3186 = CARTESIAN_POINT ( 'NONE',  ( -174.5577392578125000, 37.95781326293945312, 1.600000000000000089 ) ) ;
#3187 = AXIS2_PLACEMENT_3D ( 'NONE', #356, #336, #1196 ) ;
#3188 = DIRECTION ( 'NONE',  ( 1.000000000000000000, 0.000000000000000000, 0.000000000000000000 ) ) ;
#3189 = EDGE_CURVE ( 'NONE', #1226, #2846, #3704, .T. ) ;
#3190 = CYLINDRICAL_SURFACE ( 'NONE', #4810, 0.7500014039276969857 ) ;
#3191 = VERTEX_POINT ( 'NONE', #1781 ) ;
#3192 = EDGE_LOOP ( 'NONE', ( #4775, #682, #3649, #502 ) ) ;
#3193 = PRESENTATION_STYLE_ASSIGNMENT (( #2468 ) ) ;
#3194 = VECTOR ( 'NONE', #2762, 1000.000000000000000 ) ;
#3196 = ADVANCED_FACE ( 'NONE', ( #248 ), #4072, .F. ) ;
#3195 = VECTOR ( 'NONE', #4360, 1000.000000000000000 ) ;
#3197 = LINE ( 'NONE', #903, #3586 ) ;
#3198 = DIRECTION ( 'NONE',  ( 0.000000000000000000, 1.000000000000000000, 0.000000000000000000 ) ) ;
#3199 = VECTOR ( 'NONE', #3829, 1000.000000000000000 ) ;
#3200 = LINE ( 'NONE', #1313, #227 ) ;
#3201 = AXIS2_PLACEMENT_3D ( 'NONE', #3890, #1221, #3438 ) ;
#3202 = VECTOR ( 'NONE', #4572, 1000.000000000000000 ) ;
#3203 = VERTEX_POINT ( 'NONE', #1825 ) ;
#3204 = EDGE_CURVE ( 'NONE', #3699, #4095, #3254, .T. ) ;
#3205 = AXIS2_PLACEMENT_3D ( 'NONE', #2559, #1058, #4898 ) ;
#3206 = ORIENTED_EDGE ( 'NONE', *, *, #2917, .F. ) ;
#3207 = DIRECTION ( 'NONE',  ( -1.000000000000000000, 0.000000000000000000, 0.000000000000000000 ) ) ;
#3208 = VECTOR ( 'NONE', #4115, 1000.000000000000000 ) ;
#3209 = AXIS2_PLACEMENT_3D ( 'NONE', #731, #2277, #3155 ) ;
#3210 = VECTOR ( 'NONE', #2729, 1000.000000000000000 ) ;
#3211 = LINE ( 'NONE', #2809, #3991 ) ;
#3212 = PLANE ( 'NONE',  #4644 ) ;
#3213 = DIRECTION ( 'NONE',  ( -1.000000000000000000, 0.000000000000000000, 0.000000000000000000 ) ) ;
#3214 = DIRECTION ( 'NONE',  ( 0.000000000000000000, 0.000000000000000000, -1.000000000000000000 ) ) ;
#3215 = PRESENTATION_LAYER_ASSIGNMENT (  '', '', ( #3774 ) ) ;
#3216 = VERTEX_POINT ( 'NONE', #568 ) ;
#3217 = FACE_BOUND ( 'NONE', #3987, .T. ) ;
#3218 = CLOSED_SHELL ( 'NONE', ( #1536, #149, #510, #664, #3598, #4915 ) ) ;
#3219 = LINE ( 'NONE', #1275, #1751 ) ;
#3220 = VECTOR ( 'NONE', #175, 1000.000000000000000 ) ;
#3221 = DIRECTION ( 'NONE',  ( 0.000000000000000000, 0.000000000000000000, -1.000000000000000000 ) ) ;
#3222 = ORIENTED_EDGE ( 'NONE', *, *, #3688, .T. ) ;
#3223 = VERTEX_POINT ( 'NONE', #1802 ) ;
#3224 = LINE ( 'NONE', #3644, #2401 ) ;
#3225 = EDGE_CURVE ( 'NONE', #1740, #2959, #270, .T. ) ;
#3226 = ORIENTED_EDGE ( 'NONE', *, *, #3799, .F. ) ;
#3227 = DIRECTION ( 'NONE',  ( -1.000000000000000000, 0.000000000000000000, 0.000000000000000000 ) ) ;
#3228 = CARTESIAN_POINT ( 'NONE',  ( -192.1619873046875000, 48.03639984130860086, 1.000000000000000000 ) ) ;
#3229 = ORIENTED_EDGE ( 'NONE', *, *, #1668, .F. ) ;
#3230 = EDGE_CURVE ( 'NONE', #3329, #15, #654, .T. ) ;
#3231 = ORIENTED_EDGE ( 'NONE', *, *, #2862, .T. ) ;
#3232 = EDGE_LOOP ( 'NONE', ( #560, #3464, #4321, #2929 ) ) ;
#3233 = DIRECTION ( 'NONE',  ( 0.000000000000000000, 1.000000000000000000, 0.000000000000000000 ) ) ;
#3234 = ADVANCED_FACE ( 'NONE', ( #605 ), #4507, .F. ) ;
#3235 = ADVANCED_FACE ( 'NONE', ( #3726 ), #4889, .F. ) ;
#3236 = DIRECTION ( 'NONE',  ( 0.000000000000000000, -1.000000000000000000, 0.000000000000000000 ) ) ;
#3237 = DIRECTION ( 'NONE',  ( 0.000000000000000000, 0.000000000000000000, -1.000000000000000000 ) ) ;
#3238 = ORIENTED_EDGE ( 'NONE', *, *, #1695, .T. ) ;
#3239 = DIRECTION ( 'NONE',  ( 1.000000000000000000, 0.000000000000000000, 0.000000000000000000 ) ) ;
#3240 = EDGE_CURVE ( 'NONE', #2894, #4223, #1096, .T. ) ;
#3241 = SURFACE_STYLE_USAGE ( .BOTH. , #181 ) ;
#3242 = CARTESIAN_POINT ( 'NONE',  ( -190.1028733519355001, 35.11380527195875345, 1.000000000000000000 ) ) ;
#3243 = VERTEX_POINT ( 'NONE', #3634 ) ;
#3244 = ORIENTED_EDGE ( 'NONE', *, *, #3709, .F. ) ;
#3245 = DIRECTION ( 'NONE',  ( 0.000000000000000000, 0.000000000000000000, 1.000000000000000000 ) ) ;
#3246 = LINE ( 'NONE', #1664, #446 ) ;
#3247 = LINE ( 'NONE', #2120, #943 ) ;
#3248 = EDGE_LOOP ( 'NONE', ( #4831, #3584, #2402, #3596 ) ) ;
#3249 = ORIENTED_EDGE ( 'NONE', *, *, #1358, .F. ) ;
#3250 = EDGE_CURVE ( 'NONE', #2493, #4730, #4413, .T. ) ;
#3251 = VERTEX_POINT ( 'NONE', #587 ) ;
#3252 = DIRECTION ( 'NONE',  ( 0.000000000000000000, -1.000000000000000000, 0.000000000000000000 ) ) ;
#3253 = CARTESIAN_POINT ( 'NONE',  ( -176.5689086914064774, 38.48781585693359375, 1.500000000000000000 ) ) ;
#3254 = LINE ( 'NONE', #1054, #1426 ) ;
#3255 = ADVANCED_FACE ( 'NONE', ( #4436 ), #4048, .F. ) ;
#3256 = DIRECTION ( 'NONE',  ( 0.000000000000000000, 0.000000000000000000, 1.000000000000000000 ) ) ;
#3257 = CARTESIAN_POINT ( 'NONE',  ( -175.6749114990234943, 43.54022216796875000, 1.500000000000000000 ) ) ;
#3258 = LINE ( 'NONE', #1247, #4813 ) ;
#3259 = DIRECTION ( 'NONE',  ( 1.000000000000000000, 0.000000000000000000, 0.000000000000000000 ) ) ;
#3260 = CARTESIAN_POINT ( 'NONE',  ( 0.000000000000000000, 0.000000000000000000, 1.500000000000000000 ) ) ;
#3261 = EDGE_CURVE ( 'NONE', #3129, #3878, #192, .T. ) ;
#3262 = FACE_OUTER_BOUND ( 'NONE', #472, .T. ) ;
#3263 = ORIENTED_EDGE ( 'NONE', *, *, #355, .T. ) ;
#3264 = EDGE_LOOP ( 'NONE', ( #1783, #4509, #4055, #1467 ) ) ;
#3265 = LINE ( 'NONE', #2425, #623 ) ;
#3266 = DIRECTION ( 'NONE',  ( 1.000000000000000000, 0.000000000000000000, 0.000000000000000000 ) ) ;
#3267 = ORIENTED_EDGE ( 'NONE', *, *, #490, .F. ) ;
#3268 = VECTOR ( 'NONE', #2847, 1000.000000000000000 ) ;
#3269 = DIRECTION ( 'NONE',  ( 1.000000000000000000, 0.000000000000000000, 0.000000000000000000 ) ) ;
#3270 = VECTOR ( 'NONE', #1907, 1000.000000000000000 ) ;
#3271 = ORIENTED_EDGE ( 'NONE', *, *, #244, .F. ) ;
#3272 = UNCERTAINTY_MEASURE_WITH_UNIT (LENGTH_MEASURE( 1.000000000000000082E-05 ), #3461, 'distance_accuracy_value', 'NONE');
#3273 = CARTESIAN_POINT ( 'NONE',  ( -192.1619873046875000, 48.03639984130860086, 1.000000000000000000 ) ) ;
#3274 = VECTOR ( 'NONE', #3897, 1000.000000000000114 ) ;
#3275 = AXIS2_PLACEMENT_3D ( 'NONE', #1662, #163, #577 ) ;
#3276 = ADVANCED_FACE ( 'NONE', ( #2547 ), #1395, .F. ) ;
#3277 = VECTOR ( 'NONE', #504, 1000.000000000000000 ) ;
#3278 = DIRECTION ( 'NONE',  ( 0.000000000000000000, 0.000000000000000000, -1.000000000000000000 ) ) ;
#3279 = VECTOR ( 'NONE', #4593, 1000.000000000000000 ) ;
#3280 = CARTESIAN_POINT ( 'NONE',  ( -176.3679046630859943, 43.89500045776365056, 1.175000000000000044 ) ) ;
#3281 = ORIENTED_EDGE ( 'NONE', *, *, #2340, .F. ) ;
#3282 = LINE ( 'NONE', #2530, #2567 ) ;
#3283 = CARTESIAN_POINT ( 'NONE',  ( -172.5277709960939774, 38.45781326293945312, 1.600000000000000089 ) ) ;
#3284 = VECTOR ( 'NONE', #3957, 1000.000000000000000 ) ;
#3285 = AXIS2_PLACEMENT_3D ( 'NONE', #4660, #1179, #2726 ) ;
#3286 = VECTOR ( 'NONE', #2408, 1000.000000000000000 ) ;
#3287 = EDGE_CURVE ( 'NONE', #2789, #3629, #4958, .T. ) ;
#3288 =( GEOMETRIC_REPRESENTATION_CONTEXT ( 3 ) GLOBAL_UNCERTAINTY_ASSIGNED_CONTEXT ( ( #3723 ) ) GLOBAL_UNIT_ASSIGNED_CONTEXT ( ( #509, #2406, #1337 ) ) REPRESENTATION_CONTEXT ( 'NONE', 'WORKASPACE' ) );
#3289 = FACE_BOUND ( 'NONE', #4092, .T. ) ;
#3290 = VECTOR ( 'NONE', #3080, 1000.000000000000000 ) ;
#3291 = EDGE_LOOP ( 'NONE', ( #4599, #4296, #2611, #4727 ) ) ;
#3292 = ORIENTED_EDGE ( 'NONE', *, *, #3400, .F. ) ;
#3293 = CARTESIAN_POINT ( 'NONE',  ( -174.5577392578125000, 39.96781539916995030, 1.600000000000000089 ) ) ;
#3294 = AXIS2_PLACEMENT_3D ( 'NONE', #2617, #997, #674 ) ;
#3295 = ADVANCED_FACE ( 'NONE', ( #1992 ), #321, .F. ) ;
#3296 = EDGE_CURVE ( 'NONE', #4592, #2959, #1623, .T. ) ;
#3297 = AXIS2_PLACEMENT_3D ( 'NONE', #1117, #1960, #408 ) ;
#3298 = DIRECTION ( 'NONE',  ( 0.000000000000000000, 1.000000000000000000, 0.000000000000000000 ) ) ;
#3299 = CARTESIAN_POINT ( 'NONE',  ( -161.4696252311424871, 41.58481729878619859, 1.000000000000000000 ) ) ;
#3300 = ORIENTED_EDGE ( 'NONE', *, *, #1410, .T. ) ;
#3301 = DIRECTION ( 'NONE',  ( 1.000000000000000000, 0.000000000000000000, 0.000000000000000000 ) ) ;
#3302 = LINE ( 'NONE', #2143, #1942 ) ;
#3303 = AXIS2_PLACEMENT_3D ( 'NONE', #961, #2151, #4840 ) ;
#3304 = VERTEX_POINT ( 'NONE', #4302 ) ;
#3305 = DIRECTION ( 'NONE',  ( 0.000000000000000000, 0.000000000000000000, -1.000000000000000000 ) ) ;
#3306 = CARTESIAN_POINT ( 'NONE',  ( -176.5689086914064774, 39.43781280517579546, 1.500000000000000000 ) ) ;
#3307 = DIRECTION ( 'NONE',  ( 0.000000000000000000, 0.000000000000000000, -1.000000000000000000 ) ) ;
#3308 = FACE_OUTER_BOUND ( 'NONE', #692, .T. ) ;
#3309 = ORIENTED_EDGE ( 'NONE', *, *, #734, .T. ) ;
#3310 = CARTESIAN_POINT ( 'NONE',  ( -172.4619873046875114, 34.87976136882910083, 1.826571335919620065 ) ) ;
#3311 =( NAMED_UNIT ( * ) SI_UNIT ( $, .STERADIAN. ) SOLID_ANGLE_UNIT ( ) );
#3312 = CARTESIAN_POINT ( 'NONE',  ( -171.5117187500000000, 42.02197647094729405, 1.000000000000000000 ) ) ;
#3313 = CARTESIAN_POINT ( 'NONE',  ( -175.8350059006889978, 43.89500045776365056, 1.175000000000000044 ) ) ;
#3314 = EDGE_CURVE ( 'NONE', #3304, #4438, #479, .T. ) ;
#3315 = ORIENTED_EDGE ( 'NONE', *, *, #2349, .T. ) ;
#3316 = DIRECTION ( 'NONE',  ( 0.000000000000000000, 0.000000000000000000, 1.000000000000000000 ) ) ;
#3317 = CARTESIAN_POINT ( 'NONE',  ( -174.5577392578125000, 37.95781326293945312, 1.600000000000000089 ) ) ;
#3318 = ORIENTED_EDGE ( 'NONE', *, *, #2463, .F. ) ;
#3319 = EDGE_CURVE ( 'NONE', #4605, #3110, #1589, .T. ) ;
#3320 = FACE_OUTER_BOUND ( 'NONE', #2697, .T. ) ;
#3321 = CARTESIAN_POINT ( 'NONE',  ( -177.9556732177734943, 45.10741043090819602, 1.550000000000000044 ) ) ;
#3322 = ORIENTED_EDGE ( 'NONE', *, *, #244, .T. ) ;
#3323 = EDGE_CURVE ( 'NONE', #2738, #742, #1880, .T. ) ;
#3324 = UNCERTAINTY_MEASURE_WITH_UNIT (LENGTH_MEASURE( 1.000000000000000082E-05 ), #118, 'distance_accuracy_value', 'NONE');
#3325 = CARTESIAN_POINT ( 'NONE',  ( -162.1446246596709955, 41.58481729878619859, 0.000000000000000000 ) ) ;
#3326 = DIRECTION ( 'NONE',  ( 0.000000000000000000, -1.000000000000000000, 0.000000000000000000 ) ) ;
#3327 = DIRECTION ( 'NONE',  ( 0.000000000000000000, 1.000000000000000000, 0.000000000000000000 ) ) ;
#3328 = PLANE ( 'NONE',  #2023 ) ;
#3329 = VERTEX_POINT ( 'NONE', #1858 ) ;
#3330 = DIRECTION ( 'NONE',  ( 1.000000000000000000, 0.000000000000000000, 0.000000000000000000 ) ) ;
#3331 = LINE ( 'NONE', #274, #553 ) ;
#3332 = FACE_BOUND ( 'NONE', #2263, .T. ) ;
#3333 = VERTEX_POINT ( 'NONE', #3874 ) ;
#3334 = VERTEX_POINT ( 'NONE', #2026 ) ;
#3335 = FACE_OUTER_BOUND ( 'NONE', #690, .T. ) ;
#3336 = EDGE_CURVE ( 'NONE', #1259, #672, #4914, .T. ) ;
#3337 = CARTESIAN_POINT ( 'NONE',  ( -175.7689208984375000, 39.43781280517579546, 1.000000000000000000 ) ) ;
#3338 = CARTESIAN_POINT ( 'NONE',  ( -183.2956695556640057, 45.10740661621089487, 1.000000000000000000 ) ) ;
#3339 = ORIENTED_EDGE ( 'NONE', *, *, #3250, .T. ) ;
#3340 = VERTEX_POINT ( 'NONE', #4122 ) ;
#3341 = CARTESIAN_POINT ( 'NONE',  ( -187.9725016773355151, 40.14691954139435381, 1.000000000000000000 ) ) ;
#3342 = FACE_OUTER_BOUND ( 'NONE', #2764, .T. ) ;
#3343 = EDGE_CURVE ( 'NONE', #423, #3469, #3495, .T. ) ;
#3344 = EDGE_LOOP ( 'NONE', ( #3802, #3039, #1016, #3015 ) ) ;
#3345 = AXIS2_PLACEMENT_3D ( 'NONE', #374, #326, #1885 ) ;
#3346 = CARTESIAN_POINT ( 'NONE',  ( -175.6749114990234943, 43.54022216796875000, 1.000000000000000000 ) ) ;
#3347 = DIRECTION ( 'NONE',  ( 0.000000000000000000, 1.000000000000000000, 0.000000000000000000 ) ) ;
#3348 = AXIS2_PLACEMENT_3D ( 'NONE', #1113, #328, #405 ) ;
#3349 = EDGE_CURVE ( 'NONE', #2216, #2967, #2254, .T. ) ;
#3350 = CARTESIAN_POINT ( 'NONE',  ( -175.6939086914065058, 39.96781539916995030, 1.600000000000000089 ) ) ;
#3351 = VECTOR ( 'NONE', #2221, 1000.000000000000000 ) ;
#3352 = LINE ( 'NONE', #708, #1035 ) ;
#3353 = VECTOR ( 'NONE', #2147, 1000.000000000000000 ) ;
#3354 = ORIENTED_EDGE ( 'NONE', *, *, #2123, .T. ) ;
#3355 = CARTESIAN_POINT ( 'NONE',  ( -160.9923261950864912, 38.64326855405789729, 1.000000000000000000 ) ) ;
#3356 = CIRCLE ( 'NONE', #1264, 0.5000011946110771710 ) ;
#3357 = VECTOR ( 'NONE', #2662, 1000.000000000000000 ) ;
#3358 = PLANE ( 'NONE',  #1359 ) ;
#3359 =( NAMED_UNIT ( * ) SI_UNIT ( $, .STERADIAN. ) SOLID_ANGLE_UNIT ( ) );
#3360 = ORIENTED_EDGE ( 'NONE', *, *, #4636, .F. ) ;
#3361 = AXIS2_PLACEMENT_3D ( 'NONE', #3697, #4497, #1793 ) ;
#3362 = EDGE_LOOP ( 'NONE', ( #236, #1558, #3740, #3662 ) ) ;
#3363 = SURFACE_STYLE_USAGE ( .BOTH. , #4870 ) ;
#3364 = VECTOR ( 'NONE', #1034, 1000.000000000000000 ) ;
#3365 =( GEOMETRIC_REPRESENTATION_CONTEXT ( 3 ) GLOBAL_UNCERTAINTY_ASSIGNED_CONTEXT ( ( #292 ) ) GLOBAL_UNIT_ASSIGNED_CONTEXT ( ( #1547, #23, #4607 ) ) REPRESENTATION_CONTEXT ( 'NONE', 'WORKASPACE' ) );
#3366 = LINE ( 'NONE', #1385, #4000 ) ;
#3367 = VECTOR ( 'NONE', #430, 1000.000000000000000 ) ;
#3368 = DIRECTION ( 'NONE',  ( 0.000000000000000000, 0.000000000000000000, 1.000000000000000000 ) ) ;
#3369 = ORIENTED_EDGE ( 'NONE', *, *, #4387, .T. ) ;
#3370 = ORIENTED_EDGE ( 'NONE', *, *, #2975, .F. ) ;
#3371 = CYLINDRICAL_SURFACE ( 'NONE', #2412, 0.5000006829925796037 ) ;
#3372 = CARTESIAN_POINT ( 'NONE',  ( -173.5736694335939774, 42.52197647094725141, 1.600000000000000089 ) ) ;
#3374 = EDGE_CURVE ( 'NONE', #3643, #2205, #4276, .T. ) ;
#3373 = PRESENTATION_LAYER_ASSIGNMENT (  '', '', ( #955 ) ) ;
#3375 = VECTOR ( 'NONE', #4364, 1000.000000000000000 ) ;
#3376 = ORIENTED_EDGE ( 'NONE', *, *, #4340, .F. ) ;
#3377 = AXIS2_PLACEMENT_3D ( 'NONE', #2811, #3213, #105 ) ;
#3378 = LINE ( 'NONE', #4912, #4549 ) ;
#3379 = CARTESIAN_POINT ( 'NONE',  ( -172.5277709960939774, 38.45781326293945312, 1.000000000000000000 ) ) ;
#3380 = EDGE_CURVE ( 'NONE', #3878, #4527, #675, .T. ) ;
#3381 = DIRECTION ( 'NONE',  ( 1.000000000000000000, 0.000000000000000000, 0.000000000000000000 ) ) ;
#3382 = PLANE ( 'NONE',  #959 ) ;
#3383 = VERTEX_POINT ( 'NONE', #39 ) ;
#3385 = ADVANCED_FACE ( 'NONE', ( #3553 ), #1205, .F. ) ;
#3384 = DIRECTION ( 'NONE',  ( 0.000000000000000000, -1.000000000000000000, 0.000000000000000000 ) ) ;
#3386 = CARTESIAN_POINT ( 'NONE',  ( -175.6939086914065058, 38.45781326293945312, 1.000000000000000000 ) ) ;
#3387 = CARTESIAN_POINT ( 'NONE',  ( -176.2192173357375111, 42.27214431762695312, 1.000000000000000000 ) ) ;
#3388 = CARTESIAN_POINT ( 'NONE',  ( -176.3679046630859943, 43.89500045776365056, 1.000000000000000000 ) ) ;
#3389 = ORIENTED_EDGE ( 'NONE', *, *, #3287, .T. ) ;
#3390 = ORIENTED_EDGE ( 'NONE', *, *, #791, .T. ) ;
#3391 = ADVANCED_FACE ( 'NONE', ( #4550 ), #3751, .F. ) ;
#3392 = DIRECTION ( 'NONE',  ( 1.000000000000000000, 0.000000000000000000, 0.000000000000000000 ) ) ;
#3393 = CARTESIAN_POINT ( 'NONE',  ( -175.6749114990234943, 43.54022216796875000, 1.000000000000000000 ) ) ;
#3394 = CARTESIAN_POINT ( 'NONE',  ( -173.5736694335939774, 43.53197860717774859, 1.600000000000000089 ) ) ;
#3395 = ORIENTED_EDGE ( 'NONE', *, *, #849, .F. ) ;
#3396 = ORIENTED_EDGE ( 'NONE', *, *, #4923, .F. ) ;
#3397 = FACE_OUTER_BOUND ( 'NONE', #3149, .T. ) ;
#3398 = DIRECTION ( 'NONE',  ( 1.000000000000000000, 0.000000000000000000, 0.000000000000000000 ) ) ;
#3399 = PRESENTATION_STYLE_ASSIGNMENT (( #4505 ) ) ;
#3400 = EDGE_CURVE ( 'NONE', #4492, #4944, #2995, .T. ) ;
#3401 = DIRECTION ( 'NONE',  ( -1.000000000000000000, 0.000000000000000000, 0.000000000000000000 ) ) ;
#3402 = DIRECTION ( 'NONE',  ( 0.000000000000000000, 0.000000000000000000, 1.000000000000000000 ) ) ;
#3403 = EDGE_LOOP ( 'NONE', ( #272, #2562, #4425, #3416 ) ) ;
#3404 = DIRECTION ( 'NONE',  ( 1.000000000000000000, 0.000000000000000000, 0.000000000000000000 ) ) ;
#3405 = EDGE_CURVE ( 'NONE', #3469, #1521, #4146, .T. ) ;
#3406 = LINE ( 'NONE', #3025, #2411 ) ;
#3407 = DIRECTION ( 'NONE',  ( 0.000000000000000000, 1.000000000000000000, 0.000000000000000000 ) ) ;
#3408 = PLANE ( 'NONE',  #2333 ) ;
#3409 = ORIENTED_EDGE ( 'NONE', *, *, #81, .F. ) ;
#3410 = EDGE_CURVE ( 'NONE', #1285, #4127, #3781, .T. ) ;
#3411 = CARTESIAN_POINT ( 'NONE',  ( -172.4619873046875114, 34.87976136882910083, 1.032355392924441784 ) ) ;
#3412 = CARTESIAN_POINT ( 'NONE',  ( -173.6486816406250000, 42.55197906494139914, 1.000000000000000000 ) ) ;
#3413 = VERTEX_POINT ( 'NONE', #3018 ) ;
#3414 = ORIENTED_EDGE ( 'NONE', *, *, #4581, .T. ) ;
#3415 = APPLICATION_PROTOCOL_DEFINITION ( 'draft international standard', 'automotive_design', 1998, #897 ) ;
#3416 = ORIENTED_EDGE ( 'NONE', *, *, #88, .T. ) ;
#3417 = DIRECTION ( 'NONE',  ( 1.000000000000000000, 0.000000000000000000, 0.000000000000000000 ) ) ;
#3418 =( LENGTH_UNIT ( ) NAMED_UNIT ( * ) SI_UNIT ( .MILLI., .METRE. ) );
#3419 = EDGE_LOOP ( 'NONE', ( #3485, #821, #4924, #1659 ) ) ;
#3420 = LINE ( 'NONE', #4961, #2656 ) ;
#3421 = CARTESIAN_POINT ( 'NONE',  ( -189.3528714107160340, 40.20482929876415312, 0.000000000000000000 ) ) ;
#3422 = EDGE_LOOP ( 'NONE', ( #2667, #921, #1776, #263 ) ) ;
#3424 = LINE ( 'NONE', #50, #2091 ) ;
#3423 = CIRCLE ( 'NONE', #2546, 0.6749996435091443203 ) ;
#3425 = AXIS2_PLACEMENT_3D ( 'NONE', #3350, #2949, #2527 ) ;
#3426 = CARTESIAN_POINT ( 'NONE',  ( -161.1180114746095171, 33.90877213949594449, 1.000000000000000000 ) ) ;
#3427 = VECTOR ( 'NONE', #3816, 1000.000000000000000 ) ;
#3428 = DIRECTION ( 'NONE',  ( 0.000000000000000000, 1.000000000000000000, 0.000000000000000000 ) ) ;
#3429 = CARTESIAN_POINT ( 'NONE',  ( -171.5752667234459921, 37.95781326293945312, 1.000000000000000000 ) ) ;
#3430 = CARTESIAN_POINT ( 'NONE',  ( -192.1619873046875000, 48.03639984130860086, 1.000000000000000000 ) ) ;
#3431 = ORIENTED_EDGE ( 'NONE', *, *, #2563, .F. ) ;
#3432 = CARTESIAN_POINT ( 'NONE',  ( -161.1180176613555091, 45.94234061952019488, 0.000000000000000000 ) ) ;
#3434 = EDGE_CURVE ( 'NONE', #2020, #4762, #2351, .T. ) ;
#3433 = VECTOR ( 'NONE', #666, 1000.000000000000000 ) ;
#3435 = CIRCLE ( 'NONE', #61, 0.7942159429951758387 ) ;
#3436 = LINE ( 'NONE', #4269, #1586 ) ;
#3437 = AXIS2_PLACEMENT_3D ( 'NONE', #1311, #4375, #924 ) ;
#3438 = DIRECTION ( 'NONE',  ( -1.000000000000000000, 0.000000000000000000, 0.000000000000000000 ) ) ;
#3439 = VECTOR ( 'NONE', #2909, 1000.000000000000000 ) ;
#3440 = ORIENTED_EDGE ( 'NONE', *, *, #1980, .T. ) ;
#3441 = ORIENTED_EDGE ( 'NONE', *, *, #3905, .F. ) ;
#3442 = EDGE_CURVE ( 'NONE', #876, #4255, #904, .T. ) ;
#3443 = EDGE_CURVE ( 'NONE', #3873, #3795, #1287, .T. ) ;
#3444 = VECTOR ( 'NONE', #984, 1000.000000000000000 ) ;
#3445 = CIRCLE ( 'NONE', #2893, 0.7499999939727386433 ) ;
#3446 = VERTEX_POINT ( 'NONE', #4040 ) ;
#3447 = VECTOR ( 'NONE', #4198, 1000.000000000000000 ) ;
#3448 = CARTESIAN_POINT ( 'NONE',  ( -176.4022369384765057, 43.54022216796875000, 1.500000000000000000 ) ) ;
#3449 =( LENGTH_UNIT ( ) NAMED_UNIT ( * ) SI_UNIT ( .MILLI., .METRE. ) );
#3450 = VECTOR ( 'NONE', #1216, 1000.000000000000000 ) ;
#3451 = EDGE_CURVE ( 'NONE', #4618, #1307, #2051, .T. ) ;
#3452 = ORIENTED_EDGE ( 'NONE', *, *, #1729, .T. ) ;
#3453 = AXIS2_PLACEMENT_3D ( 'NONE', #1237, #2836, #3483 ) ;
#3454 = ORIENTED_EDGE ( 'NONE', *, *, #3785, .F. ) ;
#3455 = ORIENTED_EDGE ( 'NONE', *, *, #583, .F. ) ;
#3456 = CARTESIAN_POINT ( 'NONE',  ( -173.6077270507814774, 38.45781326293945312, 1.000000000000000000 ) ) ;
#3457 = FACE_OUTER_BOUND ( 'NONE', #151, .T. ) ;
#3458 = EDGE_LOOP ( 'NONE', ( #339, #3153, #2442, #3518 ) ) ;
#3459 = AXIS2_PLACEMENT_3D ( 'NONE', #4191, #1509, #1561 ) ;
#3460 = DIRECTION ( 'NONE',  ( 0.000000000000000000, 0.000000000000000000, -1.000000000000000000 ) ) ;
#3461 =( LENGTH_UNIT ( ) NAMED_UNIT ( * ) SI_UNIT ( .MILLI., .METRE. ) );
#3462 = CARTESIAN_POINT ( 'NONE',  ( -189.3528711614624740, 45.12199774108519534, 1.000000000000000000 ) ) ;
#3463 = PLANE ( 'NONE',  #1775 ) ;
#3464 = ORIENTED_EDGE ( 'NONE', *, *, #604, .F. ) ;
#3465 = FACE_OUTER_BOUND ( 'NONE', #1790, .T. ) ;
#3466 = LINE ( 'NONE', #33, #4466 ) ;
#3467 = EDGE_CURVE ( 'NONE', #325, #1226, #1362, .T. ) ;
#3468 = DIRECTION ( 'NONE',  ( -1.000000000000000000, 0.000000000000000000, 0.000000000000000000 ) ) ;
#3469 = VERTEX_POINT ( 'NONE', #1698 ) ;
#3470 = ORIENTED_EDGE ( 'NONE', *, *, #4726, .T. ) ;
#3471 = DIRECTION ( 'NONE',  ( 0.000000000000000000, 0.000000000000000000, -1.000000000000000000 ) ) ;
#3472 = EDGE_LOOP ( 'NONE', ( #3655, #3125, #2417, #1001 ) ) ;
#3473 = EDGE_CURVE ( 'NONE', #4107, #3037, #3247, .T. ) ;
#3474 = LINE ( 'NONE', #4624, #4740 ) ;
#3475 = VERTEX_POINT ( 'NONE', #2069 ) ;
#3476 = ADVANCED_FACE ( 'NONE', ( #2794 ), #4329, .F. ) ;
#3477 = CARTESIAN_POINT ( 'NONE',  ( -160.4923249098245037, 41.08914510582660284, 1.000000000000000000 ) ) ;
#3478 = SURFACE_STYLE_USAGE ( .BOTH. , #4177 ) ;
#3479 = ORIENTED_EDGE ( 'NONE', *, *, #3895, .F. ) ;
#3480 = FACE_OUTER_BOUND ( 'NONE', #1844, .T. ) ;
#3481 = DIRECTION ( 'NONE',  ( 0.000000000000000000, 0.000000000000000000, 1.000000000000000000 ) ) ;
#3482 = CARTESIAN_POINT ( 'NONE',  ( -160.4923249098245037, 41.08914510582660284, 0.000000000000000000 ) ) ;
#3483 = DIRECTION ( 'NONE',  ( 0.000000000000000000, 0.000000000000000000, 1.000000000000000000 ) ) ;
#3484 = LINE ( 'NONE', #757, #4656 ) ;
#3485 = ORIENTED_EDGE ( 'NONE', *, *, #937, .T. ) ;
#3486 = LINE ( 'NONE', #3888, #3357 ) ;
#3487 = LINE ( 'NONE', #2634, #4710 ) ;
#3488 = LINE ( 'NONE', #34, #1841 ) ;
#3489 = ORIENTED_EDGE ( 'NONE', *, *, #3656, .T. ) ;
#3490 = VERTEX_POINT ( 'NONE', #1721 ) ;
#3491 = DIRECTION ( 'NONE',  ( 1.000000000000000000, 0.000000000000000000, 0.000000000000000000 ) ) ;
#3492 = SURFACE_STYLE_FILL_AREA ( #1968 ) ;
#3493 = EDGE_CURVE ( 'NONE', #2853, #4582, #774, .T. ) ;
#3494 = VERTEX_POINT ( 'NONE', #1253 ) ;
#3495 = LINE ( 'NONE', #1972, #4064 ) ;
#3496 = DIRECTION ( 'NONE',  ( -1.000000000000000000, 0.000000000000000000, 0.000000000000000000 ) ) ;
#3497 = EDGE_CURVE ( 'NONE', #2391, #4255, #3114, .T. ) ;
#3498 = VERTEX_POINT ( 'NONE', #4803 ) ;
#3499 = ORIENTED_EDGE ( 'NONE', *, *, #3732, .F. ) ;
#3500 = ORIENTED_EDGE ( 'NONE', *, *, #4636, .T. ) ;
#3501 = CARTESIAN_POINT ( 'NONE',  ( -160.4923255120939984, 38.64326855405789729, 1.000000000000000000 ) ) ;
#3502 = DIRECTION ( 'NONE',  ( 0.000000000000000000, 0.000000000000000000, 1.000000000000000000 ) ) ;
#3503 = ORIENTED_EDGE ( 'NONE', *, *, #537, .F. ) ;
#3504 = CARTESIAN_POINT ( 'NONE',  ( -171.5117187500000000, 43.53197860717774859, 1.600000000000000089 ) ) ;
#3505 = EDGE_CURVE ( 'NONE', #4450, #3643, #2899, .T. ) ;
#3506 = AXIS2_PLACEMENT_3D ( 'NONE', #2267, #4210, #3793 ) ;
#3507 = CARTESIAN_POINT ( 'NONE',  ( -175.7689208984375000, 38.48781585693359375, 1.500000000000000000 ) ) ;
#3508 = CARTESIAN_POINT ( 'NONE',  ( -172.5277709960939774, 37.95781326293945312, 1.000000000000000000 ) ) ;
#3509 = DIRECTION ( 'NONE',  ( 0.000000000000000000, 0.000000000000000000, 1.000000000000000000 ) ) ;
#3510 = ORIENTED_EDGE ( 'NONE', *, *, #1758, .F. ) ;
#3511 = DIRECTION ( 'NONE',  ( 0.000000000000000000, 0.000000000000000000, -1.000000000000000000 ) ) ;
#3512 = AXIS2_PLACEMENT_3D ( 'NONE', #1550, #3481, #2303 ) ;
#3513 = VECTOR ( 'NONE', #4002, 1000.000000000000000 ) ;
#3514 = CARTESIAN_POINT ( 'NONE',  ( -175.6819458007815058, 42.27214431762695312, 1.175000000000000044 ) ) ;
#3515 = FACE_OUTER_BOUND ( 'NONE', #3783, .T. ) ;
#3516 = ORIENTED_EDGE ( 'NONE', *, *, #4135, .T. ) ;
#3517 = AXIS2_PLACEMENT_3D ( 'NONE', #2580, #4006, #999 ) ;
#3518 = ORIENTED_EDGE ( 'NONE', *, *, #3531, .T. ) ;
#3519 = DIRECTION ( 'NONE',  ( 0.000000000000000000, 0.000000000000000000, -1.000000000000000000 ) ) ;
#3520 = PRESENTATION_LAYER_ASSIGNMENT (  '', '', ( #4552 ) ) ;
#3521 = AXIS2_PLACEMENT_3D ( 'NONE', #3317, #1842, #1015 ) ;
#3522 = ORIENTED_EDGE ( 'NONE', *, *, #4484, .T. ) ;
#3523 = VECTOR ( 'NONE', #3919, 1000.000000000000000 ) ;
#3524 = DIRECTION ( 'NONE',  ( -1.000000000000000000, 0.000000000000000000, 0.000000000000000000 ) ) ;
#3525 = DIRECTION ( 'NONE',  ( 0.000000000000000000, 0.000000000000000000, -1.000000000000000000 ) ) ;
#3526 = VECTOR ( 'NONE', #218, 1000.000000000000000 ) ;
#3527 = AXIS2_PLACEMENT_3D ( 'NONE', #464, #572, #3239 ) ;
#3528 = EDGE_LOOP ( 'NONE', ( #3863, #2873, #570, #1799 ) ) ;
#3529 = STYLED_ITEM ( 'NONE', ( #3399 ), #4615 ) ;
#3530 = VECTOR ( 'NONE', #669, 1000.000000000000000 ) ;
#3531 = EDGE_CURVE ( 'NONE', #1945, #439, #117, .T. ) ;
#3532 = ORIENTED_EDGE ( 'NONE', *, *, #296, .F. ) ;
#3533 = PRODUCT_DEFINITION_CONTEXT ( 'detailed design', #2185, 'design' ) ;
#3534 = DIRECTION ( 'NONE',  ( -0.000000000000000000, 1.000000000000000000, 0.000000000000000000 ) ) ;
#3535 = SURFACE_STYLE_FILL_AREA ( #2001 ) ;
#3536 = CARTESIAN_POINT ( 'NONE',  ( -177.6935577392580115, 44.16944503784180398, 3.409999999999999698 ) ) ;
#3537 = STYLED_ITEM ( 'NONE', ( #2850 ), #4774 ) ;
#3538 = CLOSED_SHELL ( 'NONE', ( #1450, #4262, #658, #3234, #1258, #2948 ) ) ;
#3539 = FILL_AREA_STYLE ('',( #4665 ) ) ;
#3540 = ADVANCED_FACE ( 'NONE', ( #580 ), #3624, .F. ) ;
#3541 = DIRECTION ( 'NONE',  ( 1.000000000000000000, 0.000000000000000000, 0.000000000000000000 ) ) ;
#3542 = DIRECTION ( 'NONE',  ( 0.000000000000000000, 0.000000000000000000, -1.000000000000000000 ) ) ;
#3543 = EDGE_LOOP ( 'NONE', ( #1089, #1306, #3954, #3086 ) ) ;
#3544 = DIRECTION ( 'NONE',  ( 1.000000000000000000, 0.000000000000000000, 0.000000000000000000 ) ) ;
#3545 = LINE ( 'NONE', #131, #3988 ) ;
#3546 = EDGE_CURVE ( 'NONE', #78, #1740, #3993, .T. ) ;
#3547 = PLANE ( 'NONE',  #2479 ) ;
#3548 = VERTEX_POINT ( 'NONE', #209 ) ;
#3549 = VERTEX_POINT ( 'NONE', #878 ) ;
#3550 = CARTESIAN_POINT ( 'NONE',  ( -159.9923248291015057, 38.64326855405789729, 1.000000000000000000 ) ) ;
#3551 = DIRECTION ( 'NONE',  ( 1.000000000000000000, 0.000000000000000000, 0.000000000000000000 ) ) ;
#3552 = PLANE ( 'NONE',  #123 ) ;
#3553 = FACE_OUTER_BOUND ( 'NONE', #1859, .T. ) ;
#3554 = CARTESIAN_POINT ( 'NONE',  ( -188.9725040665575193, 40.14691954139435381, 0.000000000000000000 ) ) ;
#3555 = PRODUCT ( 'LR7843 MOSFET Module', 'LR7843 MOSFET Module', '', ( #1585 ) ) ;
#3556 = ORIENTED_EDGE ( 'NONE', *, *, #2246, .F. ) ;
#3557 = VERTEX_POINT ( 'NONE', #1770 ) ;
#3558 = DIRECTION ( 'NONE',  ( 0.000000000000000000, 0.000000000000000000, -1.000000000000000000 ) ) ;
#3559 = CARTESIAN_POINT ( 'NONE',  ( -177.9556732177734943, 45.10741043090819602, 1.550000000000000044 ) ) ;
#3560 = ADVANCED_FACE ( 'NONE', ( #2428 ), #1331, .F. ) ;
#3561 = DIRECTION ( 'NONE',  ( 1.000000000000000000, 0.000000000000000000, 0.000000000000000000 ) ) ;
#3562 = DIRECTION ( 'NONE',  ( 0.000000000000000000, 0.000000000000000000, -1.000000000000000000 ) ) ;
#3563 = PLANE ( 'NONE',  #1862 ) ;
#3564 = DIRECTION ( 'NONE',  ( 0.000000000000000000, 0.000000000000000000, -1.000000000000000000 ) ) ;
#3565 = EDGE_LOOP ( 'NONE', ( #500, #3066 ) ) ;
#3566 = DIRECTION ( 'NONE',  ( 1.000000000000000000, 0.000000000000000000, 0.000000000000000000 ) ) ;
#3567 = EDGE_CURVE ( 'NONE', #2028, #4290, #2825, .T. ) ;
#3568 = FILL_AREA_STYLE ('',( #496 ) ) ;
#3569 = DIRECTION ( 'NONE',  ( 0.000000000000000000, 0.000000000000000000, -1.000000000000000000 ) ) ;
#3570 = EDGE_LOOP ( 'NONE', ( #4196, #2172 ) ) ;
#3571 = ORIENTED_EDGE ( 'NONE', *, *, #3170, .T. ) ;
#3572 = CARTESIAN_POINT ( 'NONE',  ( -173.5736694335939774, 42.02197647094729405, 1.600000000000000089 ) ) ;
#3573 = ADVANCED_FACE ( 'NONE', ( #525 ), #4757, .F. ) ;
#3574 = ORIENTED_EDGE ( 'NONE', *, *, #3319, .F. ) ;
#3575 = CARTESIAN_POINT ( 'NONE',  ( -177.9556732177734943, 44.16978185416449776, 1.000000000000000000 ) ) ;
#3576 = DIRECTION ( 'NONE',  ( 1.000000000000000000, 0.000000000000000000, 0.000000000000000000 ) ) ;
#3577 = ORIENTED_EDGE ( 'NONE', *, *, #2553, .T. ) ;
#3578 = ORIENTED_EDGE ( 'NONE', *, *, #3405, .T. ) ;
#3579 = FACE_OUTER_BOUND ( 'NONE', #3980, .T. ) ;
#3580 =( NAMED_UNIT ( * ) PLANE_ANGLE_UNIT ( ) SI_UNIT ( $, .RADIAN. ) );
#3581 = LINE ( 'NONE', #3158, #3686 ) ;
#3582 = CARTESIAN_POINT ( 'NONE',  ( -178.6556701660154829, 45.51155471801759944, 1.000000000000000000 ) ) ;
#3583 = CARTESIAN_POINT ( 'NONE',  ( -172.5277709960939774, 37.95781326293945312, 1.600000000000000089 ) ) ;
#3584 = ORIENTED_EDGE ( 'NONE', *, *, #3071, .F. ) ;
#3585 = CARTESIAN_POINT ( 'NONE',  ( -173.5736694335939774, 43.53197860717774859, 1.000000000000000000 ) ) ;
#3586 = VECTOR ( 'NONE', #3969, 1000.000000000000000 ) ;
#3587 = DIRECTION ( 'NONE',  ( 1.000000000000000000, 0.000000000000000000, 0.000000000000000000 ) ) ;
#3588 = ORIENTED_EDGE ( 'NONE', *, *, #2852, .F. ) ;
#3589 = ADVANCED_FACE ( 'NONE', ( #2471 ), #4518, .F. ) ;
#3590 = ORIENTED_EDGE ( 'NONE', *, *, #2394, .F. ) ;
#3591 =( NAMED_UNIT ( * ) PLANE_ANGLE_UNIT ( ) SI_UNIT ( $, .RADIAN. ) );
#3592 = PRESENTATION_LAYER_ASSIGNMENT (  '', '', ( #2155 ) ) ;
#3593 = CARTESIAN_POINT ( 'NONE',  ( -159.9923248291015057, 38.64326855405789729, 1.000000000000000000 ) ) ;
#3594 = DIRECTION ( 'NONE',  ( -1.000000000000000000, 0.000000000000000000, 0.000000000000000000 ) ) ;
#3595 = PRESENTATION_LAYER_ASSIGNMENT (  '', '', ( #4229 ) ) ;
#3596 = ORIENTED_EDGE ( 'NONE', *, *, #2296, .T. ) ;
#3597 = EDGE_CURVE ( 'NONE', #2859, #2594, #1386, .T. ) ;
#3598 = ADVANCED_FACE ( 'NONE', ( #4851 ), #689, .F. ) ;
#3599 = DIRECTION ( 'NONE',  ( 0.000000000000000000, 1.000000000000000000, 0.000000000000000000 ) ) ;
#3600 = VECTOR ( 'NONE', #3667, 1000.000000000000000 ) ;
#3601 = ORIENTED_EDGE ( 'NONE', *, *, #4844, .T. ) ;
#3602 = VECTOR ( 'NONE', #3002, 1000.000000000000000 ) ;
#3603 = EDGE_CURVE ( 'NONE', #2135, #1873, #1088, .T. ) ;
#3604 = VERTEX_POINT ( 'NONE', #721 ) ;
#3605 = LINE ( 'NONE', #2456, #2642 ) ;
#3606 = AXIS2_PLACEMENT_3D ( 'NONE', #4535, #410, #1962 ) ;
#3607 = COLOUR_RGB ( '',0.7921568627450980005, 0.8196078431372548767, 0.9333333333333333481 ) ;
#3608 =( NAMED_UNIT ( * ) SI_UNIT ( $, .STERADIAN. ) SOLID_ANGLE_UNIT ( ) );
#3609 = CARTESIAN_POINT ( 'NONE',  ( -176.6439208984375000, 38.45781326293945312, 1.600000000000000089 ) ) ;
#3610 = FACE_OUTER_BOUND ( 'NONE', #2345, .T. ) ;
#3611 = VERTEX_POINT ( 'NONE', #3394 ) ;
#3612 = LINE ( 'NONE', #129, #1687 ) ;
#3613 = VECTOR ( 'NONE', #1711, 1000.000000000000000 ) ;
#3614 = CIRCLE ( 'NONE', #310, 0.1962897505184135749 ) ;
#3615 = DIRECTION ( 'NONE',  ( 1.000000000000000000, 0.000000000000000000, 0.000000000000000000 ) ) ;
#3616 = AXIS2_PLACEMENT_3D ( 'NONE', #4459, #1752, #4437 ) ;
#3617 = CARTESIAN_POINT ( 'NONE',  ( -172.4617309570314774, 43.53197860717774859, 1.600000000000000089 ) ) ;
#3618 = ORIENTED_EDGE ( 'NONE', *, *, #1162, .F. ) ;
#3619 = ORIENTED_EDGE ( 'NONE', *, *, #1024, .F. ) ;
#3620 = EDGE_CURVE ( 'NONE', #4219, #4818, #1406, .T. ) ;
#3621 = CARTESIAN_POINT ( 'NONE',  ( -172.5277709960939774, 37.95781326293945312, 1.600000000000000089 ) ) ;
#3622 = VERTEX_POINT ( 'NONE', #990 ) ;
#3623 = DIRECTION ( 'NONE',  ( 1.000000000000000000, 0.000000000000000000, 0.000000000000000000 ) ) ;
#3624 = PLANE ( 'NONE',  #4722 ) ;
#3625 = ORIENTED_EDGE ( 'NONE', *, *, #3627, .F. ) ;
#3626 = SURFACE_STYLE_FILL_AREA ( #1723 ) ;
#3627 = EDGE_CURVE ( 'NONE', #1312, #3333, #622, .T. ) ;
#3628 = ORIENTED_EDGE ( 'NONE', *, *, #1410, .F. ) ;
#3629 = VERTEX_POINT ( 'NONE', #260 ) ;
#3630 = UNCERTAINTY_MEASURE_WITH_UNIT (LENGTH_MEASURE( 1.000000000000000082E-05 ), #3894, 'distance_accuracy_value', 'NONE');
#3631 = LINE ( 'NONE', #152, #3513 ) ;
#3632 =( NAMED_UNIT ( * ) PLANE_ANGLE_UNIT ( ) SI_UNIT ( $, .RADIAN. ) );
#3633 = EDGE_CURVE ( 'NONE', #1705, #4762, #3356, .T. ) ;
#3634 = CARTESIAN_POINT ( 'NONE',  ( -173.6077270507814774, 39.46781539916995030, 1.600000000000000089 ) ) ;
#3635 = CARTESIAN_POINT ( 'NONE',  ( -172.4617309570314774, 44.03197860717774859, 1.000000000000000000 ) ) ;
#3636 = CARTESIAN_POINT ( 'NONE',  ( 0.000000000000000000, 0.000000000000000000, 1.000000000000000000 ) ) ;
#3637 = ORIENTED_EDGE ( 'NONE', *, *, #1939, .F. ) ;
#3638 = CARTESIAN_POINT ( 'NONE',  ( -190.1028708719969700, 40.20482929876415312, 1.000000000000000000 ) ) ;
#3639 = CARTESIAN_POINT ( 'NONE',  ( -173.6827392578125000, 39.43781280517579546, 1.500000000000000000 ) ) ;
#3640 = LINE ( 'NONE', #89, #1507 ) ;
#3641 = DIRECTION ( 'NONE',  ( 0.000000000000000000, 0.000000000000000000, -1.000000000000000000 ) ) ;
#3642 = EDGE_LOOP ( 'NONE', ( #18, #3292, #520, #2895 ) ) ;
#3643 = VERTEX_POINT ( 'NONE', #1484 ) ;
#3644 = CARTESIAN_POINT ( 'NONE',  ( -172.4617309570314774, 42.52197647094725141, 1.000000000000000000 ) ) ;
#3645 = CARTESIAN_POINT ( 'NONE',  ( -188.4725043451020099, 43.55812069639190298, 0.000000000000000000 ) ) ;
#3646 = ORIENTED_EDGE ( 'NONE', *, *, #3567, .F. ) ;
#3647 = FACE_OUTER_BOUND ( 'NONE', #1722, .T. ) ;
#3648 = ADVANCED_FACE ( 'NONE', ( #4133 ), #3010, .F. ) ;
#3649 = ORIENTED_EDGE ( 'NONE', *, *, #4921, .F. ) ;
#3650 = DIRECTION ( 'NONE',  ( 0.000000000000000000, 0.000000000000000000, 1.000000000000000000 ) ) ;
#3651 = FILL_AREA_STYLE_COLOUR ( '', #221 ) ;
#3652 = ADVANCED_FACE ( 'NONE', ( #240 ), #283, .F. ) ;
#3653 = DIRECTION ( 'NONE',  ( 0.000000000000000000, 1.000000000000000000, 0.000000000000000000 ) ) ;
#3654 = CARTESIAN_POINT ( 'NONE',  ( -166.2379302978515057, 42.99311828613279829, 5.007799999999999585 ) ) ;
#3655 = ORIENTED_EDGE ( 'NONE', *, *, #2975, .T. ) ;
#3656 = EDGE_CURVE ( 'NONE', #44, #415, #4538, .T. ) ;
#3657 = ADVANCED_FACE ( 'NONE', ( #2238 ), #2609, .F. ) ;
#3658 = DIRECTION ( 'NONE',  ( 0.000000000000000000, 0.000000000000000000, 1.000000000000000000 ) ) ;
#3659 =( NAMED_UNIT ( * ) SI_UNIT ( $, .STERADIAN. ) SOLID_ANGLE_UNIT ( ) );
#3660 = DIRECTION ( 'NONE',  ( 1.000000000000000000, 0.000000000000000000, 0.000000000000000000 ) ) ;
#3661 = ORIENTED_EDGE ( 'NONE', *, *, #3696, .T. ) ;
#3662 = ORIENTED_EDGE ( 'NONE', *, *, #4128, .F. ) ;
#3663 = CARTESIAN_POINT ( 'NONE',  ( -172.4617309570314774, 43.53197860717774859, 1.600000000000000089 ) ) ;
#3664 = VECTOR ( 'NONE', #2068, 1000.000000000000000 ) ;
#3665 = CARTESIAN_POINT ( 'NONE',  ( -173.6486816406250000, 42.55197906494139914, 1.500000000000000000 ) ) ;
#3666 = CARTESIAN_POINT ( 'NONE',  ( -175.6619873046875000, 34.87976136882910083, 1.032355392924441784 ) ) ;
#3667 = DIRECTION ( 'NONE',  ( -1.000000000000000000, 0.000000000000000000, 0.000000000000000000 ) ) ;
#3668 = EDGE_LOOP ( 'NONE', ( #1655, #1952, #3271, #2728 ) ) ;
#3669 = AXIS2_PLACEMENT_3D ( 'NONE', #335, #11, #1555 ) ;
#3670 = CARTESIAN_POINT ( 'NONE',  ( -172.3867187500000000, 42.55197906494139914, 1.500000000000000000 ) ) ;
#3671 = CARTESIAN_POINT ( 'NONE',  ( -175.6939086914065058, 38.45781326293945312, 1.000000000000000000 ) ) ;
#3672 = VECTOR ( 'NONE', #3914, 1000.000000000000000 ) ;
#3673 = VERTEX_POINT ( 'NONE', #4090 ) ;
#3674 = VECTOR ( 'NONE', #3252, 1000.000000000000000 ) ;
#3675 = DIRECTION ( 'NONE',  ( 0.000000000000000000, 0.000000000000000000, 1.000000000000000000 ) ) ;
#3676 = MECHANICAL_DESIGN_GEOMETRIC_PRESENTATION_REPRESENTATION (  '', ( #1513 ), #2792 ) ;
#3677 = AXIS2_PLACEMENT_3D ( 'NONE', #2364, #2706, #1578 ) ;
#3679 = ADVANCED_FACE ( 'NONE', ( #1872 ), #1462, .F. ) ;
#3678 = VECTOR ( 'NONE', #705, 1000.000000000000000 ) ;
#3680 = CARTESIAN_POINT ( 'NONE',  ( -174.4827270507815058, 39.43781280517579546, 1.500000000000000000 ) ) ;
#3681 = VECTOR ( 'NONE', #4077, 1000.000000000000000 ) ;
#3682 = FACE_OUTER_BOUND ( 'NONE', #1616, .T. ) ;
#3683 = ORIENTED_EDGE ( 'NONE', *, *, #2516, .F. ) ;
#3684 = CARTESIAN_POINT ( 'NONE',  ( -183.7859344482419885, 38.49012028448694878, 1.000000000000000000 ) ) ;
#3685 = LINE ( 'NONE', #1378, #3036 ) ;
#3686 = VECTOR ( 'NONE', #2036, 1000.000000000000000 ) ;
#3687 = AXIS2_PLACEMENT_3D ( 'NONE', #4297, #2392, #1224 ) ;
#3688 = EDGE_CURVE ( 'NONE', #4255, #2391, #3758, .T. ) ;
#3689 = CARTESIAN_POINT ( 'NONE',  ( -171.5777587890625000, 39.96781539916995030, 1.000000000000000000 ) ) ;
#3690 = DIRECTION ( 'NONE',  ( 0.000000000000000000, 0.000000000000000000, 1.000000000000000000 ) ) ;
#3691 = VECTOR ( 'NONE', #2307, 1000.000000000000000 ) ;
#3692 = CARTESIAN_POINT ( 'NONE',  ( -176.6439208984375000, 39.46781539916995030, 1.600000000000000089 ) ) ;
#3693 = EDGE_LOOP ( 'NONE', ( #2117, #2308, #4841, #1850 ) ) ;
#3694 =( GEOMETRIC_REPRESENTATION_CONTEXT ( 3 ) GLOBAL_UNCERTAINTY_ASSIGNED_CONTEXT ( ( #1821 ) ) GLOBAL_UNIT_ASSIGNED_CONTEXT ( ( #3418, #4174, #1994 ) ) REPRESENTATION_CONTEXT ( 'NONE', 'WORKASPACE' ) );
#3695 = VECTOR ( 'NONE', #155, 1000.000000000000000 ) ;
#3696 = EDGE_CURVE ( 'NONE', #3243, #1250, #4060, .T. ) ;
#3697 = CARTESIAN_POINT ( 'NONE',  ( 0.000000000000000000, 0.000000000000000000, 1.500000000000000000 ) ) ;
#3698 = CARTESIAN_POINT ( 'NONE',  ( -173.6077270507814774, 39.96781539916995030, 1.600000000000000089 ) ) ;
#3699 = VERTEX_POINT ( 'NONE', #3338 ) ;
#3700 = CARTESIAN_POINT ( 'NONE',  ( -174.4486694335940058, 43.50197601318360086, 1.500000000000000000 ) ) ;
#3701 = DIRECTION ( 'NONE',  ( 0.000000000000000000, 0.000000000000000000, -1.000000000000000000 ) ) ;
#3702 = ORIENTED_EDGE ( 'NONE', *, *, #4293, .T. ) ;
#3703 = PLANE ( 'NONE',  #3827 ) ;
#3704 = LINE ( 'NONE', #2506, #2878 ) ;
#3705 = DIRECTION ( 'NONE',  ( 0.000000000000000000, -1.000000000000000000, 0.000000000000000000 ) ) ;
#3706 = EDGE_LOOP ( 'NONE', ( #2996, #4148, #1431, #564 ) ) ;
#3707 = DIRECTION ( 'NONE',  ( 0.000000000000000000, 0.000000000000000000, -1.000000000000000000 ) ) ;
#3708 = LINE ( 'NONE', #4125, #3681 ) ;
#3709 = EDGE_CURVE ( 'NONE', #2021, #3878, #4873, .T. ) ;
#3710 = DIRECTION ( 'NONE',  ( 0.000000000000000000, -1.000000000000000000, 0.000000000000000000 ) ) ;
#3711 = ORIENTED_EDGE ( 'NONE', *, *, #4339, .T. ) ;
#3712 = ORIENTED_EDGE ( 'NONE', *, *, #355, .F. ) ;
#3713 = CARTESIAN_POINT ( 'NONE',  ( -183.5577850341794885, 44.16944503784180398, 1.000000000000000000 ) ) ;
#3714 = EDGE_CURVE ( 'NONE', #4384, #1312, #4325, .T. ) ;
#3715 = DIRECTION ( 'NONE',  ( 0.000000000000000000, 0.000000000000000000, 1.000000000000000000 ) ) ;
#3716 = CARTESIAN_POINT ( 'NONE',  ( -171.5777587890625000, 39.96781539916995030, 1.600000000000000089 ) ) ;
#3717 = ORIENTED_EDGE ( 'NONE', *, *, #4895, .T. ) ;
#3718 = EDGE_LOOP ( 'NONE', ( #4951, #38, #3814, #739 ) ) ;
#3719 = LINE ( 'NONE', #2992, #1611 ) ;
#3720 = FACE_OUTER_BOUND ( 'NONE', #1126, .T. ) ;
#3721 = EDGE_CURVE ( 'NONE', #2375, #3557, #1505, .T. ) ;
#3722 = ORIENTED_EDGE ( 'NONE', *, *, #2839, .T. ) ;
#3723 = UNCERTAINTY_MEASURE_WITH_UNIT (LENGTH_MEASURE( 1.000000000000000082E-05 ), #509, 'distance_accuracy_value', 'NONE');
#3724 = DIRECTION ( 'NONE',  ( 1.000000000000000000, 0.000000000000000000, 0.000000000000000000 ) ) ;
#3725 = DIRECTION ( 'NONE',  ( 0.000000000000000000, -1.000000000000000000, 0.000000000000000000 ) ) ;
#3726 = FACE_OUTER_BOUND ( 'NONE', #4520, .T. ) ;
#3727 = CARTESIAN_POINT ( 'NONE',  ( -173.5736694335939774, 44.03197860717774859, 1.600000000000000089 ) ) ;
#3728 = VERTEX_POINT ( 'NONE', #3109 ) ;
#3729 = CARTESIAN_POINT ( 'NONE',  ( -190.1028733519355001, 35.11380527195875345, 1.000000000000000000 ) ) ;
#3730 = CARTESIAN_POINT ( 'NONE',  ( -187.9725016773355151, 40.14691954139435381, 0.000000000000000000 ) ) ;
#3731 = DIRECTION ( 'NONE',  ( 0.000000000000000000, 0.000000000000000000, 1.000000000000000000 ) ) ;
#3732 = EDGE_CURVE ( 'NONE', #4243, #261, #1198, .T. ) ;
#3733 = PLANE ( 'NONE',  #1273 ) ;
#3734 = CARTESIAN_POINT ( 'NONE',  ( -164.1620357721599817, 33.60304960583769684, 0.000000000000000000 ) ) ;
#3735 = EDGE_LOOP ( 'NONE', ( #4499, #3532, #1577, #901 ) ) ;
#3736 = FILL_AREA_STYLE ('',( #2208 ) ) ;
#3737 = DIRECTION ( 'NONE',  ( -1.000000000000000000, 0.000000000000000000, 0.000000000000000000 ) ) ;
#3738 = ADVANCED_FACE ( 'NONE', ( #3144 ), #4673, .F. ) ;
#3739 = DIRECTION ( 'NONE',  ( -1.000000000000000000, 0.000000000000000000, 0.000000000000000000 ) ) ;
#3740 = ORIENTED_EDGE ( 'NONE', *, *, #168, .F. ) ;
#3741 = ORIENTED_EDGE ( 'NONE', *, *, #348, .T. ) ;
#3742 = DIRECTION ( 'NONE',  ( 1.000000000000000000, 0.000000000000000000, 0.000000000000000000 ) ) ;
#3743 = LINE ( 'NONE', #1846, #2100 ) ;
#3744 = EDGE_LOOP ( 'NONE', ( #4155, #2824, #2943, #1010 ) ) ;
#3746 = ADVANCED_FACE ( 'NONE', ( #3515 ), #741, .F. ) ;
#3745 = VECTOR ( 'NONE', #1164, 1000.000000000000000 ) ;
#3747 = CARTESIAN_POINT ( 'NONE',  ( -173.6486816406250000, 43.50197601318360086, 1.500000000000000000 ) ) ;
#3748 =( NAMED_UNIT ( * ) SI_UNIT ( $, .STERADIAN. ) SOLID_ANGLE_UNIT ( ) );
#3749 = VECTOR ( 'NONE', #964, 1000.000000000000000 ) ;
#3750 = EDGE_CURVE ( 'NONE', #1541, #2064, #1999, .T. ) ;
#3751 = PLANE ( 'NONE',  #288 ) ;
#3752 = PRESENTATION_LAYER_ASSIGNMENT (  '', '', ( #1513 ) ) ;
#3753 = DIRECTION ( 'NONE',  ( 0.000000000000000000, 0.000000000000000000, -1.000000000000000000 ) ) ;
#3754 = CIRCLE ( 'NONE', #3113, 0.5000011433170248321 ) ;
#3755 = ORIENTED_EDGE ( 'NONE', *, *, #1024, .T. ) ;
#3756 = DIRECTION ( 'NONE',  ( 0.000000000000000000, 0.000000000000000000, 1.000000000000000000 ) ) ;
#3757 = DIRECTION ( 'NONE',  ( -1.000000000000000000, 0.000000000000000000, 0.000000000000000000 ) ) ;
#3758 = CIRCLE ( 'NONE', #214, 0.5000006829925796037 ) ;
#3759 = CIRCLE ( 'NONE', #3834, 0.5000018548034224075 ) ;
#3760 = PLANE ( 'NONE',  #217 ) ;
#3761 = ORIENTED_EDGE ( 'NONE', *, *, #333, .F. ) ;
#3762 = AXIS2_PLACEMENT_3D ( 'NONE', #498, #1244, #2892 ) ;
#3763 = EDGE_LOOP ( 'NONE', ( #526, #1809, #3206, #4124 ) ) ;
#3764 = CIRCLE ( 'NONE', #3926, 0.5000006829925796037 ) ;
#3765 = DIRECTION ( 'NONE',  ( 1.000000000000000000, 0.000000000000000000, 0.000000000000000000 ) ) ;
#3766 = AXIS2_PLACEMENT_3D ( 'NONE', #3773, #4470, #2540 ) ;
#3767 = CARTESIAN_POINT ( 'NONE',  ( -162.1446246596709955, 41.58481729878619859, 0.000000000000000000 ) ) ;
#3768 = VECTOR ( 'NONE', #4259, 1000.000000000000000 ) ;
#3769 = CARTESIAN_POINT ( 'NONE',  ( -160.1180185741539788, 45.94234061952019488, 1.000000000000000000 ) ) ;
#3770 = DIRECTION ( 'NONE',  ( 0.000000000000000000, -1.000000000000000000, 0.000000000000000000 ) ) ;
#3771 = ORIENTED_EDGE ( 'NONE', *, *, #1129, .T. ) ;
#3772 = ORIENTED_EDGE ( 'NONE', *, *, #1798, .T. ) ;
#3773 = CARTESIAN_POINT ( 'NONE',  ( -164.1620357721599817, 33.60304960583769684, 0.000000000000000000 ) ) ;
#3774 = STYLED_ITEM ( 'NONE', ( #422 ), #4720 ) ;
#3775 = EDGE_CURVE ( 'NONE', #836, #1926, #2763, .T. ) ;
#3776 = ORIENTED_EDGE ( 'NONE', *, *, #399, .F. ) ;
#3777 = VECTOR ( 'NONE', #2997, 1000.000000000000000 ) ;
#3778 = LINE ( 'NONE', #1922, #3427 ) ;
#3779 = CARTESIAN_POINT ( 'NONE',  ( -161.4696252311424871, 41.58481729878619859, 1.000000000000000000 ) ) ;
#3780 = EDGE_CURVE ( 'NONE', #4395, #1499, #64, .T. ) ;
#3781 = LINE ( 'NONE', #1105, #2956 ) ;
#3782 = CARTESIAN_POINT ( 'NONE',  ( -159.1619873046875000, 32.03639984130860086, 1.000000000000000000 ) ) ;
#3783 = EDGE_LOOP ( 'NONE', ( #1092, #905, #3995, #4784 ) ) ;
#3784 = CARTESIAN_POINT ( 'NONE',  ( -177.6935577392580115, 44.16944503784180398, 3.409999999999999698 ) ) ;
#3785 = EDGE_CURVE ( 'NONE', #1499, #4978, #4294, .T. ) ;
#3786 = SURFACE_STYLE_FILL_AREA ( #4180 ) ;
#3787 = DIRECTION ( 'NONE',  ( 1.000000000000000000, 0.000000000000000000, 0.000000000000000000 ) ) ;
#3788 = DIRECTION ( 'NONE',  ( 1.000000000000000000, 0.000000000000000000, 0.000000000000000000 ) ) ;
#3789 = CARTESIAN_POINT ( 'NONE',  ( -172.5277709960939774, 38.45781326293945312, 1.600000000000000089 ) ) ;
#3790 = ORIENTED_EDGE ( 'NONE', *, *, #849, .T. ) ;
#3791 = FILL_AREA_STYLE_COLOUR ( '', #4647 ) ;
#3792 = CARTESIAN_POINT ( 'NONE',  ( -176.6439208984375000, 39.46781539916995030, 1.600000000000000089 ) ) ;
#3793 = DIRECTION ( 'NONE',  ( 0.000000000000000000, 0.000000000000000000, -1.000000000000000000 ) ) ;
#3794 = CARTESIAN_POINT ( 'NONE',  ( -183.2956695556640057, 45.10740661621089487, 1.550000000000000044 ) ) ;
#3795 = VERTEX_POINT ( 'NONE', #795 ) ;
#3796 = ORIENTED_EDGE ( 'NONE', *, *, #2833, .T. ) ;
#3797 = DIRECTION ( 'NONE',  ( -1.000000000000000000, 0.000000000000000000, 0.000000000000000000 ) ) ;
#3798 = VERTEX_POINT ( 'NONE', #3812 ) ;
#3799 = EDGE_CURVE ( 'NONE', #1084, #4065, #3838, .T. ) ;
#3800 = CARTESIAN_POINT ( 'NONE',  ( -174.5236816406250000, 42.52197647094725141, 1.600000000000000089 ) ) ;
#3801 = ADVANCED_FACE ( 'NONE', ( #4949 ), #3035, .F. ) ;
#3802 = ORIENTED_EDGE ( 'NONE', *, *, #2182, .T. ) ;
#3803 = FACE_OUTER_BOUND ( 'NONE', #2826, .T. ) ;
#3804 = EDGE_CURVE ( 'NONE', #4674, #3012, #4569, .T. ) ;
#3805 = PLANE ( 'NONE',  #468 ) ;
#3806 = EDGE_CURVE ( 'NONE', #2205, #1383, #2686, .T. ) ;
#3807 = LINE ( 'NONE', #1936, #367 ) ;
#3808 = ORIENTED_EDGE ( 'NONE', *, *, #4227, .F. ) ;
#3809 = DIRECTION ( 'NONE',  ( 1.000000000000000000, 0.000000000000000000, 0.000000000000000000 ) ) ;
#3810 = CARTESIAN_POINT ( 'NONE',  ( -174.5236816406250000, 42.02197647094729405, 1.600000000000000089 ) ) ;
#3811 = EDGE_CURVE ( 'NONE', #439, #2207, #763, .T. ) ;
#3812 = CARTESIAN_POINT ( 'NONE',  ( -189.3528719480079872, 35.11380527195875345, 1.000000000000000000 ) ) ;
#3813 = ORIENTED_EDGE ( 'NONE', *, *, #1339, .F. ) ;
#3814 = ORIENTED_EDGE ( 'NONE', *, *, #1005, .F. ) ;
#3815 = ORIENTED_EDGE ( 'NONE', *, *, #2246, .T. ) ;
#3816 = DIRECTION ( 'NONE',  ( 0.000000000000000000, 0.000000000000000000, -1.000000000000000000 ) ) ;
#3817 = FILL_AREA_STYLE_COLOUR ( '', #4252 ) ;
#3818 = CIRCLE ( 'NONE', #3669, 0.1962897505184135749 ) ;
#3819 = ORIENTED_EDGE ( 'NONE', *, *, #1296, .T. ) ;
#3820 = FACE_OUTER_BOUND ( 'NONE', #1744, .T. ) ;
#3821 = CARTESIAN_POINT ( 'NONE',  ( -174.4827270507815058, 38.48781585693359375, 1.000000000000000000 ) ) ;
#3822 = ORIENTED_EDGE ( 'NONE', *, *, #3240, .F. ) ;
#3823 = LINE ( 'NONE', #4200, #4815 ) ;
#3824 = EDGE_CURVE ( 'NONE', #844, #1084, #2314, .T. ) ;
#3825 = AXIS2_PLACEMENT_3D ( 'NONE', #1340, #2881, #2907 ) ;
#3826 = PRESENTATION_STYLE_ASSIGNMENT (( #1886 ) ) ;
#3827 = AXIS2_PLACEMENT_3D ( 'NONE', #1800, #1071, #1822 ) ;
#3828 = CARTESIAN_POINT ( 'NONE',  ( -188.9725050280945027, 43.55812069639190298, 0.000000000000000000 ) ) ;
#3829 = DIRECTION ( 'NONE',  ( 0.000000000000000000, -1.000000000000000000, 0.000000000000000000 ) ) ;
#3830 = PLANE ( 'NONE',  #2419 ) ;
#3831 = ORIENTED_EDGE ( 'NONE', *, *, #296, .T. ) ;
#3832 = VECTOR ( 'NONE', #388, 1000.000000000000000 ) ;
#3833 = CARTESIAN_POINT ( 'NONE',  ( -172.5277709960939774, 38.45781326293945312, 1.000000000000000000 ) ) ;
#3834 = AXIS2_PLACEMENT_3D ( 'NONE', #258, #2962, #2564 ) ;
#3835 = EDGE_CURVE ( 'NONE', #769, #2201, #3084, .T. ) ;
#3836 = PLANE ( 'NONE',  #3506 ) ;
#3837 = AXIS2_PLACEMENT_3D ( 'NONE', #2445, #3964, #519 ) ;
#3838 = LINE ( 'NONE', #4241, #4807 ) ;
#3839 = VECTOR ( 'NONE', #3809, 1000.000000000000000 ) ;
#3840 = EDGE_LOOP ( 'NONE', ( #3454, #2184, #2705, #3091 ) ) ;
#3841 = ORIENTED_EDGE ( 'NONE', *, *, #173, .F. ) ;
#3842 = DIRECTION ( 'NONE',  ( 1.000000000000000000, 0.000000000000000000, 0.000000000000000000 ) ) ;
#3843 = SURFACE_SIDE_STYLE ('',( #3492 ) ) ;
#3844 =( GEOMETRIC_REPRESENTATION_CONTEXT ( 3 ) GLOBAL_UNCERTAINTY_ASSIGNED_CONTEXT ( ( #100 ) ) GLOBAL_UNIT_ASSIGNED_CONTEXT ( ( #4838, #2906, #3748 ) ) REPRESENTATION_CONTEXT ( 'NONE', 'WORKASPACE' ) );
#3845 = EDGE_CURVE ( 'NONE', #2104, #1626, #1165, .T. ) ;
#3846 = VECTOR ( 'NONE', #2930, 1000.000000000000000 ) ;
#3847 = ORIENTED_EDGE ( 'NONE', *, *, #2710, .F. ) ;
#3848 = VECTOR ( 'NONE', #3347, 1000.000000000000000 ) ;
#3849 = DIRECTION ( 'NONE',  ( 0.000000000000000000, 0.000000000000000000, -1.000000000000000000 ) ) ;
#3850 = CLOSED_SHELL ( 'NONE', ( #119, #2772, #2979, #3589, #4433, #4238, #4947, #756 ) ) ;
#3851 = CARTESIAN_POINT ( 'NONE',  ( -190.8528711494080028, 45.12199774108519534, 1.000000000000000000 ) ) ;
#3852 = AXIS2_PLACEMENT_3D ( 'NONE', #2521, #1409, #670 ) ;
#3853 = EDGE_LOOP ( 'NONE', ( #3390, #3322, #1246, #1670 ) ) ;
#3854 = FACE_OUTER_BOUND ( 'NONE', #668, .T. ) ;
#3855 = CARTESIAN_POINT ( 'NONE',  ( -188.9725054478934965, 36.60295841433605801, 1.000000000000000000 ) ) ;
#3856 = EDGE_LOOP ( 'NONE', ( #2791, #2582, #4796, #2644 ) ) ;
#3857 = DIRECTION ( 'NONE',  ( 0.000000000000000000, 0.000000000000000000, -1.000000000000000000 ) ) ;
#3858 = LINE ( 'NONE', #377, #534 ) ;
#3859 = CARTESIAN_POINT ( 'NONE',  ( -192.1619873046875000, 32.03639984130860086, 0.000000000000000000 ) ) ;
#3860 = CARTESIAN_POINT ( 'NONE',  ( -192.1619873046875000, 48.03639984130860086, 1.000000000000000000 ) ) ;
#3861 = DIRECTION ( 'NONE',  ( -1.000000000000000000, 0.000000000000000000, 0.000000000000000000 ) ) ;
#3862 = EDGE_CURVE ( 'NONE', #3974, #2317, #3488, .T. ) ;
#3863 = ORIENTED_EDGE ( 'NONE', *, *, #2400, .F. ) ;
#3864 = FILL_AREA_STYLE ('',( #3791 ) ) ;
#3865 = DIRECTION ( 'NONE',  ( -1.000000000000000000, 0.000000000000000000, 0.000000000000000000 ) ) ;
#3866 = CYLINDRICAL_SURFACE ( 'NONE', #3187, 0.9999990872011366161 ) ;
#3867 = CARTESIAN_POINT ( 'NONE',  ( -173.6486816406250000, 42.55197906494139914, 1.000000000000000000 ) ) ;
#3868 = VERTEX_POINT ( 'NONE', #4646 ) ;
#3869 = EDGE_CURVE ( 'NONE', #1873, #3152, #2742, .T. ) ;
#3870 = EDGE_LOOP ( 'NONE', ( #1041, #362, #2257, #3990 ) ) ;
#3871 = DIRECTION ( 'NONE',  ( 0.000000000000000000, 0.000000000000000000, 1.000000000000000000 ) ) ;
#3872 = DIRECTION ( 'NONE',  ( 0.000000000000000000, 0.000000000000000000, 1.000000000000000000 ) ) ;
#3873 = VERTEX_POINT ( 'NONE', #2512 ) ;
#3874 = CARTESIAN_POINT ( 'NONE',  ( -159.9923233377254803, 41.08914510582660284, 0.000000000000000000 ) ) ;
#3875 = ADVANCED_FACE ( 'NONE', ( #3262 ), #3547, .T. ) ;
#3876 = PRESENTATION_STYLE_ASSIGNMENT (( #2323 ) ) ;
#3877 = ORIENTED_EDGE ( 'NONE', *, *, #2669, .T. ) ;
#3878 = VERTEX_POINT ( 'NONE', #4694 ) ;
#3879 = DIRECTION ( 'NONE',  ( 1.000000000000000000, 0.000000000000000000, 0.000000000000000000 ) ) ;
#3880 = LINE ( 'NONE', #3054, #4894 ) ;
#3881 = EDGE_LOOP ( 'NONE', ( #3771, #743, #2472, #3414 ) ) ;
#3882 = DIRECTION ( 'NONE',  ( 0.000000000000000000, 0.000000000000000000, 1.000000000000000000 ) ) ;
#3883 = FACE_OUTER_BOUND ( 'NONE', #76, .T. ) ;
#3884 = DIRECTION ( 'NONE',  ( 0.000000000000000000, 0.000000000000000000, 1.000000000000000000 ) ) ;
#3885 = DIRECTION ( 'NONE',  ( -1.000000000000000000, 0.000000000000000000, 0.000000000000000000 ) ) ;
#3886 = PLANE ( 'NONE',  #632 ) ;
#3887 = ORIENTED_EDGE ( 'NONE', *, *, #2503, .T. ) ;
#3888 = CARTESIAN_POINT ( 'NONE',  ( -176.3679046630859943, 42.27214431762695312, 1.000000000000000000 ) ) ;
#3889 = DIRECTION ( 'NONE',  ( 1.000000000000000000, 0.000000000000000000, 0.000000000000000000 ) ) ;
#3890 = CARTESIAN_POINT ( 'NONE',  ( -190.1028708719969700, 40.20482929876415312, 1.000000000000000000 ) ) ;
#3891 = ORIENTED_EDGE ( 'NONE', *, *, #2888, .T. ) ;
#3892 = ORIENTED_EDGE ( 'NONE', *, *, #115, .T. ) ;
#3893 = CARTESIAN_POINT ( 'NONE',  ( -172.4617309570314774, 42.02197647094729405, 1.600000000000000089 ) ) ;
#3894 =( LENGTH_UNIT ( ) NAMED_UNIT ( * ) SI_UNIT ( .MILLI., .METRE. ) );
#3895 = EDGE_CURVE ( 'NONE', #3611, #1548, #2019, .T. ) ;
#3896 = ORIENTED_EDGE ( 'NONE', *, *, #1995, .F. ) ;
#3897 = DIRECTION ( 'NONE',  ( 0.9999919387664796266, 0.004015271106317898873, 0.000000000000000000 ) ) ;
#3898 = CARTESIAN_POINT ( 'NONE',  ( -172.4619873046875114, 34.87976136882910083, 2.620787278914795237 ) ) ;
#3899 = EDGE_CURVE ( 'NONE', #4827, #4219, #574, .T. ) ;
#3900 = ORIENTED_EDGE ( 'NONE', *, *, #231, .F. ) ;
#3901 = ORIENTED_EDGE ( 'NONE', *, *, #3497, .F. ) ;
#3902 = FACE_OUTER_BOUND ( 'NONE', #1901, .T. ) ;
#3903 = FILL_AREA_STYLE_COLOUR ( '', #3607 ) ;
#3904 = DIRECTION ( 'NONE',  ( 0.000000000000000000, 0.000000000000000000, 1.000000000000000000 ) ) ;
#3905 = EDGE_CURVE ( 'NONE', #3798, #4355, #90, .T. ) ;
#3906 = LINE ( 'NONE', #2008, #130 ) ;
#3907 = AXIS2_PLACEMENT_3D ( 'NONE', #3062, #2233, #4614 ) ;
#3908 = LINE ( 'NONE', #491, #2720 ) ;
#3909 = LINE ( 'NONE', #432, #4015 ) ;
#3910 = PLANE ( 'NONE',  #2816 ) ;
#3911 = ORIENTED_EDGE ( 'NONE', *, *, #3467, .T. ) ;
#3912 = DIRECTION ( 'NONE',  ( 0.000000000000000000, 0.000000000000000000, -1.000000000000000000 ) ) ;
#3913 = STYLED_ITEM ( 'NONE', ( #614 ), #2933 ) ;
#3914 = DIRECTION ( 'NONE',  ( 1.000000000000000000, 0.000000000000000000, 0.000000000000000000 ) ) ;
#3915 = DIRECTION ( 'NONE',  ( 0.000000000000000000, 0.000000000000000000, -1.000000000000000000 ) ) ;
#3916 = ORIENTED_EDGE ( 'NONE', *, *, #2431, .T. ) ;
#3917 = ORIENTED_EDGE ( 'NONE', *, *, #4690, .T. ) ;
#3918 = DIRECTION ( 'NONE',  ( 0.000000000000000000, 0.000000000000000000, -1.000000000000000000 ) ) ;
#3919 = DIRECTION ( 'NONE',  ( -1.000000000000000000, 0.000000000000000000, 0.000000000000000000 ) ) ;
#3920 = AXIS2_PLACEMENT_3D ( 'NONE', #3794, #4164, #1430 ) ;
#3921 = DIRECTION ( 'NONE',  ( 1.000000000000000000, 0.000000000000000000, 0.000000000000000000 ) ) ;
#3922 = CARTESIAN_POINT ( 'NONE',  ( -183.7859344482419885, 38.49012028448694878, 1.000000000000000000 ) ) ;
#3923 = LINE ( 'NONE', #4025, #480 ) ;
#3925 = EDGE_CURVE ( 'NONE', #3037, #2998, #182, .T. ) ;
#3924 = AXIS2_PLACEMENT_3D ( 'NONE', #2608, #4132, #3715 ) ;
#3926 = AXIS2_PLACEMENT_3D ( 'NONE', #2175, #3650, #908 ) ;
#3927 = CIRCLE ( 'NONE', #4733, 0.7499999939727386433 ) ;
#3928 = ORIENTED_EDGE ( 'NONE', *, *, #4696, .F. ) ;
#3929 = VECTOR ( 'NONE', #1180, 1000.000000000000000 ) ;
#3930 = VECTOR ( 'NONE', #4085, 1000.000000000000000 ) ;
#3931 = ORIENTED_EDGE ( 'NONE', *, *, #1435, .F. ) ;
#3932 = UNCERTAINTY_MEASURE_WITH_UNIT (LENGTH_MEASURE( 1.000000000000000082E-05 ), #1062, 'distance_accuracy_value', 'NONE');
#3933 = FACE_OUTER_BOUND ( 'NONE', #3744, .T. ) ;
#3935 = ADVANCED_FACE ( 'NONE', ( #1305 ), #4390, .F. ) ;
#3934 = DIRECTION ( 'NONE',  ( 0.000000000000000000, 0.000000000000000000, -1.000000000000000000 ) ) ;
#3936 = AXIS2_PLACEMENT_3D ( 'NONE', #3372, #600, #1434 ) ;
#3937 = VECTOR ( 'NONE', #4688, 1000.000000000000000 ) ;
#3938 = CARTESIAN_POINT ( 'NONE',  ( -183.7859344482419885, 43.94128417968750000, 3.409999999999999698 ) ) ;
#3939 = LINE ( 'NONE', #2383, #4240 ) ;
#3940 = FACE_OUTER_BOUND ( 'NONE', #944, .T. ) ;
#3941 = VECTOR ( 'NONE', #3564, 1000.000000000000000 ) ;
#3942 = FACE_OUTER_BOUND ( 'NONE', #2661, .T. ) ;
#3943 = ORIENTED_EDGE ( 'NONE', *, *, #2105, .T. ) ;
#3944 = EDGE_CURVE ( 'NONE', #371, #3203, #2063, .T. ) ;
#3945 = FACE_BOUND ( 'NONE', #4783, .T. ) ;
#3946 = CARTESIAN_POINT ( 'NONE',  ( -176.6439208984375000, 39.96781539916995030, 1.600000000000000089 ) ) ;
#3947 = ORIENTED_EDGE ( 'NONE', *, *, #1230, .T. ) ;
#3948 = ORIENTED_EDGE ( 'NONE', *, *, #3063, .F. ) ;
#3949 = DIRECTION ( 'NONE',  ( -1.000000000000000000, 0.000000000000000000, 0.000000000000000000 ) ) ;
#3950 = ORIENTED_EDGE ( 'NONE', *, *, #4109, .F. ) ;
#3951 = FACE_OUTER_BOUND ( 'NONE', #966, .T. ) ;
#3952 = CARTESIAN_POINT ( 'NONE',  ( -175.6819458007815058, 43.89500045776365056, 1.175000000000000044 ) ) ;
#3953 = EDGE_LOOP ( 'NONE', ( #4118, #2272, #1916, #368 ) ) ;
#3954 = ORIENTED_EDGE ( 'NONE', *, *, #1283, .F. ) ;
#3955 = DIRECTION ( 'NONE',  ( 0.000000000000000000, 0.000000000000000000, 1.000000000000000000 ) ) ;
#3956 = EDGE_CURVE ( 'NONE', #4165, #3334, #4318, .T. ) ;
#3957 = DIRECTION ( 'NONE',  ( 1.000000000000000000, 0.000000000000000000, 0.000000000000000000 ) ) ;
#3958 = CARTESIAN_POINT ( 'NONE',  ( -162.1446245850090122, 38.08140389644134416, 1.000000000000000000 ) ) ;
#3959 = DIRECTION ( 'NONE',  ( 0.000000000000000000, 0.000000000000000000, -1.000000000000000000 ) ) ;
#3960 = ORIENTED_EDGE ( 'NONE', *, *, #1995, .T. ) ;
#3961 = PLANE ( 'NONE',  #4557 ) ;
#3962 = EDGE_CURVE ( 'NONE', #415, #3110, #3165, .T. ) ;
#3963 = EDGE_CURVE ( 'NONE', #4460, #4278, #1020, .T. ) ;
#3964 = DIRECTION ( 'NONE',  ( 0.000000000000000000, 0.000000000000000000, 1.000000000000000000 ) ) ;
#3965 = ORIENTED_EDGE ( 'NONE', *, *, #3175, .F. ) ;
#3966 = VERTEX_POINT ( 'NONE', #1638 ) ;
#3967 = ADVANCED_FACE ( 'NONE', ( #4795 ), #1351, .F. ) ;
#3968 = ORIENTED_EDGE ( 'NONE', *, *, #445, .F. ) ;
#3969 = DIRECTION ( 'NONE',  ( 0.000000000000000000, 0.000000000000000000, -1.000000000000000000 ) ) ;
#3970 = DIRECTION ( 'NONE',  ( 1.000000000000000000, 0.000000000000000000, 0.000000000000000000 ) ) ;
#3971 = EDGE_LOOP ( 'NONE', ( #3231, #164, #2424, #1753 ) ) ;
#3972 = FACE_OUTER_BOUND ( 'NONE', #3693, .T. ) ;
#3973 = ORIENTED_EDGE ( 'NONE', *, *, #2516, .T. ) ;
#3974 = VERTEX_POINT ( 'NONE', #3617 ) ;
#3975 = PLANE ( 'NONE',  #4158 ) ;
#3976 = CARTESIAN_POINT ( 'NONE',  ( -175.6939086914065058, 39.96781539916995030, 1.000000000000000000 ) ) ;
#3977 =( LENGTH_UNIT ( ) NAMED_UNIT ( * ) SI_UNIT ( .MILLI., .METRE. ) );
#3978 = CARTESIAN_POINT ( 'NONE',  ( -173.5736694335939774, 42.02197647094729405, 1.000000000000000000 ) ) ;
#3979 = PLANE ( 'NONE',  #2495 ) ;
#3980 = EDGE_LOOP ( 'NONE', ( #1704, #473, #4545, #3712 ) ) ;
#3981 = FACE_BOUND ( 'NONE', #3570, .T. ) ;
#3982 = EDGE_CURVE ( 'NONE', #4166, #4818, #3985, .T. ) ;
#3983 = AXIS2_PLACEMENT_3D ( 'NONE', #1893, #1502, #3032 ) ;
#3984 = CARTESIAN_POINT ( 'NONE',  ( -171.5752667234459921, 38.45781326293945312, 1.000000000000000000 ) ) ;
#3985 = LINE ( 'NONE', #2044, #4078 ) ;
#3986 = ORIENTED_EDGE ( 'NONE', *, *, #3240, .T. ) ;
#3987 = EDGE_LOOP ( 'NONE', ( #2621, #1544 ) ) ;
#3989 = ADVANCED_FACE ( 'NONE', ( #4422 ), #3190, .F. ) ;
#3988 = VECTOR ( 'NONE', #573, 1000.000000000000000 ) ;
#3990 = ORIENTED_EDGE ( 'NONE', *, *, #3296, .T. ) ;
#3991 = VECTOR ( 'NONE', #4766, 1000.000000000000000 ) ;
#3992 = DIRECTION ( 'NONE',  ( 1.000000000000000000, 0.000000000000000000, 0.000000000000000000 ) ) ;
#3993 = LINE ( 'NONE', #4779, #4235 ) ;
#3994 = AXIS2_PLACEMENT_3D ( 'NONE', #1412, #293, #3016 ) ;
#3995 = ORIENTED_EDGE ( 'NONE', *, *, #81, .T. ) ;
#3996 = DIRECTION ( 'NONE',  ( 0.000000000000000000, 0.000000000000000000, 1.000000000000000000 ) ) ;
#3997 = EDGE_CURVE ( 'NONE', #4065, #3329, #780, .T. ) ;
#3998 = AXIS2_PLACEMENT_3D ( 'NONE', #4498, #1915, #2367 ) ;
#3999 = EDGE_LOOP ( 'NONE', ( #1988, #1843, #4061, #4846, #3060, #2466 ) ) ;
#4000 = VECTOR ( 'NONE', #3298, 1000.000000000000000 ) ;
#4001 = VERTEX_POINT ( 'NONE', #4348 ) ;
#4002 = DIRECTION ( 'NONE',  ( 1.000000000000000000, 0.000000000000000000, 0.000000000000000000 ) ) ;
#4003 = SURFACE_STYLE_FILL_AREA ( #1707 ) ;
#4004 = VECTOR ( 'NONE', #4927, 1000.000000000000000 ) ;
#4005 = VECTOR ( 'NONE', #25, 1000.000000000000000 ) ;
#4006 = DIRECTION ( 'NONE',  ( 0.000000000000000000, 0.000000000000000000, 1.000000000000000000 ) ) ;
#4007 = LINE ( 'NONE', #3782, #567 ) ;
#4008 = LINE ( 'NONE', #3257, #3941 ) ;
#4009 = VECTOR ( 'NONE', #4215, 1000.000000000000000 ) ;
#4010 = EDGE_LOOP ( 'NONE', ( #2186, #4257, #1974, #2363 ) ) ;
#4011 = LINE ( 'NONE', #416, #302 ) ;
#4012 = DIRECTION ( 'NONE',  ( 0.000000000000000000, -1.000000000000000000, 0.000000000000000000 ) ) ;
#4013 = AXIS2_PLACEMENT_3D ( 'NONE', #3313, #1457, #1009 ) ;
#4014 = CARTESIAN_POINT ( 'NONE',  ( -176.6439208984375000, 38.45781326293945312, 1.600000000000000089 ) ) ;
#4015 = VECTOR ( 'NONE', #4288, 1000.000000000000000 ) ;
#4016 = ADVANCED_FACE ( 'NONE', ( #1325 ), #899, .F. ) ;
#4017 = DIRECTION ( 'NONE',  ( 0.000000000000000000, 0.000000000000000000, -1.000000000000000000 ) ) ;
#4018 = ORIENTED_EDGE ( 'NONE', *, *, #1162, .T. ) ;
#4019 = ORIENTED_EDGE ( 'NONE', *, *, #256, .T. ) ;
#4020 = CARTESIAN_POINT ( 'NONE',  ( -182.5956726074220171, 45.51155471801759944, 1.550000000000000044 ) ) ;
#4021 = VERTEX_POINT ( 'NONE', #133 ) ;
#4022 = ADVANCED_FACE ( 'NONE', ( #1690 ), #3760, .F. ) ;
#4023 = DIRECTION ( 'NONE',  ( 0.000000000000000000, 0.000000000000000000, 1.000000000000000000 ) ) ;
#4024 = VERTEX_POINT ( 'NONE', #3312 ) ;
#4025 = CARTESIAN_POINT ( 'NONE',  ( -174.5236816406250000, 44.03197860717774859, 1.600000000000000089 ) ) ;
#4026 = ORIENTED_EDGE ( 'NONE', *, *, #2400, .T. ) ;
#4027 = EDGE_CURVE ( 'NONE', #3728, #390, #4513, .T. ) ;
#4028 = EDGE_CURVE ( 'NONE', #672, #4432, #1380, .T. ) ;
#4029 = FACE_OUTER_BOUND ( 'NONE', #45, .T. ) ;
#4030 = DIRECTION ( 'NONE',  ( 0.000000000000000000, 0.000000000000000000, -1.000000000000000000 ) ) ;
#4031 = DIRECTION ( 'NONE',  ( -1.000000000000000000, 0.000000000000000000, 0.000000000000000000 ) ) ;
#4032 = LINE ( 'NONE', #1803, #311 ) ;
#4033 = LINE ( 'NONE', #589, #4903 ) ;
#4034 = FACE_OUTER_BOUND ( 'NONE', #3403, .T. ) ;
#4035 = SURFACE_STYLE_USAGE ( .BOTH. , #275 ) ;
#4036 = CARTESIAN_POINT ( 'NONE',  ( -172.4617309570314774, 42.02197647094729405, 1.600000000000000089 ) ) ;
#4037 = ORIENTED_EDGE ( 'NONE', *, *, #4923, .T. ) ;
#4038 = EDGE_LOOP ( 'NONE', ( #3590, #161, #1639, #1280 ) ) ;
#4039 = DIRECTION ( 'NONE',  ( 0.000000000000000000, 0.000000000000000000, -1.000000000000000000 ) ) ;
#4040 = CARTESIAN_POINT ( 'NONE',  ( -173.5736694335939774, 44.03197860717774859, 1.000000000000000000 ) ) ;
#4041 = ORIENTED_EDGE ( 'NONE', *, *, #3141, .F. ) ;
#4042 = CARTESIAN_POINT ( 'NONE',  ( -173.6486816406250000, 42.55197906494139914, 1.500000000000000000 ) ) ;
#4043 = EDGE_CURVE ( 'NONE', #2539, #2961, #304, .T. ) ;
#4044 = ORIENTED_EDGE ( 'NONE', *, *, #3714, .F. ) ;
#4045 = DIRECTION ( 'NONE',  ( 1.000000000000000000, 0.000000000000000000, 0.000000000000000000 ) ) ;
#4046 = PLANE ( 'NONE',  #1444 ) ;
#4047 = EDGE_CURVE ( 'NONE', #1118, #3223, #4126, .T. ) ;
#4048 = PLANE ( 'NONE',  #4226 ) ;
#4049 = LINE ( 'NONE', #4363, #1530 ) ;
#4050 = EDGE_LOOP ( 'NONE', ( #1479, #4272, #2230, #403 ) ) ;
#4051 = LINE ( 'NONE', #612, #4327 ) ;
#4052 = ADVANCED_FACE ( 'NONE', ( #2958, #1865, #4463, #1760, #3289, #3332, #4053, #2912, #1008, #1080, #680, #640, #2532, #4442 ), #3733, .T. ) ;
#4053 = FACE_BOUND ( 'NONE', #434, .T. ) ;
#4054 = ORIENTED_EDGE ( 'NONE', *, *, #2340, .T. ) ;
#4055 = ORIENTED_EDGE ( 'NONE', *, *, #4955, .F. ) ;
#4056 = DIRECTION ( 'NONE',  ( 0.000000000000000000, 1.000000000000000000, 0.000000000000000000 ) ) ;
#4057 = VECTOR ( 'NONE', #3460, 1000.000000000000000 ) ;
#4058 = CARTESIAN_POINT ( 'NONE',  ( -188.4725028719464888, 40.14691954139435381, 0.000000000000000000 ) ) ;
#4059 = DIRECTION ( 'NONE',  ( 0.000000000000000000, 0.000000000000000000, -1.000000000000000000 ) ) ;
#4060 = LINE ( 'NONE', #3698, #866 ) ;
#4061 = ORIENTED_EDGE ( 'NONE', *, *, #2503, .F. ) ;
#4062 = CARTESIAN_POINT ( 'NONE',  ( -159.1619873046875000, 48.03639984130860086, 1.000000000000000000 ) ) ;
#4063 = CARTESIAN_POINT ( 'NONE',  ( -172.4617309570314774, 42.52197647094725141, 1.600000000000000089 ) ) ;
#4064 = VECTOR ( 'NONE', #4935, 1000.000000000000000 ) ;
#4065 = VERTEX_POINT ( 'NONE', #1039 ) ;
#4066 = COLOUR_RGB ( '',0.7921568627450980005, 0.8196078431372548767, 0.9333333333333333481 ) ;
#4067 = EDGE_CURVE ( 'NONE', #447, #1716, #2934, .T. ) ;
#4068 = CARTESIAN_POINT ( 'NONE',  ( -159.1619873046875000, 48.03639984130860086, 0.000000000000000000 ) ) ;
#4069 = VECTOR ( 'NONE', #2519, 1000.000000000000000 ) ;
#4070 = PRESENTATION_LAYER_ASSIGNMENT (  '', '', ( #372 ) ) ;
#4071 = VECTOR ( 'NONE', #234, 1000.000000000000000 ) ;
#4072 = PLANE ( 'NONE',  #3517 ) ;
#4073 = VECTOR ( 'NONE', #1806, 1000.000000000000000 ) ;
#4074 = ADVANCED_FACE ( 'NONE', ( #1455 ), #4083, .F. ) ;
#4075 = DIRECTION ( 'NONE',  ( 0.000000000000000000, 0.000000000000000000, -1.000000000000000000 ) ) ;
#4076 = ORIENTED_EDGE ( 'NONE', *, *, #4765, .F. ) ;
#4077 = DIRECTION ( 'NONE',  ( 1.000000000000000000, 0.000000000000000000, 0.000000000000000000 ) ) ;
#4078 = VECTOR ( 'NONE', #3221, 1000.000000000000000 ) ;
#4079 = AXIS2_PLACEMENT_3D ( 'NONE', #1201, #3871, #37 ) ;
#4080 =( LENGTH_UNIT ( ) NAMED_UNIT ( * ) SI_UNIT ( .MILLI., .METRE. ) );
#4081 = VECTOR ( 'NONE', #3096, 1000.000000000000000 ) ;
#4082 = EDGE_CURVE ( 'NONE', #15, #3490, #201, .T. ) ;
#4083 = PLANE ( 'NONE',  #3205 ) ;
#4084 = VECTOR ( 'NONE', #3160, 1000.000000000000000 ) ;
#4085 = DIRECTION ( 'NONE',  ( 0.000000000000000000, 1.000000000000000000, 0.000000000000000000 ) ) ;
#4086 = VERTEX_POINT ( 'NONE', #254 ) ;
#4087 = CARTESIAN_POINT ( 'NONE',  ( -177.4654083251955115, 43.94128417968750000, 3.409999999999999698 ) ) ;
#4088 = CIRCLE ( 'NONE', #2902, 0.5000015720988404411 ) ;
#4089 = CARTESIAN_POINT ( 'NONE',  ( -190.1028711554349684, 45.12199774108519534, 1.000000000000000000 ) ) ;
#4090 = CARTESIAN_POINT ( 'NONE',  ( -162.1180136315564937, 33.90877213949594449, 1.000000000000000000 ) ) ;
#4091 = ORIENTED_EDGE ( 'NONE', *, *, #1319, .F. ) ;
#4092 = EDGE_LOOP ( 'NONE', ( #3044, #401 ) ) ;
#4093 = CARTESIAN_POINT ( 'NONE',  ( -190.1028733519355001, 35.11380527195875345, 1.000000000000000000 ) ) ;
#4094 = DIRECTION ( 'NONE',  ( 0.000000000000000000, 0.000000000000000000, -1.000000000000000000 ) ) ;
#4095 = VERTEX_POINT ( 'NONE', #2159 ) ;
#4096 = DIRECTION ( 'NONE',  ( 1.000000000000000000, 0.000000000000000000, 0.000000000000000000 ) ) ;
#4097 = CYLINDRICAL_SURFACE ( 'NONE', #1194, 0.5000006829925796037 ) ;
#4098 = EDGE_CURVE ( 'NONE', #1250, #2670, #1807, .T. ) ;
#4099 = CARTESIAN_POINT ( 'NONE',  ( -172.3867187500000000, 42.55197906494139914, 1.000000000000000000 ) ) ;
#4100 = DIRECTION ( 'NONE',  ( -1.000000000000000000, 0.000000000000000000, 0.000000000000000000 ) ) ;
#4101 = VERTEX_POINT ( 'NONE', #2603 ) ;
#4102 = LINE ( 'NONE', #3283, #3439 ) ;
#4103 = ADVANCED_FACE ( 'NONE', ( #593 ), #2134, .F. ) ;
#4104 = DIRECTION ( 'NONE',  ( 0.000000000000000000, 1.000000000000000000, 0.000000000000000000 ) ) ;
#4105 = LINE ( 'NONE', #1833, #4725 ) ;
#4106 = ORIENTED_EDGE ( 'NONE', *, *, #3106, .F. ) ;
#4107 = VERTEX_POINT ( 'NONE', #2586 ) ;
#4108 = DIRECTION ( 'NONE',  ( 0.000000000000000000, 0.000000000000000000, 1.000000000000000000 ) ) ;
#4109 = EDGE_CURVE ( 'NONE', #4275, #3974, #4105, .T. ) ;
#4110 = ADVANCED_FACE ( 'NONE', ( #2204 ), #3358, .F. ) ;
#4111 = CARTESIAN_POINT ( 'NONE',  ( -174.4486694335940058, 42.55197906494139914, 1.000000000000000000 ) ) ;
#4112 = CARTESIAN_POINT ( 'NONE',  ( -172.4527587890625000, 39.43781280517579546, 1.500000000000000000 ) ) ;
#4113 = VERTEX_POINT ( 'NONE', #2305 ) ;
#4114 = EDGE_LOOP ( 'NONE', ( #3896, #31 ) ) ;
#4115 = DIRECTION ( 'NONE',  ( 0.000000000000000000, 0.000000000000000000, -1.000000000000000000 ) ) ;
#4116 = DIRECTION ( 'NONE',  ( 0.000000000000000000, 0.000000000000000000, 1.000000000000000000 ) ) ;
#4117 = EDGE_CURVE ( 'NONE', #3333, #3216, #2163, .T. ) ;
#4118 = ORIENTED_EDGE ( 'NONE', *, *, #2410, .T. ) ;
#4119 = UNCERTAINTY_MEASURE_WITH_UNIT (LENGTH_MEASURE( 1.000000000000000082E-05 ), #4204, 'distance_accuracy_value', 'NONE');
#4120 = DIRECTION ( 'NONE',  ( 0.000000000000000000, 0.000000000000000000, -1.000000000000000000 ) ) ;
#4121 = CARTESIAN_POINT ( 'NONE',  ( -176.5689086914064774, 39.43781280517579546, 1.500000000000000000 ) ) ;
#4122 = CARTESIAN_POINT ( 'NONE',  ( -166.2379302978515057, 42.99311828613279829, 5.007799999999999585 ) ) ;
#4123 = DIRECTION ( 'NONE',  ( 0.000000000000000000, -1.000000000000000000, 0.000000000000000000 ) ) ;
#4124 = ORIENTED_EDGE ( 'NONE', *, *, #638, .T. ) ;
#4125 = CARTESIAN_POINT ( 'NONE',  ( -174.4827270507815058, 38.48781585693359375, 1.500000000000000000 ) ) ;
#4126 = LINE ( 'NONE', #4489, #629 ) ;
#4127 = VERTEX_POINT ( 'NONE', #1139 ) ;
#4128 = EDGE_CURVE ( 'NONE', #3673, #4582, #1981, .T. ) ;
#4129 = EDGE_LOOP ( 'NONE', ( #257, #3229, #4956, #1918 ) ) ;
#4130 =( NAMED_UNIT ( * ) PLANE_ANGLE_UNIT ( ) SI_UNIT ( $, .RADIAN. ) );
#4131 = CARTESIAN_POINT ( 'NONE',  ( -171.5867309570315058, 43.50197601318360086, 1.500000000000000000 ) ) ;
#4132 = DIRECTION ( 'NONE',  ( -1.000000000000000000, 0.000000000000000000, 0.000000000000000000 ) ) ;
#4133 = FACE_OUTER_BOUND ( 'NONE', #3953, .T. ) ;
#4134 = EDGE_LOOP ( 'NONE', ( #4553, #4379, #4876, #4019 ) ) ;
#4135 = EDGE_CURVE ( 'NONE', #1223, #2751, #28, .T. ) ;
#4136 = EDGE_LOOP ( 'NONE', ( #3004, #2292, #4214, #995 ) ) ;
#4137 = DIRECTION ( 'NONE',  ( -1.000000000000000000, 0.000000000000000000, 0.000000000000000000 ) ) ;
#4138 = CARTESIAN_POINT ( 'NONE',  ( -190.8528703332779912, 40.20482929876415312, 0.000000000000000000 ) ) ;
#4139 = ORIENTED_EDGE ( 'NONE', *, *, #671, .T. ) ;
#4140 = AXIS2_PLACEMENT_3D ( 'NONE', #1136, #1078, #3404 ) ;
#4141 = EDGE_CURVE ( 'NONE', #3966, #4432, #1935, .T. ) ;
#4142 = DIRECTION ( 'NONE',  ( -1.000000000000000000, 0.000000000000000000, 0.000000000000000000 ) ) ;
#4143 = FILL_AREA_STYLE_COLOUR ( '', #2891 ) ;
#4144 = PRESENTATION_LAYER_ASSIGNMENT (  '', '', ( #3913 ) ) ;
#4145 = COLOUR_RGB ( '',0.7921568627450980005, 0.8196078431372548767, 0.9333333333333333481 ) ;
#4146 = LINE ( 'NONE', #803, #3678 ) ;
#4147 = PRESENTATION_LAYER_ASSIGNMENT (  '', '', ( #1175 ) ) ;
#4148 = ORIENTED_EDGE ( 'NONE', *, *, #826, .F. ) ;
#4149 = CARTESIAN_POINT ( 'NONE',  ( -173.6486816406250000, 43.50197601318360086, 1.000000000000000000 ) ) ;
#4150 = ORIENTED_EDGE ( 'NONE', *, *, #2296, .F. ) ;
#4151 = VECTOR ( 'NONE', #337, 1000.000000000000000 ) ;
#4152 = LINE ( 'NONE', #713, #691 ) ;
#4153 = CARTESIAN_POINT ( 'NONE',  ( -174.5577392578125000, 38.45781326293945312, 1.600000000000000089 ) ) ;
#4154 = PLANE ( 'NONE',  #694 ) ;
#4155 = ORIENTED_EDGE ( 'NONE', *, *, #2458, .T. ) ;
#4156 = VECTOR ( 'NONE', #784, 1000.000000000000000 ) ;
#4157 = ORIENTED_EDGE ( 'NONE', *, *, #3895, .T. ) ;
#4158 = AXIS2_PLACEMENT_3D ( 'NONE', #1294, #3675, #122 ) ;
#4159 = VECTOR ( 'NONE', #3757, 1000.000000000000000 ) ;
#4160 = FACE_OUTER_BOUND ( 'NONE', #4735, .T. ) ;
#4161 = PRESENTATION_LAYER_ASSIGNMENT (  '', '', ( #3529 ) ) ;
#4162 = LINE ( 'NONE', #3514, #1418 ) ;
#4163 = VECTOR ( 'NONE', #3934, 1000.000000000000000 ) ;
#4164 = DIRECTION ( 'NONE',  ( 0.5000043381444312374, -0.8660228991410963140, 0.000000000000000000 ) ) ;
#4165 = VERTEX_POINT ( 'NONE', #3462 ) ;
#4166 = VERTEX_POINT ( 'NONE', #3507 ) ;
#4167 = DIRECTION ( 'NONE',  ( -1.000000000000000000, 0.000000000000000000, 0.000000000000000000 ) ) ;
#4168 = VECTOR ( 'NONE', #2541, 1000.000000000000000 ) ;
#4169 = VECTOR ( 'NONE', #3138, 1000.000000000000000 ) ;
#4170 = ADVANCED_FACE ( 'NONE', ( #2658 ), #1159, .F. ) ;
#4171 = ORIENTED_EDGE ( 'NONE', *, *, #1729, .F. ) ;
#4172 = VECTOR ( 'NONE', #55, 999.9999999999998863 ) ;
#4173 = DIRECTION ( 'NONE',  ( 1.000000000000000000, 0.000000000000000000, 0.000000000000000000 ) ) ;
#4174 =( NAMED_UNIT ( * ) PLANE_ANGLE_UNIT ( ) SI_UNIT ( $, .RADIAN. ) );
#4175 = EDGE_CURVE ( 'NONE', #4618, #2452, #1686, .T. ) ;
#4176 = CARTESIAN_POINT ( 'NONE',  ( -176.6439208984375000, 39.46781539916995030, 1.000000000000000000 ) ) ;
#4177 = SURFACE_SIDE_STYLE ('',( #751 ) ) ;
#4178 = ORIENTED_EDGE ( 'NONE', *, *, #644, .T. ) ;
#4179 = DIRECTION ( 'NONE',  ( 0.000000000000000000, 1.000000000000000000, 0.000000000000000000 ) ) ;
#4180 = FILL_AREA_STYLE ('',( #3024 ) ) ;
#4181 = DIRECTION ( 'NONE',  ( 0.000000000000000000, 0.000000000000000000, -1.000000000000000000 ) ) ;
#4182 = PRESENTATION_STYLE_ASSIGNMENT (( #2659 ) ) ;
#4183 = CARTESIAN_POINT ( 'NONE',  ( -176.0271116182134961, 43.93531248392284994, 1.000000000000000000 ) ) ;
#4184 = EDGE_LOOP ( 'NONE', ( #1222, #1692 ) ) ;
#4185 =( NAMED_UNIT ( * ) SI_UNIT ( $, .STERADIAN. ) SOLID_ANGLE_UNIT ( ) );
#4186 = CARTESIAN_POINT ( 'NONE',  ( -176.6439208984375000, 38.45781326293945312, 1.000000000000000000 ) ) ;
#4187 = FACE_OUTER_BOUND ( 'NONE', #765, .T. ) ;
#4188 = DIRECTION ( 'NONE',  ( -1.000000000000000000, 0.000000000000000000, 0.000000000000000000 ) ) ;
#4189 = ORIENTED_EDGE ( 'NONE', *, *, #4983, .T. ) ;
#4190 = ORIENTED_EDGE ( 'NONE', *, *, #3899, .T. ) ;
#4191 = CARTESIAN_POINT ( 'NONE',  ( 0.000000000000000000, 0.000000000000000000, 0.000000000000000000 ) ) ;
#4192 = VERTEX_POINT ( 'NONE', #54 ) ;
#4193 = DIRECTION ( 'NONE',  ( -1.000000000000000000, 0.000000000000000000, 0.000000000000000000 ) ) ;
#4194 = FACE_OUTER_BOUND ( 'NONE', #3105, .T. ) ;
#4195 = EDGE_CURVE ( 'NONE', #3966, #1532, #1496, .T. ) ;
#4196 = ORIENTED_EDGE ( 'NONE', *, *, #1819, .T. ) ;
#4197 = ORIENTED_EDGE ( 'NONE', *, *, #2195, .T. ) ;
#4198 = DIRECTION ( 'NONE',  ( -1.000000000000000000, 0.000000000000000000, 0.000000000000000000 ) ) ;
#4199 = ORIENTED_EDGE ( 'NONE', *, *, #2669, .F. ) ;
#4201 = EDGE_CURVE ( 'NONE', #1327, #14, #4589, .T. ) ;
#4200 = CARTESIAN_POINT ( 'NONE',  ( -172.4527587890625000, 38.48781585693359375, 1.500000000000000000 ) ) ;
#4202 = LINE ( 'NONE', #4532, #452 ) ;
#4203 = LINE ( 'NONE', #812, #4479 ) ;
#4204 =( LENGTH_UNIT ( ) NAMED_UNIT ( * ) SI_UNIT ( .MILLI., .METRE. ) );
#4205 = CARTESIAN_POINT ( 'NONE',  ( -172.5277709960939774, 39.46781539916995030, 1.000000000000000000 ) ) ;
#4206 = ORIENTED_EDGE ( 'NONE', *, *, #3133, .F. ) ;
#4207 = ADVANCED_FACE ( 'NONE', ( #2335 ), #1214, .F. ) ;
#4208 = CARTESIAN_POINT ( 'NONE',  ( -178.6556701660154829, 45.51155471801759944, 1.000000000000000000 ) ) ;
#4209 = DIRECTION ( 'NONE',  ( 0.000000000000000000, 1.000000000000000000, 0.000000000000000000 ) ) ;
#4210 = DIRECTION ( 'NONE',  ( 0.000000000000000000, -1.000000000000000000, 0.000000000000000000 ) ) ;
#4211 = CARTESIAN_POINT ( 'NONE',  ( -171.5752667234459921, 38.45781326293945312, 1.600000000000000089 ) ) ;
#4212 = ORIENTED_EDGE ( 'NONE', *, *, #1470, .T. ) ;
#4213 = ORIENTED_EDGE ( 'NONE', *, *, #2926, .F. ) ;
#4214 = ORIENTED_EDGE ( 'NONE', *, *, #1297, .F. ) ;
#4215 = DIRECTION ( 'NONE',  ( -1.000000000000000000, 0.000000000000000000, 0.000000000000000000 ) ) ;
#4216 = AXIS2_PLACEMENT_3D ( 'NONE', #2709, #62, #1145 ) ;
#4217 = EDGE_LOOP ( 'NONE', ( #426, #67, #1506, #1142 ) ) ;
#4218 = EDGE_CURVE ( 'NONE', #4654, #3498, #3135, .T. ) ;
#4219 = VERTEX_POINT ( 'NONE', #2680 ) ;
#4220 = VERTEX_POINT ( 'NONE', #4611 ) ;
#4221 = FACE_OUTER_BOUND ( 'NONE', #507, .T. ) ;
#4222 = FACE_OUTER_BOUND ( 'NONE', #4855, .T. ) ;
#4223 = VERTEX_POINT ( 'NONE', #715 ) ;
#4225 = LINE ( 'NONE', #1979, #4057 ) ;
#4224 = AXIS2_PLACEMENT_3D ( 'NONE', #4843, #1400, #2932 ) ;
#4227 = EDGE_CURVE ( 'NONE', #3340, #1352, #4203, .T. ) ;
#4226 = AXIS2_PLACEMENT_3D ( 'NONE', #2127, #2148, #3653 ) ;
#4228 = FACE_OUTER_BOUND ( 'NONE', #24, .T. ) ;
#4229 = STYLED_ITEM ( 'NONE', ( #2681 ), #1238 ) ;
#4230 = DIRECTION ( 'NONE',  ( 0.000000000000000000, 0.000000000000000000, -1.000000000000000000 ) ) ;
#4231 =( NAMED_UNIT ( * ) PLANE_ANGLE_UNIT ( ) SI_UNIT ( $, .RADIAN. ) );
#4232 = DIRECTION ( 'NONE',  ( 0.000000000000000000, 0.000000000000000000, 1.000000000000000000 ) ) ;
#4233 = ORIENTED_EDGE ( 'NONE', *, *, #51, .T. ) ;
#4234 = DIRECTION ( 'NONE',  ( 0.000000000000000000, -1.000000000000000000, 0.000000000000000000 ) ) ;
#4235 = VECTOR ( 'NONE', #2099, 1000.000000000000000 ) ;
#4236 = PLANE ( 'NONE',  #1086 ) ;
#4237 = COLOUR_RGB ( '',0.7921568627450980005, 0.8196078431372548767, 0.9333333333333333481 ) ;
#4238 = ADVANCED_FACE ( 'NONE', ( #755 ), #3102, .F. ) ;
#4239 = CARTESIAN_POINT ( 'NONE',  ( -162.1446246596709955, 41.58481729878619859, 1.000000000000000000 ) ) ;
#4240 = VECTOR ( 'NONE', #3562, 1000.000000000000000 ) ;
#4241 = CARTESIAN_POINT ( 'NONE',  ( -175.8350059006889978, 43.89500045776365056, 1.000000000000000000 ) ) ;
#4242 =( GEOMETRIC_REPRESENTATION_CONTEXT ( 3 ) GLOBAL_UNCERTAINTY_ASSIGNED_CONTEXT ( ( #1050 ) ) GLOBAL_UNIT_ASSIGNED_CONTEXT ( ( #1941, #4641, #1533 ) ) REPRESENTATION_CONTEXT ( 'NONE', 'WORKASPACE' ) );
#4243 = VERTEX_POINT ( 'NONE', #2261 ) ;
#4244 = EDGE_LOOP ( 'NONE', ( #3790, #112 ) ) ;
#4245 = CARTESIAN_POINT ( 'NONE',  ( -188.4725043045765176, 36.60295841433605801, 0.000000000000000000 ) ) ;
#4246 = CARTESIAN_POINT ( 'NONE',  ( -192.1619873046875000, 48.03639984130860086, 0.000000000000000000 ) ) ;
#4247 = DIRECTION ( 'NONE',  ( 0.000000000000000000, 0.000000000000000000, -1.000000000000000000 ) ) ;
#4248 = VECTOR ( 'NONE', #4537, 1000.000000000000000 ) ;
#4249 = VECTOR ( 'NONE', #3471, 1000.000000000000000 ) ;
#4250 = ORIENTED_EDGE ( 'NONE', *, *, #4368, .T. ) ;
#4251 = CARTESIAN_POINT ( 'NONE',  ( -175.7689208984375000, 39.43781280517579546, 1.500000000000000000 ) ) ;
#4252 = COLOUR_RGB ( '',0.7921568627450980005, 0.8196078431372548767, 0.9333333333333333481 ) ;
#4253 = SURFACE_SIDE_STYLE ('',( #1951 ) ) ;
#4254 = CLOSED_SHELL ( 'NONE', ( #3196, #193, #4623, #3679, #3295, #825 ) ) ;
#4255 = VERTEX_POINT ( 'NONE', #3828 ) ;
#4256 = VECTOR ( 'NONE', #4075, 1000.000000000000000 ) ;
#4257 = ORIENTED_EDGE ( 'NONE', *, *, #2158, .T. ) ;
#4258 = LINE ( 'NONE', #2695, #2244 ) ;
#4259 = DIRECTION ( 'NONE',  ( 0.000000000000000000, 0.000000000000000000, -1.000000000000000000 ) ) ;
#4260 = EDGE_LOOP ( 'NONE', ( #4575, #3354, #4354, #157 ) ) ;
#4261 = LINE ( 'NONE', #1932, #3210 ) ;
#4262 = ADVANCED_FACE ( 'NONE', ( #6 ), #3805, .T. ) ;
#4263 = LINE ( 'NONE', #1138, #3270 ) ;
#4264 = CARTESIAN_POINT ( 'NONE',  ( -174.5577392578125000, 38.45781326293945312, 1.600000000000000089 ) ) ;
#4265 = LINE ( 'NONE', #785, #1203 ) ;
#4266 = DIRECTION ( 'NONE',  ( 1.000000000000000000, 0.000000000000000000, 0.000000000000000000 ) ) ;
#4267 = ORIENTED_EDGE ( 'NONE', *, *, #281, .F. ) ;
#4268 = EDGE_CURVE ( 'NONE', #1548, #3446, #3406, .T. ) ;
#4269 = CARTESIAN_POINT ( 'NONE',  ( -192.1619873046875000, 32.03639984130860086, 1.000000000000000000 ) ) ;
#4270 = DIRECTION ( 'NONE',  ( 0.000000000000000000, -1.000000000000000000, 0.000000000000000000 ) ) ;
#4271 = ORIENTED_EDGE ( 'NONE', *, *, #3925, .T. ) ;
#4272 = ORIENTED_EDGE ( 'NONE', *, *, #4581, .F. ) ;
#4273 = LINE ( 'NONE', #822, #559 ) ;
#4274 = EDGE_CURVE ( 'NONE', #1191, #2639, #1528, .T. ) ;
#4275 = VERTEX_POINT ( 'NONE', #2414 ) ;
#4276 = LINE ( 'NONE', #1074, #1996 ) ;
#4277 = ADVANCED_FACE ( 'NONE', ( #1681 ), #2009, .F. ) ;
#4278 = VERTEX_POINT ( 'NONE', #833 ) ;
#4279 = ORIENTED_EDGE ( 'NONE', *, *, #618, .T. ) ;
#4280 = UNCERTAINTY_MEASURE_WITH_UNIT (LENGTH_MEASURE( 1.000000000000000082E-05 ), #2804, 'distance_accuracy_value', 'NONE');
#4281 = FACE_OUTER_BOUND ( 'NONE', #4406, .T. ) ;
#4282 = CARTESIAN_POINT ( 'NONE',  ( -174.4827270507815058, 38.48781585693359375, 1.500000000000000000 ) ) ;
#4283 = ORIENTED_EDGE ( 'NONE', *, *, #2679, .T. ) ;
#4284 = CARTESIAN_POINT ( 'NONE',  ( -171.6527709960940058, 38.48781585693359375, 1.500000000000000000 ) ) ;
#4285 = LINE ( 'NONE', #458, #1676 ) ;
#4286 = CARTESIAN_POINT ( 'NONE',  ( -175.7689208984375000, 39.43781280517579546, 1.000000000000000000 ) ) ;
#4287 = CARTESIAN_POINT ( 'NONE',  ( -176.5689086914064774, 38.48781585693359375, 1.500000000000000000 ) ) ;
#4288 = DIRECTION ( 'NONE',  ( 0.000000000000000000, 0.000000000000000000, -1.000000000000000000 ) ) ;
#4289 = DIRECTION ( 'NONE',  ( 0.000000000000000000, -1.000000000000000000, 0.000000000000000000 ) ) ;
#4290 = VERTEX_POINT ( 'NONE', #4745 ) ;
#4291 = CARTESIAN_POINT ( 'NONE',  ( -170.8179168701169885, 36.49311828613280539, 1.000000000000000000 ) ) ;
#4292 = CARTESIAN_POINT ( 'NONE',  ( -160.1180093176625121, 33.90877213949594449, 0.000000000000000000 ) ) ;
#4293 = EDGE_CURVE ( 'NONE', #3110, #723, #3581, .T. ) ;
#4294 = LINE ( 'NONE', #3412, #3832 ) ;
#4295 = EDGE_LOOP ( 'NONE', ( #4018, #1563, #885, #4869 ) ) ;
#4296 = ORIENTED_EDGE ( 'NONE', *, *, #1848, .F. ) ;
#4297 = CARTESIAN_POINT ( 'NONE',  ( -160.4923255120939984, 38.64326855405789729, 1.000000000000000000 ) ) ;
#4298 = SURFACE_SIDE_STYLE ('',( #2047 ) ) ;
#4299 = ORIENTED_EDGE ( 'NONE', *, *, #456, .T. ) ;
#4300 = EDGE_CURVE ( 'NONE', #3873, #4677, #3939, .T. ) ;
#4301 = CARTESIAN_POINT ( 'NONE',  ( 0.000000000000000000, 0.000000000000000000, 5.007799999999999585 ) ) ;
#4302 = CARTESIAN_POINT ( 'NONE',  ( -175.7689208984375000, 39.43781280517579546, 1.500000000000000000 ) ) ;
#4303 = CARTESIAN_POINT ( 'NONE',  ( -174.4827270507815058, 39.43781280517579546, 1.500000000000000000 ) ) ;
#4304 = ORIENTED_EDGE ( 'NONE', *, *, #4117, .T. ) ;
#4305 = ADVANCED_FACE ( 'NONE', ( #512 ), #3212, .F. ) ;
#4306 = ORIENTED_EDGE ( 'NONE', *, *, #4531, .T. ) ;
#4307 = DIRECTION ( 'NONE',  ( 0.000000000000000000, 0.000000000000000000, 1.000000000000000000 ) ) ;
#4308 = DIRECTION ( 'NONE',  ( 0.000000000000000000, -1.000000000000000000, 0.000000000000000000 ) ) ;
#4309 = AXIS2_PLACEMENT_3D ( 'NONE', #4058, #3245, #1696 ) ;
#4310 = FACE_OUTER_BOUND ( 'NONE', #4933, .T. ) ;
#4311 = FACE_OUTER_BOUND ( 'NONE', #2053, .T. ) ;
#4312 = CARTESIAN_POINT ( 'NONE',  ( -161.4696249415000011, 38.08140389644134416, 0.000000000000000000 ) ) ;
#4313 = CYLINDRICAL_SURFACE ( 'NONE', #1116, 1.000002156947066290 ) ;
#4314 = VERTEX_POINT ( 'NONE', #104 ) ;
#4315 = PLANE ( 'NONE',  #2487 ) ;
#4316 = PRESENTATION_LAYER_ASSIGNMENT (  '', '', ( #2947 ) ) ;
#4317 = AXIS2_PLACEMENT_3D ( 'NONE', #4578, #1127, #246 ) ;
#4318 = LINE ( 'NONE', #870, #1765 ) ;
#4319 = ORIENTED_EDGE ( 'NONE', *, *, #1668, .T. ) ;
#4320 = COLOUR_RGB ( '',0.7921568627450980005, 0.8196078431372548767, 0.9333333333333333481 ) ;
#4321 = ORIENTED_EDGE ( 'NONE', *, *, #1980, .F. ) ;
#4322 = CARTESIAN_POINT ( 'NONE',  ( 0.000000000000000000, 0.000000000000000000, 1.600000000000000089 ) ) ;
#4323 = AXIS2_PLACEMENT_3D ( 'NONE', #4322, #2867, #3551 ) ;
#4324 = EDGE_CURVE ( 'NONE', #3549, #3191, #460, .T. ) ;
#4325 = CIRCLE ( 'NONE', #3998, 0.5000015720988404411 ) ;
#4326 = EDGE_LOOP ( 'NONE', ( #4392, #1391 ) ) ;
#4327 = VECTOR ( 'NONE', #2601, 1000.000000000000000 ) ;
#4328 = DIRECTION ( 'NONE',  ( 0.000000000000000000, 1.000000000000000000, 0.000000000000000000 ) ) ;
#4329 = PLANE ( 'NONE',  #4964 ) ;
#4330 = AXIS2_PLACEMENT_3D ( 'NONE', #3058, #3079, #1551 ) ;
#4331 = EDGE_CURVE ( 'NONE', #3413, #203, #125, .T. ) ;
#4332 = ORIENTED_EDGE ( 'NONE', *, *, #2833, .F. ) ;
#4333 = MECHANICAL_DESIGN_GEOMETRIC_PRESENTATION_REPRESENTATION (  '', ( #1689 ), #2012 ) ;
#4334 = CIRCLE ( 'NONE', #2171, 1.000002156947066290 ) ;
#4335 = ORIENTED_EDGE ( 'NONE', *, *, #4382, .F. ) ;
#4336 = LINE ( 'NONE', #3154, #3056 ) ;
#4337 = SURFACE_STYLE_USAGE ( .BOTH. , #4812 ) ;
#4338 = VECTOR ( 'NONE', #1564, 1000.000000000000000 ) ;
#4339 = EDGE_CURVE ( 'NONE', #2539, #3604, #3908, .T. ) ;
#4340 = EDGE_CURVE ( 'NONE', #3152, #3475, #2780, .T. ) ;
#4341 = LINE ( 'NONE', #1603, #858 ) ;
#4342 = DIRECTION ( 'NONE',  ( -0.000000000000000000, 1.000000000000000000, 0.000000000000000000 ) ) ;
#4343 = CARTESIAN_POINT ( 'NONE',  ( -171.5867309570315058, 43.50197601318360086, 1.000000000000000000 ) ) ;
#4344 = CARTESIAN_POINT ( 'NONE',  ( -159.1619873046875000, 48.03639984130860086, 1.000000000000000000 ) ) ;
#4345 = ORIENTED_EDGE ( 'NONE', *, *, #3750, .T. ) ;
#4346 = CARTESIAN_POINT ( 'NONE',  ( -174.5236816406250000, 42.52197647094725141, 1.600000000000000089 ) ) ;
#4347 = ADVANCED_FACE ( 'NONE', ( #4311 ), #2439, .F. ) ;
#4348 = CARTESIAN_POINT ( 'NONE',  ( -162.8196240881989922, 41.58481729878619859, 0.000000000000000000 ) ) ;
#4349 = ORIENTED_EDGE ( 'NONE', *, *, #2693, .F. ) ;
#4350 = ORIENTED_EDGE ( 'NONE', *, *, #3862, .F. ) ;
#4351 = CARTESIAN_POINT ( 'NONE',  ( -175.6619873046875000, 34.87976136882910083, 1.826571335919620065 ) ) ;
#4352 = LINE ( 'NONE', #2470, #3664 ) ;
#4353 = DIRECTION ( 'NONE',  ( 0.000000000000000000, 0.000000000000000000, 1.000000000000000000 ) ) ;
#4354 = ORIENTED_EDGE ( 'NONE', *, *, #2645, .T. ) ;
#4355 = VERTEX_POINT ( 'NONE', #1267 ) ;
#4356 = ADVANCED_FACE ( 'NONE', ( #2835 ), #620, .T. ) ;
#4357 = ORIENTED_EDGE ( 'NONE', *, *, #4516, .T. ) ;
#4358 = CARTESIAN_POINT ( 'NONE',  ( -173.6827392578125000, 39.43781280517579546, 1.000000000000000000 ) ) ;
#4359 = FILL_AREA_STYLE ('',( #4764 ) ) ;
#4360 = DIRECTION ( 'NONE',  ( 1.000000000000000000, 0.000000000000000000, 0.000000000000000000 ) ) ;
#4361 = ADVANCED_FACE ( 'NONE', ( #2964 ), #1768, .F. ) ;
#4362 = CARTESIAN_POINT ( 'NONE',  ( -176.4022369384765057, 43.54022216796875000, 1.000000000000000000 ) ) ;
#4363 = CARTESIAN_POINT ( 'NONE',  ( -170.8179168701169885, 36.49311828613280539, 5.007799999999999585 ) ) ;
#4364 = DIRECTION ( 'NONE',  ( 1.000000000000000000, 0.000000000000000000, 0.000000000000000000 ) ) ;
#4365 = ORIENTED_EDGE ( 'NONE', *, *, #4472, .T. ) ;
#4366 = PLANE ( 'NONE',  #3527 ) ;
#4367 = FACE_OUTER_BOUND ( 'NONE', #617, .T. ) ;
#4368 = EDGE_CURVE ( 'NONE', #1250, #1017, #1043, .T. ) ;
#4369 = DIRECTION ( 'NONE',  ( 0.000000000000000000, 0.000000000000000000, -1.000000000000000000 ) ) ;
#4370 = ORIENTED_EDGE ( 'NONE', *, *, #4770, .T. ) ;
#4371 = ORIENTED_EDGE ( 'NONE', *, *, #2747, .F. ) ;
#4372 = CARTESIAN_POINT ( 'NONE',  ( -172.5277709960939774, 38.45781326293945312, 1.600000000000000089 ) ) ;
#4373 = ORIENTED_EDGE ( 'NONE', *, *, #1315, .T. ) ;
#4374 = LINE ( 'NONE', #2098, #2622 ) ;
#4375 = DIRECTION ( 'NONE',  ( 1.000000000000000000, 0.000000000000000000, 0.000000000000000000 ) ) ;
#4376 = ORIENTED_EDGE ( 'NONE', *, *, #1812, .F. ) ;
#4377 = LINE ( 'NONE', #4286, #2785 ) ;
#4378 = EDGE_LOOP ( 'NONE', ( #651, #2476 ) ) ;
#4379 = ORIENTED_EDGE ( 'NONE', *, *, #3811, .F. ) ;
#4380 = LINE ( 'NONE', #2543, #3526 ) ;
#4381 =( NAMED_UNIT ( * ) SI_UNIT ( $, .STERADIAN. ) SOLID_ANGLE_UNIT ( ) );
#4382 = EDGE_CURVE ( 'NONE', #616, #1926, #3366, .T. ) ;
#4383 = DIRECTION ( 'NONE',  ( 1.000000000000000000, 0.000000000000000000, 0.000000000000000000 ) ) ;
#4384 = VERTEX_POINT ( 'NONE', #4904 ) ;
#4385 = CARTESIAN_POINT ( 'NONE',  ( -175.6749114990234943, 42.62692260742190342, 1.500000000000000000 ) ) ;
#4386 = FACE_OUTER_BOUND ( 'NONE', #3856, .T. ) ;
#4387 = EDGE_CURVE ( 'NONE', #1118, #389, #2164, .T. ) ;
#4388 = AXIS2_PLACEMENT_3D ( 'NONE', #4596, #761, #4643 ) ;
#4389 =( NAMED_UNIT ( * ) PLANE_ANGLE_UNIT ( ) SI_UNIT ( $, .RADIAN. ) );
#4390 = PLANE ( 'NONE',  #2005 ) ;
#4391 = EDGE_LOOP ( 'NONE', ( #4190, #1176, #1123, #1161 ) ) ;
#4392 = ORIENTED_EDGE ( 'NONE', *, *, #3000, .F. ) ;
#4393 =( GEOMETRIC_REPRESENTATION_CONTEXT ( 3 ) GLOBAL_UNCERTAINTY_ASSIGNED_CONTEXT ( ( #2218 ) ) GLOBAL_UNIT_ASSIGNED_CONTEXT ( ( #4080, #2957, #3311 ) ) REPRESENTATION_CONTEXT ( 'NONE', 'WORKASPACE' ) );
#4394 = ADVANCED_FACE ( 'NONE', ( #282 ), #1811, .F. ) ;
#4395 = VERTEX_POINT ( 'NONE', #4111 ) ;
#4396 = COLOUR_RGB ( '',0.7921568627450980005, 0.8196078431372548767, 0.9333333333333333481 ) ;
#4397 = CARTESIAN_POINT ( 'NONE',  ( -187.9725036621095171, 43.55812069639190298, 0.000000000000000000 ) ) ;
#4398 = DIRECTION ( 'NONE',  ( 1.000000000000000000, 0.000000000000000000, 0.000000000000000000 ) ) ;
#4399 = STYLED_ITEM ( 'NONE', ( #1529 ), #1249 ) ;
#4400 = ORIENTED_EDGE ( 'NONE', *, *, #3451, .F. ) ;
#4401 = DIRECTION ( 'NONE',  ( 1.000000000000000000, 0.000000000000000000, 0.000000000000000000 ) ) ;
#4402 = AXIS2_PLACEMENT_3D ( 'NONE', #2637, #2166, #1895 ) ;
#4403 = COLOUR_RGB ( '',0.7921568627450980005, 0.8196078431372548767, 0.9333333333333333481 ) ;
#4404 = VERTEX_POINT ( 'NONE', #665 ) ;
#4405 = VECTOR ( 'NONE', #4230, 1000.000000000000000 ) ;
#4406 = EDGE_LOOP ( 'NONE', ( #1124, #2404, #2755, #3741 ) ) ;
#4407 = DIRECTION ( 'NONE',  ( -1.000000000000000000, 0.000000000000000000, 0.000000000000000000 ) ) ;
#4408 = AXIS2_PLACEMENT_3D ( 'NONE', #853, #2405, #4606 ) ;
#4409 = PLANE ( 'NONE',  #1439 ) ;
#4410 = VECTOR ( 'NONE', #3511, 1000.000000000000000 ) ;
#4411 = COLOUR_RGB ( '',0.7921568627450980005, 0.8196078431372548767, 0.9333333333333333481 ) ;
#4412 = VECTOR ( 'NONE', #2202, 1000.000000000000000 ) ;
#4413 = LINE ( 'NONE', #1374, #2548 ) ;
#4414 = FACE_OUTER_BOUND ( 'NONE', #2101, .T. ) ;
#4415 = DIRECTION ( 'NONE',  ( -1.000000000000000000, 0.000000000000000000, 0.000000000000000000 ) ) ;
#4416 = AXIS2_PLACEMENT_3D ( 'NONE', #4063, #2215, #2941 ) ;
#4417 = DIRECTION ( 'NONE',  ( 0.000000000000000000, 0.000000000000000000, 1.000000000000000000 ) ) ;
#4418 = CLOSED_SHELL ( 'NONE', ( #4170, #2469, #2235, #3028, #4970, #3255 ) ) ;
#4419 = AXIS2_PLACEMENT_3D ( 'NONE', #3321, #3797, #3872 ) ;
#4420 = CARTESIAN_POINT ( 'NONE',  ( -172.4617309570314774, 44.03197860717774859, 1.000000000000000000 ) ) ;
#4421 = VECTOR ( 'NONE', #1902, 1000.000000000000000 ) ;
#4422 = FACE_OUTER_BOUND ( 'NONE', #1795, .T. ) ;
#4423 = ORIENTED_EDGE ( 'NONE', *, *, #1303, .T. ) ;
#4424 = ADVANCED_FACE ( 'NONE', ( #4849 ), #2189, .F. ) ;
#4425 = ORIENTED_EDGE ( 'NONE', *, *, #41, .T. ) ;
#4426 = ORIENTED_EDGE ( 'NONE', *, *, #1251, .F. ) ;
#4427 = CARTESIAN_POINT ( 'NONE',  ( -173.5736694335939774, 44.03197860717774859, 1.600000000000000089 ) ) ;
#4428 = ORIENTED_EDGE ( 'NONE', *, *, #1812, .T. ) ;
#4429 = ADVANCED_FACE ( 'NONE', ( #1840 ), #2518, .F. ) ;
#4430 = LINE ( 'NONE', #2921, #1620 ) ;
#4431 = ADVANCED_BREP_SHAPE_REPRESENTATION ( 'LR7843 MOSFET Module', ( #2933, #1420, #1249, #4615, #3090, #4587, #1440, #1482, #2910, #3107, #4782, #1269, #4577, #4555, #3123, #1379, #1281, #2925, #4711, #4595, #4720, #4774, #1238, #3459 ), #2578 ) ;
#4432 = VERTEX_POINT ( 'NONE', #1064 ) ;
#4433 = ADVANCED_FACE ( 'NONE', ( #2537 ), #2236, .F. ) ;
#4434 = LINE ( 'NONE', #2504, #3674 ) ;
#4435 = PLANE ( 'NONE',  #3050 ) ;
#4436 = FACE_OUTER_BOUND ( 'NONE', #802, .T. ) ;
#4437 = DIRECTION ( 'NONE',  ( -1.000000000000000000, 0.000000000000000000, 0.000000000000000000 ) ) ;
#4438 = VERTEX_POINT ( 'NONE', #3337 ) ;
#4439 = LINE ( 'NONE', #1754, #4973 ) ;
#4440 = PLANE ( 'NONE',  #1102 ) ;
#4441 = PLANE ( 'NONE',  #2311 ) ;
#4442 = FACE_OUTER_BOUND ( 'NONE', #3458, .T. ) ;
#4443 = DIRECTION ( 'NONE',  ( 0.000000000000000000, -1.000000000000000000, 0.000000000000000000 ) ) ;
#4444 = VERTEX_POINT ( 'NONE', #239 ) ;
#4445 = SURFACE_SIDE_STYLE ('',( #2915 ) ) ;
#4446 = EDGE_CURVE ( 'NONE', #1332, #2894, #687, .T. ) ;
#4447 = CYLINDRICAL_SURFACE ( 'NONE', #280, 0.1962897505184135749 ) ;
#4448 = DIRECTION ( 'NONE',  ( 0.000000000000000000, -1.000000000000000000, 0.000000000000000000 ) ) ;
#4449 = DIRECTION ( 'NONE',  ( 0.000000000000000000, 0.000000000000000000, 1.000000000000000000 ) ) ;
#4450 = VERTEX_POINT ( 'NONE', #597 ) ;
#4451 = DIRECTION ( 'NONE',  ( 0.000000000000000000, 0.000000000000000000, -1.000000000000000000 ) ) ;
#4452 = CARTESIAN_POINT ( 'NONE',  ( 0.000000000000000000, 0.000000000000000000, 1.500000000000000000 ) ) ;
#4453 = EDGE_CURVE ( 'NONE', #2593, #1118, #2139, .T. ) ;
#4454 = ORIENTED_EDGE ( 'NONE', *, *, #262, .T. ) ;
#4455 = DIRECTION ( 'NONE',  ( -0.000000000000000000, 1.000000000000000000, 0.000000000000000000 ) ) ;
#4456 = FACE_OUTER_BOUND ( 'NONE', #4217, .T. ) ;
#4457 = EDGE_CURVE ( 'NONE', #1309, #1191, #1871, .T. ) ;
#4458 = DIRECTION ( 'NONE',  ( -0.000000000000000000, 1.000000000000000000, 0.000000000000000000 ) ) ;
#4459 = CARTESIAN_POINT ( 'NONE',  ( -164.1620357721599817, 33.60304960583769684, 1.000000000000000000 ) ) ;
#4460 = VERTEX_POINT ( 'NONE', #3666 ) ;
#4461 = DIRECTION ( 'NONE',  ( 0.000000000000000000, 0.000000000000000000, 1.000000000000000000 ) ) ;
#4462 = LINE ( 'NONE', #1454, #3749 ) ;
#4463 = FACE_BOUND ( 'NONE', #4378, .T. ) ;
#4464 = DIRECTION ( 'NONE',  ( 0.000000000000000000, 0.000000000000000000, -1.000000000000000000 ) ) ;
#4465 = ORIENTED_EDGE ( 'NONE', *, *, #3069, .F. ) ;
#4466 = VECTOR ( 'NONE', #2365, 1000.000000000000000 ) ;
#4467 = CARTESIAN_POINT ( 'NONE',  ( -188.4725043045765176, 36.60295841433605801, 0.000000000000000000 ) ) ;
#4468 = CARTESIAN_POINT ( 'NONE',  ( -188.4725028719464888, 40.14691954139435381, 0.000000000000000000 ) ) ;
#4469 = EDGE_LOOP ( 'NONE', ( #4044, #4473 ) ) ;
#4470 = DIRECTION ( 'NONE',  ( 0.000000000000000000, 0.000000000000000000, 1.000000000000000000 ) ) ;
#4471 = FACE_OUTER_BOUND ( 'NONE', #676, .T. ) ;
#4472 = EDGE_CURVE ( 'NONE', #1955, #4929, #1365, .T. ) ;
#4473 = ORIENTED_EDGE ( 'NONE', *, *, #762, .F. ) ;
#4474 = COLOUR_RGB ( '',0.7921568627450980005, 0.8196078431372548767, 0.9333333333333333481 ) ;
#4475 = PLANE ( 'NONE',  #4317 ) ;
#4476 = LINE ( 'NONE', #1026, #3848 ) ;
#4478 = EDGE_CURVE ( 'NONE', #4290, #3011, #2566, .T. ) ;
#4477 = VECTOR ( 'NONE', #1122, 1000.000000000000000 ) ;
#4479 = VECTOR ( 'NONE', #4666, 1000.000000000000000 ) ;
#4480 = DIRECTION ( 'NONE',  ( 0.000000000000000000, -1.000000000000000000, 0.000000000000000000 ) ) ;
#4481 = AXIS2_PLACEMENT_3D ( 'NONE', #1830, #1419, #1755 ) ;
#4482 = CARTESIAN_POINT ( 'NONE',  ( -171.5117187500000000, 42.52197647094725141, 1.600000000000000089 ) ) ;
#4483 = ORIENTED_EDGE ( 'NONE', *, *, #4293, .F. ) ;
#4484 = EDGE_CURVE ( 'NONE', #840, #1955, #4872, .T. ) ;
#4485 = EDGE_CURVE ( 'NONE', #4681, #4929, #4684, .T. ) ;
#4486 = FACE_OUTER_BOUND ( 'NONE', #3840, .T. ) ;
#4487 = VECTOR ( 'NONE', #3918, 1000.000000000000000 ) ;
#4488 = DIRECTION ( 'NONE',  ( 1.000000000000000000, 0.000000000000000000, 0.000000000000000000 ) ) ;
#4489 = CARTESIAN_POINT ( 'NONE',  ( -182.5956726074220171, 45.51155471801759944, 1.550000000000000044 ) ) ;
#4490 = CLOSED_SHELL ( 'NONE', ( #2673, #2807, #725, #2066, #1083, #327, #1291, #3989, #3235, #3746, #1451, #1881, #4424, #952, #2526, #289, #4074, #1512, #4052, #4879, #4671, #109, #1565, #1824, #1887, #546, #3738, #1946, #857, #781, #4347, #1913 ) ) ;
#4491 = CARTESIAN_POINT ( 'NONE',  ( -171.6527709960940058, 39.43781280517579546, 1.500000000000000000 ) ) ;
#4492 = VERTEX_POINT ( 'NONE', #1524 ) ;
#4493 = EDGE_CURVE ( 'NONE', #1463, #3152, #2727, .T. ) ;
#4494 = DIRECTION ( 'NONE',  ( -0.7070890469892903152, 0.7071245149390432694, 0.000000000000000000 ) ) ;
#4495 = VECTOR ( 'NONE', #1019, 1000.000000000000000 ) ;
#4496 = AXIS2_PLACEMENT_3D ( 'NONE', #1953, #3955, #3179 ) ;
#4497 = DIRECTION ( 'NONE',  ( 0.000000000000000000, 0.000000000000000000, 1.000000000000000000 ) ) ;
#4498 = CARTESIAN_POINT ( 'NONE',  ( -160.4923249098245037, 41.08914510582660284, 1.000000000000000000 ) ) ;
#4499 = ORIENTED_EDGE ( 'NONE', *, *, #4457, .T. ) ;
#4500 = ORIENTED_EDGE ( 'NONE', *, *, #2923, .T. ) ;
#4501 = DIRECTION ( 'NONE',  ( 0.000000000000000000, 0.000000000000000000, 1.000000000000000000 ) ) ;
#4502 = DIRECTION ( 'NONE',  ( 1.000000000000000000, 0.000000000000000000, 0.000000000000000000 ) ) ;
#4503 = ORIENTED_EDGE ( 'NONE', *, *, #2394, .T. ) ;
#4504 = FACE_OUTER_BOUND ( 'NONE', #2357, .T. ) ;
#4505 = SURFACE_STYLE_USAGE ( .BOTH. , #2220 ) ;
#4506 = EDGE_CURVE ( 'NONE', #2046, #4669, #4962, .T. ) ;
#4507 = PLANE ( 'NONE',  #3425 ) ;
#4508 = DIRECTION ( 'NONE',  ( 0.000000000000000000, 1.000000000000000000, 0.000000000000000000 ) ) ;
#4509 = ORIENTED_EDGE ( 'NONE', *, *, #3804, .F. ) ;
#4510 = CARTESIAN_POINT ( 'NONE',  ( -188.4725043451020099, 43.55812069639190298, 1.000000000000000000 ) ) ;
#4511 = ADVANCED_FACE ( 'NONE', ( #3457 ), #3128, .F. ) ;
#4512 = SURFACE_SIDE_STYLE ('',( #592 ) ) ;
#4513 = LINE ( 'NONE', #2183, #4071 ) ;
#4514 = VERTEX_POINT ( 'NONE', #3421 ) ;
#4515 = ORIENTED_EDGE ( 'NONE', *, *, #3122, .T. ) ;
#4516 = EDGE_CURVE ( 'NONE', #2615, #2588, #2299, .T. ) ;
#4517 = CARTESIAN_POINT ( 'NONE',  ( -173.6077270507814774, 39.96781539916995030, 1.600000000000000089 ) ) ;
#4518 = PLANE ( 'NONE',  #3920 ) ;
#4519 = EDGE_LOOP ( 'NONE', ( #1417, #3965, #4465, #3571 ) ) ;
#4520 = EDGE_LOOP ( 'NONE', ( #4758, #2821, #2851, #2070 ) ) ;
#4521 = CYLINDRICAL_SURFACE ( 'NONE', #2724, 0.9999990872011366161 ) ;
#4522 = CARTESIAN_POINT ( 'NONE',  ( -176.4022369384765057, 43.54022216796875000, 1.500000000000000000 ) ) ;
#4523 = ORIENTED_EDGE ( 'NONE', *, *, #1819, .F. ) ;
#4524 = LINE ( 'NONE', #4957, #454 ) ;
#4525 = CARTESIAN_POINT ( 'NONE',  ( -172.4617309570314774, 42.52197647094725141, 1.600000000000000089 ) ) ;
#4526 = CARTESIAN_POINT ( 'NONE',  ( -175.6939086914065058, 38.45781326293945312, 1.600000000000000089 ) ) ;
#4527 = VERTEX_POINT ( 'NONE', #3821 ) ;
#4528 = DIRECTION ( 'NONE',  ( 0.000000000000000000, 0.000000000000000000, -1.000000000000000000 ) ) ;
#4529 = EDGE_LOOP ( 'NONE', ( #2533, #775, #927, #1167, #4835, #3761 ) ) ;
#4530 = LINE ( 'NONE', #3098, #4546 ) ;
#4531 = EDGE_CURVE ( 'NONE', #389, #1947, #4629, .T. ) ;
#4532 = CARTESIAN_POINT ( 'NONE',  ( -173.6486816406250000, 43.50197601318360086, 1.500000000000000000 ) ) ;
#4533 = DIRECTION ( 'NONE',  ( 1.000000000000000000, 0.000000000000000000, 0.000000000000000000 ) ) ;
#4534 = ORIENTED_EDGE ( 'NONE', *, *, #1030, .F. ) ;
#4535 = CARTESIAN_POINT ( 'NONE',  ( -188.4725028719464888, 40.14691954139435381, 1.000000000000000000 ) ) ;
#4536 = EDGE_CURVE ( 'NONE', #4906, #4514, #2088, .T. ) ;
#4537 = DIRECTION ( 'NONE',  ( 0.000000000000000000, 0.000000000000000000, -1.000000000000000000 ) ) ;
#4538 = LINE ( 'NONE', #2268, #1518 ) ;
#4539 = ORIENTED_EDGE ( 'NONE', *, *, #3714, .T. ) ;
#4540 = ORIENTED_EDGE ( 'NONE', *, *, #3835, .T. ) ;
#4541 = CARTESIAN_POINT ( 'NONE',  ( -172.4619873046875114, 34.87976136882910083, 1.826571335919620065 ) ) ;
#4542 =( NAMED_UNIT ( * ) SI_UNIT ( $, .STERADIAN. ) SOLID_ANGLE_UNIT ( ) );
#4543 = EDGE_CURVE ( 'NONE', #3029, #4395, #3880, .T. ) ;
#4544 = ADVANCED_FACE ( 'NONE', ( #1903 ), #1134, .F. ) ;
#4545 = ORIENTED_EDGE ( 'NONE', *, *, #3189, .F. ) ;
#4546 = VECTOR ( 'NONE', #2678, 1000.000000000000114 ) ;
#4547 = CARTESIAN_POINT ( 'NONE',  ( -188.4725043045765176, 36.60295841433605801, 1.000000000000000000 ) ) ;
#4548 = AXIS2_PLACEMENT_3D ( 'NONE', #4014, #2488, #918 ) ;
#4549 = VECTOR ( 'NONE', #3398, 1000.000000000000000 ) ;
#4550 = FACE_OUTER_BOUND ( 'NONE', #1672, .T. ) ;
#4551 = VECTOR ( 'NONE', #911, 999.9999999999998863 ) ;
#4552 = STYLED_ITEM ( 'NONE', ( #2535 ), #1440 ) ;
#4553 = ORIENTED_EDGE ( 'NONE', *, *, #2955, .T. ) ;
#4554 = CARTESIAN_POINT ( 'NONE',  ( -172.4617309570314774, 44.03197860717774859, 1.600000000000000089 ) ) ;
#4555 = MANIFOLD_SOLID_BREP ( 'NONE', #1526 ) ;
#4556 = VECTOR ( 'NONE', #2592, 1000.000000000000000 ) ;
#4557 = AXIS2_PLACEMENT_3D ( 'NONE', #516, #1272, #3544 ) ;
#4558 = DIRECTION ( 'NONE',  ( 0.000000000000000000, 0.000000000000000000, -1.000000000000000000 ) ) ;
#4559 = DIRECTION ( 'NONE',  ( 1.000000000000000000, 0.000000000000000000, 0.000000000000000000 ) ) ;
#4560 = SURFACE_SIDE_STYLE ('',( #3026 ) ) ;
#4561 = CARTESIAN_POINT ( 'NONE',  ( -175.6819458007815058, 43.55095183099730605, 1.000000000000000000 ) ) ;
#4562 = AXIS2_PLACEMENT_3D ( 'NONE', #3482, #736, #1958 ) ;
#4563 = ORIENTED_EDGE ( 'NONE', *, *, #1219, .T. ) ;
#4564 = AXIS2_PLACEMENT_3D ( 'NONE', #2112, #4620, #1641 ) ;
#4565 = CARTESIAN_POINT ( 'NONE',  ( -177.9556732177734943, 45.10741043090819602, 1.550000000000000044 ) ) ;
#4566 = DIRECTION ( 'NONE',  ( 0.000000000000000000, 0.000000000000000000, 1.000000000000000000 ) ) ;
#4567 = CLOSED_SHELL ( 'NONE', ( #922, #4356, #20, #2302, #1063, #3046 ) ) ;
#4568 = ADVANCED_FACE ( 'NONE', ( #4222 ), #2754, .T. ) ;
#4569 = LINE ( 'NONE', #413, #4477 ) ;
#4570 = ORIENTED_EDGE ( 'NONE', *, *, #2553, .F. ) ;
#4571 = ORIENTED_EDGE ( 'NONE', *, *, #2799, .T. ) ;
#4572 = DIRECTION ( 'NONE',  ( 0.000000000000000000, -1.000000000000000000, 0.000000000000000000 ) ) ;
#4573 =( GEOMETRIC_REPRESENTATION_CONTEXT ( 3 ) GLOBAL_UNCERTAINTY_ASSIGNED_CONTEXT ( ( #3324 ) ) GLOBAL_UNIT_ASSIGNED_CONTEXT ( ( #118, #926, #481 ) ) REPRESENTATION_CONTEXT ( 'NONE', 'WORKASPACE' ) );
#4574 = AXIS2_PLACEMENT_3D ( 'NONE', #1188, #29, #2010 ) ;
#4575 = ORIENTED_EDGE ( 'NONE', *, *, #3956, .F. ) ;
#4576 = EDGE_CURVE ( 'NONE', #1978, #4527, #1569, .T. ) ;
#4577 = MANIFOLD_SOLID_BREP ( 'NONE', #3850 ) ;
#4578 = CARTESIAN_POINT ( 'NONE',  ( 0.000000000000000000, 0.000000000000000000, 1.600000000000000089 ) ) ;
#4579 = DIRECTION ( 'NONE',  ( 0.000000000000000000, 0.000000000000000000, 1.000000000000000000 ) ) ;
#4580 = EDGE_LOOP ( 'NONE', ( #2838, #1622, #3683, #2829 ) ) ;
#4581 = EDGE_CURVE ( 'NONE', #2144, #2788, #1648, .T. ) ;
#4582 = VERTEX_POINT ( 'NONE', #2380 ) ;
#4583 = CARTESIAN_POINT ( 'NONE',  ( -172.4617309570314774, 44.03197860717774859, 1.600000000000000089 ) ) ;
#4584 = CARTESIAN_POINT ( 'NONE',  ( -190.8528747558635246, 35.11380527195875345, 1.000000000000000000 ) ) ;
#4585 = ORIENTED_EDGE ( 'NONE', *, *, #1950, .F. ) ;
#4586 = DIRECTION ( 'NONE',  ( 0.000000000000000000, 0.000000000000000000, -1.000000000000000000 ) ) ;
#4587 = MANIFOLD_SOLID_BREP ( 'NONE', #1613 ) ;
#4588 = DIRECTION ( 'NONE',  ( -1.000000000000000000, 0.000000000000000000, 0.000000000000000000 ) ) ;
#4589 = LINE ( 'NONE', #329, #3042 ) ;
#4590 = FILL_AREA_STYLE ('',( #379 ) ) ;
#4591 = DIRECTION ( 'NONE',  ( 1.000000000000000000, 0.000000000000000000, 0.000000000000000000 ) ) ;
#4592 = VERTEX_POINT ( 'NONE', #487 ) ;
#4593 = DIRECTION ( 'NONE',  ( -1.000000000000000000, 0.000000000000000000, 0.000000000000000000 ) ) ;
#4594 = PLANE ( 'NONE',  #3907 ) ;
#4595 = MANIFOLD_SOLID_BREP ( 'NONE', #1112 ) ;
#4596 = CARTESIAN_POINT ( 'NONE',  ( -172.4527587890625000, 38.48781585693359375, 1.500000000000000000 ) ) ;
#4597 = DIRECTION ( 'NONE',  ( 1.000000000000000000, 0.000000000000000000, 0.000000000000000000 ) ) ;
#4598 = ORIENTED_EDGE ( 'NONE', *, *, #697, .T. ) ;
#4599 = ORIENTED_EDGE ( 'NONE', *, *, #2579, .T. ) ;
#4600 =( NAMED_UNIT ( * ) PLANE_ANGLE_UNIT ( ) SI_UNIT ( $, .RADIAN. ) );
#4601 = ADVANCED_FACE ( 'NONE', ( #1675 ), #4409, .F. ) ;
#4602 = ORIENTED_EDGE ( 'NONE', *, *, #3343, .F. ) ;
#4603 = SURFACE_STYLE_USAGE ( .BOTH. , #2750 ) ;
#4604 = EDGE_CURVE ( 'NONE', #3498, #4166, #2457, .T. ) ;
#4605 = VERTEX_POINT ( 'NONE', #3976 ) ;
#4606 = DIRECTION ( 'NONE',  ( 0.000000000000000000, 1.000000000000000000, 0.000000000000000000 ) ) ;
#4607 =( NAMED_UNIT ( * ) SI_UNIT ( $, .STERADIAN. ) SOLID_ANGLE_UNIT ( ) );
#4608 = ORIENTED_EDGE ( 'NONE', *, *, #4141, .F. ) ;
#4609 = LINE ( 'NONE', #1157, #4005 ) ;
#4610 = EDGE_CURVE ( 'NONE', #1961, #4980, #2248, .T. ) ;
#4611 = CARTESIAN_POINT ( 'NONE',  ( -171.5752667234459921, 38.45781326293945312, 1.600000000000000089 ) ) ;
#4612 = CARTESIAN_POINT ( 'NONE',  ( -192.1619873046875000, 32.03639984130860086, 0.000000000000000000 ) ) ;
#4613 = ORIENTED_EDGE ( 'NONE', *, *, #4939, .T. ) ;
#4614 = DIRECTION ( 'NONE',  ( 0.000000000000000000, 0.000000000000000000, 1.000000000000000000 ) ) ;
#4615 = MANIFOLD_SOLID_BREP ( 'NONE', #4736 ) ;
#4616 = FACE_OUTER_BOUND ( 'NONE', #4700, .T. ) ;
#4617 = CARTESIAN_POINT ( 'NONE',  ( -176.3679046630859943, 42.27214431762695312, 1.000000000000000000 ) ) ;
#4618 = VERTEX_POINT ( 'NONE', #3779 ) ;
#4619 = ORIENTED_EDGE ( 'NONE', *, *, #238, .F. ) ;
#4620 = DIRECTION ( 'NONE',  ( 0.000000000000000000, -1.000000000000000000, 0.000000000000000000 ) ) ;
#4621 = CARTESIAN_POINT ( 'NONE',  ( -159.9923248291015057, 38.64326855405789729, 0.000000000000000000 ) ) ;
#4622 = ORIENTED_EDGE ( 'NONE', *, *, #4485, .F. ) ;
#4623 = ADVANCED_FACE ( 'NONE', ( #294 ), #4435, .F. ) ;
#4624 = CARTESIAN_POINT ( 'NONE',  ( -174.5577392578125000, 39.96781539916995030, 1.600000000000000089 ) ) ;
#4625 = CIRCLE ( 'NONE', #4140, 0.5000006829925796037 ) ;
#4626 = ORIENTED_EDGE ( 'NONE', *, *, #2614, .F. ) ;
#4627 = ADVANCED_FACE ( 'NONE', ( #4456 ), #1853, .T. ) ;
#4628 = FACE_OUTER_BOUND ( 'NONE', #3192, .T. ) ;
#4629 = LINE ( 'NONE', #1234, #3447 ) ;
#4630 = EDGE_LOOP ( 'NONE', ( #4345, #3309, #906, #3409 ) ) ;
#4632 = CARTESIAN_POINT ( 'NONE',  ( -177.4654083251955115, 38.51549911499025569, 3.409999999999999698 ) ) ;
#4631 = CIRCLE ( 'NONE', #3512, 0.9999990872011366161 ) ;
#4633 = VECTOR ( 'NONE', #1415, 1000.000000000000000 ) ;
#4634 = PLANE ( 'NONE',  #49 ) ;
#4635 = VECTOR ( 'NONE', #3233, 1000.000000000000000 ) ;
#4636 = EDGE_CURVE ( 'NONE', #2317, #447, #2176, .T. ) ;
#4637 = CARTESIAN_POINT ( 'NONE',  ( 0.000000000000000000, 0.000000000000000000, 1.600000000000000089 ) ) ;
#4638 = FACE_OUTER_BOUND ( 'NONE', #581, .T. ) ;
#4639 = LINE ( 'NONE', #3430, #4976 ) ;
#4640 = ORIENTED_EDGE ( 'NONE', *, *, #3319, .T. ) ;
#4641 =( NAMED_UNIT ( * ) PLANE_ANGLE_UNIT ( ) SI_UNIT ( $, .RADIAN. ) );
#4642 = VECTOR ( 'NONE', #3569, 1000.000000000000000 ) ;
#4643 = DIRECTION ( 'NONE',  ( 1.000000000000000000, 0.000000000000000000, 0.000000000000000000 ) ) ;
#4644 = AXIS2_PLACEMENT_3D ( 'NONE', #2810, #4342, #3541 ) ;
#4645 = EDGE_CURVE ( 'NONE', #4971, #4404, #978, .T. ) ;
#4646 = CARTESIAN_POINT ( 'NONE',  ( -175.8350059006889978, 43.89500045776365056, 1.175000000000000044 ) ) ;
#4647 = COLOUR_RGB ( '',0.7921568627450980005, 0.8196078431372548767, 0.9333333333333333481 ) ;
#4648 = ORIENTED_EDGE ( 'NONE', *, *, #3824, .T. ) ;
#4649 = ORIENTED_EDGE ( 'NONE', *, *, #4082, .F. ) ;
#4650 = CARTESIAN_POINT ( 'NONE',  ( -188.4725043451020099, 43.55812069639190298, 1.000000000000000000 ) ) ;
#4651 = CARTESIAN_POINT ( 'NONE',  ( -172.5277709960939774, 38.45781326293945312, 1.000000000000000000 ) ) ;
#4652 = STYLED_ITEM ( 'NONE', ( #2032 ), #4587 ) ;
#4653 = CIRCLE ( 'NONE', #2327, 0.5000018548034224075 ) ;
#4654 = VERTEX_POINT ( 'NONE', #3306 ) ;
#4655 = CARTESIAN_POINT ( 'NONE',  ( -175.8350059006889978, 42.27214431762695312, 1.175000000000000044 ) ) ;
#4656 = VECTOR ( 'NONE', #1607, 1000.000000000000000 ) ;
#4657 = ORIENTED_EDGE ( 'NONE', *, *, #1070, .F. ) ;
#4658 = VECTOR ( 'NONE', #3236, 1000.000000000000000 ) ;
#4659 = ORIENTED_EDGE ( 'NONE', *, *, #3688, .F. ) ;
#4660 = CARTESIAN_POINT ( 'NONE',  ( -173.6486816406250000, 42.55197906494139914, 1.500000000000000000 ) ) ;
#4661 = DIRECTION ( 'NONE',  ( 0.000000000000000000, 0.000000000000000000, -1.000000000000000000 ) ) ;
#4662 = EDGE_LOOP ( 'NONE', ( #3796, #3479, #2769, #1595 ) ) ;
#4663 = CARTESIAN_POINT ( 'NONE',  ( -187.9725031612594819, 36.60295841433605801, 0.000000000000000000 ) ) ;
#4664 = ADVANCED_FACE ( 'NONE', ( #2525 ), #4046, .F. ) ;
#4665 = FILL_AREA_STYLE_COLOUR ( '', #4396 ) ;
#4666 = DIRECTION ( 'NONE',  ( -1.000000000000000000, 0.000000000000000000, 0.000000000000000000 ) ) ;
#4667 = DIRECTION ( 'NONE',  ( 0.000000000000000000, 0.000000000000000000, 1.000000000000000000 ) ) ;
#4668 = CYLINDRICAL_SURFACE ( 'NONE', #3297, 0.5000011946110771710 ) ;
#4669 = VERTEX_POINT ( 'NONE', #4913 ) ;
#4670 = LINE ( 'NONE', #1323, #4808 ) ;
#4671 = ADVANCED_FACE ( 'NONE', ( #699 ), #4097, .F. ) ;
#4672 = CARTESIAN_POINT ( 'NONE',  ( -170.8179168701169885, 42.99311828613279829, 1.000000000000000000 ) ) ;
#4673 = CYLINDRICAL_SURFACE ( 'NONE', #2801, 1.000002156947066290 ) ;
#4674 = VERTEX_POINT ( 'NONE', #247 ) ;
#4675 = DIRECTION ( 'NONE',  ( 0.000000000000000000, 0.000000000000000000, 1.000000000000000000 ) ) ;
#4676 = ADVANCED_FACE ( 'NONE', ( #4859 ), #2198, .F. ) ;
#4677 = VERTEX_POINT ( 'NONE', #1469 ) ;
#4678 = LINE ( 'NONE', #3593, #608 ) ;
#4679 = CARTESIAN_POINT ( 'NONE',  ( -172.5277709960939774, 39.46781539916995030, 1.600000000000000089 ) ) ;
#4680 = LINE ( 'NONE', #1229, #3131 ) ;
#4681 = VERTEX_POINT ( 'NONE', #1879 ) ;
#4682 = ORIENTED_EDGE ( 'NONE', *, *, #1973, .T. ) ;
#4683 = FACE_OUTER_BOUND ( 'NONE', #2513, .T. ) ;
#4684 = LINE ( 'NONE', #3855, #1927 ) ;
#4685 = CARTESIAN_POINT ( 'NONE',  ( -171.6527709960940058, 39.43781280517579546, 1.500000000000000000 ) ) ;
#4686 = DIRECTION ( 'NONE',  ( 0.000000000000000000, -1.000000000000000000, 0.000000000000000000 ) ) ;
#4687 = CARTESIAN_POINT ( 'NONE',  ( -174.5236816406250000, 42.02197647094729405, 1.600000000000000089 ) ) ;
#4688 = DIRECTION ( 'NONE',  ( 0.000000000000000000, 0.000000000000000000, -1.000000000000000000 ) ) ;
#4689 = CARTESIAN_POINT ( 'NONE',  ( -176.6439208984375000, 39.46781539916995030, 1.600000000000000089 ) ) ;
#4690 = EDGE_CURVE ( 'NONE', #2179, #1017, #4476, .T. ) ;
#4691 = ORIENTED_EDGE ( 'NONE', *, *, #1297, .T. ) ;
#4692 = DIRECTION ( 'NONE',  ( 0.000000000000000000, 0.000000000000000000, -1.000000000000000000 ) ) ;
#4693 = DIRECTION ( 'NONE',  ( 0.000000000000000000, 1.000000000000000000, 0.000000000000000000 ) ) ;
#4694 = CARTESIAN_POINT ( 'NONE',  ( -174.4827270507815058, 39.43781280517579546, 1.000000000000000000 ) ) ;
#4695 = ORIENTED_EDGE ( 'NONE', *, *, #2636, .F. ) ;
#4696 = EDGE_CURVE ( 'NONE', #1521, #2849, #2977, .T. ) ;
#4697 = ORIENTED_EDGE ( 'NONE', *, *, #4117, .F. ) ;
#4698 = DIRECTION ( 'NONE',  ( 0.000000000000000000, 0.000000000000000000, 1.000000000000000000 ) ) ;
#4699 = PLANE ( 'NONE',  #4323 ) ;
#4700 = EDGE_LOOP ( 'NONE', ( #2760, #2713, #4515, #3822 ) ) ;
#4701 = LINE ( 'NONE', #554, #2473 ) ;
#4702 = DIRECTION ( 'NONE',  ( 0.000000000000000000, 0.000000000000000000, 1.000000000000000000 ) ) ;
#4703 = ADVANCED_FACE ( 'NONE', ( #771 ), #3017, .F. ) ;
#4704 = EDGE_CURVE ( 'NONE', #371, #3699, #1543, .T. ) ;
#4705 = ORIENTED_EDGE ( 'NONE', *, *, #4911, .T. ) ;
#4706 = EDGE_CURVE ( 'NONE', #2670, #3383, #3474, .T. ) ;
#4707 = EDGE_LOOP ( 'NONE', ( #1245, #4376, #907, #1402 ) ) ;
#4708 = DIRECTION ( 'NONE',  ( 1.000000000000000000, 0.000000000000000000, 0.000000000000000000 ) ) ;
#4709 = PLANE ( 'NONE',  #4079 ) ;
#4710 = VECTOR ( 'NONE', #3143, 1000.000000000000000 ) ;
#4711 = MANIFOLD_SOLID_BREP ( 'NONE', #2651 ) ;
#4712 = PRESENTATION_STYLE_ASSIGNMENT (( #1650 ) ) ;
#4713 = DIRECTION ( 'NONE',  ( 0.000000000000000000, 0.000000000000000000, -1.000000000000000000 ) ) ;
#4714 = LINE ( 'NONE', #513, #4172 ) ;
#4715 = CARTESIAN_POINT ( 'NONE',  ( -171.5752667234459921, 38.45781326293945312, 1.600000000000000089 ) ) ;
#4716 = VERTEX_POINT ( 'NONE', #1206 ) ;
#4717 = CARTESIAN_POINT ( 'NONE',  ( -190.8528703332779912, 40.20482929876415312, 1.000000000000000000 ) ) ;
#4718 =( LENGTH_UNIT ( ) NAMED_UNIT ( * ) SI_UNIT ( .MILLI., .METRE. ) );
#4719 = CARTESIAN_POINT ( 'NONE',  ( -183.2956695556640057, 44.16978185416449776, 1.550000000000000044 ) ) ;
#4720 = MANIFOLD_SOLID_BREP ( 'NONE', #4899 ) ;
#4721 = VERTEX_POINT ( 'NONE', #2648 ) ;
#4722 = AXIS2_PLACEMENT_3D ( 'NONE', #972, #165, #3198 ) ;
#4723 = EDGE_LOOP ( 'NONE', ( #4917, #1060, #1940, #1150 ) ) ;
#4724 = CARTESIAN_POINT ( 'NONE',  ( -170.8179168701169885, 42.99311828613279829, 5.007799999999999585 ) ) ;
#4726 = EDGE_CURVE ( 'NONE', #3629, #4278, #2691, .T. ) ;
#4725 = VECTOR ( 'NONE', #660, 1000.000000000000000 ) ;
#4727 = ORIENTED_EDGE ( 'NONE', *, *, #344, .T. ) ;
#4728 = LINE ( 'NONE', #1310, #1338 ) ;
#4729 = DIRECTION ( 'NONE',  ( 0.000000000000000000, 0.000000000000000000, 1.000000000000000000 ) ) ;
#4730 = VERTEX_POINT ( 'NONE', #4985 ) ;
#4731 = SURFACE_STYLE_USAGE ( .BOTH. , #1624 ) ;
#4732 = VECTOR ( 'NONE', #3009, 1000.000000000000000 ) ;
#4733 = AXIS2_PLACEMENT_3D ( 'NONE', #2860, #4698, #3491 ) ;
#4734 = ADVANCED_FACE ( 'NONE', ( #4194 ), #2274, .T. ) ;
#4735 = EDGE_LOOP ( 'NONE', ( #4454, #226, #1827, #1733 ) ) ;
#4736 = CLOSED_SHELL ( 'NONE', ( #4429, #2942, #601, #4361, #4394, #3391 ) ) ;
#4737 = VERTEX_POINT ( 'NONE', #2672 ) ;
#4738 = LINE ( 'NONE', #4358, #4635 ) ;
#4739 = DIRECTION ( 'NONE',  ( 0.000000000000000000, -1.000000000000000000, 0.000000000000000000 ) ) ;
#4740 = VECTOR ( 'NONE', #3849, 1000.000000000000000 ) ;
#4741 = VECTOR ( 'NONE', #3214, 1000.000000000000000 ) ;
#4742 = EDGE_CURVE ( 'NONE', #2594, #2216, #746, .T. ) ;
#4743 = FILL_AREA_STYLE_COLOUR ( '', #1917 ) ;
#4744 = AXIS2_PLACEMENT_3D ( 'NONE', #1773, #243, #4878 ) ;
#4745 = CARTESIAN_POINT ( 'NONE',  ( -176.2192173357375111, 42.27214431762695312, 1.175000000000000044 ) ) ;
#4746 = CARTESIAN_POINT ( 'NONE',  ( -174.4827270507815058, 38.48781585693359375, 1.500000000000000000 ) ) ;
#4747 = LINE ( 'NONE', #3583, #4084 ) ;
#4748 = ORIENTED_EDGE ( 'NONE', *, *, #1283, .T. ) ;
#4749 = FACE_BOUND ( 'NONE', #4184, .T. ) ;
#4750 = LINE ( 'NONE', #110, #1173 ) ;
#4751 = CARTESIAN_POINT ( 'NONE',  ( -173.5736694335939774, 43.53197860717774859, 1.600000000000000089 ) ) ;
#4752 = ORIENTED_EDGE ( 'NONE', *, *, #3835, .F. ) ;
#4753 = ORIENTED_EDGE ( 'NONE', *, *, #4822, .T. ) ;
#4754 = FILL_AREA_STYLE_COLOUR ( '', #4237 ) ;
#4755 = EDGE_LOOP ( 'NONE', ( #1208, #4900, #3395, #1082 ) ) ;
#4756 = DIRECTION ( 'NONE',  ( 1.000000000000000000, 0.000000000000000000, 0.000000000000000000 ) ) ;
#4757 = PLANE ( 'NONE',  #3437 ) ;
#4758 = ORIENTED_EDGE ( 'NONE', *, *, #4484, .F. ) ;
#4759 = FILL_AREA_STYLE_COLOUR ( '', #2173 ) ;
#4760 = ADVANCED_FACE ( 'NONE', ( #1923 ), #1151, .F. ) ;
#4761 = EDGE_LOOP ( 'NONE', ( #515, #3020, #1609, #128 ) ) ;
#4762 = VERTEX_POINT ( 'NONE', #3554 ) ;
#4763 = LINE ( 'NONE', #1727, #2795 ) ;
#4764 = FILL_AREA_STYLE_COLOUR ( '', #1190 ) ;
#4765 = EDGE_CURVE ( 'NONE', #4776, #3177, #3923, .T. ) ;
#4766 = DIRECTION ( 'NONE',  ( 0.000000000000000000, 0.000000000000000000, -1.000000000000000000 ) ) ;
#4767 = CARTESIAN_POINT ( 'NONE',  ( -176.5689086914064774, 39.43781280517579546, 1.500000000000000000 ) ) ;
#4768 = DIRECTION ( 'NONE',  ( -1.000000000000000000, 0.000000000000000000, 0.000000000000000000 ) ) ;
#4769 = VERTEX_POINT ( 'NONE', #2796 ) ;
#4770 = EDGE_CURVE ( 'NONE', #4166, #3304, #74, .T. ) ;
#4771 = FACE_OUTER_BOUND ( 'NONE', #3067, .T. ) ;
#4772 = PRESENTATION_STYLE_ASSIGNMENT (( #3241 ) ) ;
#4773 = DIRECTION ( 'NONE',  ( 0.000000000000000000, 0.000000000000000000, -1.000000000000000000 ) ) ;
#4774 = MANIFOLD_SOLID_BREP ( 'NONE', #4490 ) ;
#4775 = ORIENTED_EDGE ( 'NONE', *, *, #3785, .T. ) ;
#4776 = VERTEX_POINT ( 'NONE', #97 ) ;
#4777 = CARTESIAN_POINT ( 'NONE',  ( -171.5867309570315058, 42.55197906494139914, 1.500000000000000000 ) ) ;
#4778 = LINE ( 'NONE', #1697, #2871 ) ;
#4779 = CARTESIAN_POINT ( 'NONE',  ( -172.5277709960939774, 39.46781539916995030, 1.000000000000000000 ) ) ;
#4780 = ORIENTED_EDGE ( 'NONE', *, *, #4218, .T. ) ;
#4781 = FILL_AREA_STYLE ('',( #847 ) ) ;
#4782 = MANIFOLD_SOLID_BREP ( 'NONE', #2018 ) ;
#4783 = EDGE_LOOP ( 'NONE', ( #1135, #3986 ) ) ;
#4784 = ORIENTED_EDGE ( 'NONE', *, *, #563, .F. ) ;
#4785 = FACE_OUTER_BOUND ( 'NONE', #4874, .T. ) ;
#4786 = ADVANCED_FACE ( 'NONE', ( #3972 ), #1255, .T. ) ;
#4787 = DIRECTION ( 'NONE',  ( 0.000000000000000000, 0.000000000000000000, 1.000000000000000000 ) ) ;
#4788 = DIRECTION ( 'NONE',  ( 0.000000000000000000, 0.000000000000000000, 1.000000000000000000 ) ) ;
#4789 = CARTESIAN_POINT ( 'NONE',  ( -174.5236816406250000, 44.03197860717774859, 1.600000000000000089 ) ) ;
#4790 = LINE ( 'NONE', #2767, #4249 ) ;
#4791 = DIRECTION ( 'NONE',  ( 0.000000000000000000, 0.000000000000000000, -1.000000000000000000 ) ) ;
#4793 = EDGE_CURVE ( 'NONE', #44, #4605, #4680, .T. ) ;
#4792 = VECTOR ( 'NONE', #3921, 1000.000000000000000 ) ;
#4794 = DIRECTION ( 'NONE',  ( 1.000000000000000000, 0.000000000000000000, 0.000000000000000000 ) ) ;
#4795 = FACE_OUTER_BOUND ( 'NONE', #2093, .T. ) ;
#4796 = ORIENTED_EDGE ( 'NONE', *, *, #1703, .F. ) ;
#4797 = VERTEX_POINT ( 'NONE', #505 ) ;
#4798 = DIRECTION ( 'NONE',  ( 0.000000000000000000, 0.000000000000000000, 1.000000000000000000 ) ) ;
#4799 = COLOUR_RGB ( '',0.7921568627450980005, 0.8196078431372548767, 0.9333333333333333481 ) ;
#4800 = STYLED_ITEM ( 'NONE', ( #4182 ), #1269 ) ;
#4801 = EDGE_CURVE ( 'NONE', #602, #2629, #3200, .T. ) ;
#4802 = AXIS2_PLACEMENT_3D ( 'NONE', #4679, #1228, #3381 ) ;
#4803 = CARTESIAN_POINT ( 'NONE',  ( -176.5689086914064774, 38.48781585693359375, 1.500000000000000000 ) ) ;
#4804 =( GEOMETRIC_REPRESENTATION_CONTEXT ( 3 ) GLOBAL_UNCERTAINTY_ASSIGNED_CONTEXT ( ( #3630 ) ) GLOBAL_UNIT_ASSIGNED_CONTEXT ( ( #3894, #1619, #3068 ) ) REPRESENTATION_CONTEXT ( 'NONE', 'WORKASPACE' ) );
#4805 = ORIENTED_EDGE ( 'NONE', *, *, #4446, .T. ) ;
#4806 = LINE ( 'NONE', #188, #2898 ) ;
#4807 = VECTOR ( 'NONE', #437, 1000.000000000000000 ) ;
#4808 = VECTOR ( 'NONE', #865, 1000.000000000000114 ) ;
#4809 = ORIENTED_EDGE ( 'NONE', *, *, #895, .T. ) ;
#4810 = AXIS2_PLACEMENT_3D ( 'NONE', #3242, #4773, #965 ) ;
#4811 = CARTESIAN_POINT ( 'NONE',  ( -172.5277709960939774, 39.96781539916995030, 1.600000000000000089 ) ) ;
#4812 = SURFACE_SIDE_STYLE ('',( #4003 ) ) ;
#4813 = VECTOR ( 'NONE', #3519, 1000.000000000000000 ) ;
#4814 = MECHANICAL_DESIGN_GEOMETRIC_PRESENTATION_REPRESENTATION (  '', ( #1774 ), #3365 ) ;
#4815 = VECTOR ( 'NONE', #733, 1000.000000000000000 ) ;
#4816 = DIRECTION ( 'NONE',  ( 0.000000000000000000, 0.000000000000000000, -1.000000000000000000 ) ) ;
#4817 = CYLINDRICAL_SURFACE ( 'NONE', #483, 0.7942159429951758387 ) ;
#4818 = VERTEX_POINT ( 'NONE', #1333 ) ;
#4819 = VECTOR ( 'NONE', #4401, 1000.000000000000000 ) ;
#4820 = LINE ( 'NONE', #197, #3364 ) ;
#4821 = VECTOR ( 'NONE', #331, 1000.000000000000000 ) ;
#4822 = EDGE_CURVE ( 'NONE', #2694, #3611, #145, .T. ) ;
#4823 = DIRECTION ( 'NONE',  ( 1.000000000000000000, 0.000000000000000000, 0.000000000000000000 ) ) ;
#4824 = AXIS2_PLACEMENT_3D ( 'NONE', #1632, #3159, #1782 ) ;
#4825 = CARTESIAN_POINT ( 'NONE',  ( -174.5577392578125000, 38.45781326293945312, 1.000000000000000000 ) ) ;
#4826 = ORIENTED_EDGE ( 'NONE', *, *, #4268, .F. ) ;
#4827 = VERTEX_POINT ( 'NONE', #1817 ) ;
#4828 = ADVANCED_FACE ( 'NONE', ( #3720 ), #2970, .F. ) ;
#4829 = DIRECTION ( 'NONE',  ( 1.000000000000000000, 0.000000000000000000, 0.000000000000000000 ) ) ;
#4830 = DIRECTION ( 'NONE',  ( -1.000000000000000000, 0.000000000000000000, 0.000000000000000000 ) ) ;
#4831 = ORIENTED_EDGE ( 'NONE', *, *, #1863, .T. ) ;
#4832 = FACE_OUTER_BOUND ( 'NONE', #1, .T. ) ;
#4833 = LINE ( 'NONE', #626, #4168 ) ;
#4834 = ADVANCED_FACE ( 'NONE', ( #3647 ), #1048, .F. ) ;
#4835 = ORIENTED_EDGE ( 'NONE', *, *, #1511, .F. ) ;
#4836 = UNCERTAINTY_MEASURE_WITH_UNIT (LENGTH_MEASURE( 1.000000000000000082E-05 ), #548, 'distance_accuracy_value', 'NONE');
#4837 = CARTESIAN_POINT ( 'NONE',  ( -175.6819458007815058, 43.55095183099730605, 1.175000000000000044 ) ) ;
#4838 =( LENGTH_UNIT ( ) NAMED_UNIT ( * ) SI_UNIT ( .MILLI., .METRE. ) );
#4839 = LINE ( 'NONE', #224, #2797 ) ;
#4840 = DIRECTION ( 'NONE',  ( 0.000000000000000000, 0.000000000000000000, -1.000000000000000000 ) ) ;
#4841 = ORIENTED_EDGE ( 'NONE', *, *, #484, .T. ) ;
#4842 = CARTESIAN_POINT ( 'NONE',  ( -177.9556732177734943, 44.16978185416449776, 1.550000000000000044 ) ) ;
#4843 = CARTESIAN_POINT ( 'NONE',  ( -183.2956695556640057, 44.16978185416449776, 1.550000000000000044 ) ) ;
#4844 = EDGE_CURVE ( 'NONE', #1207, #2639, #213, .T. ) ;
#4845 = DIRECTION ( 'NONE',  ( -1.000000000000000000, 0.000000000000000000, 0.000000000000000000 ) ) ;
#4846 = ORIENTED_EDGE ( 'NONE', *, *, #3349, .F. ) ;
#4847 = ORIENTED_EDGE ( 'NONE', *, *, #4141, .T. ) ;
#4848 = LINE ( 'NONE', #3663, #137 ) ;
#4849 = FACE_OUTER_BOUND ( 'NONE', #4260, .T. ) ;
#4850 = ADVANCED_FACE ( 'NONE', ( #3342 ), #1797, .F. ) ;
#4851 = FACE_OUTER_BOUND ( 'NONE', #3248, .T. ) ;
#4852 = ORIENTED_EDGE ( 'NONE', *, *, #4195, .T. ) ;
#4853 = LINE ( 'NONE', #625, #2007 ) ;
#4854 = LINE ( 'NONE', #4042, #4495 ) ;
#4855 = EDGE_LOOP ( 'NONE', ( #709, #1929, #1581, #1032, #4598, #216 ) ) ;
#4856 = EDGE_CURVE ( 'NONE', #189, #1084, #4806, .T. ) ;
#4857 = EDGE_CURVE ( 'NONE', #3334, #317, #714, .T. ) ;
#4858 = CARTESIAN_POINT ( 'NONE',  ( -174.5577392578125000, 39.46781539916995030, 1.000000000000000000 ) ) ;
#4859 = FACE_OUTER_BOUND ( 'NONE', #3344, .T. ) ;
#4860 = EDGE_CURVE ( 'NONE', #1921, #3145, #4833, .T. ) ;
#4861 = FACE_OUTER_BOUND ( 'NONE', #482, .T. ) ;
#4862 = DIRECTION ( 'NONE',  ( 0.000000000000000000, 0.000000000000000000, 1.000000000000000000 ) ) ;
#4863 = ORIENTED_EDGE ( 'NONE', *, *, #3497, .T. ) ;
#4864 = CARTESIAN_POINT ( 'NONE',  ( -170.8179168701169885, 42.99311828613279829, 5.007799999999999585 ) ) ;
#4865 = CARTESIAN_POINT ( 'NONE',  ( -171.5117187500000000, 44.03197860717774859, 1.000000000000000000 ) ) ;
#4866 = CARTESIAN_POINT ( 'NONE',  ( -177.4654083251955115, 38.51549911499025569, 1.000000000000000000 ) ) ;
#4867 = DIRECTION ( 'NONE',  ( -1.000000000000000000, 0.000000000000000000, 0.000000000000000000 ) ) ;
#4868 = CARTESIAN_POINT ( 'NONE',  ( -175.6939086914065058, 39.96781539916995030, 1.600000000000000089 ) ) ;
#4869 = ORIENTED_EDGE ( 'NONE', *, *, #2500, .T. ) ;
#4870 = SURFACE_SIDE_STYLE ('',( #1869 ) ) ;
#4871 = VECTOR ( 'NONE', #3227, 1000.000000000000000 ) ;
#4872 = LINE ( 'NONE', #1428, #4248 ) ;
#4873 = LINE ( 'NONE', #2966, #3433 ) ;
#4874 = EDGE_LOOP ( 'NONE', ( #48, #4199, #1491, #1712 ) ) ;
#4875 = CIRCLE ( 'NONE', #2227, 1.000002156947066290 ) ;
#4876 = ORIENTED_EDGE ( 'NONE', *, *, #3531, .F. ) ;
#4877 = CYLINDRICAL_SURFACE ( 'NONE', #2002, 0.5000011433170248321 ) ;
#4878 = DIRECTION ( 'NONE',  ( 1.000000000000000000, 0.000000000000000000, 0.000000000000000000 ) ) ;
#4879 = ADVANCED_FACE ( 'NONE', ( #1745 ), #1069, .F. ) ;
#4880 = VECTOR ( 'NONE', #3150, 1000.000000000000000 ) ;
#4881 = ORIENTED_EDGE ( 'NONE', *, *, #697, .F. ) ;
#4882 = AXIS2_PLACEMENT_3D ( 'NONE', #3273, #2477, #3305 ) ;
#4883 = PLANE ( 'NONE',  #2874 ) ;
#4884 = CARTESIAN_POINT ( 'NONE',  ( -175.6939086914065058, 38.45781326293945312, 1.600000000000000089 ) ) ;
#4885 = VECTOR ( 'NONE', #3970, 1000.000000000000000 ) ;
#4886 = PRESENTATION_LAYER_ASSIGNMENT (  '', '', ( #2156 ) ) ;
#4887 = ADVANCED_FACE ( 'NONE', ( #2901 ), #2596, .T. ) ;
#4888 = VECTOR ( 'NONE', #2757, 1000.000000000000000 ) ;
#4889 = CYLINDRICAL_SURFACE ( 'NONE', #938, 0.5000011433170248321 ) ;
#4890 = VECTOR ( 'NONE', #108, 1000.000000000000000 ) ;
#4891 = DIRECTION ( 'NONE',  ( 0.000000000000000000, 0.000000000000000000, -1.000000000000000000 ) ) ;
#4892 = EDGE_LOOP ( 'NONE', ( #4852, #1582, #3973, #3772 ) ) ;
#4893 = CYLINDRICAL_SURFACE ( 'NONE', #1274, 0.1962897505184135749 ) ;
#4894 = VECTOR ( 'NONE', #4661, 1000.000000000000000 ) ;
#4895 = EDGE_CURVE ( 'NONE', #2789, #4460, #4430, .T. ) ;
#4896 = VECTOR ( 'NONE', #1560, 1000.000000000000000 ) ;
#4897 = VECTOR ( 'NONE', #319, 1000.000000000000000 ) ;
#4898 = DIRECTION ( 'NONE',  ( 0.000000000000000000, 1.000000000000000000, 0.000000000000000000 ) ) ;
#4899 = CLOSED_SHELL ( 'NONE', ( #420, #754, #4676, #441, #4277, #3573 ) ) ;
#4900 = ORIENTED_EDGE ( 'NONE', *, *, #3956, .T. ) ;
#4901 = ORIENTED_EDGE ( 'NONE', *, *, #2500, .F. ) ;
#4902 = CARTESIAN_POINT ( 'NONE',  ( -174.4486694335940058, 42.55197906494139914, 1.500000000000000000 ) ) ;
#4903 = VECTOR ( 'NONE', #2129, 1000.000000000000000 ) ;
#4904 = CARTESIAN_POINT ( 'NONE',  ( -160.9923264819234987, 41.08914510582660284, 1.000000000000000000 ) ) ;
#4905 = DIRECTION ( 'NONE',  ( 1.000000000000000000, 0.000000000000000000, 0.000000000000000000 ) ) ;
#4906 = VERTEX_POINT ( 'NONE', #4138 ) ;
#4907 = EDGE_LOOP ( 'NONE', ( #3171, #2610, #3646, #120 ) ) ;
#4908 = DIRECTION ( 'NONE',  ( 0.000000000000000000, 0.000000000000000000, -1.000000000000000000 ) ) ;
#4909 = DIRECTION ( 'NONE',  ( 0.000000000000000000, 0.000000000000000000, 1.000000000000000000 ) ) ;
#4910 = EDGE_LOOP ( 'NONE', ( #3094, #4608, #607, #370 ) ) ;
#4911 = EDGE_CURVE ( 'NONE', #4355, #4669, #153, .T. ) ;
#4912 = CARTESIAN_POINT ( 'NONE',  ( -172.5277709960939774, 39.46781539916995030, 1.600000000000000089 ) ) ;
#4913 = CARTESIAN_POINT ( 'NONE',  ( -190.8528747558635246, 35.11380527195875345, 0.000000000000000000 ) ) ;
#4914 = LINE ( 'NONE', #2599, #4880 ) ;
#4915 = ADVANCED_FACE ( 'NONE', ( #4471 ), #2169, .F. ) ;
#4916 = ORIENTED_EDGE ( 'NONE', *, *, #4895, .F. ) ;
#4917 = ORIENTED_EDGE ( 'NONE', *, *, #3093, .T. ) ;
#4918 = LINE ( 'NONE', #1398, #3846 ) ;
#4919 = LINE ( 'NONE', #2226, #4159 ) ;
#4920 = PLANE ( 'NONE',  #52 ) ;
#4921 = EDGE_CURVE ( 'NONE', #2630, #1055, #4854, .T. ) ;
#4922 = CARTESIAN_POINT ( 'NONE',  ( -174.5577392578125000, 39.96781539916995030, 1.600000000000000089 ) ) ;
#4923 = EDGE_CURVE ( 'NONE', #4101, #2121, #3743, .T. ) ;
#4924 = ORIENTED_EDGE ( 'NONE', *, *, #2048, .T. ) ;
#4925 = EDGE_LOOP ( 'NONE', ( #4233, #2551, #2325, #3943 ) ) ;
#4926 = LINE ( 'NONE', #3833, #1171 ) ;
#4927 = DIRECTION ( 'NONE',  ( 0.000000000000000000, 1.000000000000000000, 0.000000000000000000 ) ) ;
#4928 = DIRECTION ( 'NONE',  ( 0.000000000000000000, 0.000000000000000000, -1.000000000000000000 ) ) ;
#4929 = VERTEX_POINT ( 'NONE', #2572 ) ;
#4930 = ORIENTED_EDGE ( 'NONE', *, *, #4195, .F. ) ;
#4931 = CYLINDRICAL_SURFACE ( 'NONE', #1769, 0.7500014039276969857 ) ;
#4932 = DIRECTION ( 'NONE',  ( 1.000000000000000000, 0.000000000000000000, 0.000000000000000000 ) ) ;
#4933 = EDGE_LOOP ( 'NONE', ( #2353, #2497, #1326, #323 ) ) ;
#4934 = CARTESIAN_POINT ( 'NONE',  ( -176.6439208984375000, 39.96781539916995030, 1.600000000000000089 ) ) ;
#4935 = DIRECTION ( 'NONE',  ( 0.000000000000000000, 1.000000000000000000, 0.000000000000000000 ) ) ;
#4936 = PLANE ( 'NONE',  #3051 ) ;
#4937 = ORIENTED_EDGE ( 'NONE', *, *, #2492, .T. ) ;
#4938 = PLANE ( 'NONE',  #1990 ) ;
#4939 = EDGE_CURVE ( 'NONE', #2045, #3446, #3302, .T. ) ;
#4940 = CARTESIAN_POINT ( 'NONE',  ( -175.8350059006889978, 42.27214431762695312, 1.000000000000000000 ) ) ;
#4941 = DIRECTION ( 'NONE',  ( 0.000000000000000000, -1.000000000000000000, 0.000000000000000000 ) ) ;
#4942 = FILL_AREA_STYLE_COLOUR ( '', #4145 ) ;
#4943 = CARTESIAN_POINT ( 'NONE',  ( -175.6939086914065058, 39.46781539916995030, 1.000000000000000000 ) ) ;
#4944 = VERTEX_POINT ( 'NONE', #3671 ) ;
#4945 = DIRECTION ( 'NONE',  ( 0.000000000000000000, 0.000000000000000000, 1.000000000000000000 ) ) ;
#4946 = CARTESIAN_POINT ( 'NONE',  ( -188.4725028719464888, 40.14691954139435381, 1.000000000000000000 ) ) ;
#4947 = ADVANCED_FACE ( 'NONE', ( #1390 ), #993, .F. ) ;
#4948 = DIRECTION ( 'NONE',  ( 0.000000000000000000, 1.000000000000000000, 0.000000000000000000 ) ) ;
#4949 = FACE_OUTER_BOUND ( 'NONE', #914, .T. ) ;
#4950 = VERTEX_POINT ( 'NONE', #799 ) ;
#4951 = ORIENTED_EDGE ( 'NONE', *, *, #1296, .F. ) ;
#4952 = LINE ( 'NONE', #4246, #3202 ) ;
#4953 = LINE ( 'NONE', #341, #2823 ) ;
#4954 = VECTOR ( 'NONE', #2841, 1000.000000000000000 ) ;
#4955 = EDGE_CURVE ( 'NONE', #4290, #4674, #3614, .T. ) ;
#4956 = ORIENTED_EDGE ( 'NONE', *, *, #17, .F. ) ;
#4957 = CARTESIAN_POINT ( 'NONE',  ( -166.2379302978515057, 42.99311828613279829, 5.007799999999999585 ) ) ;
#4958 = CIRCLE ( 'NONE', #1261, 0.7942159429951758387 ) ;
#4959 = VECTOR ( 'NONE', #4120, 1000.000000000000000 ) ;
#4960 = ORIENTED_EDGE ( 'NONE', *, *, #2048, .F. ) ;
#4961 = CARTESIAN_POINT ( 'NONE',  ( -172.3867187500000000, 43.50197601318360086, 1.500000000000000000 ) ) ;
#4962 = LINE ( 'NONE', #4584, #3768 ) ;
#4963 = ORIENTED_EDGE ( 'NONE', *, *, #2700, .T. ) ;
#4964 = AXIS2_PLACEMENT_3D ( 'NONE', #4427, #3594, #4353 ) ;
#4965 = MECHANICAL_DESIGN_GEOMETRIC_PRESENTATION_REPRESENTATION (  '', ( #2963 ), #4242 ) ;
#4966 = PLANE ( 'NONE',  #2708 ) ;
#4967 = DIRECTION ( 'NONE',  ( -0.8660249427413257983, 0.5000007985492457285, 0.000000000000000000 ) ) ;
#4968 = FACE_OUTER_BOUND ( 'NONE', #4892, .T. ) ;
#4970 = ADVANCED_FACE ( 'NONE', ( #393 ), #768, .F. ) ;
#4969 = AXIS2_PLACEMENT_3D ( 'NONE', #3182, #4713, #2057 ) ;
#4971 = VERTEX_POINT ( 'NONE', #4651 ) ;
#4972 = CARTESIAN_POINT ( 'NONE',  ( -162.1180167485564994, 45.94234061952019488, 1.000000000000000000 ) ) ;
#4973 = VECTOR ( 'NONE', #3384, 1000.000000000000000 ) ;
#4974 = DIRECTION ( 'NONE',  ( 0.000000000000000000, 1.000000000000000000, 0.000000000000000000 ) ) ;
#4975 = DIRECTION ( 'NONE',  ( 0.000000000000000000, 1.000000000000000000, 0.000000000000000000 ) ) ;
#4976 = VECTOR ( 'NONE', #462, 1000.000000000000000 ) ;
#4977 = DIRECTION ( 'NONE',  ( 0.000000000000000000, 0.000000000000000000, 1.000000000000000000 ) ) ;
#4978 = VERTEX_POINT ( 'NONE', #3089 ) ;
#4979 = EDGE_CURVE ( 'NONE', #1458, #4737, #2715, .T. ) ;
#4980 = VERTEX_POINT ( 'NONE', #4621 ) ;
#4981 = VECTOR ( 'NONE', #813, 1000.000000000000000 ) ;
#4982 = ORIENTED_EDGE ( 'NONE', *, *, #3997, .F. ) ;
#4983 = EDGE_CURVE ( 'NONE', #2285, #3251, #4953, .T. ) ;
#4984 = CARTESIAN_POINT ( 'NONE',  ( -176.6439208984375000, 37.95781326293945312, 1.600000000000000089 ) ) ;
#4985 = CARTESIAN_POINT ( 'NONE',  ( -164.6620376269629844, 33.60304960583769684, 0.000000000000000000 ) ) ;
ENDSEC;
END-ISO-10303-21;
