ISO-10303-21;
HEADER;
FILE_DESCRIPTION (( 'STEP AP214' ),
    '1' );
FILE_NAME ('MP3429.STEP',
    '2026-02-17T15:58:54',
    ( '' ),
    ( '' ),
    'SwSTEP 2.0',
    'SolidWorks 2025',
    '' );
FILE_SCHEMA (( 'AUTOMOTIVE_DESIGN' ));
ENDSEC;

DATA;
#1 = ORIENTED_EDGE ( 'NONE', *, *, #2347, .T. ) ;
#2 = LINE ( 'NONE', #3473, #2668 ) ;
#3 = CARTESIAN_POINT ( 'NONE',  ( -1.750000000000000000, 10.20000000000000107, 0.000000000000000000 ) ) ;
#4 = CARTESIAN_POINT ( 'NONE',  ( -19.09999999999999787, -3.810000000000000053, -0.2000000000000000111 ) ) ;
#5 = ORIENTED_EDGE ( 'NONE', *, *, #934, .T. ) ;
#6 = ORIENTED_EDGE ( 'NONE', *, *, #2498, .F. ) ;
#7 = LINE ( 'NONE', #3492, #2585 ) ;
#8 = ORIENTED_EDGE ( 'NONE', *, *, #3928, .T. ) ;
#9 = ADVANCED_FACE ( 'NONE', ( #3885 ), #1081, .T. ) ;
#10 = CARTESIAN_POINT ( 'NONE',  ( -20.35000000000000142, 10.20000000000000107, -1.199999999999999956 ) ) ;
#11 = DIRECTION ( 'NONE',  ( 0.000000000000000000, 0.000000000000000000, -1.000000000000000000 ) ) ;
#12 = EDGE_LOOP ( 'NONE', ( #1268, #176, #1354, #4013, #77, #3216, #906 ) ) ;
#13 = EDGE_CURVE ( 'NONE', #399, #2145, #3066, .T. ) ;
#14 = EDGE_CURVE ( 'NONE', #815, #3418, #18, .T. ) ;
#15 = DIRECTION ( 'NONE',  ( 0.000000000000000000, 0.000000000000000000, 1.000000000000000000 ) ) ;
#16 = CARTESIAN_POINT ( 'NONE',  ( 20.35000000000000142, -2.810000000000000053, -0.2000000000000000111 ) ) ;
#17 = DIRECTION ( 'NONE',  ( -0.9999999999999356071, 3.587272897712095716E-07, 0.000000000000000000 ) ) ;
#18 = LINE ( 'NONE', #3142, #3439 ) ;
#19 = EDGE_CURVE ( 'NONE', #3466, #3882, #2217, .T. ) ;
#20 = ORIENTED_EDGE ( 'NONE', *, *, #1787, .T. ) ;
#21 = DIRECTION ( 'NONE',  ( 0.000000000000000000, 0.000000000000000000, -1.000000000000000000 ) ) ;
#22 = CARTESIAN_POINT ( 'NONE',  ( -20.35000000000000142, -10.20000000000000107, 0.000000000000000000 ) ) ;
#23 = APPLICATION_CONTEXT ( 'automotive_design' ) ;
#24 = ORIENTED_EDGE ( 'NONE', *, *, #2365, .T. ) ;
#25 = VERTEX_POINT ( 'NONE', #1887 ) ;
#26 = DIRECTION ( 'NONE',  ( 0.000000000000000000, 0.000000000000000000, -1.000000000000000000 ) ) ;
#27 = AXIS2_PLACEMENT_3D ( 'NONE', #3937, #2662, #2683 ) ;
#28 = VERTEX_POINT ( 'NONE', #2237 ) ;
#29 = AXIS2_PLACEMENT_3D ( 'NONE', #2389, #847, #224 ) ;
#30 = CARTESIAN_POINT ( 'NONE',  ( -1.750000000000000000, -1.899999999999999911, 0.000000000000000000 ) ) ;
#31 = CARTESIAN_POINT ( 'NONE',  ( -18.60000107604399844, -9.400000000000000355, -0.2000000000000000111 ) ) ;
#32 = ORIENTED_EDGE ( 'NONE', *, *, #2802, .T. ) ;
#33 = ADVANCED_FACE ( 'NONE', ( #2523 ), #337, .F. ) ;
#34 = AXIS2_PLACEMENT_3D ( 'NONE', #3420, #2959, #1062 ) ;
#35 = EDGE_CURVE ( 'NONE', #3514, #2906, #3800, .T. ) ;
#36 = VECTOR ( 'NONE', #2460, 1000.000000000000000 ) ;
#37 = LINE ( 'NONE', #2235, #656 ) ;
#38 = LINE ( 'NONE', #994, #2203 ) ;
#39 = FACE_OUTER_BOUND ( 'NONE', #3131, .T. ) ;
#40 = EDGE_CURVE ( 'NONE', #3368, #1347, #3662, .T. ) ;
#41 = DIRECTION ( 'NONE',  ( 0.000000000000000000, 0.000000000000000000, -1.000000000000000000 ) ) ;
#42 = AXIS2_PLACEMENT_3D ( 'NONE', #3428, #1241, #619 ) ;
#43 = VERTEX_POINT ( 'NONE', #1564 ) ;
#44 = FACE_OUTER_BOUND ( 'NONE', #3421, .T. ) ;
#45 = DIRECTION ( 'NONE',  ( 0.000000000000000000, 0.000000000000000000, -1.000000000000000000 ) ) ;
#46 = CARTESIAN_POINT ( 'NONE',  ( -18.59999999999999787, 1.270000000000000018, 0.000000000000000000 ) ) ;
#47 = ADVANCED_FACE ( 'NONE', ( #668 ), #565, .F. ) ;
#48 = AXIS2_PLACEMENT_3D ( 'NONE', #4026, #982, #1226 ) ;
#49 = EDGE_LOOP ( 'NONE', ( #745, #4008, #2471, #218 ) ) ;
#50 = DIRECTION ( 'NONE',  ( 1.000000000000000000, 0.000000000000000000, 0.000000000000000000 ) ) ;
#51 = AXIS2_PLACEMENT_3D ( 'NONE', #4024, #3657, #3018 ) ;
#52 = ORIENTED_EDGE ( 'NONE', *, *, #3788, .T. ) ;
#53 = CIRCLE ( 'NONE', #584, 1.099999999999999423 ) ;
#54 = DIRECTION ( 'NONE',  ( 0.000000000000000000, 0.000000000000000000, -1.000000000000000000 ) ) ;
#55 = DIRECTION ( 'NONE',  ( 0.000000000000000000, 0.000000000000000000, 1.000000000000000000 ) ) ;
#56 = ORIENTED_EDGE ( 'NONE', *, *, #1690, .T. ) ;
#57 = AXIS2_PLACEMENT_3D ( 'NONE', #1452, #2697, #178 ) ;
#58 = VECTOR ( 'NONE', #3189, 1000.000000000000000 ) ;
#59 = DIRECTION ( 'NONE',  ( 1.000000000000000000, -1.718954179110800024E-15, 0.000000000000000000 ) ) ;
#60 = CARTESIAN_POINT ( 'NONE',  ( 18.60000107604399844, -9.400000000000000355, -0.2000000000000000111 ) ) ;
#61 = VERTEX_POINT ( 'NONE', #1621 ) ;
#62 = CARTESIAN_POINT ( 'NONE',  ( 18.59999999999999787, -7.900000000000000355, 0.000000000000000000 ) ) ;
#63 = EDGE_CURVE ( 'NONE', #655, #2421, #2813, .T. ) ;
#64 = ORIENTED_EDGE ( 'NONE', *, *, #297, .T. ) ;
#65 = DIRECTION ( 'NONE',  ( 0.000000000000000000, -1.000000000000000000, 0.000000000000000000 ) ) ;
#66 =( LENGTH_UNIT ( ) NAMED_UNIT ( * ) SI_UNIT ( .MILLI., .METRE. ) );
#67 = DIRECTION ( 'NONE',  ( 1.000000000000000000, 0.000000000000000000, 0.000000000000000000 ) ) ;
#68 = LINE ( 'NONE', #415, #2403 ) ;
#69 = ADVANCED_FACE ( 'NONE', ( #977 ), #3487, .F. ) ;
#70 = ORIENTED_EDGE ( 'NONE', *, *, #1862, .F. ) ;
#71 = LINE ( 'NONE', #2314, #3177 ) ;
#72 = ORIENTED_EDGE ( 'NONE', *, *, #3215, .T. ) ;
#73 = FACE_OUTER_BOUND ( 'NONE', #2656, .T. ) ;
#74 = ORIENTED_EDGE ( 'NONE', *, *, #949, .T. ) ;
#75 = CARTESIAN_POINT ( 'NONE',  ( -18.59999999999999787, 3.810000000000000053, 0.000000000000000000 ) ) ;
#76 = DIRECTION ( 'NONE',  ( 0.000000000000000000, -1.000000000000000000, 0.000000000000000000 ) ) ;
#77 = ORIENTED_EDGE ( 'NONE', *, *, #1761, .F. ) ;
#78 = CARTESIAN_POINT ( 'NONE',  ( -18.59999999999999787, -3.810000000000000053, 0.000000000000000000 ) ) ;
#79 = EDGE_LOOP ( 'NONE', ( #2564, #679, #2682, #691 ) ) ;
#80 = FACE_OUTER_BOUND ( 'NONE', #229, .T. ) ;
#81 = PRODUCT_CONTEXT ( 'NONE', #1839, 'mechanical' ) ;
#82 = DIRECTION ( 'NONE',  ( 1.000000000000000000, 2.537652627714619911E-15, 0.000000000000000000 ) ) ;
#83 = DIRECTION ( 'NONE',  ( 0.000000000000000000, 0.000000000000000000, 1.000000000000000000 ) ) ;
#84 = VERTEX_POINT ( 'NONE', #2870 ) ;
#85 = CARTESIAN_POINT ( 'NONE',  ( 20.35000000000000142, 1.770000000000000018, -1.199999999999999956 ) ) ;
#86 = ORIENTED_EDGE ( 'NONE', *, *, #3754, .T. ) ;
#87 = EDGE_CURVE ( 'NONE', #2248, #2465, #2194, .T. ) ;
#88 = DIRECTION ( 'NONE',  ( 0.000000000000000000, 0.000000000000000000, -1.000000000000000000 ) ) ;
#89 = VECTOR ( 'NONE', #3033, 1000.000000000000000 ) ;
#90 = FILL_AREA_STYLE_COLOUR ( '', #258 ) ;
#91 = ORIENTED_EDGE ( 'NONE', *, *, #1098, .F. ) ;
#92 = EDGE_CURVE ( 'NONE', #2602, #1586, #3471, .T. ) ;
#93 = ORIENTED_EDGE ( 'NONE', *, *, #2713, .F. ) ;
#94 = VECTOR ( 'NONE', #1502, 1000.000000000000000 ) ;
#95 = DIRECTION ( 'NONE',  ( 1.000000000000000000, 0.000000000000000000, 0.000000000000000000 ) ) ;
#96 = LINE ( 'NONE', #1297, #703 ) ;
#97 = AXIS2_PLACEMENT_3D ( 'NONE', #3130, #631, #1897 ) ;
#98 = VERTEX_POINT ( 'NONE', #683 ) ;
#99 = DIRECTION ( 'NONE',  ( 0.7071067811865469066, 0.7071067811865481278, 0.000000000000000000 ) ) ;
#100 = EDGE_LOOP ( 'NONE', ( #604, #3764, #886, #1676 ) ) ;
#101 = FACE_OUTER_BOUND ( 'NONE', #1496, .T. ) ;
#102 = DIRECTION ( 'NONE',  ( 0.000000000000000000, 0.000000000000000000, 1.000000000000000000 ) ) ;
#103 = CARTESIAN_POINT ( 'NONE',  ( -13.95000000000000107, -1.899999999999999911, 0.000000000000000000 ) ) ;
#104 = AXIS2_PLACEMENT_3D ( 'NONE', #3838, #3180, #1983 ) ;
#105 = VECTOR ( 'NONE', #1010, 1000.000000000000000 ) ;
#106 = ORIENTED_EDGE ( 'NONE', *, *, #3494, .F. ) ;
#107 = CARTESIAN_POINT ( 'NONE',  ( -20.35000000000000142, -2.270000000000000018, -0.2000000000000000111 ) ) ;
#108 = EDGE_CURVE ( 'NONE', #3514, #1684, #1925, .T. ) ;
#109 = EDGE_CURVE ( 'NONE', #2301, #3032, #233, .T. ) ;
#110 = ORIENTED_EDGE ( 'NONE', *, *, #2529, .T. ) ;
#111 = VECTOR ( 'NONE', #931, 1000.000000000000000 ) ;
#112 = EDGE_CURVE ( 'NONE', #3972, #3074, #3685, .T. ) ;
#113 = AXIS2_PLACEMENT_3D ( 'NONE', #1929, #3434, #3147 ) ;
#114 = CARTESIAN_POINT ( 'NONE',  ( 18.59999999999999787, -3.810000000000000053, 0.000000000000000000 ) ) ;
#115 = ORIENTED_EDGE ( 'NONE', *, *, #3430, .F. ) ;
#116 = CIRCLE ( 'NONE', #3725, 0.5000000000000000000 ) ;
#117 = EDGE_CURVE ( 'NONE', #2225, #351, #2052, .T. ) ;
#118 = PLANE ( 'NONE',  #2011 ) ;
#119 = DIRECTION ( 'NONE',  ( 0.000000000000000000, 1.000000000000000000, 0.000000000000000000 ) ) ;
#120 = AXIS2_PLACEMENT_3D ( 'NONE', #913, #870, #3097 ) ;
#121 = ORIENTED_EDGE ( 'NONE', *, *, #2571, .T. ) ;
#122 = DIRECTION ( 'NONE',  ( -0.4165977904505299700, -0.9090909090909096157, 0.000000000000000000 ) ) ;
#123 = CIRCLE ( 'NONE', #3664, 0.5000000000000004441 ) ;
#124 = VERTEX_POINT ( 'NONE', #954 ) ;
#125 = LINE ( 'NONE', #2331, #2865 ) ;
#126 = DIRECTION ( 'NONE',  ( 1.000000000000000000, 0.000000000000000000, 0.000000000000000000 ) ) ;
#127 = CARTESIAN_POINT ( 'NONE',  ( -20.35000000000000142, 8.400000000000000355, 0.000000000000000000 ) ) ;
#128 = AXIS2_PLACEMENT_3D ( 'NONE', #1194, #2121, #1126 ) ;
#129 = ORIENTED_EDGE ( 'NONE', *, *, #928, .F. ) ;
#130 = DIRECTION ( 'NONE',  ( 0.000000000000000000, 0.000000000000000000, -1.000000000000000000 ) ) ;
#131 = DIRECTION ( 'NONE',  ( 0.000000000000000000, 0.000000000000000000, 1.000000000000000000 ) ) ;
#132 = EDGE_LOOP ( 'NONE', ( #3787, #2891, #3178, #3828 ) ) ;
#133 = FACE_OUTER_BOUND ( 'NONE', #2294, .T. ) ;
#134 = EDGE_LOOP ( 'NONE', ( #1244, #2590, #1589, #321, #3874, #1257, #1150, #1536 ) ) ;
#135 = ADVANCED_FACE ( 'NONE', ( #2888 ), #409, .F. ) ;
#136 = CARTESIAN_POINT ( 'NONE',  ( -20.35000000000000142, 0.2700000000000000178, 0.000000000000000000 ) ) ;
#137 = CARTESIAN_POINT ( 'NONE',  ( -20.35000000000000142, -2.810000000000000053, 0.000000000000000000 ) ) ;
#138 = ORIENTED_EDGE ( 'NONE', *, *, #1228, .T. ) ;
#139 = CARTESIAN_POINT ( 'NONE',  ( 17.49999999999999645, 3.809999999999999609, 0.000000000000000000 ) ) ;
#140 = ADVANCED_FACE ( 'NONE', ( #3195 ), #3548, .T. ) ;
#141 = ORIENTED_EDGE ( 'NONE', *, *, #2927, .F. ) ;
#142 = CYLINDRICAL_SURFACE ( 'NONE', #2275, 0.5000000000000000000 ) ;
#143 = CARTESIAN_POINT ( 'NONE',  ( 18.60000107604399844, 9.400000000000000355, -0.2000000000000000111 ) ) ;
#144 = CARTESIAN_POINT ( 'NONE',  ( 20.35000000000000142, 7.900000000000000355, -0.2000000000000000111 ) ) ;
#145 = EDGE_CURVE ( 'NONE', #989, #146, #1725, .T. ) ;
#146 = VERTEX_POINT ( 'NONE', #1656 ) ;
#147 = DIRECTION ( 'NONE',  ( 1.000000000000000000, 0.000000000000000000, 0.000000000000000000 ) ) ;
#148 = CARTESIAN_POINT ( 'NONE',  ( 20.35000000000000142, 4.809999999999999609, 0.000000000000000000 ) ) ;
#149 = ORIENTED_EDGE ( 'NONE', *, *, #3373, .T. ) ;
#150 = DIRECTION ( 'NONE',  ( 0.000000000000000000, 0.000000000000000000, -1.000000000000000000 ) ) ;
#151 = DIRECTION ( 'NONE',  ( 0.000000000000000000, 0.000000000000000000, -1.000000000000000000 ) ) ;
#152 = ORIENTED_EDGE ( 'NONE', *, *, #1551, .F. ) ;
#153 = CARTESIAN_POINT ( 'NONE',  ( -20.35000000000000142, 6.400000000000000355, 0.000000000000000000 ) ) ;
#154 = DIRECTION ( 'NONE',  ( 0.000000000000000000, 0.000000000000000000, -1.000000000000000000 ) ) ;
#155 = EDGE_CURVE ( 'NONE', #2884, #192, #1281, .T. ) ;
#156 = EDGE_CURVE ( 'NONE', #1026, #3265, #1317, .T. ) ;
#157 = EDGE_LOOP ( 'NONE', ( #234, #242, #165, #1320, #3363, #3165 ) ) ;
#158 = CIRCLE ( 'NONE', #3500, 0.5000000000000004441 ) ;
#159 = CARTESIAN_POINT ( 'NONE',  ( 18.59999999999999787, 3.810000000000000053, -0.2000000000000000111 ) ) ;
#160 = AXIS2_PLACEMENT_3D ( 'NONE', #1724, #1045, #1388 ) ;
#161 = EDGE_CURVE ( 'NONE', #2330, #578, #1677, .T. ) ;
#162 = FACE_OUTER_BOUND ( 'NONE', #1400, .T. ) ;
#163 = LINE ( 'NONE', #3015, #2738 ) ;
#164 = VECTOR ( 'NONE', #1720, 1000.000000000000000 ) ;
#165 = ORIENTED_EDGE ( 'NONE', *, *, #1440, .T. ) ;
#166 = ADVANCED_FACE ( 'NONE', ( #3876 ), #1965, .F. ) ;
#167 = LINE ( 'NONE', #3453, #2524 ) ;
#168 = VECTOR ( 'NONE', #1781, 1000.000000000000000 ) ;
#169 = CARTESIAN_POINT ( 'NONE',  ( -18.59999999999999787, -1.270000000000000018, -0.2000000000000000111 ) ) ;
#170 = ORIENTED_EDGE ( 'NONE', *, *, #549, .F. ) ;
#171 = ORIENTED_EDGE ( 'NONE', *, *, #1828, .T. ) ;
#172 = CIRCLE ( 'NONE', #3313, 0.5000000000000000000 ) ;
#173 = CARTESIAN_POINT ( 'NONE',  ( -1.250000000000000000, 10.20000000000000107, 0.000000000000000000 ) ) ;
#174 = DIRECTION ( 'NONE',  ( 0.000000000000000000, 0.000000000000000000, -1.000000000000000000 ) ) ;
#175 = VECTOR ( 'NONE', #2150, 1000.000000000000000 ) ;
#176 = ORIENTED_EDGE ( 'NONE', *, *, #3646, .F. ) ;
#177 = VECTOR ( 'NONE', #83, 1000.000000000000000 ) ;
#178 = DIRECTION ( 'NONE',  ( 1.000000000000000000, 0.000000000000000000, 0.000000000000000000 ) ) ;
#179 = LINE ( 'NONE', #1432, #375 ) ;
#180 = ORIENTED_EDGE ( 'NONE', *, *, #2464, .T. ) ;
#181 = CIRCLE ( 'NONE', #1622, 0.5000000000000004441 ) ;
#182 = CARTESIAN_POINT ( 'NONE',  ( 18.09999999999999787, 3.810000000000000053, -0.2000000000000000111 ) ) ;
#183 = AXIS2_PLACEMENT_3D ( 'NONE', #1375, #2949, #95 ) ;
#184 = DIRECTION ( 'NONE',  ( 0.000000000000000000, 0.000000000000000000, 1.000000000000000000 ) ) ;
#185 = DIRECTION ( 'NONE',  ( 2.363561996277350131E-15, -1.000000000000000000, 0.000000000000000000 ) ) ;
#186 = CARTESIAN_POINT ( 'NONE',  ( -1.750000000000000000, 9.700000000000001066, 6.000000000000000000 ) ) ;
#187 = VECTOR ( 'NONE', #817, 1000.000000000000000 ) ;
#188 = EDGE_CURVE ( 'NONE', #3765, #590, #1147, .T. ) ;
#189 = ORIENTED_EDGE ( 'NONE', *, *, #2804, .F. ) ;
#190 = CARTESIAN_POINT ( 'NONE',  ( -20.35000000000000142, -3.810000000000000053, -0.2000000000000000111 ) ) ;
#191 = CYLINDRICAL_SURFACE ( 'NONE', #3719, 1.100000000000000311 ) ;
#192 = VERTEX_POINT ( 'NONE', #1981 ) ;
#193 = ADVANCED_FACE ( 'NONE', ( #1697 ), #393, .F. ) ;
#194 = ORIENTED_EDGE ( 'NONE', *, *, #211, .T. ) ;
#195 = EDGE_CURVE ( 'NONE', #2087, #1164, #2517, .T. ) ;
#196 = CARTESIAN_POINT ( 'NONE',  ( -20.35000000000000142, -4.809999999999999609, 0.000000000000000000 ) ) ;
#197 = LINE ( 'NONE', #2678, #2157 ) ;
#198 = VERTEX_POINT ( 'NONE', #2969 ) ;
#199 = DIRECTION ( 'NONE',  ( 0.000000000000000000, 0.000000000000000000, -1.000000000000000000 ) ) ;
#200 = CARTESIAN_POINT ( 'NONE',  ( -20.35000000000000142, 4.809999999999999609, 0.000000000000000000 ) ) ;
#201 = VERTEX_POINT ( 'NONE', #2604 ) ;
#202 = DIRECTION ( 'NONE',  ( 0.000000000000000000, 0.000000000000000000, -1.000000000000000000 ) ) ;
#203 = LINE ( 'NONE', #2728, #3993 ) ;
#204 = LINE ( 'NONE', #516, #2134 ) ;
#205 = DIRECTION ( 'NONE',  ( 0.000000000000000000, 0.000000000000000000, 1.000000000000000000 ) ) ;
#206 = ORIENTED_EDGE ( 'NONE', *, *, #1948, .F. ) ;
#207 = DIRECTION ( 'NONE',  ( -1.000000000000000000, 0.000000000000000000, 0.000000000000000000 ) ) ;
#208 = SURFACE_STYLE_USAGE ( .BOTH. , #2357 ) ;
#209 = CARTESIAN_POINT ( 'NONE',  ( -14.30355339059327235, 10.05355339059327413, 0.000000000000000000 ) ) ;
#210 = ADVANCED_FACE ( 'NONE', ( #1637 ), #1355, .F. ) ;
#211 = EDGE_CURVE ( 'NONE', #3335, #2017, #1378, .T. ) ;
#212 = ORIENTED_EDGE ( 'NONE', *, *, #2673, .T. ) ;
#213 = ORIENTED_EDGE ( 'NONE', *, *, #2623, .F. ) ;
#214 = ORIENTED_EDGE ( 'NONE', *, *, #2773, .T. ) ;
#215 = LINE ( 'NONE', #280, #3566 ) ;
#216 = DIRECTION ( 'NONE',  ( -1.000000000000000000, 0.000000000000000000, 0.000000000000000000 ) ) ;
#217 = EDGE_CURVE ( 'NONE', #3477, #2970, #2622, .T. ) ;
#218 = ORIENTED_EDGE ( 'NONE', *, *, #1142, .T. ) ;
#219 = EDGE_LOOP ( 'NONE', ( #3436, #3093, #1533, #511 ) ) ;
#220 = DIRECTION ( 'NONE',  ( 0.000000000000000000, 0.000000000000000000, -1.000000000000000000 ) ) ;
#221 = EDGE_CURVE ( 'NONE', #2267, #526, #1071, .T. ) ;
#222 = PLANE ( 'NONE',  #2068 ) ;
#223 = VERTEX_POINT ( 'NONE', #3258 ) ;
#224 = DIRECTION ( 'NONE',  ( -7.173626715796965514E-07, -0.9999999999997427613, 0.000000000000000000 ) ) ;
#225 = CARTESIAN_POINT ( 'NONE',  ( 20.35000000000000142, -7.900000000000000355, -1.199999999999999956 ) ) ;
#226 = CARTESIAN_POINT ( 'NONE',  ( 20.35000000000000142, 1.149999999999999911, -0.2000000000000000111 ) ) ;
#227 = AXIS2_PLACEMENT_3D ( 'NONE', #2000, #3528, #3506 ) ;
#228 = DIRECTION ( 'NONE',  ( 0.9999999999999356071, 3.586353910604391861E-07, 0.000000000000000000 ) ) ;
#229 = EDGE_LOOP ( 'NONE', ( #2774, #1469, #765, #501 ) ) ;
#230 = LINE ( 'NONE', #3397, #3192 ) ;
#231 = DIRECTION ( 'NONE',  ( 0.000000000000000000, 0.000000000000000000, -1.000000000000000000 ) ) ;
#232 = CARTESIAN_POINT ( 'NONE',  ( -19.09999999999999787, 1.270000000000000018, 0.000000000000000000 ) ) ;
#233 = LINE ( 'NONE', #1489, #1220 ) ;
#234 = ORIENTED_EDGE ( 'NONE', *, *, #928, .T. ) ;
#235 = AXIS2_PLACEMENT_3D ( 'NONE', #3511, #3879, #2627 ) ;
#236 = EDGE_LOOP ( 'NONE', ( #3611, #1727, #1670, #839, #2961, #3071, #385 ) ) ;
#237 = CARTESIAN_POINT ( 'NONE',  ( -17.09999999999970655, -7.900000538090935720, -0.2000000000000000111 ) ) ;
#238 = DIRECTION ( 'NONE',  ( 0.000000000000000000, 0.000000000000000000, 1.000000000000000000 ) ) ;
#239 = ORIENTED_EDGE ( 'NONE', *, *, #4050, .F. ) ;
#240 = AXIS2_PLACEMENT_3D ( 'NONE', #1331, #2601, #3485 ) ;
#241 = EDGE_CURVE ( 'NONE', #351, #2288, #2307, .T. ) ;
#242 = ORIENTED_EDGE ( 'NONE', *, *, #1645, .F. ) ;
#243 = CIRCLE ( 'NONE', #379, 0.5000000000000004441 ) ;
#244 = CARTESIAN_POINT ( 'NONE',  ( 18.59999999999999787, -6.400000000000000355, 0.000000000000000000 ) ) ;
#245 = DIRECTION ( 'NONE',  ( 0.000000000000000000, 1.000000000000000000, 0.000000000000000000 ) ) ;
#246 = ORIENTED_EDGE ( 'NONE', *, *, #3522, .T. ) ;
#247 = DIRECTION ( 'NONE',  ( 0.000000000000000000, 1.000000000000000000, 0.000000000000000000 ) ) ;
#248 = VECTOR ( 'NONE', #2334, 1000.000000000000000 ) ;
#249 = ADVANCED_FACE ( 'NONE', ( #2328 ), #1712, .F. ) ;
#250 = CARTESIAN_POINT ( 'NONE',  ( -20.35000000000000142, 3.810000000000000053, 0.000000000000000000 ) ) ;
#251 = DIRECTION ( 'NONE',  ( 0.000000000000000000, 0.000000000000000000, -1.000000000000000000 ) ) ;
#252 = VECTOR ( 'NONE', #605, 1000.000000000000000 ) ;
#253 = CARTESIAN_POINT ( 'NONE',  ( -20.35000000000000142, -7.400000000000000355, -1.199999999999999956 ) ) ;
#254 = EDGE_LOOP ( 'NONE', ( #2036, #3170, #2207, #1820, #904, #1085, #1043, #724 ) ) ;
#255 = CARTESIAN_POINT ( 'NONE',  ( -20.35000000000000142, -2.810000000000000053, 0.000000000000000000 ) ) ;
#256 = DIRECTION ( 'NONE',  ( 0.000000000000000000, 0.000000000000000000, -1.000000000000000000 ) ) ;
#257 = FACE_OUTER_BOUND ( 'NONE', #938, .T. ) ;
#258 = COLOUR_RGB ( '',0.7921568627450980005, 0.8196078431372548767, 0.9333333333333333481 ) ;
#259 = ORIENTED_EDGE ( 'NONE', *, *, #3359, .T. ) ;
#260 = AXIS2_PLACEMENT_3D ( 'NONE', #3751, #2494, #1271 ) ;
#261 = ORIENTED_EDGE ( 'NONE', *, *, #1307, .T. ) ;
#262 = DIRECTION ( 'NONE',  ( 0.000000000000000000, 0.000000000000000000, -1.000000000000000000 ) ) ;
#263 = DIRECTION ( 'NONE',  ( -1.000000000000000000, 1.074346361944249916E-15, 0.000000000000000000 ) ) ;
#264 = VERTEX_POINT ( 'NONE', #1413 ) ;
#265 = AXIS2_PLACEMENT_3D ( 'NONE', #1793, #528, #1750 ) ;
#266 = VERTEX_POINT ( 'NONE', #3607 ) ;
#267 = DIRECTION ( 'NONE',  ( 1.000000000000000000, 0.000000000000000000, 0.000000000000000000 ) ) ;
#268 = CYLINDRICAL_SURFACE ( 'NONE', #1941, 1.100000000000000311 ) ;
#269 = ORIENTED_EDGE ( 'NONE', *, *, #624, .F. ) ;
#270 = CARTESIAN_POINT ( 'NONE',  ( 17.49999999999999645, -3.810000000000000497, 0.000000000000000000 ) ) ;
#271 = DIRECTION ( 'NONE',  ( 0.000000000000000000, -1.000000000000000000, 0.000000000000000000 ) ) ;
#272 = DIRECTION ( 'NONE',  ( 1.000000000000000000, 0.000000000000000000, 0.000000000000000000 ) ) ;
#273 = EDGE_CURVE ( 'NONE', #1961, #467, #158, .T. ) ;
#274 = VERTEX_POINT ( 'NONE', #2990 ) ;
#275 = CARTESIAN_POINT ( 'NONE',  ( -13.95000000000000107, 9.700000000000001066, 6.000000000000000000 ) ) ;
#276 =( NAMED_UNIT ( * ) SI_UNIT ( $, .STERADIAN. ) SOLID_ANGLE_UNIT ( ) );
#277 = DIRECTION ( 'NONE',  ( 0.000000000000000000, 0.000000000000000000, -1.000000000000000000 ) ) ;
#278 = EDGE_CURVE ( 'NONE', #1141, #2617, #2109, .T. ) ;
#279 = EDGE_LOOP ( 'NONE', ( #3106, #2451, #3877, #3673 ) ) ;
#280 = CARTESIAN_POINT ( 'NONE',  ( 19.09999999999999787, 3.810000000000000053, 0.000000000000000000 ) ) ;
#281 = CARTESIAN_POINT ( 'NONE',  ( -19.05825756949559846, -4.809999999999999609, 0.000000000000000000 ) ) ;
#282 = ORIENTED_EDGE ( 'NONE', *, *, #2016, .F. ) ;
#283 = ORIENTED_EDGE ( 'NONE', *, *, #1446, .T. ) ;
#284 = CARTESIAN_POINT ( 'NONE',  ( -20.35000000000000142, 9.400000000000000355, -0.2000000000000000111 ) ) ;
#285 = CARTESIAN_POINT ( 'NONE',  ( -20.35000000000000142, -10.20000000000000107, 0.000000000000000000 ) ) ;
#286 = ORIENTED_EDGE ( 'NONE', *, *, #2895, .F. ) ;
#287 = PLANE ( 'NONE',  #2152 ) ;
#288 = EDGE_CURVE ( 'NONE', #467, #1961, #1020, .T. ) ;
#289 = LINE ( 'NONE', #16, #4039 ) ;
#290 = EDGE_CURVE ( 'NONE', #1573, #1747, #2370, .T. ) ;
#291 = ORIENTED_EDGE ( 'NONE', *, *, #333, .T. ) ;
#292 = FACE_OUTER_BOUND ( 'NONE', #1021, .T. ) ;
#293 = DIRECTION ( 'NONE',  ( 0.000000000000000000, 0.000000000000000000, -1.000000000000000000 ) ) ;
#294 = CARTESIAN_POINT ( 'NONE',  ( -20.35000000000000142, -2.810000000000000053, 0.000000000000000000 ) ) ;
#295 = AXIS2_PLACEMENT_3D ( 'NONE', #3214, #3564, #785 ) ;
#296 = ORIENTED_EDGE ( 'NONE', *, *, #1373, .T. ) ;
#297 = EDGE_CURVE ( 'NONE', #2104, #2815, #804, .T. ) ;
#298 = ORIENTED_EDGE ( 'NONE', *, *, #1130, .F. ) ;
#299 = LINE ( 'NONE', #2534, #2384 ) ;
#300 = CIRCLE ( 'NONE', #627, 0.5000000000000004441 ) ;
#301 = VERTEX_POINT ( 'NONE', #820 ) ;
#302 = AXIS2_PLACEMENT_3D ( 'NONE', #829, #3349, #3285 ) ;
#303 = VERTEX_POINT ( 'NONE', #1133 ) ;
#304 = LINE ( 'NONE', #1578, #853 ) ;
#305 = DIRECTION ( 'NONE',  ( -0.4165977904505300256, -0.9090909090909095047, 0.000000000000000000 ) ) ;
#306 = VECTOR ( 'NONE', #1265, 1000.000000000000000 ) ;
#307 = ORIENTED_EDGE ( 'NONE', *, *, #1620, .T. ) ;
#308 = CIRCLE ( 'NONE', #2986, 0.5000000000000004441 ) ;
#309 = CARTESIAN_POINT ( 'NONE',  ( -20.35000000000000142, -3.194999999999999840, -0.2000000000000000111 ) ) ;
#310 = DIRECTION ( 'NONE',  ( 1.000000000000000000, -2.578431268666200036E-15, 0.000000000000000000 ) ) ;
#311 = DIRECTION ( 'NONE',  ( 0.7071067811865480168, -0.7071067811865472397, 0.000000000000000000 ) ) ;
#312 = VECTOR ( 'NONE', #365, 1000.000000000000000 ) ;
#313 = CARTESIAN_POINT ( 'NONE',  ( -1.250000000000000000, -1.899999999999999911, 0.000000000000000000 ) ) ;
#314 = CIRCLE ( 'NONE', #2603, 0.5000000000000004441 ) ;
#315 = ORIENTED_EDGE ( 'NONE', *, *, #743, .T. ) ;
#316 = CARTESIAN_POINT ( 'NONE',  ( -20.35000000000000142, -5.734999999999999432, -0.2000000000000000111 ) ) ;
#317 = DIRECTION ( 'NONE',  ( 0.000000000000000000, 0.000000000000000000, 1.000000000000000000 ) ) ;
#318 = DIRECTION ( 'NONE',  ( 0.000000000000000000, 0.000000000000000000, 1.000000000000000000 ) ) ;
#319 = CIRCLE ( 'NONE', #2336, 0.4999999999999994449 ) ;
#320 = ORIENTED_EDGE ( 'NONE', *, *, #1327, .F. ) ;
#321 = ORIENTED_EDGE ( 'NONE', *, *, #1743, .T. ) ;
#322 = VECTOR ( 'NONE', #2965, 1000.000000000000000 ) ;
#323 = DIRECTION ( 'NONE',  ( 0.000000000000000000, 0.000000000000000000, 1.000000000000000000 ) ) ;
#324 = CARTESIAN_POINT ( 'NONE',  ( 0.000000000000000000, 0.000000000000000000, 0.000000000000000000 ) ) ;
#325 = EDGE_CURVE ( 'NONE', #1742, #1447, #2042, .T. ) ;
#326 = VERTEX_POINT ( 'NONE', #554 ) ;
#327 = EDGE_CURVE ( 'NONE', #519, #3688, #2061, .T. ) ;
#328 = VECTOR ( 'NONE', #3770, 1000.000000000000000 ) ;
#329 = CARTESIAN_POINT ( 'NONE',  ( -18.59999999999999787, 7.900000000000000355, -0.2000000000000000111 ) ) ;
#330 = DIRECTION ( 'NONE',  ( 0.000000000000000000, 0.000000000000000000, 1.000000000000000000 ) ) ;
#331 = CIRCLE ( 'NONE', #663, 0.5000000000000004441 ) ;
#332 = EDGE_LOOP ( 'NONE', ( #1173, #3049, #149, #701 ) ) ;
#333 = EDGE_CURVE ( 'NONE', #3932, #43, #1152, .T. ) ;
#334 = CARTESIAN_POINT ( 'NONE',  ( -20.35000000000000142, -0.7699999999999999067, -1.199999999999999956 ) ) ;
#335 = DIRECTION ( 'NONE',  ( 0.000000000000000000, 0.000000000000000000, 1.000000000000000000 ) ) ;
#336 = DIRECTION ( 'NONE',  ( 0.000000000000000000, 0.000000000000000000, -1.000000000000000000 ) ) ;
#337 = CYLINDRICAL_SURFACE ( 'NONE', #2378, 1.500000000000000666 ) ;
#338 = ORIENTED_EDGE ( 'NONE', *, *, #1508, .T. ) ;
#339 = CARTESIAN_POINT ( 'NONE',  ( -18.59999999999999787, -3.810000000000000053, 0.000000000000000000 ) ) ;
#340 = FACE_OUTER_BOUND ( 'NONE', #2739, .T. ) ;
#341 = DIRECTION ( 'NONE',  ( 1.000000000000000000, 0.000000000000000000, 0.000000000000000000 ) ) ;
#342 = EDGE_LOOP ( 'NONE', ( #3089, #2082, #291, #2724 ) ) ;
#343 = ORIENTED_EDGE ( 'NONE', *, *, #3853, .T. ) ;
#344 = CARTESIAN_POINT ( 'NONE',  ( -17.49999999999999645, 1.270000000000000018, 0.000000000000000000 ) ) ;
#345 = EDGE_CURVE ( 'NONE', #2046, #2839, #1735, .T. ) ;
#346 = EDGE_CURVE ( 'NONE', #1882, #2782, #490, .T. ) ;
#347 = ORIENTED_EDGE ( 'NONE', *, *, #3730, .F. ) ;
#348 = EDGE_CURVE ( 'NONE', #1556, #3041, #2725, .T. ) ;
#349 = LINE ( 'NONE', #2807, #3405 ) ;
#350 = FACE_OUTER_BOUND ( 'NONE', #219, .T. ) ;
#351 = VERTEX_POINT ( 'NONE', #182 ) ;
#352 = EDGE_CURVE ( 'NONE', #351, #2225, #1408, .T. ) ;
#353 = DIRECTION ( 'NONE',  ( -9.251858538542973800E-15, 1.000000000000000000, 0.000000000000000000 ) ) ;
#354 = CYLINDRICAL_SURFACE ( 'NONE', #1166, 0.5000000000000000000 ) ;
#355 = CARTESIAN_POINT ( 'NONE',  ( -18.59999999999999787, 3.810000000000000053, 0.000000000000000000 ) ) ;
#356 = ORIENTED_EDGE ( 'NONE', *, *, #2335, .F. ) ;
#357 = CARTESIAN_POINT ( 'NONE',  ( 19.05825756949559846, 4.809999999999999609, -0.2000000000000000111 ) ) ;
#358 = CYLINDRICAL_SURFACE ( 'NONE', #1883, 0.5000000000000004441 ) ;
#359 = ORIENTED_EDGE ( 'NONE', *, *, #3675, .T. ) ;
#360 = PLANE ( 'NONE',  #2981 ) ;
#361 = AXIS2_PLACEMENT_3D ( 'NONE', #2578, #430, #3816 ) ;
#362 = ORIENTED_EDGE ( 'NONE', *, *, #3571, .F. ) ;
#363 = CIRCLE ( 'NONE', #29, 1.500000000000390799 ) ;
#364 = DIRECTION ( 'NONE',  ( 0.000000000000000000, 0.000000000000000000, -1.000000000000000000 ) ) ;
#365 = DIRECTION ( 'NONE',  ( 0.000000000000000000, 0.000000000000000000, -1.000000000000000000 ) ) ;
#366 = ORIENTED_EDGE ( 'NONE', *, *, #2825, .F. ) ;
#367 = AXIS2_PLACEMENT_3D ( 'NONE', #190, #2735, #540 ) ;
#368 = EDGE_CURVE ( 'NONE', #3256, #2548, #2316, .T. ) ;
#369 = CIRCLE ( 'NONE', #3450, 0.5000000000000004441 ) ;
#370 = DIRECTION ( 'NONE',  ( 0.000000000000000000, 0.000000000000000000, -1.000000000000000000 ) ) ;
#371 = CARTESIAN_POINT ( 'NONE',  ( -20.35000000000000142, 2.810000000000000053, -0.2000000000000000111 ) ) ;
#372 = ORIENTED_EDGE ( 'NONE', *, *, #2095, .F. ) ;
#373 = DIRECTION ( 'NONE',  ( 1.000000000000000000, 0.000000000000000000, 0.000000000000000000 ) ) ;
#374 = EDGE_CURVE ( 'NONE', #3688, #628, #363, .T. ) ;
#375 = VECTOR ( 'NONE', #2699, 1000.000000000000000 ) ;
#376 = VERTEX_POINT ( 'NONE', #3342 ) ;
#377 = DIRECTION ( 'NONE',  ( 0.000000000000000000, 0.000000000000000000, 1.000000000000000000 ) ) ;
#378 = DIRECTION ( 'NONE',  ( 1.000000000000000000, 0.000000000000000000, 0.000000000000000000 ) ) ;
#379 = AXIS2_PLACEMENT_3D ( 'NONE', #4012, #1208, #2048 ) ;
#380 = LINE ( 'NONE', #2528, #3061 ) ;
#381 = VECTOR ( 'NONE', #476, 1000.000000000000000 ) ;
#382 = ORIENTED_EDGE ( 'NONE', *, *, #1478, .T. ) ;
#383 = DIRECTION ( 'NONE',  ( 0.000000000000000000, 0.000000000000000000, -1.000000000000000000 ) ) ;
#384 = AXIS2_PLACEMENT_3D ( 'NONE', #3590, #2992, #184 ) ;
#385 = ORIENTED_EDGE ( 'NONE', *, *, #896, .F. ) ;
#386 = VECTOR ( 'NONE', #3343, 1000.000000000000000 ) ;
#387 = CYLINDRICAL_SURFACE ( 'NONE', #3865, 1.500000000000389244 ) ;
#388 = ORIENTED_EDGE ( 'NONE', *, *, #1798, .T. ) ;
#389 = LINE ( 'NONE', #469, #514 ) ;
#390 = CARTESIAN_POINT ( 'NONE',  ( 20.35000000000000142, -0.7699999999999999067, -1.199999999999999956 ) ) ;
#391 = EDGE_CURVE ( 'NONE', #1711, #326, #1477, .T. ) ;
#392 = ORIENTED_EDGE ( 'NONE', *, *, #1201, .F. ) ;
#393 = CYLINDRICAL_SURFACE ( 'NONE', #295, 0.5000000000000004441 ) ;
#394 = ORIENTED_EDGE ( 'NONE', *, *, #1798, .F. ) ;
#395 = FACE_OUTER_BOUND ( 'NONE', #3161, .T. ) ;
#396 = EDGE_CURVE ( 'NONE', #1313, #3508, #300, .T. ) ;
#397 = DIRECTION ( 'NONE',  ( -0.000000000000000000, 1.000000000000000000, 0.000000000000000000 ) ) ;
#398 = CARTESIAN_POINT ( 'NONE',  ( -19.05825756949559846, 0.2700000000000000178, -0.2000000000000000111 ) ) ;
#399 = VERTEX_POINT ( 'NONE', #755 ) ;
#400 = ADVANCED_FACE ( 'NONE', ( #133 ), #3248, .F. ) ;
#401 = DIRECTION ( 'NONE',  ( 0.000000000000000000, 1.000000000000000000, 0.000000000000000000 ) ) ;
#402 = ORIENTED_EDGE ( 'NONE', *, *, #2446, .T. ) ;
#403 = FACE_OUTER_BOUND ( 'NONE', #157, .T. ) ;
#404 = CARTESIAN_POINT ( 'NONE',  ( 18.59999999999999787, -6.400000000000000355, 0.000000000000000000 ) ) ;
#405 = ORIENTED_EDGE ( 'NONE', *, *, #2880, .T. ) ;
#406 = CYLINDRICAL_SURFACE ( 'NONE', #715, 0.5000000000000004441 ) ;
#407 = PLANE ( 'NONE',  #3977 ) ;
#408 = EDGE_LOOP ( 'NONE', ( #1223, #1070, #811, #2299, #733, #1519, #2184, #1769 ) ) ;
#409 = PLANE ( 'NONE',  #3301 ) ;
#410 = EDGE_CURVE ( 'NONE', #1746, #3505, #2034, .T. ) ;
#411 = EDGE_LOOP ( 'NONE', ( #1958, #3727, #1662, #3844 ) ) ;
#412 = DIRECTION ( 'NONE',  ( 0.000000000000000000, 0.000000000000000000, 1.000000000000000000 ) ) ;
#413 = DIRECTION ( 'NONE',  ( 0.000000000000000000, 0.000000000000000000, 1.000000000000000000 ) ) ;
#414 = PLANE ( 'NONE',  #2062 ) ;
#415 = CARTESIAN_POINT ( 'NONE',  ( 20.35000000000000142, -10.20000000000000107, -1.199999999999999956 ) ) ;
#416 = ADVANCED_FACE ( 'NONE', ( #403 ), #3825, .T. ) ;
#417 = ORIENTED_EDGE ( 'NONE', *, *, #1770, .F. ) ;
#418 = CARTESIAN_POINT ( 'NONE',  ( -18.59999999999999787, 1.270000000000000018, -1.199999999999999956 ) ) ;
#419 = VERTEX_POINT ( 'NONE', #1404 ) ;
#420 = EDGE_CURVE ( 'NONE', #526, #3256, #1024, .T. ) ;
#421 = DIRECTION ( 'NONE',  ( 0.000000000000000000, 1.000000000000000000, 0.000000000000000000 ) ) ;
#422 = VECTOR ( 'NONE', #2402, 1000.000000000000000 ) ;
#423 = CYLINDRICAL_SURFACE ( 'NONE', #2751, 1.500000000000000666 ) ;
#424 = ORIENTED_EDGE ( 'NONE', *, *, #743, .F. ) ;
#425 = VECTOR ( 'NONE', #2945, 1000.000000000000000 ) ;
#426 = DIRECTION ( 'NONE',  ( -0.4165977904505300256, -0.9090909090909095047, 0.000000000000000000 ) ) ;
#427 = FACE_OUTER_BOUND ( 'NONE', #1767, .T. ) ;
#428 = AXIS2_PLACEMENT_3D ( 'NONE', #3925, #1161, #2670 ) ;
#429 = ORIENTED_EDGE ( 'NONE', *, *, #1572, .F. ) ;
#430 = DIRECTION ( 'NONE',  ( 0.000000000000000000, 0.000000000000000000, 1.000000000000000000 ) ) ;
#431 = AXIS2_PLACEMENT_3D ( 'NONE', #2486, #21, #3723 ) ;
#432 = ORIENTED_EDGE ( 'NONE', *, *, #1762, .T. ) ;
#433 = LINE ( 'NONE', #3836, #1364 ) ;
#434 = CARTESIAN_POINT ( 'NONE',  ( -20.35000000000000142, -7.004999999999999893, -0.2000000000000000111 ) ) ;
#435 = LINE ( 'NONE', #748, #2537 ) ;
#436 = VECTOR ( 'NONE', #3935, 1000.000000000000000 ) ;
#437 = AXIS2_PLACEMENT_3D ( 'NONE', #169, #1902, #461 ) ;
#438 = ORIENTED_EDGE ( 'NONE', *, *, #659, .F. ) ;
#439 = DIRECTION ( 'NONE',  ( 0.000000000000000000, -1.000000000000000000, 0.000000000000000000 ) ) ;
#440 = CARTESIAN_POINT ( 'NONE',  ( -19.05825756949559846, 2.810000000000000053, -0.2000000000000000111 ) ) ;
#441 = EDGE_LOOP ( 'NONE', ( #1263, #2980, #3851, #3482 ) ) ;
#442 = AXIS2_PLACEMENT_3D ( 'NONE', #2754, #3959, #2420 ) ;
#443 = DIRECTION ( 'NONE',  ( 1.000000000000000000, 0.000000000000000000, 0.000000000000000000 ) ) ;
#444 =( NAMED_UNIT ( * ) SI_UNIT ( $, .STERADIAN. ) SOLID_ANGLE_UNIT ( ) );
#445 = ORIENTED_EDGE ( 'NONE', *, *, #850, .T. ) ;
#446 = AXIS2_PLACEMENT_3D ( 'NONE', #2581, #939, #998 ) ;
#447 = FACE_OUTER_BOUND ( 'NONE', #2181, .T. ) ;
#448 = EDGE_CURVE ( 'NONE', #3949, #4038, #2655, .T. ) ;
#449 = CARTESIAN_POINT ( 'NONE',  ( -1.250000000000000000, -2.399999999999999911, 0.000000000000000000 ) ) ;
#450 = AXIS2_PLACEMENT_3D ( 'NONE', #3813, #1009, #2844 ) ;
#451 = ORIENTED_EDGE ( 'NONE', *, *, #3501, .T. ) ;
#452 = DIRECTION ( 'NONE',  ( 0.000000000000000000, 0.000000000000000000, 1.000000000000000000 ) ) ;
#453 = CIRCLE ( 'NONE', #2552, 0.5000000000000004441 ) ;
#454 = ORIENTED_EDGE ( 'NONE', *, *, #3675, .F. ) ;
#455 = CYLINDRICAL_SURFACE ( 'NONE', #2146, 0.5000000000000002220 ) ;
#456 = CARTESIAN_POINT ( 'NONE',  ( 18.59999999999999787, -3.810000000000000053, 0.000000000000000000 ) ) ;
#457 = DIRECTION ( 'NONE',  ( -0.4165977904505300256, -0.9090909090909095047, 0.000000000000000000 ) ) ;
#458 = AXIS2_PLACEMENT_3D ( 'NONE', #570, #2363, #3997 ) ;
#459 = ORIENTED_EDGE ( 'NONE', *, *, #543, .T. ) ;
#460 = CARTESIAN_POINT ( 'NONE',  ( -20.35000000000000142, -10.20000000000000107, -1.199999999999999956 ) ) ;
#461 = DIRECTION ( 'NONE',  ( -0.4165977904505300256, -0.9090909090909095047, 0.000000000000000000 ) ) ;
#462 = VERTEX_POINT ( 'NONE', #3289 ) ;
#463 = ADVANCED_FACE ( 'NONE', ( #1691 ), #2344, .F. ) ;
#464 = EDGE_CURVE ( 'NONE', #655, #3806, #3908, .T. ) ;
#465 = CARTESIAN_POINT ( 'NONE',  ( 20.35000000000000142, 10.20000000000000107, 0.000000000000000000 ) ) ;
#466 = CARTESIAN_POINT ( 'NONE',  ( -20.35000000000000142, 2.810000000000000053, 0.000000000000000000 ) ) ;
#467 = VERTEX_POINT ( 'NONE', #3208 ) ;
#468 = EDGE_CURVE ( 'NONE', #2276, #3227, #3379, .T. ) ;
#469 = CARTESIAN_POINT ( 'NONE',  ( -20.35000000000000142, -6.400000000000000355, -0.2000000000000000111 ) ) ;
#470 = FACE_OUTER_BOUND ( 'NONE', #1553, .T. ) ;
#471 = EDGE_LOOP ( 'NONE', ( #286, #962, #3110, #3096, #2414, #2898, #2251 ) ) ;
#472 = DIRECTION ( 'NONE',  ( 0.000000000000000000, 0.000000000000000000, -1.000000000000000000 ) ) ;
#473 = EDGE_CURVE ( 'NONE', #2022, #1751, #1064, .T. ) ;
#474 = ORIENTED_EDGE ( 'NONE', *, *, #573, .T. ) ;
#475 = CARTESIAN_POINT ( 'NONE',  ( -19.05825756949559846, -0.2700000000000000178, 0.000000000000000000 ) ) ;
#476 = DIRECTION ( 'NONE',  ( 0.000000000000000000, 1.000000000000000000, 0.000000000000000000 ) ) ;
#477 = ORIENTED_EDGE ( 'NONE', *, *, #1204, .T. ) ;
#478 = CARTESIAN_POINT ( 'NONE',  ( 20.35000000000000142, -10.20000000000000107, 0.000000000000000000 ) ) ;
#479 = FACE_OUTER_BOUND ( 'NONE', #3542, .T. ) ;
#480 = ORIENTED_EDGE ( 'NONE', *, *, #2574, .T. ) ;
#481 = EDGE_LOOP ( 'NONE', ( #3691, #1124, #812, #3905 ) ) ;
#482 = CARTESIAN_POINT ( 'NONE',  ( 18.59999999999999787, -1.270000000000000018, 0.000000000000000000 ) ) ;
#483 = LINE ( 'NONE', #1169, #3270 ) ;
#484 = ORIENTED_EDGE ( 'NONE', *, *, #3974, .F. ) ;
#485 = DIRECTION ( 'NONE',  ( 0.000000000000000000, 1.000000000000000000, 0.000000000000000000 ) ) ;
#486 = CARTESIAN_POINT ( 'NONE',  ( -14.44999999999999929, 9.700000000000001066, 6.000000000000000000 ) ) ;
#487 = ORIENTED_EDGE ( 'NONE', *, *, #2441, .F. ) ;
#488 = EDGE_CURVE ( 'NONE', #1047, #1855, #1544, .T. ) ;
#489 = VECTOR ( 'NONE', #1946, 1000.000000000000000 ) ;
#490 = LINE ( 'NONE', #1757, #692 ) ;
#491 = AXIS2_PLACEMENT_3D ( 'NONE', #3706, #3403, #2380 ) ;
#492 = DIRECTION ( 'NONE',  ( 1.000000000000000000, 0.000000000000000000, 0.000000000000000000 ) ) ;
#493 = EDGE_CURVE ( 'NONE', #2429, #1026, #960, .T. ) ;
#494 = LINE ( 'NONE', #2373, #1945 ) ;
#495 = EDGE_CURVE ( 'NONE', #1837, #399, #2962, .T. ) ;
#496 = CIRCLE ( 'NONE', #2850, 0.5000000000000000000 ) ;
#497 = VERTEX_POINT ( 'NONE', #3558 ) ;
#498 = CARTESIAN_POINT ( 'NONE',  ( 19.09999999999999787, 3.810000000000000053, -1.199999999999999956 ) ) ;
#499 = AXIS2_PLACEMENT_3D ( 'NONE', #3743, #3433, #940 ) ;
#500 = DIRECTION ( 'NONE',  ( 0.000000000000000000, 1.000000000000000000, 0.000000000000000000 ) ) ;
#501 = ORIENTED_EDGE ( 'NONE', *, *, #1367, .F. ) ;
#502 = ORIENTED_EDGE ( 'NONE', *, *, #2944, .T. ) ;
#503 = VECTOR ( 'NONE', #1906, 1000.000000000000000 ) ;
#504 = CARTESIAN_POINT ( 'NONE',  ( -20.35000000000000142, 7.400000000000000355, -0.2000000000000000111 ) ) ;
#505 = CARTESIAN_POINT ( 'NONE',  ( 18.09999999999999787, -1.270000000000000018, 0.000000000000000000 ) ) ;
#506 = AXIS2_PLACEMENT_3D ( 'NONE', #3992, #958, #671 ) ;
#507 = ORIENTED_EDGE ( 'NONE', *, *, #3646, .T. ) ;
#508 = VECTOR ( 'NONE', #2394, 1000.000000000000000 ) ;
#509 = FACE_OUTER_BOUND ( 'NONE', #1066, .T. ) ;
#510 = DIRECTION ( 'NONE',  ( 0.000000000000000000, 0.000000000000000000, 1.000000000000000000 ) ) ;
#511 = ORIENTED_EDGE ( 'NONE', *, *, #3215, .F. ) ;
#512 = VECTOR ( 'NONE', #2501, 1000.000000000000000 ) ;
#513 = CARTESIAN_POINT ( 'NONE',  ( 18.59999999999999787, -1.270000000000000018, -0.2000000000000000111 ) ) ;
#514 = VECTOR ( 'NONE', #2636, 1000.000000000000000 ) ;
#515 = CARTESIAN_POINT ( 'NONE',  ( 18.59999999999999787, 7.900000000000000355, 0.000000000000000000 ) ) ;
#516 = CARTESIAN_POINT ( 'NONE',  ( -18.60000107604399844, -9.400000000000000355, 0.000000000000000000 ) ) ;
#517 = FACE_OUTER_BOUND ( 'NONE', #595, .T. ) ;
#518 = AXIS2_PLACEMENT_3D ( 'NONE', #4001, #1197, #3810 ) ;
#519 = VERTEX_POINT ( 'NONE', #797 ) ;
#520 = DIRECTION ( 'NONE',  ( 0.000000000000000000, 0.000000000000000000, -1.000000000000000000 ) ) ;
#521 = CARTESIAN_POINT ( 'NONE',  ( 17.09999999999970655, 7.900000538090935720, 0.000000000000000000 ) ) ;
#522 = CARTESIAN_POINT ( 'NONE',  ( -13.95000000000000107, 9.700000000000001066, 0.000000000000000000 ) ) ;
#523 = ORIENTED_EDGE ( 'NONE', *, *, #697, .F. ) ;
#524 = ORIENTED_EDGE ( 'NONE', *, *, #1596, .T. ) ;
#525 = ADVANCED_FACE ( 'NONE', ( #3886 ), #716, .T. ) ;
#526 = VERTEX_POINT ( 'NONE', #2900 ) ;
#527 = CARTESIAN_POINT ( 'NONE',  ( -20.35000000000000142, -8.400000000000000355, 0.000000000000000000 ) ) ;
#528 = DIRECTION ( 'NONE',  ( 0.000000000000000000, 0.000000000000000000, 1.000000000000000000 ) ) ;
#529 = ORIENTED_EDGE ( 'NONE', *, *, #1503, .T. ) ;
#530 = CARTESIAN_POINT ( 'NONE',  ( -1.750000000000000000, 9.700000000000001066, 0.000000000000000000 ) ) ;
#531 = DIRECTION ( 'NONE',  ( 1.000000000000000000, 0.000000000000000000, 0.000000000000000000 ) ) ;
#532 = VERTEX_POINT ( 'NONE', #2615 ) ;
#533 = DIRECTION ( 'NONE',  ( 0.000000000000000000, 0.000000000000000000, 1.000000000000000000 ) ) ;
#534 = DIRECTION ( 'NONE',  ( 0.000000000000000000, 0.000000000000000000, -1.000000000000000000 ) ) ;
#535 = CARTESIAN_POINT ( 'NONE',  ( -19.05825756949559846, 0.2700000000000000178, 0.000000000000000000 ) ) ;
#536 = PLANE ( 'NONE',  #442 ) ;
#537 = EDGE_CURVE ( 'NONE', #2075, #961, #3272, .T. ) ;
#538 = ORIENTED_EDGE ( 'NONE', *, *, #2773, .F. ) ;
#539 = DIRECTION ( 'NONE',  ( 0.000000000000000000, 0.000000000000000000, -1.000000000000000000 ) ) ;
#540 = DIRECTION ( 'NONE',  ( 0.000000000000000000, -1.000000000000000000, 0.000000000000000000 ) ) ;
#541 = CARTESIAN_POINT ( 'NONE',  ( -14.30355339059327235, -2.253553390593274308, 0.000000000000000000 ) ) ;
#542 = DIRECTION ( 'NONE',  ( 1.000000000000000000, 0.000000000000000000, 0.000000000000000000 ) ) ;
#543 = EDGE_CURVE ( 'NONE', #1063, #467, #2302, .T. ) ;
#544 = EDGE_LOOP ( 'NONE', ( #4020, #2511, #3306, #356 ) ) ;
#545 = ORIENTED_EDGE ( 'NONE', *, *, #603, .T. ) ;
#546 = DIRECTION ( 'NONE',  ( 0.000000000000000000, 0.000000000000000000, 1.000000000000000000 ) ) ;
#547 = LINE ( 'NONE', #3357, #3143 ) ;
#548 = ORIENTED_EDGE ( 'NONE', *, *, #725, .T. ) ;
#549 = EDGE_CURVE ( 'NONE', #1234, #2504, #902, .T. ) ;
#550 = ORIENTED_EDGE ( 'NONE', *, *, #2065, .T. ) ;
#551 = CARTESIAN_POINT ( 'NONE',  ( 20.35000000000000142, -8.400000000000000355, -0.2000000000000000111 ) ) ;
#552 = CARTESIAN_POINT ( 'NONE',  ( 20.35000000000000142, 1.149999999999999911, -0.2000000000000000111 ) ) ;
#553 = ORIENTED_EDGE ( 'NONE', *, *, #1904, .F. ) ;
#554 = CARTESIAN_POINT ( 'NONE',  ( -20.35000000000000142, -8.400000000000000355, -1.199999999999999956 ) ) ;
#555 = CARTESIAN_POINT ( 'NONE',  ( 19.05825756949559846, 0.2700000000000000178, 0.000000000000000000 ) ) ;
#556 = CARTESIAN_POINT ( 'NONE',  ( 18.09999999999999787, -3.810000000000000053, 0.000000000000000000 ) ) ;
#557 = VECTOR ( 'NONE', #3319, 1000.000000000000000 ) ;
#558 = LINE ( 'NONE', #2112, #3518 ) ;
#559 = AXIS2_PLACEMENT_3D ( 'NONE', #482, #1668, #1959 ) ;
#560 = ORIENTED_EDGE ( 'NONE', *, *, #721, .F. ) ;
#561 = DIRECTION ( 'NONE',  ( 0.000000000000000000, -1.000000000000000000, 0.000000000000000000 ) ) ;
#562 = CARTESIAN_POINT ( 'NONE',  ( -14.44999999999999929, -2.399999999999999911, 0.000000000000000000 ) ) ;
#563 = DIRECTION ( 'NONE',  ( 0.000000000000000000, 1.000000000000000000, 0.000000000000000000 ) ) ;
#564 = VECTOR ( 'NONE', #2243, 1000.000000000000000 ) ;
#565 = CYLINDRICAL_SURFACE ( 'NONE', #2188, 1.100000000000000311 ) ;
#566 = VERTEX_POINT ( 'NONE', #879 ) ;
#567 = AXIS2_PLACEMENT_3D ( 'NONE', #1681, #397, #378 ) ;
#568 = ORIENTED_EDGE ( 'NONE', *, *, #3652, .F. ) ;
#569 = DIRECTION ( 'NONE',  ( 0.000000000000000000, 0.000000000000000000, 1.000000000000000000 ) ) ;
#570 = CARTESIAN_POINT ( 'NONE',  ( -18.59999999999999787, 1.270000000000000018, 0.000000000000000000 ) ) ;
#571 = EDGE_LOOP ( 'NONE', ( #3190, #3941, #3338, #2142 ) ) ;
#572 = VECTOR ( 'NONE', #1696, 1000.000000000000000 ) ;
#573 = EDGE_CURVE ( 'NONE', #1655, #2653, #2452, .T. ) ;
#574 = ORIENTED_EDGE ( 'NONE', *, *, #2529, .F. ) ;
#575 = AXIS2_PLACEMENT_3D ( 'NONE', #588, #3964, #1188 ) ;
#576 = CARTESIAN_POINT ( 'NONE',  ( 20.35000000000000142, -10.20000000000000107, -1.199999999999999956 ) ) ;
#577 = CARTESIAN_POINT ( 'NONE',  ( -20.35000000000000142, -8.400000000000000355, -0.2000000000000000111 ) ) ;
#578 = VERTEX_POINT ( 'NONE', #196 ) ;
#579 = AXIS2_PLACEMENT_3D ( 'NONE', #2877, #3219, #1398 ) ;
#580 = EDGE_CURVE ( 'NONE', #2276, #2465, #862, .T. ) ;
#581 = DIRECTION ( 'NONE',  ( 7.173626715796965514E-07, 0.9999999999997427613, 0.000000000000000000 ) ) ;
#582 = FACE_OUTER_BOUND ( 'NONE', #1875, .T. ) ;
#583 = AXIS2_PLACEMENT_3D ( 'NONE', #1584, #3159, #2847 ) ;
#584 = AXIS2_PLACEMENT_3D ( 'NONE', #2019, #3276, #2325 ) ;
#585 = ORIENTED_EDGE ( 'NONE', *, *, #1440, .F. ) ;
#586 = DIRECTION ( 'NONE',  ( 0.000000000000000000, 0.000000000000000000, -1.000000000000000000 ) ) ;
#587 = DIRECTION ( 'NONE',  ( -1.000000000000000000, 0.000000000000000000, 0.000000000000000000 ) ) ;
#588 = CARTESIAN_POINT ( 'NONE',  ( -13.95000000000000107, -1.899999999999999911, 0.000000000000000000 ) ) ;
#589 = CIRCLE ( 'NONE', #2749, 1.499999999999999556 ) ;
#590 = VERTEX_POINT ( 'NONE', #2742 ) ;
#591 = ORIENTED_EDGE ( 'NONE', *, *, #934, .F. ) ;
#592 = CARTESIAN_POINT ( 'NONE',  ( -20.35000000000000142, 3.810000000000000053, -0.2000000000000000111 ) ) ;
#593 = ORIENTED_EDGE ( 'NONE', *, *, #1922, .F. ) ;
#594 = ADVANCED_FACE ( 'NONE', ( #3970, #1792 ), #3638, .T. ) ;
#595 = EDGE_LOOP ( 'NONE', ( #845, #3210, #259, #1, #3808, #881, #3341, #3961, #1894, #3167, #2879, #2938, #2135, #3251, #925, #2768, #1191, #2942, #480, #1393, #873, #4000, #3245, #3868, #3998, #2458, #784, #477, #2070, #3780, #3347, #3953, #2918, #1017, #8, #3121, #868, #3384, #1501, #2054, #2809, #3790, #338, #1999, #1518, #212, #3284, #1239, #929, #3175, #1581, #1977, #3733, #3002, #629, #1790, #3976, #138, #3812, #110, #2998, #3462, #3288, #1646 ) ) ;
#596 = CARTESIAN_POINT ( 'NONE',  ( 18.92500000000000071, 3.810000000000000053, -0.2000000000000000111 ) ) ;
#597 = DIRECTION ( 'NONE',  ( 0.000000000000000000, -1.000000000000000000, 0.000000000000000000 ) ) ;
#598 = ORIENTED_EDGE ( 'NONE', *, *, #3809, .F. ) ;
#599 = ADVANCED_FACE ( 'NONE', ( #2693 ), #813, .F. ) ;
#600 = PLANE ( 'NONE',  #2218 ) ;
#601 = CARTESIAN_POINT ( 'NONE',  ( -19.05825756949559846, 0.2700000000000000178, 0.000000000000000000 ) ) ;
#602 = FACE_OUTER_BOUND ( 'NONE', #3353, .T. ) ;
#603 = EDGE_CURVE ( 'NONE', #3936, #2887, #2129, .T. ) ;
#604 = ORIENTED_EDGE ( 'NONE', *, *, #2639, .F. ) ;
#605 = DIRECTION ( 'NONE',  ( 0.000000000000000000, -1.000000000000000000, 0.000000000000000000 ) ) ;
#606 = LINE ( 'NONE', #2607, #3641 ) ;
#607 = CARTESIAN_POINT ( 'NONE',  ( 20.35000000000000142, -1.770000000000000018, -0.2000000000000000111 ) ) ;
#608 = EDGE_LOOP ( 'NONE', ( #3521, #948, #1510, #1445, #3109, #648, #2180 ) ) ;
#609 = ORIENTED_EDGE ( 'NONE', *, *, #1862, .T. ) ;
#610 = CARTESIAN_POINT ( 'NONE',  ( -20.35000000000000142, -4.809999999999999609, -0.2000000000000000111 ) ) ;
#611 =( NAMED_UNIT ( * ) PLANE_ANGLE_UNIT ( ) SI_UNIT ( $, .RADIAN. ) );
#612 = VERTEX_POINT ( 'NONE', #2080 ) ;
#613 = EDGE_LOOP ( 'NONE', ( #72, #3213, #3011, #1909, #3911, #3402, #550, #2621 ) ) ;
#614 = DIRECTION ( 'NONE',  ( 0.000000000000000000, -1.000000000000000000, 0.000000000000000000 ) ) ;
#615 = DIRECTION ( 'NONE',  ( 0.000000000000000000, 0.000000000000000000, -1.000000000000000000 ) ) ;
#616 = ORIENTED_EDGE ( 'NONE', *, *, #2755, .T. ) ;
#617 = FACE_OUTER_BOUND ( 'NONE', #12, .T. ) ;
#618 = EDGE_CURVE ( 'NONE', #2504, #1164, #3043, .T. ) ;
#619 = DIRECTION ( 'NONE',  ( 0.000000000000000000, -1.000000000000000000, 0.000000000000000000 ) ) ;
#620 = VERTEX_POINT ( 'NONE', #504 ) ;
#621 = VECTOR ( 'NONE', #996, 1000.000000000000000 ) ;
#622 = DIRECTION ( 'NONE',  ( 0.000000000000000000, 0.000000000000000000, -1.000000000000000000 ) ) ;
#623 = EDGE_CURVE ( 'NONE', #2024, #2833, #2978, .T. ) ;
#624 = EDGE_CURVE ( 'NONE', #2225, #980, #215, .T. ) ;
#625 = CARTESIAN_POINT ( 'NONE',  ( 20.35000000000000142, -10.20000000000000107, -1.199999999999999956 ) ) ;
#626 = CARTESIAN_POINT ( 'NONE',  ( -20.35000000000000142, -2.270000000000000018, 0.000000000000000000 ) ) ;
#627 = AXIS2_PLACEMENT_3D ( 'NONE', #1649, #2593, #3848 ) ;
#628 = VERTEX_POINT ( 'NONE', #237 ) ;
#629 = ORIENTED_EDGE ( 'NONE', *, *, #19, .T. ) ;
#630 = EDGE_CURVE ( 'NONE', #590, #3765, #1222, .T. ) ;
#631 = DIRECTION ( 'NONE',  ( -1.000000000000000000, 0.000000000000000000, 0.000000000000000000 ) ) ;
#632 = CIRCLE ( 'NONE', #367, 0.4999999999999995559 ) ;
#633 = ORIENTED_EDGE ( 'NONE', *, *, #273, .T. ) ;
#634 = CIRCLE ( 'NONE', #3444, 1.499999999999999556 ) ;
#635 = DIRECTION ( 'NONE',  ( 0.7071067811865480168, -0.7071067811865472397, 0.000000000000000000 ) ) ;
#636 = DIRECTION ( 'NONE',  ( 0.000000000000000000, 1.000000000000000000, 0.000000000000000000 ) ) ;
#637 = CIRCLE ( 'NONE', #235, 1.099999999999999201 ) ;
#638 = ORIENTED_EDGE ( 'NONE', *, *, #721, .T. ) ;
#639 = VECTOR ( 'NONE', #2173, 1000.000000000000000 ) ;
#640 = PLANE ( 'NONE',  #1827 ) ;
#641 = PLANE ( 'NONE',  #1033 ) ;
#642 = DIRECTION ( 'NONE',  ( 0.000000000000000000, -1.000000000000000000, 0.000000000000000000 ) ) ;
#643 = CIRCLE ( 'NONE', #1170, 1.099999999999999201 ) ;
#644 = DIRECTION ( 'NONE',  ( 0.000000000000000000, 0.000000000000000000, 1.000000000000000000 ) ) ;
#645 = EDGE_CURVE ( 'NONE', #1475, #741, #3309, .T. ) ;
#646 = EDGE_CURVE ( 'NONE', #61, #1857, #1493, .T. ) ;
#647 = VECTOR ( 'NONE', #205, 1000.000000000000000 ) ;
#648 = ORIENTED_EDGE ( 'NONE', *, *, #2038, .F. ) ;
#649 = PLANE ( 'NONE',  #446 ) ;
#650 = DIRECTION ( 'NONE',  ( 0.4165977904505300256, 0.9090909090909095047, 0.000000000000000000 ) ) ;
#651 = CARTESIAN_POINT ( 'NONE',  ( -20.35000000000000142, -0.2700000000000000178, 0.000000000000000000 ) ) ;
#652 = AXIS2_PLACEMENT_3D ( 'NONE', #1831, #3141, #17 ) ;
#653 = ORIENTED_EDGE ( 'NONE', *, *, #2033, .F. ) ;
#654 = EDGE_CURVE ( 'NONE', #2002, #326, #3006, .T. ) ;
#655 = VERTEX_POINT ( 'NONE', #1168 ) ;
#656 = VECTOR ( 'NONE', #1314, 1000.000000000000000 ) ;
#657 = DIRECTION ( 'NONE',  ( 0.000000000000000000, 1.000000000000000000, 0.000000000000000000 ) ) ;
#658 = VERTEX_POINT ( 'NONE', #2406 ) ;
#659 = EDGE_CURVE ( 'NONE', #1287, #2364, #3996, .T. ) ;
#660 = AXIS2_PLACEMENT_3D ( 'NONE', #1406, #3826, #3497 ) ;
#661 = DIRECTION ( 'NONE',  ( 0.000000000000000000, 0.000000000000000000, 1.000000000000000000 ) ) ;
#662 = CARTESIAN_POINT ( 'NONE',  ( -18.59999999999999787, -1.270000000000000018, 0.000000000000000000 ) ) ;
#663 = AXIS2_PLACEMENT_3D ( 'NONE', #2103, #238, #3337 ) ;
#664 = ORIENTED_EDGE ( 'NONE', *, *, #754, .T. ) ;
#665 = DIRECTION ( 'NONE',  ( 0.4165977904505300256, 0.9090909090909095047, 0.000000000000000000 ) ) ;
#666 = CARTESIAN_POINT ( 'NONE',  ( -10.17500000000000071, -2.810000000000000053, 0.000000000000000000 ) ) ;
#667 = LINE ( 'NONE', #1543, #1172 ) ;
#668 = FACE_OUTER_BOUND ( 'NONE', #1917, .T. ) ;
#669 = ORIENTED_EDGE ( 'NONE', *, *, #327, .F. ) ;
#670 = FACE_OUTER_BOUND ( 'NONE', #2369, .T. ) ;
#671 = DIRECTION ( 'NONE',  ( 1.000000000000000000, 0.000000000000000000, 0.000000000000000000 ) ) ;
#672 = ORIENTED_EDGE ( 'NONE', *, *, #40, .F. ) ;
#673 = CARTESIAN_POINT ( 'NONE',  ( -1.750000000000000000, 10.20000000000000107, 6.000000000000000000 ) ) ;
#674 = EDGE_CURVE ( 'NONE', #2491, #566, #1193, .T. ) ;
#675 = VERTEX_POINT ( 'NONE', #2426 ) ;
#676 = CARTESIAN_POINT ( 'NONE',  ( 18.59999999999999787, 1.270000000000000018, 0.000000000000000000 ) ) ;
#677 = EDGE_CURVE ( 'NONE', #3233, #1034, #3378, .T. ) ;
#678 = FACE_OUTER_BOUND ( 'NONE', #1931, .T. ) ;
#679 = ORIENTED_EDGE ( 'NONE', *, *, #2492, .F. ) ;
#680 = DIRECTION ( 'NONE',  ( 1.000000000000000000, 0.000000000000000000, 0.000000000000000000 ) ) ;
#681 = CARTESIAN_POINT ( 'NONE',  ( -19.05825756949559846, -0.2700000000000000178, -0.2000000000000000111 ) ) ;
#682 = ORIENTED_EDGE ( 'NONE', *, *, #109, .T. ) ;
#683 = CARTESIAN_POINT ( 'NONE',  ( 17.09999999999970655, 7.900000538090935720, -0.2000000000000000111 ) ) ;
#684 = ORIENTED_EDGE ( 'NONE', *, *, #1441, .F. ) ;
#685 = CARTESIAN_POINT ( 'NONE',  ( 19.05825756949559846, -2.810000000000000053, -0.2000000000000000111 ) ) ;
#686 = CYLINDRICAL_SURFACE ( 'NONE', #3968, 1.100000000000000311 ) ;
#687 = LINE ( 'NONE', #294, #3253 ) ;
#688 = ORIENTED_EDGE ( 'NONE', *, *, #1671, .T. ) ;
#689 = DIRECTION ( 'NONE',  ( -0.7071067811865457964, 0.7071067811865492381, 0.000000000000000000 ) ) ;
#690 = AXIS2_PLACEMENT_3D ( 'NONE', #1455, #2352, #1115 ) ;
#691 = ORIENTED_EDGE ( 'NONE', *, *, #645, .F. ) ;
#692 = VECTOR ( 'NONE', #247, 1000.000000000000000 ) ;
#693 = LINE ( 'NONE', #1707, #2086 ) ;
#694 = CARTESIAN_POINT ( 'NONE',  ( 19.05825756949559846, -0.2700000000000000178, 0.000000000000000000 ) ) ;
#695 = ORIENTED_EDGE ( 'NONE', *, *, #3754, .F. ) ;
#696 =( GEOMETRIC_REPRESENTATION_CONTEXT ( 3 ) GLOBAL_UNCERTAINTY_ASSIGNED_CONTEXT ( ( #2875 ) ) GLOBAL_UNIT_ASSIGNED_CONTEXT ( ( #1486, #3683, #276 ) ) REPRESENTATION_CONTEXT ( 'NONE', 'WORKASPACE' ) );
#697 = EDGE_CURVE ( 'NONE', #124, #1903, #7, .T. ) ;
#698 = VECTOR ( 'NONE', #3920, 1000.000000000000000 ) ;
#699 = CARTESIAN_POINT ( 'NONE',  ( 19.05825756949559846, -2.270000000000000018, -0.2000000000000000111 ) ) ;
#700 = CARTESIAN_POINT ( 'NONE',  ( -1.250000000000000000, -2.399999999999999911, 0.000000000000000000 ) ) ;
#701 = ORIENTED_EDGE ( 'NONE', *, *, #1713, .T. ) ;
#702 = CARTESIAN_POINT ( 'NONE',  ( 18.59999999999999787, -3.810000000000000053, -0.2000000000000000111 ) ) ;
#703 = VECTOR ( 'NONE', #2290, 1000.000000000000000 ) ;
#704 = EDGE_CURVE ( 'NONE', #2504, #2148, #1285, .T. ) ;
#705 = ORIENTED_EDGE ( 'NONE', *, *, #3827, .F. ) ;
#706 = PLANE ( 'NONE',  #1186 ) ;
#707 = DIRECTION ( 'NONE',  ( 1.000000000000000000, 8.594770895554009979E-16, 0.000000000000000000 ) ) ;
#708 = AXIS2_PLACEMENT_3D ( 'NONE', #3811, #2863, #55 ) ;
#709 = CARTESIAN_POINT ( 'NONE',  ( -20.35000000000000142, 1.770000000000000018, -1.199999999999999956 ) ) ;
#710 = AXIS2_PLACEMENT_3D ( 'NONE', #1096, #2278, #1039 ) ;
#711 = ORIENTED_EDGE ( 'NONE', *, *, #2599, .F. ) ;
#712 = LINE ( 'NONE', #1647, #1411 ) ;
#713 = AXIS2_PLACEMENT_3D ( 'NONE', #3718, #1221, #2832 ) ;
#714 = VERTEX_POINT ( 'NONE', #610 ) ;
#715 = AXIS2_PLACEMENT_3D ( 'NONE', #1653, #2904, #2289 ) ;
#716 = PLANE ( 'NONE',  #2910 ) ;
#717 = CARTESIAN_POINT ( 'NONE',  ( 20.35000000000000142, 3.310000000000000053, -1.199999999999999956 ) ) ;
#718 = EDGE_LOOP ( 'NONE', ( #3355, #3598, #2425, #3269, #2756, #1535, #2508, #2909, #1950, #3092, #296, #1280 ) ) ;
#719 = CIRCLE ( 'NONE', #1509, 1.099999999999999423 ) ;
#720 = EDGE_CURVE ( 'NONE', #751, #3842, #3504, .T. ) ;
#721 = EDGE_CURVE ( 'NONE', #3927, #264, #3114, .T. ) ;
#722 = DIRECTION ( 'NONE',  ( 1.718954179110800024E-15, -1.000000000000000000, 0.000000000000000000 ) ) ;
#723 = DIRECTION ( 'NONE',  ( 0.000000000000000000, 1.000000000000000000, 0.000000000000000000 ) ) ;
#724 = ORIENTED_EDGE ( 'NONE', *, *, #3127, .T. ) ;
#725 = EDGE_CURVE ( 'NONE', #2836, #1771, #2182, .T. ) ;
#726 = DIRECTION ( 'NONE',  ( -6.344135470183149646E-16, -1.000000000000000000, 0.000000000000000000 ) ) ;
#727 = ORIENTED_EDGE ( 'NONE', *, *, #2231, .F. ) ;
#728 = DIRECTION ( 'NONE',  ( 0.4165977904505299700, 0.9090909090909096157, 0.000000000000000000 ) ) ;
#729 = DIRECTION ( 'NONE',  ( 0.000000000000000000, 0.000000000000000000, -1.000000000000000000 ) ) ;
#730 = CARTESIAN_POINT ( 'NONE',  ( -18.59999999999999787, -1.270000000000000018, -1.199999999999999956 ) ) ;
#731 = DIRECTION ( 'NONE',  ( 0.000000000000000000, 0.000000000000000000, -1.000000000000000000 ) ) ;
#732 = ADVANCED_FACE ( 'NONE', ( #3766 ), #2490, .T. ) ;
#733 = ORIENTED_EDGE ( 'NONE', *, *, #1274, .T. ) ;
#734 = CARTESIAN_POINT ( 'NONE',  ( 18.59999999999999787, 1.270000000000000018, 0.000000000000000000 ) ) ;
#735 = ORIENTED_EDGE ( 'NONE', *, *, #1074, .F. ) ;
#736 = DIRECTION ( 'NONE',  ( 0.000000000000000000, -1.000000000000000000, 0.000000000000000000 ) ) ;
#737 = DIRECTION ( 'NONE',  ( 0.000000000000000000, 0.000000000000000000, -1.000000000000000000 ) ) ;
#738 = ORIENTED_EDGE ( 'NONE', *, *, #1853, .F. ) ;
#739 = LINE ( 'NONE', #3603, #3194 ) ;
#740 = CARTESIAN_POINT ( 'NONE',  ( -18.59999999999999787, 1.270000000000000018, -0.2000000000000000111 ) ) ;
#741 = VERTEX_POINT ( 'NONE', #963 ) ;
#742 = CARTESIAN_POINT ( 'NONE',  ( -18.59999999999999787, 6.400000000000000355, 0.000000000000000000 ) ) ;
#743 = EDGE_CURVE ( 'NONE', #2148, #61, #1086, .T. ) ;
#744 = EDGE_CURVE ( 'NONE', #3382, #791, #299, .T. ) ;
#745 = ORIENTED_EDGE ( 'NONE', *, *, #1074, .T. ) ;
#746 = DIRECTION ( 'NONE',  ( 0.000000000000000000, 0.000000000000000000, 1.000000000000000000 ) ) ;
#747 = DIRECTION ( 'NONE',  ( -7.173626715796965514E-07, -0.9999999999997427613, 0.000000000000000000 ) ) ;
#748 = CARTESIAN_POINT ( 'NONE',  ( 18.60000107604399844, 9.400000000000000355, -0.2000000000000000111 ) ) ;
#749 = EDGE_CURVE ( 'NONE', #3882, #1560, #3747, .T. ) ;
#750 = ADVANCED_FACE ( 'NONE', ( #2781 ), #1288, .F. ) ;
#751 = VERTEX_POINT ( 'NONE', #3789 ) ;
#752 = CARTESIAN_POINT ( 'NONE',  ( -1.396446609406726047, -2.253553390593273420, 0.000000000000000000 ) ) ;
#753 = ORIENTED_EDGE ( 'NONE', *, *, #659, .T. ) ;
#754 = EDGE_CURVE ( 'NONE', #1623, #2183, #1932, .T. ) ;
#755 = CARTESIAN_POINT ( 'NONE',  ( -1.250000000000000000, -1.899999999999999911, 0.000000000000000000 ) ) ;
#756 = VECTOR ( 'NONE', #1091, 1000.000000000000000 ) ;
#757 = FACE_OUTER_BOUND ( 'NONE', #1472, .T. ) ;
#758 = VERTEX_POINT ( 'NONE', #673 ) ;
#759 = VECTOR ( 'NONE', #546, 1000.000000000000000 ) ;
#760 = DIRECTION ( 'NONE',  ( 7.173626715796965514E-07, 0.9999999999997427613, 0.000000000000000000 ) ) ;
#761 = CARTESIAN_POINT ( 'NONE',  ( -20.35000000000000142, -10.20000000000000107, -1.199999999999999956 ) ) ;
#762 = ORIENTED_EDGE ( 'NONE', *, *, #2366, .F. ) ;
#763 = CARTESIAN_POINT ( 'NONE',  ( 18.09999999999999787, 3.810000000000000053, 0.000000000000000000 ) ) ;
#764 = AXIS2_PLACEMENT_3D ( 'NONE', #3035, #2354, #1181 ) ;
#765 = ORIENTED_EDGE ( 'NONE', *, *, #903, .T. ) ;
#766 = DIRECTION ( 'NONE',  ( 0.000000000000000000, 0.000000000000000000, 1.000000000000000000 ) ) ;
#767 = CARTESIAN_POINT ( 'NONE',  ( -20.35000000000000142, -6.400000000000000355, 0.000000000000000000 ) ) ;
#768 = ADVANCED_FACE ( 'NONE', ( #2229 ), #3460, .T. ) ;
#769 = ORIENTED_EDGE ( 'NONE', *, *, #2463, .F. ) ;
#770 = DIRECTION ( 'NONE',  ( 0.000000000000000000, 0.000000000000000000, -1.000000000000000000 ) ) ;
#771 = DIRECTION ( 'NONE',  ( 0.000000000000000000, 0.000000000000000000, 1.000000000000000000 ) ) ;
#772 = CARTESIAN_POINT ( 'NONE',  ( 18.72499999999999787, 7.900000000000000355, -0.2000000000000000111 ) ) ;
#773 = EDGE_CURVE ( 'NONE', #1267, #961, #3807, .T. ) ;
#774 = AXIS2_PLACEMENT_3D ( 'NONE', #2507, #2835, #457 ) ;
#775 = VECTOR ( 'NONE', #3122, 1000.000000000000000 ) ;
#776 = DIRECTION ( 'NONE',  ( 1.000000000000000000, 0.000000000000000000, 0.000000000000000000 ) ) ;
#777 = DIRECTION ( 'NONE',  ( 0.000000000000000000, 1.000000000000000000, 0.000000000000000000 ) ) ;
#778 = EDGE_LOOP ( 'NONE', ( #2351, #3866, #1877, #1324, #593, #992, #3291 ) ) ;
#779 = EDGE_CURVE ( 'NONE', #301, #3615, #2788, .T. ) ;
#780 = AXIS2_PLACEMENT_3D ( 'NONE', #2575, #2600, #760 ) ;
#781 = LINE ( 'NONE', #136, #1110 ) ;
#782 = CARTESIAN_POINT ( 'NONE',  ( -19.05825756949559846, -2.270000000000000018, 0.000000000000000000 ) ) ;
#783 = VECTOR ( 'NONE', #2126, 1000.000000000000000 ) ;
#784 = ORIENTED_EDGE ( 'NONE', *, *, #2588, .F. ) ;
#785 = DIRECTION ( 'NONE',  ( 1.000000000000000000, 0.000000000000000000, 0.000000000000000000 ) ) ;
#786 = CIRCLE ( 'NONE', #265, 0.5000000000000004441 ) ;
#787 = ORIENTED_EDGE ( 'NONE', *, *, #2771, .F. ) ;
#788 = FACE_OUTER_BOUND ( 'NONE', #3708, .T. ) ;
#789 = CARTESIAN_POINT ( 'NONE',  ( -20.35000000000000142, 7.400000000000000355, 0.000000000000000000 ) ) ;
#790 = CARTESIAN_POINT ( 'NONE',  ( -20.35000000000000142, -10.20000000000000107, -1.199999999999999956 ) ) ;
#791 = VERTEX_POINT ( 'NONE', #3166 ) ;
#792 = PLANE ( 'NONE',  #3308 ) ;
#793 = CARTESIAN_POINT ( 'NONE',  ( 20.35000000000000142, -3.310000000000000053, -0.2000000000000000111 ) ) ;
#794 = ORIENTED_EDGE ( 'NONE', *, *, #1743, .F. ) ;
#795 = ORIENTED_EDGE ( 'NONE', *, *, #1497, .T. ) ;
#796 = ADVANCED_FACE ( 'NONE', ( #2858 ), #360, .T. ) ;
#797 = CARTESIAN_POINT ( 'NONE',  ( -18.59999999986210284, -6.399999999999620215, 0.000000000000000000 ) ) ;
#798 = CARTESIAN_POINT ( 'NONE',  ( 20.35000000000000142, 4.309999999999999609, -0.2000000000000000111 ) ) ;
#799 = EDGE_LOOP ( 'NONE', ( #1159, #2929, #1316, #923, #2322, #3668 ) ) ;
#800 = EDGE_CURVE ( 'NONE', #526, #1796, #1002, .T. ) ;
#801 = DIRECTION ( 'NONE',  ( -1.000000000000000000, 0.000000000000000000, 0.000000000000000000 ) ) ;
#802 = DIRECTION ( 'NONE',  ( -1.000000000000000000, 6.344135470183149646E-16, 0.000000000000000000 ) ) ;
#803 = ORIENTED_EDGE ( 'NONE', *, *, #3626, .T. ) ;
#804 = LINE ( 'NONE', #3364, #89 ) ;
#805 = CARTESIAN_POINT ( 'NONE',  ( -20.35000000000000142, 2.270000000000000018, -0.2000000000000000111 ) ) ;
#806 = DIRECTION ( 'NONE',  ( 0.000000000000000000, 0.000000000000000000, -1.000000000000000000 ) ) ;
#807 = DIRECTION ( 'NONE',  ( -1.000000000000000000, 0.000000000000000000, 0.000000000000000000 ) ) ;
#808 = ORIENTED_EDGE ( 'NONE', *, *, #3079, .F. ) ;
#809 = FACE_OUTER_BOUND ( 'NONE', #332, .T. ) ;
#810 = CARTESIAN_POINT ( 'NONE',  ( 18.59999999999999787, 3.810000000000000053, 0.000000000000000000 ) ) ;
#811 = ORIENTED_EDGE ( 'NONE', *, *, #3132, .T. ) ;
#812 = ORIENTED_EDGE ( 'NONE', *, *, #1004, .T. ) ;
#813 = CYLINDRICAL_SURFACE ( 'NONE', #491, 0.5000000000000004441 ) ;
#814 = DIRECTION ( 'NONE',  ( 0.000000000000000000, 0.000000000000000000, 1.000000000000000000 ) ) ;
#815 = VERTEX_POINT ( 'NONE', #1232 ) ;
#816 = EDGE_CURVE ( 'NONE', #2374, #1791, #1227, .T. ) ;
#817 = DIRECTION ( 'NONE',  ( 1.000000000000000000, 0.000000000000000000, 0.000000000000000000 ) ) ;
#818 = DIRECTION ( 'NONE',  ( 0.4165977904505299700, 0.9090909090909096157, 0.000000000000000000 ) ) ;
#819 = VERTEX_POINT ( 'NONE', #1703 ) ;
#820 = CARTESIAN_POINT ( 'NONE',  ( 20.35000000000000142, -7.400000000000000355, -0.2000000000000000111 ) ) ;
#821 = EDGE_CURVE ( 'NONE', #2887, #1924, #3822, .T. ) ;
#822 = VECTOR ( 'NONE', #1467, 1000.000000000000000 ) ;
#823 = FACE_BOUND ( 'NONE', #4032, .T. ) ;
#824 = CARTESIAN_POINT ( 'NONE',  ( -18.59999999999999787, 3.810000000000000053, 0.000000000000000000 ) ) ;
#825 = DIRECTION ( 'NONE',  ( 0.000000000000000000, 0.000000000000000000, -1.000000000000000000 ) ) ;
#826 = ADVANCED_FACE ( 'NONE', ( #2940 ), #2915, .F. ) ;
#827 = VECTOR ( 'NONE', #2260, 1000.000000000000000 ) ;
#828 = VERTEX_POINT ( 'NONE', #2300 ) ;
#829 = CARTESIAN_POINT ( 'NONE',  ( -18.59999999999999787, 1.270000000000000018, 0.000000000000000000 ) ) ;
#830 = CIRCLE ( 'NONE', #1874, 1.099999999999999201 ) ;
#831 = FACE_OUTER_BOUND ( 'NONE', #1407, .T. ) ;
#832 = EDGE_LOOP ( 'NONE', ( #2445, #2108, #4064, #1434 ) ) ;
#833 = VERTEX_POINT ( 'NONE', #1338 ) ;
#834 = AXIS2_PLACEMENT_3D ( 'NONE', #842, #2681, #1754 ) ;
#835 = EDGE_LOOP ( 'NONE', ( #3686, #2474 ) ) ;
#836 = DIRECTION ( 'NONE',  ( 0.000000000000000000, 0.000000000000000000, -1.000000000000000000 ) ) ;
#837 = DIRECTION ( 'NONE',  ( 1.000000000000000000, 2.537652627714619911E-15, 0.000000000000000000 ) ) ;
#838 = AXIS2_PLACEMENT_3D ( 'NONE', #1422, #3597, #2558 ) ;
#839 = ORIENTED_EDGE ( 'NONE', *, *, #2553, .F. ) ;
#840 = AXIS2_PLACEMENT_3D ( 'NONE', #3784, #3490, #3181 ) ;
#841 = DIRECTION ( 'NONE',  ( -7.173626715796965514E-07, -0.9999999999997427613, 0.000000000000000000 ) ) ;
#842 = CARTESIAN_POINT ( 'NONE',  ( -20.35000000000000142, -7.900000000000000355, 0.000000000000000000 ) ) ;
#843 = ADVANCED_FACE ( 'NONE', ( #1631 ), #1018, .T. ) ;
#844 = EDGE_CURVE ( 'NONE', #2242, #2267, #1027, .T. ) ;
#845 = ORIENTED_EDGE ( 'NONE', *, *, #4049, .T. ) ;
#846 = AXIS2_PLACEMENT_3D ( 'NONE', #1511, #207, #1245 ) ;
#847 = DIRECTION ( 'NONE',  ( 0.000000000000000000, 0.000000000000000000, -1.000000000000000000 ) ) ;
#848 = CIRCLE ( 'NONE', #4054, 1.500000000000390799 ) ;
#849 = FACE_OUTER_BOUND ( 'NONE', #2525, .T. ) ;
#850 = EDGE_CURVE ( 'NONE', #658, #3382, #1549, .T. ) ;
#851 = CARTESIAN_POINT ( 'NONE',  ( -20.35000000000000142, 0.2700000000000000178, 0.000000000000000000 ) ) ;
#852 = LINE ( 'NONE', #1482, #1104 ) ;
#853 = VECTOR ( 'NONE', #1558, 1000.000000000000000 ) ;
#854 = VERTEX_POINT ( 'NONE', #107 ) ;
#855 = DIRECTION ( 'NONE',  ( 0.000000000000000000, 0.000000000000000000, -1.000000000000000000 ) ) ;
#856 = ADVANCED_FACE ( 'NONE', ( #2587 ), #2009, .F. ) ;
#857 = CARTESIAN_POINT ( 'NONE',  ( -17.49999999999999645, -3.810000000000000053, 0.000000000000000000 ) ) ;
#858 = CARTESIAN_POINT ( 'NONE',  ( -18.09999999999999787, 3.810000000000000053, 0.000000000000000000 ) ) ;
#859 = DIRECTION ( 'NONE',  ( 0.000000000000000000, 0.000000000000000000, -1.000000000000000000 ) ) ;
#860 = VERTEX_POINT ( 'NONE', #85 ) ;
#861 = ORIENTED_EDGE ( 'NONE', *, *, #3316, .T. ) ;
#862 = LINE ( 'NONE', #1772, #3707 ) ;
#863 = CARTESIAN_POINT ( 'NONE',  ( 18.59999999999999787, -3.810000000000000053, -0.2000000000000000111 ) ) ;
#864 = ORIENTED_EDGE ( 'NONE', *, *, #1904, .T. ) ;
#865 = ORIENTED_EDGE ( 'NONE', *, *, #493, .F. ) ;
#866 = DIRECTION ( 'NONE',  ( 0.000000000000000000, 0.000000000000000000, -1.000000000000000000 ) ) ;
#867 = CARTESIAN_POINT ( 'NONE',  ( 20.35000000000000142, -10.20000000000000107, -1.199999999999999956 ) ) ;
#868 = ORIENTED_EDGE ( 'NONE', *, *, #2205, .F. ) ;
#869 = DIRECTION ( 'NONE',  ( 1.000000000000000000, -2.363561996277350131E-15, 0.000000000000000000 ) ) ;
#870 = DIRECTION ( 'NONE',  ( -1.074346361944249916E-15, 1.000000000000000000, 0.000000000000000000 ) ) ;
#871 = CARTESIAN_POINT ( 'NONE',  ( -7.849999999999999645, 3.899999999999999911, 0.000000000000000000 ) ) ;
#872 = DIRECTION ( 'NONE',  ( -1.000000000000000000, 0.000000000000000000, 0.000000000000000000 ) ) ;
#873 = ORIENTED_EDGE ( 'NONE', *, *, #3551, .F. ) ;
#874 = CARTESIAN_POINT ( 'NONE',  ( 20.35000000000000142, -10.20000000000000107, -1.199999999999999956 ) ) ;
#875 = DIRECTION ( 'NONE',  ( 0.4165977904505300256, 0.9090909090909095047, 0.000000000000000000 ) ) ;
#876 = CARTESIAN_POINT ( 'NONE',  ( 18.59999999999999787, 3.810000000000000053, -0.2000000000000000111 ) ) ;
#877 = ORIENTED_EDGE ( 'NONE', *, *, #1529, .F. ) ;
#878 = EDGE_LOOP ( 'NONE', ( #2531, #523, #3294, #598 ) ) ;
#879 = CARTESIAN_POINT ( 'NONE',  ( -20.35000000000000142, 1.770000000000000018, -0.2000000000000000111 ) ) ;
#880 = LINE ( 'NONE', #3310, #3669 ) ;
#881 = ORIENTED_EDGE ( 'NONE', *, *, #1098, .T. ) ;
#882 = EDGE_CURVE ( 'NONE', #192, #3670, #3596, .T. ) ;
#883 = EDGE_LOOP ( 'NONE', ( #3113, #1176 ) ) ;
#884 = LINE ( 'NONE', #2084, #2609 ) ;
#885 = CARTESIAN_POINT ( 'NONE',  ( 20.35000000000000142, 0.7699999999999999067, -1.199999999999999956 ) ) ;
#886 = ORIENTED_EDGE ( 'NONE', *, *, #473, .T. ) ;
#887 = FACE_OUTER_BOUND ( 'NONE', #4030, .T. ) ;
#888 = DIRECTION ( 'NONE',  ( 0.000000000000000000, 0.000000000000000000, 1.000000000000000000 ) ) ;
#889 = VECTOR ( 'NONE', #3893, 1000.000000000000000 ) ;
#890 = CARTESIAN_POINT ( 'NONE',  ( 20.35000000000000142, -0.2700000000000000178, -0.2000000000000000111 ) ) ;
#891 = VECTOR ( 'NONE', #88, 1000.000000000000000 ) ;
#892 = ORIENTED_EDGE ( 'NONE', *, *, #2574, .F. ) ;
#893 = CARTESIAN_POINT ( 'NONE',  ( 19.05825756949559846, -2.810000000000000053, 0.000000000000000000 ) ) ;
#894 = CARTESIAN_POINT ( 'NONE',  ( 19.09999999999999787, 1.270000000000000018, -0.2000000000000000111 ) ) ;
#895 = DIRECTION ( 'NONE',  ( 0.000000000000000000, 0.000000000000000000, -1.000000000000000000 ) ) ;
#896 = EDGE_CURVE ( 'NONE', #3332, #3972, #1957, .T. ) ;
#897 = AXIS2_PLACEMENT_3D ( 'NONE', #734, #770, #147 ) ;
#898 = ADVANCED_FACE ( 'NONE', ( #2631 ), #792, .F. ) ;
#899 = ORIENTED_EDGE ( 'NONE', *, *, #2067, .T. ) ;
#900 = CIRCLE ( 'NONE', #1736, 0.5000000000000004441 ) ;
#901 = ORIENTED_EDGE ( 'NONE', *, *, #580, .F. ) ;
#902 = LINE ( 'NONE', #1448, #2055 ) ;
#903 = EDGE_CURVE ( 'NONE', #628, #2041, #3115, .T. ) ;
#904 = ORIENTED_EDGE ( 'NONE', *, *, #2287, .T. ) ;
#905 = VECTOR ( 'NONE', #1202, 1000.000000000000000 ) ;
#906 = ORIENTED_EDGE ( 'NONE', *, *, #3496, .F. ) ;
#907 = VECTOR ( 'NONE', #1836, 1000.000000000000000 ) ;
#908 = DIRECTION ( 'NONE',  ( 1.000000000000000000, 0.000000000000000000, 0.000000000000000000 ) ) ;
#909 = EDGE_CURVE ( 'NONE', #2087, #4014, #71, .T. ) ;
#910 = LINE ( 'NONE', #1238, #175 ) ;
#911 = EDGE_LOOP ( 'NONE', ( #2958, #3023, #945, #899 ) ) ;
#912 = AXIS2_PLACEMENT_3D ( 'NONE', #3059, #825, #228 ) ;
#913 = CARTESIAN_POINT ( 'NONE',  ( -20.35000000000000142, 2.270000000000000018, 0.000000000000000000 ) ) ;
#914 = CARTESIAN_POINT ( 'NONE',  ( -10.17500000000000071, 9.400000000000000355, 0.000000000000000000 ) ) ;
#915 = AXIS2_PLACEMENT_3D ( 'NONE', #3429, #3118, #311 ) ;
#916 = CARTESIAN_POINT ( 'NONE',  ( -13.95000000000000107, 9.700000000000001066, 6.000000000000000000 ) ) ;
#917 = CIRCLE ( 'NONE', #780, 1.500000000000390799 ) ;
#918 = ORIENTED_EDGE ( 'NONE', *, *, #1991, .F. ) ;
#919 = LINE ( 'NONE', #3415, #1822 ) ;
#920 = CARTESIAN_POINT ( 'NONE',  ( 18.59999999999999787, 1.270000000000000018, 0.000000000000000000 ) ) ;
#921 = CARTESIAN_POINT ( 'NONE',  ( -1.750000000000000000, -2.399999999999999911, 0.000000000000000000 ) ) ;
#922 = CIRCLE ( 'NONE', #2611, 1.500000000000390799 ) ;
#923 = ORIENTED_EDGE ( 'NONE', *, *, #882, .F. ) ;
#924 = AXIS2_PLACEMENT_3D ( 'NONE', #2081, #216, #814 ) ;
#925 = ORIENTED_EDGE ( 'NONE', *, *, #2624, .T. ) ;
#926 = CARTESIAN_POINT ( 'NONE',  ( 20.35000000000000142, 10.20000000000000107, 0.000000000000000000 ) ) ;
#927 = ORIENTED_EDGE ( 'NONE', *, *, #396, .F. ) ;
#928 = EDGE_CURVE ( 'NONE', #2951, #3466, #712, .T. ) ;
#929 = ORIENTED_EDGE ( 'NONE', *, *, #1327, .T. ) ;
#930 = CARTESIAN_POINT ( 'NONE',  ( 18.59999999999999787, 3.810000000000000053, -1.199999999999999956 ) ) ;
#931 = DIRECTION ( 'NONE',  ( 0.000000000000000000, 0.000000000000000000, -1.000000000000000000 ) ) ;
#932 = ORIENTED_EDGE ( 'NONE', *, *, #2365, .F. ) ;
#933 = ADVANCED_FACE ( 'NONE', ( #2897 ), #1041, .F. ) ;
#934 = EDGE_CURVE ( 'NONE', #266, #3017, #3637, .T. ) ;
#935 = PLANE ( 'NONE',  #2745 ) ;
#936 = CARTESIAN_POINT ( 'NONE',  ( -1.396446609406726047, -2.253553390593273420, 0.000000000000000000 ) ) ;
#937 = LINE ( 'NONE', #1599, #2932 ) ;
#938 = EDGE_LOOP ( 'NONE', ( #2049, #239, #2221, #1301 ) ) ;
#939 = DIRECTION ( 'NONE',  ( 0.000000000000000000, -1.000000000000000000, 0.000000000000000000 ) ) ;
#940 = DIRECTION ( 'NONE',  ( -1.000000000000000000, -3.942553354492742052E-16, 0.000000000000000000 ) ) ;
#941 = CARTESIAN_POINT ( 'NONE',  ( -19.05825756949559846, 2.810000000000000053, 0.000000000000000000 ) ) ;
#942 = ORIENTED_EDGE ( 'NONE', *, *, #2843, .F. ) ;
#943 = ORIENTED_EDGE ( 'NONE', *, *, #3571, .T. ) ;
#944 = VERTEX_POINT ( 'NONE', #752 ) ;
#945 = ORIENTED_EDGE ( 'NONE', *, *, #3079, .T. ) ;
#946 = CARTESIAN_POINT ( 'NONE',  ( -18.59999999986210284, -6.399999999999620215, -0.2000000000000000111 ) ) ;
#947 = DIRECTION ( 'NONE',  ( 1.000000000000000000, 0.000000000000000000, 0.000000000000000000 ) ) ;
#948 = ORIENTED_EDGE ( 'NONE', *, *, #3446, .F. ) ;
#949 = EDGE_CURVE ( 'NONE', #3074, #2491, #496, .T. ) ;
#950 = CARTESIAN_POINT ( 'NONE',  ( -18.72499999999999787, 7.900000000000000355, -0.2000000000000000111 ) ) ;
#951 = CARTESIAN_POINT ( 'NONE',  ( 9.529128784747799230, 2.270000000000000018, 0.000000000000000000 ) ) ;
#952 = CYLINDRICAL_SURFACE ( 'NONE', #652, 1.500000000000389244 ) ;
#953 = ADVANCED_FACE ( 'NONE', ( #1685, #2375 ), #3019, .T. ) ;
#954 = CARTESIAN_POINT ( 'NONE',  ( 20.35000000000000142, 6.400000000000000355, -0.2000000000000000111 ) ) ;
#955 = ORIENTED_EDGE ( 'NONE', *, *, #1873, .F. ) ;
#956 = DIRECTION ( 'NONE',  ( 0.000000000000000000, 0.000000000000000000, -1.000000000000000000 ) ) ;
#957 = CARTESIAN_POINT ( 'NONE',  ( -1.250000000000000000, 9.700000000000001066, 0.000000000000000000 ) ) ;
#958 = DIRECTION ( 'NONE',  ( 0.000000000000000000, 0.000000000000000000, 1.000000000000000000 ) ) ;
#959 = ADVANCED_FACE ( 'NONE', ( #809 ), #3064, .F. ) ;
#960 = CIRCLE ( 'NONE', #1989, 1.499999999999999556 ) ;
#961 = VERTEX_POINT ( 'NONE', #3370 ) ;
#962 = ORIENTED_EDGE ( 'NONE', *, *, #2629, .F. ) ;
#963 = CARTESIAN_POINT ( 'NONE',  ( -18.60000107590619933, 9.399999999999618439, -0.2000000000000000111 ) ) ;
#964 = VECTOR ( 'NONE', #2688, 1000.000000000000000 ) ;
#965 = ORIENTED_EDGE ( 'NONE', *, *, #221, .F. ) ;
#966 = VECTOR ( 'NONE', #1530, 1000.000000000000000 ) ;
#967 = CARTESIAN_POINT ( 'NONE',  ( -20.35000000000000142, -6.400000000000000355, 0.000000000000000000 ) ) ;
#968 = DIRECTION ( 'NONE',  ( -1.000000000000000000, -2.363561996277350131E-15, 0.000000000000000000 ) ) ;
#969 = VECTOR ( 'NONE', #1315, 1000.000000000000000 ) ;
#970 = VERTEX_POINT ( 'NONE', #1461 ) ;
#971 = ADVANCED_BREP_SHAPE_REPRESENTATION ( 'MP3429', ( #1056, #3761, #2878 ), #1436 ) ;
#972 = VECTOR ( 'NONE', #131, 1000.000000000000000 ) ;
#973 = LINE ( 'NONE', #3172, #987 ) ;
#974 = LINE ( 'NONE', #4041, #905 ) ;
#975 = CARTESIAN_POINT ( 'NONE',  ( 19.05825756949559846, -0.2700000000000000178, 0.000000000000000000 ) ) ;
#976 = VECTOR ( 'NONE', #3569, 1000.000000000000000 ) ;
#977 = FACE_OUTER_BOUND ( 'NONE', #3547, .T. ) ;
#978 = ADVANCED_FACE ( 'NONE', ( #1207 ), #2707, .F. ) ;
#979 = CIRCLE ( 'NONE', #2076, 0.5000000000000004441 ) ;
#980 = VERTEX_POINT ( 'NONE', #498 ) ;
#981 = DIRECTION ( 'NONE',  ( 0.000000000000000000, -1.000000000000000000, 0.000000000000000000 ) ) ;
#982 = DIRECTION ( 'NONE',  ( -0.000000000000000000, 1.000000000000000000, 0.000000000000000000 ) ) ;
#983 = VECTOR ( 'NONE', #1567, 1000.000000000000000 ) ;
#984 = ORIENTED_EDGE ( 'NONE', *, *, #850, .F. ) ;
#985 = EDGE_CURVE ( 'NONE', #2170, #98, #1512, .T. ) ;
#986 = ORIENTED_EDGE ( 'NONE', *, *, #1210, .F. ) ;
#987 = VECTOR ( 'NONE', #370, 1000.000000000000000 ) ;
#988 = DIRECTION ( 'NONE',  ( 0.000000000000000000, 0.000000000000000000, 1.000000000000000000 ) ) ;
#989 = VERTEX_POINT ( 'NONE', #857 ) ;
#990 = FACE_OUTER_BOUND ( 'NONE', #3631, .T. ) ;
#991 = CARTESIAN_POINT ( 'NONE',  ( 20.35000000000000142, 2.270000000000000018, 0.000000000000000000 ) ) ;
#992 = ORIENTED_EDGE ( 'NONE', *, *, #779, .F. ) ;
#993 = LINE ( 'NONE', #309, #3137 ) ;
#994 = CARTESIAN_POINT ( 'NONE',  ( 20.35000000000000142, 3.194999999999999840, -0.2000000000000000111 ) ) ;
#995 = CARTESIAN_POINT ( 'NONE',  ( 20.35000000000000142, 5.734999999999999432, -0.2000000000000000111 ) ) ;
#996 = DIRECTION ( 'NONE',  ( 0.000000000000000000, 0.000000000000000000, 1.000000000000000000 ) ) ;
#997 = ORIENTED_EDGE ( 'NONE', *, *, #821, .T. ) ;
#998 = DIRECTION ( 'NONE',  ( 0.000000000000000000, 0.000000000000000000, -1.000000000000000000 ) ) ;
#999 = CARTESIAN_POINT ( 'NONE',  ( -18.72499999999999787, -7.900000000000000355, -0.2000000000000000111 ) ) ;
#1000 = PLANE ( 'NONE',  #1557 ) ;
#1001 = ORIENTED_EDGE ( 'NONE', *, *, #677, .F. ) ;
#1002 = LINE ( 'NONE', #2555, #2453 ) ;
#1003 = VERTEX_POINT ( 'NONE', #1785 ) ;
#1004 = EDGE_CURVE ( 'NONE', #2548, #1141, #3570, .T. ) ;
#1005 = CARTESIAN_POINT ( 'NONE',  ( -9.299999999999998934, 6.400000000000000355, 0.000000000000000000 ) ) ;
#1006 = CARTESIAN_POINT ( 'NONE',  ( 18.60000107604399844, 9.400000000000000355, 0.000000000000000000 ) ) ;
#1007 = ORIENTED_EDGE ( 'NONE', *, *, #3654, .F. ) ;
#1008 = EDGE_CURVE ( 'NONE', #1047, #3042, #3612, .T. ) ;
#1009 = DIRECTION ( 'NONE',  ( 0.000000000000000000, -1.000000000000000000, 0.000000000000000000 ) ) ;
#1010 = DIRECTION ( 'NONE',  ( 0.000000000000000000, 1.000000000000000000, 0.000000000000000000 ) ) ;
#1011 = ORIENTED_EDGE ( 'NONE', *, *, #2618, .F. ) ;
#1012 = CARTESIAN_POINT ( 'NONE',  ( -18.60000107604399844, -9.400000000000000355, 0.000000000000000000 ) ) ;
#1013 = EDGE_LOOP ( 'NONE', ( #1838, #1195, #2554, #3437 ) ) ;
#1014 = DIRECTION ( 'NONE',  ( 0.000000000000000000, 1.000000000000000000, 0.000000000000000000 ) ) ;
#1015 = FACE_OUTER_BOUND ( 'NONE', #471, .T. ) ;
#1016 = DIRECTION ( 'NONE',  ( -9.251858538542973800E-15, 1.000000000000000000, 0.000000000000000000 ) ) ;
#1017 = ORIENTED_EDGE ( 'NONE', *, *, #1918, .T. ) ;
#1018 = PLANE ( 'NONE',  #2261 ) ;
#1019 = EDGE_CURVE ( 'NONE', #3882, #28, #634, .T. ) ;
#1020 = CIRCLE ( 'NONE', #27, 0.5000000000000004441 ) ;
#1021 = EDGE_LOOP ( 'NONE', ( #2428, #2783, #1199, #2432 ) ) ;
#1022 = AXIS2_PLACEMENT_3D ( 'NONE', #159, #1435, #3012 ) ;
#1023 = EDGE_CURVE ( 'NONE', #3499, #61, #2976, .T. ) ;
#1024 = LINE ( 'NONE', #1706, #1151 ) ;
#1025 = DIRECTION ( 'NONE',  ( 0.9999999999999356071, -3.587272897712095716E-07, 0.000000000000000000 ) ) ;
#1026 = VERTEX_POINT ( 'NONE', #2999 ) ;
#1027 = CIRCLE ( 'NONE', #2058, 0.5000000000000000000 ) ;
#1028 = EDGE_CURVE ( 'NONE', #1746, #3615, #3942, .T. ) ;
#1029 = AXIS2_PLACEMENT_3D ( 'NONE', #535, #185, #2111 ) ;
#1030 = DIRECTION ( 'NONE',  ( 0.000000000000000000, 0.000000000000000000, -1.000000000000000000 ) ) ;
#1031 = DIRECTION ( 'NONE',  ( 1.000000000000000000, 6.344135470183149646E-16, 0.000000000000000000 ) ) ;
#1032 = ORIENTED_EDGE ( 'NONE', *, *, #1189, .F. ) ;
#1033 = AXIS2_PLACEMENT_3D ( 'NONE', #1885, #3697, #1219 ) ;
#1034 = VERTEX_POINT ( 'NONE', #1810 ) ;
#1035 = CARTESIAN_POINT ( 'NONE',  ( -18.60000107604399844, -9.400000000000000355, 0.000000000000000000 ) ) ;
#1036 = SHAPE_DEFINITION_REPRESENTATION ( #2472, #971 ) ;
#1037 = CARTESIAN_POINT ( 'NONE',  ( -18.92500000000000071, -3.810000000000000053, -0.2000000000000000111 ) ) ;
#1038 = AXIS2_PLACEMENT_3D ( 'NONE', #651, #1870, #1247 ) ;
#1039 = DIRECTION ( 'NONE',  ( -0.7071067811865455743, -0.7071067811865494601, 0.000000000000000000 ) ) ;
#1040 = ORIENTED_EDGE ( 'NONE', *, *, #4049, .F. ) ;
#1041 = CYLINDRICAL_SURFACE ( 'NONE', #2913, 1.100000000000000311 ) ;
#1042 = VECTOR ( 'NONE', #3509, 1000.000000000000000 ) ;
#1043 = ORIENTED_EDGE ( 'NONE', *, *, #1060, .T. ) ;
#1044 = AXIS2_PLACEMENT_3D ( 'NONE', #2626, #1967, #3878 ) ;
#1045 = DIRECTION ( 'NONE',  ( 0.000000000000000000, 0.000000000000000000, -1.000000000000000000 ) ) ;
#1046 = DIRECTION ( 'NONE',  ( 0.000000000000000000, 0.000000000000000000, -1.000000000000000000 ) ) ;
#1047 = VERTEX_POINT ( 'NONE', #894 ) ;
#1048 = EDGE_LOOP ( 'NONE', ( #2687, #1217, #170, #213 ) ) ;
#1049 = EDGE_CURVE ( 'NONE', #25, #828, #632, .T. ) ;
#1050 = CARTESIAN_POINT ( 'NONE',  ( -19.05825756949559846, -2.270000000000000018, -0.2000000000000000111 ) ) ;
#1051 = DIRECTION ( 'NONE',  ( 0.000000000000000000, 0.000000000000000000, -1.000000000000000000 ) ) ;
#1052 = ORIENTED_EDGE ( 'NONE', *, *, #1054, .F. ) ;
#1053 = DIRECTION ( 'NONE',  ( 0.000000000000000000, 0.000000000000000000, 1.000000000000000000 ) ) ;
#1054 = EDGE_CURVE ( 'NONE', #1063, #1459, #1154, .T. ) ;
#1055 = EDGE_CURVE ( 'NONE', #1684, #1796, #3329, .T. ) ;
#1056 = MANIFOLD_SOLID_BREP ( 'Body1[1]', #3767 ) ;
#1057 = ORIENTED_EDGE ( 'NONE', *, *, #1471, .T. ) ;
#1058 = CARTESIAN_POINT ( 'NONE',  ( -1.750000000000000000, -2.399999999999999911, 6.000000000000000000 ) ) ;
#1059 = LINE ( 'NONE', #127, #177 ) ;
#1060 = EDGE_CURVE ( 'NONE', #1425, #828, #167, .T. ) ;
#1061 = ORIENTED_EDGE ( 'NONE', *, *, #217, .T. ) ;
#1062 = DIRECTION ( 'NONE',  ( 1.000000000000000000, 0.000000000000000000, 0.000000000000000000 ) ) ;
#1063 = VERTEX_POINT ( 'NONE', #3146 ) ;
#1064 = LINE ( 'NONE', #1992, #3634 ) ;
#1065 = PLANE ( 'NONE',  #1374 ) ;
#1066 = EDGE_LOOP ( 'NONE', ( #1756, #2633, #2559, #121 ) ) ;
#1067 = CARTESIAN_POINT ( 'NONE',  ( -20.35000000000000142, -1.770000000000000018, -1.199999999999999956 ) ) ;
#1068 = FACE_OUTER_BOUND ( 'NONE', #2903, .T. ) ;
#1069 = ADVANCED_FACE ( 'NONE', ( #670 ), #3762, .F. ) ;
#1070 = ORIENTED_EDGE ( 'NONE', *, *, #2624, .F. ) ;
#1071 = LINE ( 'NONE', #2641, #756 ) ;
#1072 = VERTEX_POINT ( 'NONE', #2222 ) ;
#1073 = FACE_BOUND ( 'NONE', #883, .T. ) ;
#1074 = EDGE_CURVE ( 'NONE', #1837, #2087, #2130, .T. ) ;
#1075 = DIRECTION ( 'NONE',  ( 0.000000000000000000, 0.000000000000000000, 1.000000000000000000 ) ) ;
#1076 = LINE ( 'NONE', #1984, #248 ) ;
#1077 = ORIENTED_EDGE ( 'NONE', *, *, #2190, .T. ) ;
#1078 = EDGE_CURVE ( 'NONE', #1619, #2099, #1246, .T. ) ;
#1079 = DIRECTION ( 'NONE',  ( -6.344135470183149646E-16, 1.000000000000000000, 0.000000000000000000 ) ) ;
#1080 = DIRECTION ( 'NONE',  ( 1.000000000000000000, 0.000000000000000000, 0.000000000000000000 ) ) ;
#1081 = PLANE ( 'NONE',  #4027 ) ;
#1082 = CARTESIAN_POINT ( 'NONE',  ( 20.35000000000000142, -10.20000000000000107, -1.199999999999999956 ) ) ;
#1083 = VECTOR ( 'NONE', #1278, 1000.000000000000000 ) ;
#1084 =( NAMED_UNIT ( * ) PLANE_ANGLE_UNIT ( ) SI_UNIT ( $, .RADIAN. ) );
#1085 = ORIENTED_EDGE ( 'NONE', *, *, #2823, .F. ) ;
#1086 = CIRCLE ( 'NONE', #1866, 0.4999999999999994449 ) ;
#1087 = CARTESIAN_POINT ( 'NONE',  ( -20.35000000000000142, 10.20000000000000107, 0.000000000000000000 ) ) ;
#1088 = FACE_OUTER_BOUND ( 'NONE', #2820, .T. ) ;
#1089 = AXIS2_PLACEMENT_3D ( 'NONE', #1101, #130, #1385 ) ;
#1090 = ORIENTED_EDGE ( 'NONE', *, *, #2823, .T. ) ;
#1091 = DIRECTION ( 'NONE',  ( 0.000000000000000000, -1.000000000000000000, 0.000000000000000000 ) ) ;
#1092 = CIRCLE ( 'NONE', #1995, 1.500000000000390799 ) ;
#1093 = EDGE_LOOP ( 'NONE', ( #2984, #2008, #2234, #1723 ) ) ;
#1094 = CARTESIAN_POINT ( 'NONE',  ( -20.35000000000000142, 0.7699999999999999067, -1.199999999999999956 ) ) ;
#1095 = DIRECTION ( 'NONE',  ( 0.000000000000000000, -1.000000000000000000, 0.000000000000000000 ) ) ;
#1096 = CARTESIAN_POINT ( 'NONE',  ( -13.95000000000000107, -1.899999999999999911, 6.000000000000000000 ) ) ;
#1097 = VECTOR ( 'NONE', #2966, 1000.000000000000000 ) ;
#1098 = EDGE_CURVE ( 'NONE', #1447, #3233, #2776, .T. ) ;
#1099 = VECTOR ( 'NONE', #2423, 1000.000000000000000 ) ;
#1100 = ORIENTED_EDGE ( 'NONE', *, *, #580, .T. ) ;
#1101 = CARTESIAN_POINT ( 'NONE',  ( 18.59999999999999787, 3.810000000000000053, 0.000000000000000000 ) ) ;
#1102 = CARTESIAN_POINT ( 'NONE',  ( -19.05825756949559846, -4.809999999999999609, 0.000000000000000000 ) ) ;
#1103 = ORIENTED_EDGE ( 'NONE', *, *, #2927, .T. ) ;
#1104 = VECTOR ( 'NONE', #3679, 1000.000000000000000 ) ;
#1105 = EDGE_CURVE ( 'NONE', #1475, #2429, #2457, .T. ) ;
#1106 = VECTOR ( 'NONE', #561, 1000.000000000000000 ) ;
#1107 = CARTESIAN_POINT ( 'NONE',  ( 20.35000000000000142, 7.004999999999999893, -0.2000000000000000111 ) ) ;
#1108 = CARTESIAN_POINT ( 'NONE',  ( 18.59999999999999787, 7.900000000000000355, 0.000000000000000000 ) ) ;
#1109 = ORIENTED_EDGE ( 'NONE', *, *, #13, .T. ) ;
#1110 = VECTOR ( 'NONE', #3830, 1000.000000000000000 ) ;
#1111 = LINE ( 'NONE', #1997, #1430 ) ;
#1112 = DIRECTION ( 'NONE',  ( 1.000000000000000000, 0.000000000000000000, 0.000000000000000000 ) ) ;
#1113 = AXIS2_PLACEMENT_3D ( 'NONE', #1919, #3480, #2149 ) ;
#1114 = ORIENTED_EDGE ( 'NONE', *, *, #112, .T. ) ;
#1115 = DIRECTION ( 'NONE',  ( -1.000000000000000000, -3.942553354492742052E-16, 0.000000000000000000 ) ) ;
#1116 = VECTOR ( 'NONE', #1960, 1000.000000000000000 ) ;
#1117 = CARTESIAN_POINT ( 'NONE',  ( -18.60000107590619933, 9.399999999999618439, 0.000000000000000000 ) ) ;
#1118 = DIRECTION ( 'NONE',  ( 0.000000000000000000, 1.000000000000000000, 0.000000000000000000 ) ) ;
#1119 = ORIENTED_EDGE ( 'NONE', *, *, #2618, .T. ) ;
#1120 = FILL_AREA_STYLE_COLOUR ( '', #1803 ) ;
#1121 = DIRECTION ( 'NONE',  ( 0.000000000000000000, 1.000000000000000000, 0.000000000000000000 ) ) ;
#1122 = ADVANCED_FACE ( 'NONE', ( #340 ), #1283, .F. ) ;
#1123 = ORIENTED_EDGE ( 'NONE', *, *, #1258, .F. ) ;
#1124 = ORIENTED_EDGE ( 'NONE', *, *, #2123, .T. ) ;
#1125 = DIRECTION ( 'NONE',  ( 0.000000000000000000, 0.000000000000000000, -1.000000000000000000 ) ) ;
#1126 = DIRECTION ( 'NONE',  ( 0.000000000000000000, 1.000000000000000000, 0.000000000000000000 ) ) ;
#1127 = EDGE_CURVE ( 'NONE', #3508, #751, #2178, .T. ) ;
#1128 = EDGE_LOOP ( 'NONE', ( #538, #1714, #3156, #1032, #1250, #115, #1380 ) ) ;
#1129 = CARTESIAN_POINT ( 'NONE',  ( -18.59999999999999787, -7.900000000000000355, 0.000000000000000000 ) ) ;
#1130 = EDGE_CURVE ( 'NONE', #1072, #2122, #830, .T. ) ;
#1131 = CARTESIAN_POINT ( 'NONE',  ( -19.05825756949559846, -2.810000000000000053, 0.000000000000000000 ) ) ;
#1132 = VERTEX_POINT ( 'NONE', #1605 ) ;
#1133 = CARTESIAN_POINT ( 'NONE',  ( -20.35000000000000142, 4.809999999999999609, 0.000000000000000000 ) ) ;
#1134 = DIRECTION ( 'NONE',  ( 0.000000000000000000, 0.000000000000000000, 1.000000000000000000 ) ) ;
#1135 = CARTESIAN_POINT ( 'NONE',  ( -20.35000000000000142, -3.810000000000000053, -1.199999999999999956 ) ) ;
#1136 = CARTESIAN_POINT ( 'NONE',  ( -17.49999999999999645, -3.810000000000000053, 0.000000000000000000 ) ) ;
#1137 = ORIENTED_EDGE ( 'NONE', *, *, #1394, .F. ) ;
#1138 = CARTESIAN_POINT ( 'NONE',  ( -18.92500000000000071, 1.270000000000000018, -0.2000000000000000111 ) ) ;
#1139 = DIRECTION ( 'NONE',  ( 0.000000000000000000, 0.000000000000000000, 1.000000000000000000 ) ) ;
#1140 = VERTEX_POINT ( 'NONE', #2527 ) ;
#1141 = VERTEX_POINT ( 'NONE', #1869 ) ;
#1142 = EDGE_CURVE ( 'NONE', #3376, #1837, #2853, .T. ) ;
#1143 = DIRECTION ( 'NONE',  ( 0.000000000000000000, 1.000000000000000000, 0.000000000000000000 ) ) ;
#1144 = CARTESIAN_POINT ( 'NONE',  ( -19.09999999999999787, -3.810000000000000053, -1.199999999999999956 ) ) ;
#1145 = EDGE_LOOP ( 'NONE', ( #1955, #3557, #141, #3663, #392, #372, #1648 ) ) ;
#1146 = ADVANCED_FACE ( 'NONE', ( #3782 ), #3123, .F. ) ;
#1147 = CIRCLE ( 'NONE', #3892, 0.5000000000000004441 ) ;
#1148 = CARTESIAN_POINT ( 'NONE',  ( 19.05825756949559846, -2.810000000000000053, 0.000000000000000000 ) ) ;
#1149 = CARTESIAN_POINT ( 'NONE',  ( 20.35000000000000142, -2.270000000000000018, 0.000000000000000000 ) ) ;
#1150 = ORIENTED_EDGE ( 'NONE', *, *, #4050, .T. ) ;
#1151 = VECTOR ( 'NONE', #2264, 1000.000000000000000 ) ;
#1152 = LINE ( 'NONE', #1802, #2312 ) ;
#1153 = EDGE_CURVE ( 'NONE', #2330, #519, #2817, .T. ) ;
#1154 = CIRCLE ( 'NONE', #428, 0.5000000000000004441 ) ;
#1155 = CARTESIAN_POINT ( 'NONE',  ( 20.35000000000000142, 4.809999999999999609, 0.000000000000000000 ) ) ;
#1156 = CARTESIAN_POINT ( 'NONE',  ( -20.35000000000000142, -3.310000000000000053, -1.199999999999999956 ) ) ;
#1157 = CARTESIAN_POINT ( 'NONE',  ( 18.59999999986210284, 6.399999999999620215, -0.2000000000000000111 ) ) ;
#1158 = AXIS2_PLACEMENT_3D ( 'NONE', #1438, #2993, #3014 ) ;
#1159 = ORIENTED_EDGE ( 'NONE', *, *, #2492, .T. ) ;
#1160 = CARTESIAN_POINT ( 'NONE',  ( -20.35000000000000142, 10.20000000000000107, 0.000000000000000000 ) ) ;
#1161 = DIRECTION ( 'NONE',  ( 0.000000000000000000, 0.000000000000000000, 1.000000000000000000 ) ) ;
#1162 = AXIS2_PLACEMENT_3D ( 'NONE', #999, #2240, #2876 ) ;
#1163 = DIRECTION ( 'NONE',  ( 0.000000000000000000, 0.000000000000000000, 1.000000000000000000 ) ) ;
#1164 = VERTEX_POINT ( 'NONE', #3 ) ;
#1165 = ORIENTED_EDGE ( 'NONE', *, *, #1985, .F. ) ;
#1166 = AXIS2_PLACEMENT_3D ( 'NONE', #1848, #1562, #271 ) ;
#1167 = ORIENTED_EDGE ( 'NONE', *, *, #2760, .T. ) ;
#1168 = CARTESIAN_POINT ( 'NONE',  ( -20.35000000000000142, 2.270000000000000018, 0.000000000000000000 ) ) ;
#1169 = CARTESIAN_POINT ( 'NONE',  ( 20.35000000000000142, -1.770000000000000018, 0.000000000000000000 ) ) ;
#1170 = AXIS2_PLACEMENT_3D ( 'NONE', #3943, #895, #875 ) ;
#1171 = EDGE_LOOP ( 'NONE', ( #2717, #2709, #3068, #4045, #347, #1235, #1734 ) ) ;
#1172 = VECTOR ( 'NONE', #3777, 1000.000000000000000 ) ;
#1173 = ORIENTED_EDGE ( 'NONE', *, *, #725, .F. ) ;
#1174 = CYLINDRICAL_SURFACE ( 'NONE', #3468, 0.5000000000000002220 ) ;
#1175 = PLANE ( 'NONE',  #3841 ) ;
#1176 = ORIENTED_EDGE ( 'NONE', *, *, #3296, .T. ) ;
#1177 = CIRCLE ( 'NONE', #3400, 0.5000000000000000000 ) ;
#1178 = DIRECTION ( 'NONE',  ( 1.000000000000000000, 1.718954179110800024E-15, 0.000000000000000000 ) ) ;
#1179 = VECTOR ( 'NONE', #59, 1000.000000000000000 ) ;
#1180 = FACE_BOUND ( 'NONE', #3495, .T. ) ;
#1181 = DIRECTION ( 'NONE',  ( 0.4165977904505300256, 0.9090909090909095047, 0.000000000000000000 ) ) ;
#1182 = ADVANCED_FACE ( 'NONE', ( #2506 ), #1303, .T. ) ;
#1183 = LINE ( 'NONE', #2094, #2861 ) ;
#1184 = ORIENTED_EDGE ( 'NONE', *, *, #2923, .T. ) ;
#1185 = CARTESIAN_POINT ( 'NONE',  ( 20.35000000000000142, 10.20000000000000107, 0.000000000000000000 ) ) ;
#1186 = AXIS2_PLACEMENT_3D ( 'NONE', #281, #3091, #2874 ) ;
#1187 = CARTESIAN_POINT ( 'NONE',  ( 19.09999999999999787, 1.270000000000000018, 0.000000000000000000 ) ) ;
#1188 = DIRECTION ( 'NONE',  ( -0.7071067811865455743, -0.7071067811865494601, 0.000000000000000000 ) ) ;
#1189 = EDGE_CURVE ( 'NONE', #2613, #98, #1092, .T. ) ;
#1190 = DIRECTION ( 'NONE',  ( -1.000000000000000000, 0.000000000000000000, 0.000000000000000000 ) ) ;
#1191 = ORIENTED_EDGE ( 'NONE', *, *, #3275, .T. ) ;
#1192 = ORIENTED_EDGE ( 'NONE', *, *, #3203, .F. ) ;
#1193 = LINE ( 'NONE', #3356, #759 ) ;
#1194 = CARTESIAN_POINT ( 'NONE',  ( 20.35000000000000142, -3.810000000000000053, -1.199999999999999956 ) ) ;
#1195 = ORIENTED_EDGE ( 'NONE', *, *, #2318, .F. ) ;
#1196 = ORIENTED_EDGE ( 'NONE', *, *, #654, .F. ) ;
#1197 = DIRECTION ( 'NONE',  ( 0.000000000000000000, 0.000000000000000000, 1.000000000000000000 ) ) ;
#1198 = CARTESIAN_POINT ( 'NONE',  ( 20.35000000000000142, 6.400000000000000355, 0.000000000000000000 ) ) ;
#1199 = ORIENTED_EDGE ( 'NONE', *, *, #3805, .T. ) ;
#1200 = DIRECTION ( 'NONE',  ( 0.000000000000000000, 0.000000000000000000, -1.000000000000000000 ) ) ;
#1201 = EDGE_CURVE ( 'NONE', #854, #1132, #3416, .T. ) ;
#1202 = DIRECTION ( 'NONE',  ( 0.000000000000000000, 0.000000000000000000, -1.000000000000000000 ) ) ;
#1203 = CARTESIAN_POINT ( 'NONE',  ( 17.49999999999999645, -1.270000000000000462, -0.2000000000000000111 ) ) ;
#1204 = EDGE_CURVE ( 'NONE', #303, #2806, #606, .T. ) ;
#1205 = ORIENTED_EDGE ( 'NONE', *, *, #19, .F. ) ;
#1206 = CARTESIAN_POINT ( 'NONE',  ( -20.35000000000000142, 4.309999999999999609, -0.2000000000000000111 ) ) ;
#1207 = FACE_OUTER_BOUND ( 'NONE', #3318, .T. ) ;
#1208 = DIRECTION ( 'NONE',  ( 0.000000000000000000, 0.000000000000000000, 1.000000000000000000 ) ) ;
#1209 = EDGE_LOOP ( 'NONE', ( #1040, #2164, #3414, #2096 ) ) ;
#1210 = EDGE_CURVE ( 'NONE', #43, #2970, #2723, .T. ) ;
#1211 = VERTEX_POINT ( 'NONE', #2566 ) ;
#1212 = CARTESIAN_POINT ( 'NONE',  ( -19.09999999999999787, 3.810000000000000053, 0.000000000000000000 ) ) ;
#1213 = EDGE_LOOP ( 'NONE', ( #2740, #24, #2954, #1522 ) ) ;
#1214 = EDGE_LOOP ( 'NONE', ( #3488, #283, #3575, #1545 ) ) ;
#1215 = CARTESIAN_POINT ( 'NONE',  ( -20.35000000000000142, 10.20000000000000107, -1.199999999999999956 ) ) ;
#1216 = PLANE ( 'NONE',  #2731 ) ;
#1217 = ORIENTED_EDGE ( 'NONE', *, *, #618, .F. ) ;
#1218 = DIRECTION ( 'NONE',  ( 0.000000000000000000, 1.000000000000000000, 0.000000000000000000 ) ) ;
#1219 = DIRECTION ( 'NONE',  ( 1.000000000000000000, 0.000000000000000000, 0.000000000000000000 ) ) ;
#1220 = VECTOR ( 'NONE', #2424, 1000.000000000000000 ) ;
#1221 = DIRECTION ( 'NONE',  ( 0.000000000000000000, 0.000000000000000000, -1.000000000000000000 ) ) ;
#1222 = CIRCLE ( 'NONE', #1476, 0.5000000000000004441 ) ;
#1223 = ORIENTED_EDGE ( 'NONE', *, *, #697, .T. ) ;
#1224 = LINE ( 'NONE', #4046, #3523 ) ;
#1225 = CARTESIAN_POINT ( 'NONE',  ( -10.17500000000000071, -6.400000000000000355, 0.000000000000000000 ) ) ;
#1226 = DIRECTION ( 'NONE',  ( 1.000000000000000000, 0.000000000000000000, 0.000000000000000000 ) ) ;
#1227 = CIRCLE ( 'NONE', #34, 0.5000000000000004441 ) ;
#1228 = EDGE_CURVE ( 'NONE', #3656, #675, #3218, .T. ) ;
#1229 = EDGE_LOOP ( 'NONE', ( #735, #1371, #1889, #3037, #1934, #984, #769, #3640, #424, #3410, #2828, #2762 ) ) ;
#1230 = AXIS2_PLACEMENT_3D ( 'NONE', #3957, #1716, #492 ) ;
#1231 = ORIENTED_EDGE ( 'NONE', *, *, #603, .F. ) ;
#1232 = CARTESIAN_POINT ( 'NONE',  ( -17.49999999999999645, 3.810000000000000053, 0.000000000000000000 ) ) ;
#1233 = EDGE_CURVE ( 'NONE', #1924, #4053, #3552, .T. ) ;
#1234 = VERTEX_POINT ( 'NONE', #3262 ) ;
#1235 = ORIENTED_EDGE ( 'NONE', *, *, #3238, .F. ) ;
#1236 = CIRCLE ( 'NONE', #2598, 0.4999999999999995559 ) ;
#1237 = DIRECTION ( 'NONE',  ( -1.000000000000000000, 1.718954179110800024E-15, 0.000000000000000000 ) ) ;
#1238 = CARTESIAN_POINT ( 'NONE',  ( -19.05825756949559846, 2.810000000000000053, 0.000000000000000000 ) ) ;
#1239 = ORIENTED_EDGE ( 'NONE', *, *, #1153, .T. ) ;
#1240 = CARTESIAN_POINT ( 'NONE',  ( -17.10000000000009379, 7.900000537953087765, 0.000000000000000000 ) ) ;
#1241 = DIRECTION ( 'NONE',  ( 0.000000000000000000, 0.000000000000000000, 1.000000000000000000 ) ) ;
#1242 = CYLINDRICAL_SURFACE ( 'NONE', #583, 0.4999999999999994449 ) ;
#1243 = AXIS2_PLACEMENT_3D ( 'NONE', #1978, #3228, #426 ) ;
#1244 = ORIENTED_EDGE ( 'NONE', *, *, #800, .T. ) ;
#1245 = DIRECTION ( 'NONE',  ( 0.000000000000000000, 0.000000000000000000, 1.000000000000000000 ) ) ;
#1246 = LINE ( 'NONE', #3474, #2591 ) ;
#1247 = DIRECTION ( 'NONE',  ( 1.000000000000000000, -2.363561996277350131E-15, 0.000000000000000000 ) ) ;
#1248 = AXIS2_PLACEMENT_3D ( 'NONE', #329, #54, #3168 ) ;
#1249 = ORIENTED_EDGE ( 'NONE', *, *, #3056, .F. ) ;
#1250 = ORIENTED_EDGE ( 'NONE', *, *, #1627, .F. ) ;
#1251 = CARTESIAN_POINT ( 'NONE',  ( -13.95000000000000107, 9.700000000000001066, 0.000000000000000000 ) ) ;
#1252 = ORIENTED_EDGE ( 'NONE', *, *, #488, .T. ) ;
#1253 = ADVANCED_FACE ( 'NONE', ( #1321, #3863 ), #2583, .T. ) ;
#1254 = ORIENTED_EDGE ( 'NONE', *, *, #674, .T. ) ;
#1255 = CARTESIAN_POINT ( 'NONE',  ( 18.59999999999999787, -6.400000000000000355, 0.000000000000000000 ) ) ;
#1256 = DIRECTION ( 'NONE',  ( 1.000000000000000000, 0.000000000000000000, 0.000000000000000000 ) ) ;
#1257 = ORIENTED_EDGE ( 'NONE', *, *, #773, .F. ) ;
#1258 = EDGE_CURVE ( 'NONE', #2104, #1971, #637, .T. ) ;
#1259 = CARTESIAN_POINT ( 'NONE',  ( -20.35000000000000142, 10.20000000000000107, 0.000000000000000000 ) ) ;
#1260 = FACE_BOUND ( 'NONE', #3452, .T. ) ;
#1261 = CARTESIAN_POINT ( 'NONE',  ( -20.35000000000000142, 2.810000000000000053, 0.000000000000000000 ) ) ;
#1262 = CARTESIAN_POINT ( 'NONE',  ( -20.35000000000000142, 0.7699999999999999067, 0.000000000000000000 ) ) ;
#1263 = ORIENTED_EDGE ( 'NONE', *, *, #108, .F. ) ;
#1264 = DIRECTION ( 'NONE',  ( -1.000000000000000000, -2.363561996277350131E-15, 0.000000000000000000 ) ) ;
#1265 = DIRECTION ( 'NONE',  ( 0.000000000000000000, -1.000000000000000000, 0.000000000000000000 ) ) ;
#1266 = DIRECTION ( 'NONE',  ( 0.000000000000000000, 0.000000000000000000, -1.000000000000000000 ) ) ;
#1267 = VERTEX_POINT ( 'NONE', #2956 ) ;
#1268 = ORIENTED_EDGE ( 'NONE', *, *, #2649, .F. ) ;
#1269 = DIRECTION ( 'NONE',  ( 0.000000000000000000, 0.000000000000000000, 1.000000000000000000 ) ) ;
#1270 = ORIENTED_EDGE ( 'NONE', *, *, #40, .T. ) ;
#1271 = DIRECTION ( 'NONE',  ( 0.000000000000000000, -1.000000000000000000, 0.000000000000000000 ) ) ;
#1272 = CARTESIAN_POINT ( 'NONE',  ( -18.59999999999999787, 1.270000000000000018, 0.000000000000000000 ) ) ;
#1273 = ORIENTED_EDGE ( 'NONE', *, *, #3346, .F. ) ;
#1274 = EDGE_CURVE ( 'NONE', #4038, #751, #1952, .T. ) ;
#1275 = FACE_OUTER_BOUND ( 'NONE', #3148, .T. ) ;
#1276 = CARTESIAN_POINT ( 'NONE',  ( 18.59999999999999787, -6.400000000000000355, -0.2000000000000000111 ) ) ;
#1277 = CARTESIAN_POINT ( 'NONE',  ( -14.44999999999999929, -2.399999999999999911, 6.000000000000000000 ) ) ;
#1278 = DIRECTION ( 'NONE',  ( -1.000000000000000000, 0.000000000000000000, 0.000000000000000000 ) ) ;
#1279 = ADVANCED_FACE ( 'NONE', ( #1625, #1015 ), #414, .T. ) ;
#1280 = ORIENTED_EDGE ( 'NONE', *, *, #2922, .F. ) ;
#1281 = CIRCLE ( 'NONE', #361, 0.5000000000000004441 ) ;
#1282 = LINE ( 'NONE', #2505, #1042 ) ;
#1283 = CYLINDRICAL_SURFACE ( 'NONE', #499, 1.100000000000000311 ) ;
#1284 = CARTESIAN_POINT ( 'NONE',  ( -20.35000000000000142, -6.400000000000000355, 0.000000000000000000 ) ) ;
#1285 = CIRCLE ( 'NONE', #1801, 0.4999999999999994449 ) ;
#1286 = ORIENTED_EDGE ( 'NONE', *, *, #3300, .T. ) ;
#1287 = VERTEX_POINT ( 'NONE', #1058 ) ;
#1288 = CYLINDRICAL_SURFACE ( 'NONE', #1871, 1.100000000000000311 ) ;
#1289 = AXIS2_PLACEMENT_3D ( 'NONE', #1363, #3573, #1663 ) ;
#1290 = ORIENTED_EDGE ( 'NONE', *, *, #1718, .T. ) ;
#1291 = AXIS2_PLACEMENT_3D ( 'NONE', #824, #2703, #2044 ) ;
#1292 = DIRECTION ( 'NONE',  ( 0.4165977904505300256, 0.9090909090909095047, 0.000000000000000000 ) ) ;
#1293 = DIRECTION ( 'NONE',  ( 1.000000000000000000, 0.000000000000000000, 0.000000000000000000 ) ) ;
#1294 = CIRCLE ( 'NONE', #1811, 0.5000000000000004441 ) ;
#1295 = VERTEX_POINT ( 'NONE', #143 ) ;
#1296 = LINE ( 'NONE', #1240, #3856 ) ;
#1297 = CARTESIAN_POINT ( 'NONE',  ( 20.35000000000000142, -10.20000000000000107, 0.000000000000000000 ) ) ;
#1298 = DIRECTION ( 'NONE',  ( 0.000000000000000000, -1.000000000000000000, 0.000000000000000000 ) ) ;
#1299 = VECTOR ( 'NONE', #872, 1000.000000000000000 ) ;
#1300 = CARTESIAN_POINT ( 'NONE',  ( 19.05825756949559846, -4.809999999999999609, -0.2000000000000000111 ) ) ;
#1301 = ORIENTED_EDGE ( 'NONE', *, *, #4057, .F. ) ;
#1302 = DIRECTION ( 'NONE',  ( 1.000000000000000000, -6.344135470183149646E-16, 0.000000000000000000 ) ) ;
#1303 = PLANE ( 'NONE',  #1807 ) ;
#1304 = DIRECTION ( 'NONE',  ( 0.000000000000000000, 0.000000000000000000, 1.000000000000000000 ) ) ;
#1305 = AXIS2_PLACEMENT_3D ( 'NONE', #3533, #1381, #728 ) ;
#1306 = ORIENTED_EDGE ( 'NONE', *, *, #3321, .T. ) ;
#1307 = EDGE_CURVE ( 'NONE', #714, #25, #3236, .T. ) ;
#1308 = AXIS2_PLACEMENT_3D ( 'NONE', #2185, #4061, #635 ) ;
#1309 = DIRECTION ( 'NONE',  ( 0.000000000000000000, 1.000000000000000000, 0.000000000000000000 ) ) ;
#1310 = ORIENTED_EDGE ( 'NONE', *, *, #1873, .T. ) ;
#1311 = CARTESIAN_POINT ( 'NONE',  ( 17.10000000000009379, -7.900000538022011298, 0.000000000000000000 ) ) ;
#1312 = DIRECTION ( 'NONE',  ( 0.000000000000000000, 1.000000000000000000, 0.000000000000000000 ) ) ;
#1313 = VERTEX_POINT ( 'NONE', #3489 ) ;
#1314 = DIRECTION ( 'NONE',  ( 0.000000000000000000, 0.000000000000000000, -1.000000000000000000 ) ) ;
#1315 = DIRECTION ( 'NONE',  ( 0.000000000000000000, 1.000000000000000000, 0.000000000000000000 ) ) ;
#1316 = ORIENTED_EDGE ( 'NONE', *, *, #2829, .T. ) ;
#1317 = LINE ( 'NONE', #742, #3958 ) ;
#1318 = ADVANCED_FACE ( 'NONE', ( #2911 ), #1969, .F. ) ;
#1319 = EDGE_CURVE ( 'NONE', #1619, #2113, #900, .T. ) ;
#1320 = ORIENTED_EDGE ( 'NONE', *, *, #410, .F. ) ;
#1321 = FACE_BOUND ( 'NONE', #2442, .T. ) ;
#1322 = DIRECTION ( 'NONE',  ( 0.000000000000000000, -1.000000000000000000, 0.000000000000000000 ) ) ;
#1323 = ADVANCED_FACE ( 'NONE', ( #3568 ), #686, .F. ) ;
#1324 = ORIENTED_EDGE ( 'NONE', *, *, #1661, .F. ) ;
#1325 = DIRECTION ( 'NONE',  ( 0.000000000000000000, 0.000000000000000000, 1.000000000000000000 ) ) ;
#1326 = ORIENTED_EDGE ( 'NONE', *, *, #1008, .F. ) ;
#1327 = EDGE_CURVE ( 'NONE', #519, #3966, #3388, .T. ) ;
#1328 = LINE ( 'NONE', #1389, #2676 ) ;
#1329 = ORIENTED_EDGE ( 'NONE', *, *, #14, .T. ) ;
#1330 = CYLINDRICAL_SURFACE ( 'NONE', #2543, 0.5000000000000004441 ) ;
#1331 = CARTESIAN_POINT ( 'NONE',  ( -13.95000000000000107, -1.899999999999999911, 0.000000000000000000 ) ) ;
#1332 = ORIENTED_EDGE ( 'NONE', *, *, #720, .T. ) ;
#1333 = DIRECTION ( 'NONE',  ( 0.000000000000000000, 1.000000000000000000, 0.000000000000000000 ) ) ;
#1334 = ORIENTED_EDGE ( 'NONE', *, *, #3730, .T. ) ;
#1335 = DIRECTION ( 'NONE',  ( 1.000000000000000000, 8.594770895554009979E-16, 0.000000000000000000 ) ) ;
#1336 = DIRECTION ( 'NONE',  ( 0.000000000000000000, 1.000000000000000000, 0.000000000000000000 ) ) ;
#1337 = EDGE_LOOP ( 'NONE', ( #1964, #1454, #3861, #2408, #965, #2610, #3516 ) ) ;
#1338 = CARTESIAN_POINT ( 'NONE',  ( -20.35000000000000142, -9.400000000000000355, -0.2000000000000000111 ) ) ;
#1339 = ADVANCED_FACE ( 'NONE', ( #2645 ), #3535, .T. ) ;
#1340 = VECTOR ( 'NONE', #1190, 1000.000000000000000 ) ;
#1341 = ORIENTED_EDGE ( 'NONE', *, *, #2219, .F. ) ;
#1342 = AXIS2_PLACEMENT_3D ( 'NONE', #465, #443, #2920 ) ;
#1343 = DIRECTION ( 'NONE',  ( 0.000000000000000000, 1.000000000000000000, 0.000000000000000000 ) ) ;
#1344 = LINE ( 'NONE', #1005, #2483 ) ;
#1345 = EDGE_CURVE ( 'NONE', #223, #1592, #369, .T. ) ;
#1346 = ADVANCED_FACE ( 'NONE', ( #3819 ), #2256, .F. ) ;
#1347 = VERTEX_POINT ( 'NONE', #2372 ) ;
#1348 = VECTOR ( 'NONE', #1591, 1000.000000000000000 ) ;
#1349 = ORIENTED_EDGE ( 'NONE', *, *, #3928, .F. ) ;
#1350 = AXIS2_PLACEMENT_3D ( 'NONE', #1928, #2277, #747 ) ;
#1351 = DIRECTION ( 'NONE',  ( 0.000000000000000000, -1.000000000000000000, 0.000000000000000000 ) ) ;
#1352 = ADVANCED_FACE ( 'NONE', ( #162 ), #1506, .F. ) ;
#1353 = CARTESIAN_POINT ( 'NONE',  ( -20.35000000000000142, -10.20000000000000107, 0.000000000000000000 ) ) ;
#1354 = ORIENTED_EDGE ( 'NONE', *, *, #1471, .F. ) ;
#1355 = CYLINDRICAL_SURFACE ( 'NONE', #2124, 0.5000000000000004441 ) ;
#1356 = VECTOR ( 'NONE', #1777, 1000.000000000000000 ) ;
#1357 = ORIENTED_EDGE ( 'NONE', *, *, #2923, .F. ) ;
#1358 = CARTESIAN_POINT ( 'NONE',  ( 18.59999999999999787, -1.270000000000000018, -0.2000000000000000111 ) ) ;
#1359 = AXIS2_PLACEMENT_3D ( 'NONE', #522, #3399, #1766 ) ;
#1360 = DIRECTION ( 'NONE',  ( 0.000000000000000000, 0.000000000000000000, 1.000000000000000000 ) ) ;
#1361 = CIRCLE ( 'NONE', #3461, 0.4999999999999996114 ) ;
#1362 = ORIENTED_EDGE ( 'NONE', *, *, #1579, .F. ) ;
#1363 = CARTESIAN_POINT ( 'NONE',  ( -13.95000000000000107, -1.899999999999999911, 0.000000000000000000 ) ) ;
#1364 = VECTOR ( 'NONE', #1715, 1000.000000000000000 ) ;
#1365 = ORIENTED_EDGE ( 'NONE', *, *, #3275, .F. ) ;
#1366 = VECTOR ( 'NONE', #908, 1000.000000000000000 ) ;
#1367 = EDGE_CURVE ( 'NONE', #3084, #2041, #204, .T. ) ;
#1368 = EDGE_CURVE ( 'NONE', #3966, #628, #3628, .T. ) ;
#1369 = DIRECTION ( 'NONE',  ( 1.000000000000000000, 0.000000000000000000, 0.000000000000000000 ) ) ;
#1370 = CARTESIAN_POINT ( 'NONE',  ( -18.59999999999999787, -7.900000000000000355, 0.000000000000000000 ) ) ;
#1371 = ORIENTED_EDGE ( 'NONE', *, *, #495, .T. ) ;
#1372 = CIRCLE ( 'NONE', #1893, 1.099999999999999423 ) ;
#1373 = EDGE_CURVE ( 'NONE', #2145, #3376, #3366, .T. ) ;
#1374 = AXIS2_PLACEMENT_3D ( 'NONE', #404, #1650, #837 ) ;
#1375 = CARTESIAN_POINT ( 'NONE',  ( -18.59999999999999787, 1.270000000000000018, 0.000000000000000000 ) ) ;
#1376 = CARTESIAN_POINT ( 'NONE',  ( 19.05825756949559846, -2.270000000000000018, 0.000000000000000000 ) ) ;
#1377 = VERTEX_POINT ( 'NONE', #1416 ) ;
#1378 = LINE ( 'NONE', #3858, #2647 ) ;
#1379 = ADVANCED_FACE ( 'NONE', ( #1457 ), #2026, .F. ) ;
#1380 = ORIENTED_EDGE ( 'NONE', *, *, #2476, .F. ) ;
#1381 = DIRECTION ( 'NONE',  ( 0.000000000000000000, 0.000000000000000000, -1.000000000000000000 ) ) ;
#1382 = CARTESIAN_POINT ( 'NONE',  ( 18.92500000000000071, -1.270000000000000018, -0.2000000000000000111 ) ) ;
#1383 = LINE ( 'NONE', #2311, #1299 ) ;
#1384 = VERTEX_POINT ( 'NONE', #475 ) ;
#1385 = DIRECTION ( 'NONE',  ( 1.000000000000000000, 0.000000000000000000, 0.000000000000000000 ) ) ;
#1386 = LINE ( 'NONE', #2651, #2209 ) ;
#1387 = ORIENTED_EDGE ( 'NONE', *, *, #2244, .T. ) ;
#1388 = DIRECTION ( 'NONE',  ( -0.9999999999999356071, -3.586813404158708598E-07, 0.000000000000000000 ) ) ;
#1389 = CARTESIAN_POINT ( 'NONE',  ( -20.35000000000000142, -4.464999999999999858, -0.2000000000000000111 ) ) ;
#1390 = EDGE_LOOP ( 'NONE', ( #1252, #3967, #2493, #1326 ) ) ;
#1391 = CARTESIAN_POINT ( 'NONE',  ( -13.95000000000000107, -2.399999999999999911, 0.000000000000000000 ) ) ;
#1392 = CARTESIAN_POINT ( 'NONE',  ( -18.59999999999999787, -3.810000000000000053, -1.199999999999999956 ) ) ;
#1393 = ORIENTED_EDGE ( 'NONE', *, *, #346, .T. ) ;
#1394 = EDGE_CURVE ( 'NONE', #2806, #815, #2985, .T. ) ;
#1395 = CARTESIAN_POINT ( 'NONE',  ( -20.35000000000000142, -10.20000000000000107, 0.000000000000000000 ) ) ;
#1396 = ORIENTED_EDGE ( 'NONE', *, *, #949, .F. ) ;
#1397 = DIRECTION ( 'NONE',  ( 0.000000000000000000, 0.000000000000000000, -1.000000000000000000 ) ) ;
#1398 = DIRECTION ( 'NONE',  ( -1.000000000000000000, -3.942553354492742052E-16, 0.000000000000000000 ) ) ;
#1399 = EDGE_CURVE ( 'NONE', #3233, #1072, #1672, .T. ) ;
#1400 = EDGE_LOOP ( 'NONE', ( #1165, #405, #3871, #3459 ) ) ;
#1401 = CARTESIAN_POINT ( 'NONE',  ( -20.35000000000000142, -4.464999999999999858, -0.2000000000000000111 ) ) ;
#1402 = DIRECTION ( 'NONE',  ( 0.000000000000000000, 0.000000000000000000, 1.000000000000000000 ) ) ;
#1403 = ORIENTED_EDGE ( 'NONE', *, *, #1596, .F. ) ;
#1404 = CARTESIAN_POINT ( 'NONE',  ( -17.10000000000009379, 7.900000537953087765, -0.2000000000000000111 ) ) ;
#1405 = VECTOR ( 'NONE', #1600, 1000.000000000000000 ) ;
#1406 = CARTESIAN_POINT ( 'NONE',  ( -18.59999999999999787, -1.270000000000000018, -0.2000000000000000111 ) ) ;
#1407 = EDGE_LOOP ( 'NONE', ( #3274, #2989, #3078, #3307 ) ) ;
#1408 = CIRCLE ( 'NONE', #1022, 0.5000000000000004441 ) ;
#1409 = CARTESIAN_POINT ( 'NONE',  ( -1.250000000000000000, 9.700000000000001066, 6.000000000000000000 ) ) ;
#1410 = CARTESIAN_POINT ( 'NONE',  ( -18.09999999999999787, -3.810000000000000053, -0.2000000000000000111 ) ) ;
#1411 = VECTOR ( 'NONE', #3538, 1000.000000000000000 ) ;
#1412 = ORIENTED_EDGE ( 'NONE', *, *, #2498, .T. ) ;
#1413 = CARTESIAN_POINT ( 'NONE',  ( -18.09999999999999787, -3.810000000000000053, -1.199999999999999956 ) ) ;
#1414 = VECTOR ( 'NONE', #2729, 1000.000000000000000 ) ;
#1415 = PLANE ( 'NONE',  #1044 ) ;
#1416 = CARTESIAN_POINT ( 'NONE',  ( 20.35000000000000142, 7.400000000000000355, -0.2000000000000000111 ) ) ;
#1417 = FACE_OUTER_BOUND ( 'NONE', #571, .T. ) ;
#1418 = AXIS2_PLACEMENT_3D ( 'NONE', #2785, #1799, #3442 ) ;
#1419 = ADVANCED_FACE ( 'NONE', ( #2064, #1805 ), #3939, .T. ) ;
#1420 = ORIENTED_EDGE ( 'NONE', *, *, #2038, .T. ) ;
#1421 = DIRECTION ( 'NONE',  ( 1.000000000000000000, 0.000000000000000000, 0.000000000000000000 ) ) ;
#1422 = CARTESIAN_POINT ( 'NONE',  ( 20.35000000000000142, 10.20000000000000107, 0.000000000000000000 ) ) ;
#1423 = ORIENTED_EDGE ( 'NONE', *, *, #3426, .T. ) ;
#1424 = AXIS2_PLACEMENT_3D ( 'NONE', #3592, #2628, #3880 ) ;
#1425 = VERTEX_POINT ( 'NONE', #1156 ) ;
#1426 = EDGE_CURVE ( 'NONE', #2979, #1425, #2201, .T. ) ;
#1427 = DIRECTION ( 'NONE',  ( 0.000000000000000000, -1.000000000000000000, 0.000000000000000000 ) ) ;
#1428 = LINE ( 'NONE', #3639, #2943 ) ;
#1429 = ORIENTED_EDGE ( 'NONE', *, *, #749, .F. ) ;
#1430 = VECTOR ( 'NONE', #1030, 1000.000000000000000 ) ;
#1431 = DIRECTION ( 'NONE',  ( 0.000000000000000000, 0.000000000000000000, -1.000000000000000000 ) ) ;
#1432 = CARTESIAN_POINT ( 'NONE',  ( -20.35000000000000142, 4.809999999999999609, 0.000000000000000000 ) ) ;
#1433 = CIRCLE ( 'NONE', #3334, 1.099999999999999423 ) ;
#1434 = ORIENTED_EDGE ( 'NONE', *, *, #2895, .T. ) ;
#1435 = DIRECTION ( 'NONE',  ( 0.000000000000000000, 0.000000000000000000, 1.000000000000000000 ) ) ;
#1436 =( GEOMETRIC_REPRESENTATION_CONTEXT ( 3 ) GLOBAL_UNCERTAINTY_ASSIGNED_CONTEXT ( ( #1927 ) ) GLOBAL_UNIT_ASSIGNED_CONTEXT ( ( #66, #611, #4056 ) ) REPRESENTATION_CONTEXT ( 'NONE', 'WORKASPACE' ) );
#1437 = CARTESIAN_POINT ( 'NONE',  ( -20.35000000000000142, -0.2700000000000000178, 0.000000000000000000 ) ) ;
#1438 = CARTESIAN_POINT ( 'NONE',  ( 18.59999999999999787, -1.270000000000000018, 0.000000000000000000 ) ) ;
#1439 = LINE ( 'NONE', #1136, #2801 ) ;
#1440 = EDGE_CURVE ( 'NONE', #3995, #3505, #3298, .T. ) ;
#1441 = EDGE_CURVE ( 'NONE', #620, #2884, #3650, .T. ) ;
#1442 = ORIENTED_EDGE ( 'NONE', *, *, #345, .F. ) ;
#1443 = DIRECTION ( 'NONE',  ( 1.000000000000000000, 0.000000000000000000, 0.000000000000000000 ) ) ;
#1444 = CARTESIAN_POINT ( 'NONE',  ( -19.05825756949559846, -2.270000000000000018, 0.000000000000000000 ) ) ;
#1445 = ORIENTED_EDGE ( 'NONE', *, *, #3680, .F. ) ;
#1446 = EDGE_CURVE ( 'NONE', #3765, #198, #3897, .T. ) ;
#1447 = VERTEX_POINT ( 'NONE', #3058 ) ;
#1448 = CARTESIAN_POINT ( 'NONE',  ( -13.95000000000000107, 10.20000000000000107, 0.000000000000000000 ) ) ;
#1449 = LINE ( 'NONE', #2694, #1832 ) ;
#1450 = VERTEX_POINT ( 'NONE', #851 ) ;
#1451 = EDGE_CURVE ( 'NONE', #3041, #301, #2093, .T. ) ;
#1452 = CARTESIAN_POINT ( 'NONE',  ( 18.59999999999999787, -3.810000000000000053, -1.199999999999999956 ) ) ;
#1453 = DIRECTION ( 'NONE',  ( 0.000000000000000000, 0.000000000000000000, 1.000000000000000000 ) ) ;
#1454 = ORIENTED_EDGE ( 'NONE', *, *, #1004, .F. ) ;
#1455 = CARTESIAN_POINT ( 'NONE',  ( 18.59999999999999787, -3.810000000000000053, 0.000000000000000000 ) ) ;
#1456 = CARTESIAN_POINT ( 'NONE',  ( 20.35000000000000142, 0.7699999999999999067, 0.000000000000000000 ) ) ;
#1457 = FACE_OUTER_BOUND ( 'NONE', #1229, .T. ) ;
#1458 = DIRECTION ( 'NONE',  ( 0.000000000000000000, 0.000000000000000000, -1.000000000000000000 ) ) ;
#1459 = VERTEX_POINT ( 'NONE', #3344 ) ;
#1460 = DIRECTION ( 'NONE',  ( 0.000000000000000000, 0.000000000000000000, -1.000000000000000000 ) ) ;
#1461 = CARTESIAN_POINT ( 'NONE',  ( -14.44999999999999929, -1.899999999999999911, 6.000000000000000000 ) ) ;
#1462 = CARTESIAN_POINT ( 'NONE',  ( 20.35000000000000142, -1.270000000000000018, 0.000000000000000000 ) ) ;
#1463 = ORIENTED_EDGE ( 'NONE', *, *, #1373, .F. ) ;
#1464 = ORIENTED_EDGE ( 'NONE', *, *, #3346, .T. ) ;
#1465 = ORIENTED_EDGE ( 'NONE', *, *, #2649, .T. ) ;
#1466 = EDGE_CURVE ( 'NONE', #1896, #1688, #1481, .T. ) ;
#1467 = DIRECTION ( 'NONE',  ( 0.000000000000000000, 0.000000000000000000, -1.000000000000000000 ) ) ;
#1468 = CARTESIAN_POINT ( 'NONE',  ( -20.35000000000000142, 0.7699999999999999067, -0.2000000000000000111 ) ) ;
#1469 = ORIENTED_EDGE ( 'NONE', *, *, #1368, .T. ) ;
#1470 = AXIS2_PLACEMENT_3D ( 'NONE', #876, #2502, #3757 ) ;
#1471 = EDGE_CURVE ( 'NONE', #741, #419, #3312, .T. ) ;
#1472 = EDGE_LOOP ( 'NONE', ( #865, #2383, #507, #1608 ) ) ;
#1473 = DIRECTION ( 'NONE',  ( 0.000000000000000000, 0.000000000000000000, -1.000000000000000000 ) ) ;
#1474 = DIRECTION ( 'NONE',  ( 1.000000000000000000, 0.000000000000000000, 0.000000000000000000 ) ) ;
#1475 = VERTEX_POINT ( 'NONE', #1117 ) ;
#1476 = AXIS2_PLACEMENT_3D ( 'NONE', #3618, #4015, #3930 ) ;
#1477 = LINE ( 'NONE', #2284, #3305 ) ;
#1478 = EDGE_CURVE ( 'NONE', #1459, #1063, #1935, .T. ) ;
#1479 = VECTOR ( 'NONE', #256, 1000.000000000000000 ) ;
#1480 = DIRECTION ( 'NONE',  ( 0.000000000000000000, 0.000000000000000000, 1.000000000000000000 ) ) ;
#1481 = LINE ( 'NONE', #1738, #1414 ) ;
#1482 = CARTESIAN_POINT ( 'NONE',  ( 20.35000000000000142, 4.464999999999999858, -0.2000000000000000111 ) ) ;
#1483 = VECTOR ( 'NONE', #3282, 1000.000000000000000 ) ;
#1484 = EDGE_LOOP ( 'NONE', ( #86, #1387 ) ) ;
#1485 = DIRECTION ( 'NONE',  ( 0.4165977904505299700, 0.9090909090909096157, 0.000000000000000000 ) ) ;
#1486 =( LENGTH_UNIT ( ) NAMED_UNIT ( * ) SI_UNIT ( .MILLI., .METRE. ) );
#1487 = AXIS2_PLACEMENT_3D ( 'NONE', #1392, #2057, #1474 ) ;
#1488 = DIRECTION ( 'NONE',  ( 0.000000000000000000, 0.000000000000000000, -1.000000000000000000 ) ) ;
#1489 = CARTESIAN_POINT ( 'NONE',  ( -20.35000000000000142, -10.20000000000000107, 0.000000000000000000 ) ) ;
#1490 = ORIENTED_EDGE ( 'NONE', *, *, #273, .F. ) ;
#1491 = CIRCLE ( 'NONE', #3128, 1.099999999999999423 ) ;
#1492 = ORIENTED_EDGE ( 'NONE', *, *, #4005, .F. ) ;
#1493 = LINE ( 'NONE', #1749, #3769 ) ;
#1494 = CARTESIAN_POINT ( 'NONE',  ( -20.35000000000000142, -4.309999999999999609, 0.000000000000000000 ) ) ;
#1495 = CIRCLE ( 'NONE', #3786, 0.5000000000000004441 ) ;
#1496 = EDGE_LOOP ( 'NONE', ( #1816, #2032, #3929, #753 ) ) ;
#1497 = EDGE_CURVE ( 'NONE', #2374, #3927, #3470, .T. ) ;
#1498 = ORIENTED_EDGE ( 'NONE', *, *, #1638, .T. ) ;
#1499 = LINE ( 'NONE', #2106, #2546 ) ;
#1500 = DIRECTION ( 'NONE',  ( 0.000000000000000000, 0.000000000000000000, -1.000000000000000000 ) ) ;
#1501 = ORIENTED_EDGE ( 'NONE', *, *, #3483, .T. ) ;
#1502 = DIRECTION ( 'NONE',  ( 1.000000000000000000, 2.537652627714619911E-15, 0.000000000000000000 ) ) ;
#1503 = EDGE_CURVE ( 'NONE', #944, #399, #3715, .T. ) ;
#1504 = AXIS2_PLACEMENT_3D ( 'NONE', #225, #1480, #1218 ) ;
#1505 = FACE_OUTER_BOUND ( 'NONE', #2176, .T. ) ;
#1506 = PLANE ( 'NONE',  #1029 ) ;
#1507 = CARTESIAN_POINT ( 'NONE',  ( 20.35000000000000142, 3.310000000000000053, -0.2000000000000000111 ) ) ;
#1508 = EDGE_CURVE ( 'NONE', #2851, #1763, #3158, .T. ) ;
#1509 = AXIS2_PLACEMENT_3D ( 'NONE', #3693, #199, #2056 ) ;
#1510 = ORIENTED_EDGE ( 'NONE', *, *, #2917, .F. ) ;
#1511 = CARTESIAN_POINT ( 'NONE',  ( -14.44999999999999929, 10.20000000000000107, 0.000000000000000000 ) ) ;
#1512 = LINE ( 'NONE', #521, #3899 ) ;
#1513 = CARTESIAN_POINT ( 'NONE',  ( -18.59999999999999787, -1.270000000000000018, 0.000000000000000000 ) ) ;
#1514 = ORIENTED_EDGE ( 'NONE', *, *, #2231, .T. ) ;
#1515 = ORIENTED_EDGE ( 'NONE', *, *, #2553, .T. ) ;
#1516 = DIRECTION ( 'NONE',  ( 0.000000000000000000, 0.000000000000000000, 1.000000000000000000 ) ) ;
#1517 = CARTESIAN_POINT ( 'NONE',  ( -1.396446609406726713, 10.05355339059327413, 6.000000000000000000 ) ) ;
#1518 = ORIENTED_EDGE ( 'NONE', *, *, #145, .T. ) ;
#1519 = ORIENTED_EDGE ( 'NONE', *, *, #1127, .F. ) ;
#1520 = LINE ( 'NONE', #1797, #2343 ) ;
#1521 = LINE ( 'NONE', #4063, #2860 ) ;
#1522 = ORIENTED_EDGE ( 'NONE', *, *, #1345, .F. ) ;
#1523 = PLANE ( 'NONE',  #120 ) ;
#1524 = EDGE_CURVE ( 'NONE', #2122, #2653, #1830, .T. ) ;
#1525 = CARTESIAN_POINT ( 'NONE',  ( 18.60000107604399844, -9.400000000000000355, -0.2000000000000000111 ) ) ;
#1526 = DIRECTION ( 'NONE',  ( 0.000000000000000000, 0.000000000000000000, 1.000000000000000000 ) ) ;
#1527 = VERTEX_POINT ( 'NONE', #3098 ) ;
#1528 = DIRECTION ( 'NONE',  ( 0.000000000000000000, 0.000000000000000000, -1.000000000000000000 ) ) ;
#1529 = EDGE_CURVE ( 'NONE', #2509, #2696, #1678, .T. ) ;
#1530 = DIRECTION ( 'NONE',  ( 1.000000000000000000, -1.903239470785969963E-15, 0.000000000000000000 ) ) ;
#1531 = CARTESIAN_POINT ( 'NONE',  ( 17.09999999999970655, 7.900000538090935720, 0.000000000000000000 ) ) ;
#1532 = ORIENTED_EDGE ( 'NONE', *, *, #368, .T. ) ;
#1533 = ORIENTED_EDGE ( 'NONE', *, *, #278, .T. ) ;
#1534 = DIRECTION ( 'NONE',  ( 0.000000000000000000, 0.000000000000000000, 1.000000000000000000 ) ) ;
#1535 = ORIENTED_EDGE ( 'NONE', *, *, #2464, .F. ) ;
#1536 = ORIENTED_EDGE ( 'NONE', *, *, #221, .T. ) ;
#1537 = CYLINDRICAL_SURFACE ( 'NONE', #2413, 1.100000000000000311 ) ;
#1538 = CARTESIAN_POINT ( 'NONE',  ( 20.35000000000000142, -10.20000000000000107, 0.000000000000000000 ) ) ;
#1539 = ORIENTED_EDGE ( 'NONE', *, *, #1233, .F. ) ;
#1540 = DIRECTION ( 'NONE',  ( 0.000000000000000000, 0.000000000000000000, 1.000000000000000000 ) ) ;
#1541 = CARTESIAN_POINT ( 'NONE',  ( 20.35000000000000142, 2.810000000000000053, -0.2000000000000000111 ) ) ;
#1542 = VECTOR ( 'NONE', #869, 1000.000000000000000 ) ;
#1543 = CARTESIAN_POINT ( 'NONE',  ( -9.529128784747799230, -4.809999999999999609, 0.000000000000000000 ) ) ;
#1544 = CIRCLE ( 'NONE', #2846, 0.5000000000000004441 ) ;
#1545 = ORIENTED_EDGE ( 'NONE', *, *, #2973, .F. ) ;
#1546 = CARTESIAN_POINT ( 'NONE',  ( 20.35000000000000142, 9.050000000000000711, -0.2000000000000000111 ) ) ;
#1547 = CARTESIAN_POINT ( 'NONE',  ( -1.750000000000000000, 9.700000000000001066, 0.000000000000000000 ) ) ;
#1548 = CYLINDRICAL_SURFACE ( 'NONE', #840, 0.5000000000000004441 ) ;
#1549 = CIRCLE ( 'NONE', #1289, 0.4999999999999996114 ) ;
#1550 = ORIENTED_EDGE ( 'NONE', *, *, #1915, .T. ) ;
#1551 = EDGE_CURVE ( 'NONE', #2906, #532, #289, .T. ) ;
#1552 = CARTESIAN_POINT ( 'NONE',  ( 20.35000000000000142, -7.900000000000000355, -0.2000000000000000111 ) ) ;
#1553 = EDGE_LOOP ( 'NONE', ( #1270, #3003, #2733, #2761, #616, #997, #3581, #3894 ) ) ;
#1554 = VECTOR ( 'NONE', #1031, 1000.000000000000000 ) ;
#1555 = ADVANCED_FACE ( 'NONE', ( #582 ), #354, .F. ) ;
#1556 = VERTEX_POINT ( 'NONE', #1276 ) ;
#1557 = AXIS2_PLACEMENT_3D ( 'NONE', #941, #2854, #2241 ) ;
#1558 = DIRECTION ( 'NONE',  ( -1.000000000000000000, 3.437908358221610303E-15, 0.000000000000000000 ) ) ;
#1559 = DIRECTION ( 'NONE',  ( 1.000000000000000000, 0.000000000000000000, 0.000000000000000000 ) ) ;
#1560 = VERTEX_POINT ( 'NONE', #1525 ) ;
#1561 = VECTOR ( 'NONE', #2818, 1000.000000000000000 ) ;
#1562 = DIRECTION ( 'NONE',  ( 0.000000000000000000, 0.000000000000000000, -1.000000000000000000 ) ) ;
#1563 = CARTESIAN_POINT ( 'NONE',  ( -19.09999999999999787, -1.270000000000000018, -0.2000000000000000111 ) ) ;
#1564 = CARTESIAN_POINT ( 'NONE',  ( 19.05825756949559846, 2.810000000000000053, -0.2000000000000000111 ) ) ;
#1565 = CIRCLE ( 'NONE', #1504, 0.5000000000000004441 ) ;
#1566 = ORIENTED_EDGE ( 'NONE', *, *, #3056, .T. ) ;
#1567 = DIRECTION ( 'NONE',  ( 0.000000000000000000, 0.000000000000000000, -1.000000000000000000 ) ) ;
#1568 = CARTESIAN_POINT ( 'NONE',  ( 18.59999999999999787, 3.810000000000000053, 0.000000000000000000 ) ) ;
#1569 = LINE ( 'NONE', #2487, #1561 ) ;
#1570 = VECTOR ( 'NONE', #3792, 1000.000000000000000 ) ;
#1571 = EDGE_CURVE ( 'NONE', #2842, #1475, #2519, .T. ) ;
#1572 = EDGE_CURVE ( 'NONE', #944, #2803, #2155, .T. ) ;
#1573 = VERTEX_POINT ( 'NONE', #4006 ) ;
#1574 = ORIENTED_EDGE ( 'NONE', *, *, #346, .F. ) ;
#1575 = DIRECTION ( 'NONE',  ( -1.000000000000000000, -3.942553354492742052E-16, 0.000000000000000000 ) ) ;
#1576 = EDGE_CURVE ( 'NONE', #1698, #2884, #3756, .T. ) ;
#1577 = VERTEX_POINT ( 'NONE', #601 ) ;
#1578 = CARTESIAN_POINT ( 'NONE',  ( 10.17500000000000071, 2.810000000000000053, 0.000000000000000000 ) ) ;
#1579 = EDGE_CURVE ( 'NONE', #274, #1313, #974, .T. ) ;
#1580 = LINE ( 'NONE', #3095, #1879 ) ;
#1581 = ORIENTED_EDGE ( 'NONE', *, *, #1788, .T. ) ;
#1582 = DIRECTION ( 'NONE',  ( 0.000000000000000000, 0.000000000000000000, -1.000000000000000000 ) ) ;
#1583 = DIRECTION ( 'NONE',  ( 0.000000000000000000, 0.000000000000000000, 1.000000000000000000 ) ) ;
#1584 = CARTESIAN_POINT ( 'NONE',  ( -13.95000000000000107, 9.700000000000001066, 0.000000000000000000 ) ) ;
#1585 = CARTESIAN_POINT ( 'NONE',  ( 10.17500000000000071, -9.400000000000000355, 0.000000000000000000 ) ) ;
#1586 = VERTEX_POINT ( 'NONE', #1541 ) ;
#1587 = DIRECTION ( 'NONE',  ( 0.7071067811865469066, 0.7071067811865481278, 0.000000000000000000 ) ) ;
#1588 = DIRECTION ( 'NONE',  ( 1.000000000000000000, 1.718954179110800024E-15, 0.000000000000000000 ) ) ;
#1589 = ORIENTED_EDGE ( 'NONE', *, *, #1916, .T. ) ;
#1590 = ORIENTED_EDGE ( 'NONE', *, *, #3853, .F. ) ;
#1591 = DIRECTION ( 'NONE',  ( 0.000000000000000000, -1.000000000000000000, 0.000000000000000000 ) ) ;
#1592 = VERTEX_POINT ( 'NONE', #3776 ) ;
#1593 = CARTESIAN_POINT ( 'NONE',  ( -20.35000000000000142, -7.900000000000000355, -0.2000000000000000111 ) ) ;
#1594 = CARTESIAN_POINT ( 'NONE',  ( 20.35000000000000142, -10.20000000000000107, 0.000000000000000000 ) ) ;
#1595 = EDGE_LOOP ( 'NONE', ( #3817, #445, #3302, #1550 ) ) ;
#1596 = EDGE_CURVE ( 'NONE', #3053, #655, #3392, .T. ) ;
#1597 = CARTESIAN_POINT ( 'NONE',  ( 18.59999999999999787, -1.270000000000000018, -1.199999999999999956 ) ) ;
#1598 = CARTESIAN_POINT ( 'NONE',  ( -19.05825756949559846, -4.809999999999999609, -0.2000000000000000111 ) ) ;
#1599 = CARTESIAN_POINT ( 'NONE',  ( -20.35000000000000142, 4.309999999999999609, 0.000000000000000000 ) ) ;
#1600 = DIRECTION ( 'NONE',  ( 0.000000000000000000, -1.000000000000000000, 0.000000000000000000 ) ) ;
#1601 = EDGE_CURVE ( 'NONE', #2122, #2046, #2434, .T. ) ;
#1602 = ORIENTED_EDGE ( 'NONE', *, *, #1078, .F. ) ;
#1603 = AXIS2_PLACEMENT_3D ( 'NONE', #2023, #2908, #99 ) ;
#1604 = LINE ( 'NONE', #316, #3067 ) ;
#1605 = CARTESIAN_POINT ( 'NONE',  ( -20.35000000000000142, -1.770000000000000018, -0.2000000000000000111 ) ) ;
#1606 = CARTESIAN_POINT ( 'NONE',  ( 18.59999999986210284, 6.399999999999620215, 0.000000000000000000 ) ) ;
#1607 = AXIS2_PLACEMENT_3D ( 'NONE', #513, #202, #3954 ) ;
#1608 = ORIENTED_EDGE ( 'NONE', *, *, #156, .F. ) ;
#1609 = DIRECTION ( 'NONE',  ( 0.000000000000000000, 0.000000000000000000, 1.000000000000000000 ) ) ;
#1610 = ORIENTED_EDGE ( 'NONE', *, *, #333, .F. ) ;
#1611 = DIRECTION ( 'NONE',  ( 0.000000000000000000, 0.000000000000000000, 1.000000000000000000 ) ) ;
#1612 = FACE_OUTER_BOUND ( 'NONE', #3624, .T. ) ;
#1613 = AXIS2_PLACEMENT_3D ( 'NONE', #1730, #2988, #1453 ) ;
#1614 = ORIENTED_EDGE ( 'NONE', *, *, #3271, .F. ) ;
#1615 = ADVANCED_FACE ( 'NONE', ( #1260, #4022 ), #641, .T. ) ;
#1616 = AXIS2_PLACEMENT_3D ( 'NONE', #2211, #2960, #1312 ) ;
#1617 = CARTESIAN_POINT ( 'NONE',  ( 18.59999999999999787, 7.900000000000000355, 0.000000000000000000 ) ) ;
#1618 = LINE ( 'NONE', #2867, #105 ) ;
#1619 = VERTEX_POINT ( 'NONE', #2455 ) ;
#1620 = EDGE_CURVE ( 'NONE', #3486, #3335, #2595, .T. ) ;
#1621 = CARTESIAN_POINT ( 'NONE',  ( -14.44999999999999929, 9.700000000000001066, 0.000000000000000000 ) ) ;
#1622 = AXIS2_PLACEMENT_3D ( 'NONE', #3082, #4042, #1907 ) ;
#1623 = VERTEX_POINT ( 'NONE', #1865 ) ;
#1624 = LINE ( 'NONE', #357, #775 ) ;
#1625 = FACE_BOUND ( 'NONE', #835, .T. ) ;
#1626 = DIRECTION ( 'NONE',  ( 0.000000000000000000, 0.000000000000000000, -1.000000000000000000 ) ) ;
#1627 = EDGE_CURVE ( 'NONE', #124, #2613, #3117, .T. ) ;
#1628 = CIRCLE ( 'NONE', #1243, 1.099999999999999201 ) ;
#1629 = ORIENTED_EDGE ( 'NONE', *, *, #754, .F. ) ;
#1630 = AXIS2_PLACEMENT_3D ( 'NONE', #30, #661, #2538 ) ;
#1631 = FACE_OUTER_BOUND ( 'NONE', #408, .T. ) ;
#1632 = ORIENTED_EDGE ( 'NONE', *, *, #3252, .F. ) ;
#1633 = ORIENTED_EDGE ( 'NONE', *, *, #1008, .T. ) ;
#1634 = LINE ( 'NONE', #3854, #322 ) ;
#1635 = FACE_OUTER_BOUND ( 'NONE', #1595, .T. ) ;
#1636 = EDGE_LOOP ( 'NONE', ( #2031, #3100, #1657, #684 ) ) ;
#1637 = FACE_OUTER_BOUND ( 'NONE', #2202, .T. ) ;
#1638 = EDGE_CURVE ( 'NONE', #833, #2002, #2305, .T. ) ;
#1639 = EDGE_LOOP ( 'NONE', ( #429, #529, #1109, #1167 ) ) ;
#1640 = CARTESIAN_POINT ( 'NONE',  ( -1.750000000000000000, 9.700000000000001066, 6.000000000000000000 ) ) ;
#1641 = APPLICATION_PROTOCOL_DEFINITION ( 'draft international standard', 'automotive_design', 1998, #1839 ) ;
#1642 = DIRECTION ( 'NONE',  ( 0.000000000000000000, 0.000000000000000000, 1.000000000000000000 ) ) ;
#1643 = CARTESIAN_POINT ( 'NONE',  ( 20.35000000000000142, 7.900000000000000355, 0.000000000000000000 ) ) ;
#1644 = ADVANCED_FACE ( 'NONE', ( #427 ), #407, .T. ) ;
#1645 = EDGE_CURVE ( 'NONE', #3995, #3466, #96, .T. ) ;
#1646 = ORIENTED_EDGE ( 'NONE', *, *, #1055, .T. ) ;
#1647 = CARTESIAN_POINT ( 'NONE',  ( 20.35000000000000142, -9.400000000000000355, 0.000000000000000000 ) ) ;
#1648 = ORIENTED_EDGE ( 'NONE', *, *, #3823, .F. ) ;
#1649 = CARTESIAN_POINT ( 'NONE',  ( 20.35000000000000142, 7.900000000000000355, -1.199999999999999956 ) ) ;
#1650 = DIRECTION ( 'NONE',  ( -2.537652627714619911E-15, 1.000000000000000000, 0.000000000000000000 ) ) ;
#1651 = ORIENTED_EDGE ( 'NONE', *, *, #3703, .T. ) ;
#1652 = VERTEX_POINT ( 'NONE', #1963 ) ;
#1653 = CARTESIAN_POINT ( 'NONE',  ( -18.59999999999999787, 1.270000000000000018, 0.000000000000000000 ) ) ;
#1654 = LINE ( 'NONE', #3229, #1554 ) ;
#1655 = VERTEX_POINT ( 'NONE', #3798 ) ;
#1656 = CARTESIAN_POINT ( 'NONE',  ( -19.05825756949559846, -4.809999999999999609, 0.000000000000000000 ) ) ;
#1657 = ORIENTED_EDGE ( 'NONE', *, *, #155, .F. ) ;
#1658 = DIRECTION ( 'NONE',  ( 0.000000000000000000, 1.000000000000000000, 0.000000000000000000 ) ) ;
#1659 = DIRECTION ( 'NONE',  ( 1.000000000000000000, -6.344135470183149646E-16, 0.000000000000000000 ) ) ;
#1660 = EDGE_CURVE ( 'NONE', #2842, #3360, #2576, .T. ) ;
#1661 = EDGE_CURVE ( 'NONE', #2951, #1560, #3831, .T. ) ;
#1662 = ORIENTED_EDGE ( 'NONE', *, *, #1737, .T. ) ;
#1663 = DIRECTION ( 'NONE',  ( -0.7071067811865455743, -0.7071067811865494601, 0.000000000000000000 ) ) ;
#1664 = AXIS2_PLACEMENT_3D ( 'NONE', #3025, #836, #2443 ) ;
#1665 = ORIENTED_EDGE ( 'NONE', *, *, #3946, .T. ) ;
#1666 = EDGE_CURVE ( 'NONE', #3736, #741, #1654, .T. ) ;
#1667 = AXIS2_PLACEMENT_3D ( 'NONE', #4031, #1609, #3185 ) ;
#1668 = DIRECTION ( 'NONE',  ( 0.000000000000000000, 0.000000000000000000, -1.000000000000000000 ) ) ;
#1669 = CARTESIAN_POINT ( 'NONE',  ( 18.09999999999999787, -3.810000000000000053, -0.2000000000000000111 ) ) ;
#1670 = ORIENTED_EDGE ( 'NONE', *, *, #1713, .F. ) ;
#1671 = EDGE_CURVE ( 'NONE', #84, #3256, #2250, .T. ) ;
#1672 = CIRCLE ( 'NONE', #764, 1.099999999999999201 ) ;
#1673 = VECTOR ( 'NONE', #2271, 1000.000000000000000 ) ;
#1674 = LINE ( 'NONE', #3872, #2340 ) ;
#1675 = DIRECTION ( 'NONE',  ( 0.000000000000000000, 0.000000000000000000, 1.000000000000000000 ) ) ;
#1676 = ORIENTED_EDGE ( 'NONE', *, *, #2769, .F. ) ;
#1677 = LINE ( 'NONE', #1395, #3563 ) ;
#1678 = CIRCLE ( 'NONE', #3906, 0.5000000000000004441 ) ;
#1679 = ORIENTED_EDGE ( 'NONE', *, *, #3923, .T. ) ;
#1680 = DIRECTION ( 'NONE',  ( -3.437908358221610303E-15, -1.000000000000000000, 0.000000000000000000 ) ) ;
#1681 = CARTESIAN_POINT ( 'NONE',  ( 19.05825756949559846, 4.809999999999999609, 0.000000000000000000 ) ) ;
#1682 = VECTOR ( 'NONE', #2539, 1000.000000000000000 ) ;
#1683 = CARTESIAN_POINT ( 'NONE',  ( -13.95000000000000107, 10.20000000000000107, 0.000000000000000000 ) ) ;
#1684 = VERTEX_POINT ( 'NONE', #2620 ) ;
#1685 = FACE_BOUND ( 'NONE', #2606, .T. ) ;
#1686 = DIRECTION ( 'NONE',  ( 0.000000000000000000, 1.000000000000000000, 0.000000000000000000 ) ) ;
#1687 = AXIS2_PLACEMENT_3D ( 'NONE', #3432, #3145, #1302 ) ;
#1688 = VERTEX_POINT ( 'NONE', #390 ) ;
#1689 = AXIS2_PLACEMENT_3D ( 'NONE', #250, #3716, #3649 ) ;
#1690 = EDGE_CURVE ( 'NONE', #3936, #2859, #3561, .T. ) ;
#1691 = FACE_OUTER_BOUND ( 'NONE', #2648, .T. ) ;
#1692 = ORIENTED_EDGE ( 'NONE', *, *, #117, .T. ) ;
#1693 = EDGE_CURVE ( 'NONE', #2803, #1287, #2856, .T. ) ;
#1694 = PRODUCT_DEFINITION_FORMATION_WITH_SPECIFIED_SOURCE ( 'ANY', '', #3029, .NOT_KNOWN. ) ;
#1695 = CYLINDRICAL_SURFACE ( 'NONE', #183, 1.100000000000000311 ) ;
#1696 = DIRECTION ( 'NONE',  ( -1.000000000000000000, 0.000000000000000000, 0.000000000000000000 ) ) ;
#1697 = FACE_OUTER_BOUND ( 'NONE', #1214, .T. ) ;
#1698 = VERTEX_POINT ( 'NONE', #3525 ) ;
#1699 = FACE_OUTER_BOUND ( 'NONE', #254, .T. ) ;
#1700 = CARTESIAN_POINT ( 'NONE',  ( -19.05825756949559846, 4.809999999999999609, -0.2000000000000000111 ) ) ;
#1701 = LINE ( 'NONE', #3237, #976 ) ;
#1702 = ORIENTED_EDGE ( 'NONE', *, *, #468, .F. ) ;
#1703 = CARTESIAN_POINT ( 'NONE',  ( 20.35000000000000142, 10.20000000000000107, -1.199999999999999956 ) ) ;
#1704 = PLANE ( 'NONE',  #838 ) ;
#1705 = ORIENTED_EDGE ( 'NONE', *, *, #3604, .F. ) ;
#1706 = CARTESIAN_POINT ( 'NONE',  ( 19.05825756949559846, -2.270000000000000018, -0.2000000000000000111 ) ) ;
#1707 = CARTESIAN_POINT ( 'NONE',  ( 18.59999999986210284, 6.399999999999620215, 0.000000000000000000 ) ) ;
#1708 = ORIENTED_EDGE ( 'NONE', *, *, #1788, .F. ) ;
#1709 = CARTESIAN_POINT ( 'NONE',  ( 20.35000000000000142, -2.270000000000000018, 0.000000000000000000 ) ) ;
#1710 = PLANE ( 'NONE',  #1613 ) ;
#1711 = VERTEX_POINT ( 'NONE', #761 ) ;
#1712 = CYLINDRICAL_SURFACE ( 'NONE', #690, 1.100000000000000311 ) ;
#1713 = EDGE_CURVE ( 'NONE', #1140, #1771, #1878, .T. ) ;
#1714 = ORIENTED_EDGE ( 'NONE', *, *, #2503, .F. ) ;
#1715 = DIRECTION ( 'NONE',  ( 0.000000000000000000, -1.000000000000000000, 0.000000000000000000 ) ) ;
#1716 = DIRECTION ( 'NONE',  ( 0.000000000000000000, 0.000000000000000000, 1.000000000000000000 ) ) ;
#1717 = LINE ( 'NONE', #2972, #2333 ) ;
#1718 = EDGE_CURVE ( 'NONE', #860, #1896, #172, .T. ) ;
#1719 = ORIENTED_EDGE ( 'NONE', *, *, #3975, .F. ) ;
#1720 = DIRECTION ( 'NONE',  ( 0.000000000000000000, 1.000000000000000000, 0.000000000000000000 ) ) ;
#1721 = CYLINDRICAL_SURFACE ( 'NONE', #1616, 0.5000000000000000000 ) ;
#1722 = EDGE_LOOP ( 'NONE', ( #545, #1966, #1833, #2388 ) ) ;
#1723 = ORIENTED_EDGE ( 'NONE', *, *, #3687, .F. ) ;
#1724 = CARTESIAN_POINT ( 'NONE',  ( 18.59999999999999787, -7.900000000000000355, 0.000000000000000000 ) ) ;
#1725 = CIRCLE ( 'NONE', #2447, 1.099999999999999423 ) ;
#1726 = LINE ( 'NONE', #505, #2089 ) ;
#1727 = ORIENTED_EDGE ( 'NONE', *, *, #2390, .F. ) ;
#1728 = AXIS2_PLACEMENT_3D ( 'NONE', #3438, #2800, #657 ) ;
#1729 = CARTESIAN_POINT ( 'NONE',  ( 19.05825756949559846, 4.809999999999999609, -0.2000000000000000111 ) ) ;
#1730 = CARTESIAN_POINT ( 'NONE',  ( -20.35000000000000142, -10.20000000000000107, 0.000000000000000000 ) ) ;
#1731 = ADVANCED_FACE ( 'NONE', ( #1635 ), #3503, .T. ) ;
#1732 = AXIS2_PLACEMENT_3D ( 'NONE', #2047, #231, #2400 ) ;
#1733 = ADVANCED_FACE ( 'NONE', ( #1068 ), #1998, .F. ) ;
#1734 = ORIENTED_EDGE ( 'NONE', *, *, #623, .F. ) ;
#1735 = LINE ( 'NONE', #3054, #557 ) ;
#1736 = AXIS2_PLACEMENT_3D ( 'NONE', #1358, #1642, #2935 ) ;
#1737 = EDGE_CURVE ( 'NONE', #1868, #714, #1979, .T. ) ;
#1738 = CARTESIAN_POINT ( 'NONE',  ( 20.35000000000000142, -10.20000000000000107, -1.199999999999999956 ) ) ;
#1739 = DIRECTION ( 'NONE',  ( -1.000000000000000000, -1.903239470785969963E-15, 0.000000000000000000 ) ) ;
#1740 = VECTOR ( 'NONE', #310, 1000.000000000000000 ) ;
#1741 = AXIS2_PLACEMENT_3D ( 'NONE', #1272, #2767, #305 ) ;
#1742 = VERTEX_POINT ( 'NONE', #2886 ) ;
#1743 = EDGE_CURVE ( 'NONE', #532, #2075, #38, .T. ) ;
#1744 = DIRECTION ( 'NONE',  ( -9.251858538542973800E-15, 1.000000000000000000, 0.000000000000000000 ) ) ;
#1745 = DIRECTION ( 'NONE',  ( -1.074346361944249916E-15, -1.000000000000000000, 0.000000000000000000 ) ) ;
#1746 = VERTEX_POINT ( 'NONE', #3173 ) ;
#1747 = VERTEX_POINT ( 'NONE', #681 ) ;
#1748 = CIRCLE ( 'NONE', #915, 0.5000000000000000000 ) ;
#1749 = CARTESIAN_POINT ( 'NONE',  ( -14.44999999999999929, 9.700000000000001066, 0.000000000000000000 ) ) ;
#1750 = DIRECTION ( 'NONE',  ( 1.000000000000000000, 0.000000000000000000, 0.000000000000000000 ) ) ;
#1751 = VERTEX_POINT ( 'NONE', #371 ) ;
#1752 = VECTOR ( 'NONE', #15, 1000.000000000000000 ) ;
#1753 = CARTESIAN_POINT ( 'NONE',  ( -20.35000000000000142, -0.2700000000000000178, 0.000000000000000000 ) ) ;
#1754 = DIRECTION ( 'NONE',  ( 0.000000000000000000, -1.000000000000000000, 0.000000000000000000 ) ) ;
#1755 =( GEOMETRIC_REPRESENTATION_CONTEXT ( 3 ) GLOBAL_UNCERTAINTY_ASSIGNED_CONTEXT ( ( #3200 ) ) GLOBAL_UNIT_ASSIGNED_CONTEXT ( ( #2963, #1084, #444 ) ) REPRESENTATION_CONTEXT ( 'NONE', 'WORKASPACE' ) );
#1756 = ORIENTED_EDGE ( 'NONE', *, *, #909, .F. ) ;
#1757 = CARTESIAN_POINT ( 'NONE',  ( 20.35000000000000142, -10.20000000000000107, 0.000000000000000000 ) ) ;
#1758 = CARTESIAN_POINT ( 'NONE',  ( 20.35000000000000142, 10.20000000000000107, 0.000000000000000000 ) ) ;
#1759 = DIRECTION ( 'NONE',  ( 0.000000000000000000, 0.000000000000000000, -1.000000000000000000 ) ) ;
#1760 = CARTESIAN_POINT ( 'NONE',  ( 20.35000000000000142, 2.810000000000000053, 0.000000000000000000 ) ) ;
#1761 = EDGE_CURVE ( 'NONE', #376, #3736, #1618, .T. ) ;
#1762 = EDGE_CURVE ( 'NONE', #2970, #3585, #2532, .T. ) ;
#1763 = VERTEX_POINT ( 'NONE', #1131 ) ;
#1764 = FACE_OUTER_BOUND ( 'NONE', #3565, .T. ) ;
#1765 = SURFACE_STYLE_FILL_AREA ( #3303 ) ;
#1766 = DIRECTION ( 'NONE',  ( -0.7071067811865457964, 0.7071067811865492381, 0.000000000000000000 ) ) ;
#1767 = EDGE_LOOP ( 'NONE', ( #3186, #1463, #3665, #3260 ) ) ;
#1768 = ADVANCED_FACE ( 'NONE', ( #1088 ), #3914, .F. ) ;
#1769 = ORIENTED_EDGE ( 'NONE', *, *, #3430, .T. ) ;
#1770 = EDGE_CURVE ( 'NONE', #1971, #3472, #2412, .T. ) ;
#1771 = VERTEX_POINT ( 'NONE', #2085 ) ;
#1772 = CARTESIAN_POINT ( 'NONE',  ( 19.05825756949559846, -4.809999999999999609, 0.000000000000000000 ) ) ;
#1773 = DIRECTION ( 'NONE',  ( 0.000000000000000000, 0.000000000000000000, -1.000000000000000000 ) ) ;
#1774 = ORIENTED_EDGE ( 'NONE', *, *, #3601, .F. ) ;
#1775 = ADVANCED_FACE ( 'NONE', ( #3672 ), #1175, .F. ) ;
#1776 = DIRECTION ( 'NONE',  ( -0.4165977904505299700, -0.9090909090909096157, 0.000000000000000000 ) ) ;
#1777 = DIRECTION ( 'NONE',  ( 0.000000000000000000, -1.000000000000000000, 0.000000000000000000 ) ) ;
#1778 = EDGE_LOOP ( 'NONE', ( #1665, #1514, #591, #3705 ) ) ;
#1779 = CARTESIAN_POINT ( 'NONE',  ( -18.59999999999999787, 3.810000000000000053, -1.199999999999999956 ) ) ;
#1780 = DIRECTION ( 'NONE',  ( 0.000000000000000000, 0.000000000000000000, -1.000000000000000000 ) ) ;
#1781 = DIRECTION ( 'NONE',  ( 0.000000000000000000, 0.000000000000000000, -1.000000000000000000 ) ) ;
#1782 = CYLINDRICAL_SURFACE ( 'NONE', #3323, 0.4999999999999995559 ) ;
#1783 = ORIENTED_EDGE ( 'NONE', *, *, #87, .F. ) ;
#1784 = CYLINDRICAL_SURFACE ( 'NONE', #51, 1.100000000000000311 ) ;
#1785 = CARTESIAN_POINT ( 'NONE',  ( 20.35000000000000142, 9.400000000000000355, -0.2000000000000000111 ) ) ;
#1786 = LINE ( 'NONE', #232, #1815 ) ;
#1787 = EDGE_CURVE ( 'NONE', #264, #3927, #2727, .T. ) ;
#1788 = EDGE_CURVE ( 'NONE', #3084, #3032, #3952, .T. ) ;
#1789 = CARTESIAN_POINT ( 'NONE',  ( 9.529128784747799230, -2.810000000000000053, 0.000000000000000000 ) ) ;
#1790 = ORIENTED_EDGE ( 'NONE', *, *, #1019, .T. ) ;
#1791 = VERTEX_POINT ( 'NONE', #1410 ) ;
#1792 = FACE_OUTER_BOUND ( 'NONE', #2341, .T. ) ;
#1793 = CARTESIAN_POINT ( 'NONE',  ( -18.59999999999999787, 1.270000000000000018, -0.2000000000000000111 ) ) ;
#1794 = ADVANCED_FACE ( 'NONE', ( #3031 ), #222, .F. ) ;
#1795 = ORIENTED_EDGE ( 'NONE', *, *, #3102, .T. ) ;
#1796 = VERTEX_POINT ( 'NONE', #1149 ) ;
#1797 = CARTESIAN_POINT ( 'NONE',  ( -20.35000000000000142, -10.20000000000000107, -1.199999999999999956 ) ) ;
#1798 = EDGE_CURVE ( 'NONE', #2151, #3042, #308, .T. ) ;
#1799 = DIRECTION ( 'NONE',  ( 0.000000000000000000, 0.000000000000000000, 1.000000000000000000 ) ) ;
#1800 = EDGE_LOOP ( 'NONE', ( #2661, #2535, #1842, #2496 ) ) ;
#1801 = AXIS2_PLACEMENT_3D ( 'NONE', #3478, #3108, #2468 ) ;
#1802 = CARTESIAN_POINT ( 'NONE',  ( 19.05825756949559846, 2.810000000000000053, 0.000000000000000000 ) ) ;
#1803 = COLOUR_RGB ( '',0.7921568627450980005, 0.8196078431372548767, 0.9333333333333333481 ) ;
#1804 = LINE ( 'NONE', #2830, #2013 ) ;
#1805 = FACE_OUTER_BOUND ( 'NONE', #2642, .T. ) ;
#1806 = DIRECTION ( 'NONE',  ( 0.000000000000000000, 0.000000000000000000, -1.000000000000000000 ) ) ;
#1807 = AXIS2_PLACEMENT_3D ( 'NONE', #2199, #587, #1891 ) ;
#1808 = ORIENTED_EDGE ( 'NONE', *, *, #1576, .T. ) ;
#1809 = DIRECTION ( 'NONE',  ( 1.000000000000000000, -2.363561996277350131E-15, 0.000000000000000000 ) ) ;
#1810 = CARTESIAN_POINT ( 'NONE',  ( 19.05825756949559846, 0.2700000000000000178, -0.2000000000000000111 ) ) ;
#1811 = AXIS2_PLACEMENT_3D ( 'NONE', #3623, #3293, #531 ) ;
#1812 = CARTESIAN_POINT ( 'NONE',  ( 17.49999999999999645, -1.270000000000000462, 0.000000000000000000 ) ) ;
#1813 = DIRECTION ( 'NONE',  ( 1.000000000000000000, 1.074346361944249916E-15, 0.000000000000000000 ) ) ;
#1814 = ORIENTED_EDGE ( 'NONE', *, *, #3225, .F. ) ;
#1815 = VECTOR ( 'NONE', #1488, 1000.000000000000000 ) ;
#1816 = ORIENTED_EDGE ( 'NONE', *, *, #3737, .T. ) ;
#1817 = DIRECTION ( 'NONE',  ( 0.000000000000000000, 0.000000000000000000, 1.000000000000000000 ) ) ;
#1818 = CARTESIAN_POINT ( 'NONE',  ( 20.35000000000000142, 4.809999999999999609, -0.2000000000000000111 ) ) ;
#1819 = VECTOR ( 'NONE', #807, 1000.000000000000000 ) ;
#1820 = ORIENTED_EDGE ( 'NONE', *, *, #1201, .T. ) ;
#1821 = ADVANCED_FACE ( 'NONE', ( #3340 ), #2637, .F. ) ;
#1822 = VECTOR ( 'NONE', #539, 1000.000000000000000 ) ;
#1823 = ORIENTED_EDGE ( 'NONE', *, *, #1620, .F. ) ;
#1824 = LINE ( 'NONE', #244, #2083 ) ;
#1825 = CARTESIAN_POINT ( 'NONE',  ( -20.35000000000000142, 4.809999999999999609, -0.2000000000000000111 ) ) ;
#1826 = ORIENTED_EDGE ( 'NONE', *, *, #3132, .F. ) ;
#1827 = AXIS2_PLACEMENT_3D ( 'NONE', #1259, #4065, #3502 ) ;
#1828 = EDGE_CURVE ( 'NONE', #3842, #860, #2350, .T. ) ;
#1829 = FACE_OUTER_BOUND ( 'NONE', #3311, .T. ) ;
#1830 = LINE ( 'NONE', #2482, #503 ) ;
#1831 = CARTESIAN_POINT ( 'NONE',  ( 18.59999999999999787, 7.900000000000000355, 0.000000000000000000 ) ) ;
#1832 = VECTOR ( 'NONE', #3909, 1000.000000000000000 ) ;
#1833 = ORIENTED_EDGE ( 'NONE', *, *, #2849, .F. ) ;
#1834 = DIRECTION ( 'NONE',  ( 1.000000000000000000, 3.437908358221610303E-15, 0.000000000000000000 ) ) ;
#1835 = DIRECTION ( 'NONE',  ( 7.173626715796965514E-07, 0.9999999999997427613, 0.000000000000000000 ) ) ;
#1836 = DIRECTION ( 'NONE',  ( 0.000000000000000000, 0.000000000000000000, 1.000000000000000000 ) ) ;
#1837 = VERTEX_POINT ( 'NONE', #2107 ) ;
#1838 = ORIENTED_EDGE ( 'NONE', *, *, #1508, .F. ) ;
#1839 = APPLICATION_CONTEXT ( 'automotive_design' ) ;
#1840 = DIRECTION ( 'NONE',  ( 0.000000000000000000, 0.000000000000000000, 1.000000000000000000 ) ) ;
#1841 = CARTESIAN_POINT ( 'NONE',  ( 20.35000000000000142, -0.7699999999999999067, 0.000000000000000000 ) ) ;
#1842 = ORIENTED_EDGE ( 'NONE', *, *, #1947, .F. ) ;
#1843 = EDGE_LOOP ( 'NONE', ( #3537, #1974 ) ) ;
#1844 = LINE ( 'NONE', #1880, #3860 ) ;
#1845 = PLANE ( 'NONE',  #2397 ) ;
#1846 = ORIENTED_EDGE ( 'NONE', *, *, #3446, .T. ) ;
#1847 = CARTESIAN_POINT ( 'NONE',  ( -19.05825756949559846, -2.810000000000000053, -0.2000000000000000111 ) ) ;
#1848 = CARTESIAN_POINT ( 'NONE',  ( -20.35000000000000142, 1.270000000000000018, 0.000000000000000000 ) ) ;
#1849 = EDGE_CURVE ( 'NONE', #2113, #1619, #1294, .T. ) ;
#1850 = ORIENTED_EDGE ( 'NONE', *, *, #3321, .F. ) ;
#1851 = CARTESIAN_POINT ( 'NONE',  ( -20.35000000000000142, 3.810000000000000053, -1.199999999999999956 ) ) ;
#1852 = CARTESIAN_POINT ( 'NONE',  ( -20.35000000000000142, -1.770000000000000018, 0.000000000000000000 ) ) ;
#1853 = EDGE_CURVE ( 'NONE', #2364, #3382, #3890, .T. ) ;
#1854 = VERTEX_POINT ( 'NONE', #2387 ) ;
#1855 = VERTEX_POINT ( 'NONE', #2326 ) ;
#1856 = DIRECTION ( 'NONE',  ( 0.000000000000000000, 0.000000000000000000, 1.000000000000000000 ) ) ;
#1857 = VERTEX_POINT ( 'NONE', #486 ) ;
#1858 = ORIENTED_EDGE ( 'NONE', *, *, #2205, .T. ) ;
#1859 = DIRECTION ( 'NONE',  ( -1.000000000000000000, 1.903239470785969963E-15, 0.000000000000000000 ) ) ;
#1860 = CARTESIAN_POINT ( 'NONE',  ( 20.35000000000000142, 9.400000000000000355, 0.000000000000000000 ) ) ;
#1861 = EDGE_LOOP ( 'NONE', ( #1692, #2238, #695, #269 ) ) ;
#1862 = EDGE_CURVE ( 'NONE', #970, #3499, #3584, .T. ) ;
#1863 = DIRECTION ( 'NONE',  ( 1.000000000000000000, 0.000000000000000000, 0.000000000000000000 ) ) ;
#1864 = ADVANCED_FACE ( 'NONE', ( #470 ), #1710, .T. ) ;
#1865 = CARTESIAN_POINT ( 'NONE',  ( 20.35000000000000142, -4.309999999999999609, -1.199999999999999956 ) ) ;
#1866 = AXIS2_PLACEMENT_3D ( 'NONE', #1251, #4055, #689 ) ;
#1867 = EDGE_CURVE ( 'NONE', #1924, #303, #179, .T. ) ;
#1868 = VERTEX_POINT ( 'NONE', #3644 ) ;
#1869 = CARTESIAN_POINT ( 'NONE',  ( 19.05825756949559846, -0.2700000000000000178, -0.2000000000000000111 ) ) ;
#1870 = DIRECTION ( 'NONE',  ( 2.363561996277350131E-15, 1.000000000000000000, 0.000000000000000000 ) ) ;
#1871 = AXIS2_PLACEMENT_3D ( 'NONE', #3150, #1876, #1575 ) ;
#1872 = ORIENTED_EDGE ( 'NONE', *, *, #2418, .T. ) ;
#1873 = EDGE_CURVE ( 'NONE', #326, #2597, #2461, .T. ) ;
#1874 = AXIS2_PLACEMENT_3D ( 'NONE', #920, #1911, #650 ) ;
#1875 = EDGE_LOOP ( 'NONE', ( #803, #4016, #1396, #2799 ) ) ;
#1876 = DIRECTION ( 'NONE',  ( 0.000000000000000000, 0.000000000000000000, -1.000000000000000000 ) ) ;
#1877 = ORIENTED_EDGE ( 'NONE', *, *, #3328, .F. ) ;
#1878 = CIRCLE ( 'NONE', #3247, 1.099999999999999201 ) ;
#1879 = VECTOR ( 'NONE', #2513, 1000.000000000000000 ) ;
#1880 = CARTESIAN_POINT ( 'NONE',  ( 10.17500000000000071, 6.400000000000000355, 0.000000000000000000 ) ) ;
#1881 = CARTESIAN_POINT ( 'NONE',  ( -18.59999999999999787, -1.270000000000000018, -1.199999999999999956 ) ) ;
#1882 = VERTEX_POINT ( 'NONE', #1860 ) ;
#1883 = AXIS2_PLACEMENT_3D ( 'NONE', #46, #3724, #341 ) ;
#1884 = CARTESIAN_POINT ( 'NONE',  ( 19.05825756949559846, 2.270000000000000018, -0.2000000000000000111 ) ) ;
#1885 = CARTESIAN_POINT ( 'NONE',  ( -18.92500000000000071, -1.270000000000000018, -0.2000000000000000111 ) ) ;
#1886 = VECTOR ( 'NONE', #586, 1000.000000000000000 ) ;
#1887 = CARTESIAN_POINT ( 'NONE',  ( -20.35000000000000142, -4.309999999999999609, -0.2000000000000000111 ) ) ;
#1888 = CIRCLE ( 'NONE', #2279, 1.499999999999999556 ) ;
#1889 = ORIENTED_EDGE ( 'NONE', *, *, #1503, .F. ) ;
#1890 = CYLINDRICAL_SURFACE ( 'NONE', #3259, 0.5000000000000004441 ) ;
#1891 = DIRECTION ( 'NONE',  ( 0.000000000000000000, 0.000000000000000000, 1.000000000000000000 ) ) ;
#1892 = CARTESIAN_POINT ( 'NONE',  ( 18.09999999999999787, 3.810000000000000053, -1.199999999999999956 ) ) ;
#1893 = AXIS2_PLACEMENT_3D ( 'NONE', #2430, #1473, #1776 ) ;
#1894 = ORIENTED_EDGE ( 'NONE', *, *, #1601, .T. ) ;
#1895 = CIRCLE ( 'NONE', #3204, 1.099999999999999423 ) ;
#1896 = VERTEX_POINT ( 'NONE', #885 ) ;
#1897 = DIRECTION ( 'NONE',  ( 0.000000000000000000, 0.000000000000000000, 1.000000000000000000 ) ) ;
#1898 = EDGE_CURVE ( 'NONE', #2099, #612, #3183, .T. ) ;
#1899 = EDGE_LOOP ( 'NONE', ( #3891, #1357, #3222, #986, #3589, #3606, #653 ) ) ;
#1900 = ADVANCED_FACE ( 'NONE', ( #3076 ), #268, .F. ) ;
#1901 = CYLINDRICAL_SURFACE ( 'NONE', #1113, 0.5000000000000000000 ) ;
#1902 = DIRECTION ( 'NONE',  ( 0.000000000000000000, 0.000000000000000000, -1.000000000000000000 ) ) ;
#1903 = VERTEX_POINT ( 'NONE', #1198 ) ;
#1904 = EDGE_CURVE ( 'NONE', #1791, #264, #1521, .T. ) ;
#1905 = LINE ( 'NONE', #2866, #3661 ) ;
#1906 = DIRECTION ( 'NONE',  ( 0.000000000000000000, 0.000000000000000000, -1.000000000000000000 ) ) ;
#1907 = DIRECTION ( 'NONE',  ( 1.000000000000000000, 0.000000000000000000, 0.000000000000000000 ) ) ;
#1908 = CARTESIAN_POINT ( 'NONE',  ( 20.35000000000000142, 7.004999999999999893, -0.2000000000000000111 ) ) ;
#1909 = ORIENTED_EDGE ( 'NONE', *, *, #1466, .F. ) ;
#1910 = CARTESIAN_POINT ( 'NONE',  ( 19.09999999999999787, -3.810000000000000053, 0.000000000000000000 ) ) ;
#1911 = DIRECTION ( 'NONE',  ( 0.000000000000000000, 0.000000000000000000, -1.000000000000000000 ) ) ;
#1912 = PLANE ( 'NONE',  #1038 ) ;
#1913 = ORIENTED_EDGE ( 'NONE', *, *, #1478, .F. ) ;
#1914 = CARTESIAN_POINT ( 'NONE',  ( 20.35000000000000142, -4.309999999999999609, 0.000000000000000000 ) ) ;
#1915 = EDGE_CURVE ( 'NONE', #791, #2398, #2798, .T. ) ;
#1916 = EDGE_CURVE ( 'NONE', #1684, #532, #3752, .T. ) ;
#1917 = EDGE_LOOP ( 'NONE', ( #2568, #1137, #343, #246 ) ) ;
#1918 = EDGE_CURVE ( 'NONE', #2421, #2836, #3648, .T. ) ;
#1919 = CARTESIAN_POINT ( 'NONE',  ( -20.35000000000000142, -1.270000000000000018, 0.000000000000000000 ) ) ;
#1920 = LINE ( 'NONE', #31, #3394 ) ;
#1921 = EDGE_LOOP ( 'NONE', ( #1913, #1052 ) ) ;
#1922 = EDGE_CURVE ( 'NONE', #3615, #2951, #2127, .T. ) ;
#1923 = CARTESIAN_POINT ( 'NONE',  ( -20.35000000000000142, 3.310000000000000053, 0.000000000000000000 ) ) ;
#1924 = VERTEX_POINT ( 'NONE', #1825 ) ;
#1925 = LINE ( 'NONE', #1789, #422 ) ;
#1926 = EDGE_LOOP ( 'NONE', ( #2625, #454, #1846, #669 ) ) ;
#1927 = UNCERTAINTY_MEASURE_WITH_UNIT (LENGTH_MEASURE( 1.000000000000000082E-05 ), #66, 'distance_accuracy_value', 'NONE');
#1928 = CARTESIAN_POINT ( 'NONE',  ( -18.59999999999999787, -7.900000000000000355, 0.000000000000000000 ) ) ;
#1929 = CARTESIAN_POINT ( 'NONE',  ( 19.05825756949559846, 2.270000000000000018, 0.000000000000000000 ) ) ;
#1930 = VECTOR ( 'NONE', #3540, 1000.000000000000000 ) ;
#1931 = EDGE_LOOP ( 'NONE', ( #2286, #3746, #3824, #2306, #3714, #2327, #3440, #918 ) ) ;
#1932 = LINE ( 'NONE', #1914, #3047 ) ;
#1933 = AXIS2_PLACEMENT_3D ( 'NONE', #1138, #2115, #1443 ) ;
#1934 = ORIENTED_EDGE ( 'NONE', *, *, #1853, .T. ) ;
#1935 = CIRCLE ( 'NONE', #3513, 0.5000000000000004441 ) ;
#1936 = LINE ( 'NONE', #2285, #58 ) ;
#1937 = LINE ( 'NONE', #1102, #1682 ) ;
#1938 = VECTOR ( 'NONE', #1943, 1000.000000000000000 ) ;
#1939 = ORIENTED_EDGE ( 'NONE', *, *, #3022, .F. ) ;
#1940 = ADVANCED_FACE ( 'NONE', ( #4019 ), #1216, .T. ) ;
#1941 = AXIS2_PLACEMENT_3D ( 'NONE', #3112, #1500, #3694 ) ;
#1942 = LINE ( 'NONE', #2789, #1752 ) ;
#1943 = DIRECTION ( 'NONE',  ( -1.000000000000000000, 0.000000000000000000, 0.000000000000000000 ) ) ;
#1944 = ORIENTED_EDGE ( 'NONE', *, *, #816, .T. ) ;
#1945 = VECTOR ( 'NONE', #2666, 1000.000000000000000 ) ;
#1946 = DIRECTION ( 'NONE',  ( 0.000000000000000000, 0.000000000000000000, -1.000000000000000000 ) ) ;
#1947 = EDGE_CURVE ( 'NONE', #1592, #223, #2925, .T. ) ;
#1948 = EDGE_CURVE ( 'NONE', #3443, #2022, #910, .T. ) ;
#1949 = AXIS2_PLACEMENT_3D ( 'NONE', #3567, #1680, #3919 ) ;
#1950 = ORIENTED_EDGE ( 'NONE', *, *, #1693, .F. ) ;
#1951 = DIRECTION ( 'NONE',  ( 0.000000000000000000, 0.000000000000000000, 1.000000000000000000 ) ) ;
#1952 = LINE ( 'NONE', #2004, #3119 ) ;
#1953 = FACE_OUTER_BOUND ( 'NONE', #3969, .T. ) ;
#1954 = CIRCLE ( 'NONE', #2409, 0.5000000000000004441 ) ;
#1955 = ORIENTED_EDGE ( 'NONE', *, *, #2067, .F. ) ;
#1956 = AXIS2_PLACEMENT_3D ( 'NONE', #3934, #1431, #3711 ) ;
#1957 = LINE ( 'NONE', #1401, #3834 ) ;
#1958 = ORIENTED_EDGE ( 'NONE', *, *, #2673, .F. ) ;
#1959 = DIRECTION ( 'NONE',  ( 1.000000000000000000, 0.000000000000000000, 0.000000000000000000 ) ) ;
#1960 = DIRECTION ( 'NONE',  ( 0.000000000000000000, 0.000000000000000000, -1.000000000000000000 ) ) ;
#1961 = VERTEX_POINT ( 'NONE', #3735 ) ;
#1962 = CARTESIAN_POINT ( 'NONE',  ( 20.35000000000000142, -9.400000000000000355, 0.000000000000000000 ) ) ;
#1963 = CARTESIAN_POINT ( 'NONE',  ( -20.35000000000000142, -2.270000000000000018, 0.000000000000000000 ) ) ;
#1964 = ORIENTED_EDGE ( 'NONE', *, *, #278, .F. ) ;
#1965 = PLANE ( 'NONE',  #3829 ) ;
#1966 = ORIENTED_EDGE ( 'NONE', *, *, #2755, .F. ) ;
#1967 = DIRECTION ( 'NONE',  ( -1.718954179110800024E-15, -1.000000000000000000, 0.000000000000000000 ) ) ;
#1968 = ADVANCED_FACE ( 'NONE', ( #3409, #3135 ), #1845, .T. ) ;
#1969 = PLANE ( 'NONE',  #567 ) ;
#1970 = CARTESIAN_POINT ( 'NONE',  ( -17.10000000000009379, 7.900000537953087765, 0.000000000000000000 ) ) ;
#1971 = VERTEX_POINT ( 'NONE', #2477 ) ;
#1972 = EDGE_CURVE ( 'NONE', #1763, #3126, #1580, .T. ) ;
#1973 = DIRECTION ( 'NONE',  ( 0.000000000000000000, 0.000000000000000000, -1.000000000000000000 ) ) ;
#1974 = ORIENTED_EDGE ( 'NONE', *, *, #2190, .F. ) ;
#1975 = DIRECTION ( 'NONE',  ( -1.000000000000000000, -2.578431268666200036E-15, 0.000000000000000000 ) ) ;
#1976 = CARTESIAN_POINT ( 'NONE',  ( -19.05825756949559846, 4.809999999999999609, 0.000000000000000000 ) ) ;
#1977 = ORIENTED_EDGE ( 'NONE', *, *, #109, .F. ) ;
#1978 = CARTESIAN_POINT ( 'NONE',  ( -18.59999999999999787, -1.270000000000000018, 0.000000000000000000 ) ) ;
#1979 = LINE ( 'NONE', #1598, #3973 ) ;
#1980 = ORIENTED_EDGE ( 'NONE', *, *, #155, .T. ) ;
#1981 = CARTESIAN_POINT ( 'NONE',  ( -20.35000000000000142, 8.400000000000000355, -1.199999999999999956 ) ) ;
#1982 = ORIENTED_EDGE ( 'NONE', *, *, #1319, .F. ) ;
#1983 = DIRECTION ( 'NONE',  ( 0.4165977904505299700, 0.9090909090909096157, 0.000000000000000000 ) ) ;
#1984 = CARTESIAN_POINT ( 'NONE',  ( -20.35000000000000142, 9.400000000000000355, 0.000000000000000000 ) ) ;
#1985 = EDGE_CURVE ( 'NONE', #1577, #1450, #4036, .T. ) ;
#1986 = VECTOR ( 'NONE', #3449, 1000.000000000000000 ) ;
#1987 = VERTEX_POINT ( 'NONE', #3362 ) ;
#1988 = CARTESIAN_POINT ( 'NONE',  ( -20.35000000000000142, 1.270000000000000018, -1.199999999999999956 ) ) ;
#1989 = AXIS2_PLACEMENT_3D ( 'NONE', #3519, #3226, #2634 ) ;
#1990 = ORIENTED_EDGE ( 'NONE', *, *, #3923, .F. ) ;
#1991 = EDGE_CURVE ( 'NONE', #2046, #3241, #3051, .T. ) ;
#1992 = CARTESIAN_POINT ( 'NONE',  ( -20.35000000000000142, 2.810000000000000053, -0.2000000000000000111 ) ) ;
#1993 = DIRECTION ( 'NONE',  ( 0.9999999999999356071, 3.586353910604391861E-07, 0.000000000000000000 ) ) ;
#1994 = ORIENTED_EDGE ( 'NONE', *, *, #537, .F. ) ;
#1995 = AXIS2_PLACEMENT_3D ( 'NONE', #3803, #2137, #1835 ) ;
#1996 = VECTOR ( 'NONE', #3814, 1000.000000000000000 ) ;
#1997 = CARTESIAN_POINT ( 'NONE',  ( -19.05825756949559846, 2.270000000000000018, 0.000000000000000000 ) ) ;
#1998 = PLANE ( 'NONE',  #2138 ) ;
#1999 = ORIENTED_EDGE ( 'NONE', *, *, #2695, .T. ) ;
#2000 = CARTESIAN_POINT ( 'NONE',  ( 18.72499999999999787, -7.900000000000000355, -0.2000000000000000111 ) ) ;
#2001 = AXIS2_PLACEMENT_3D ( 'NONE', #3000, #1139, #3633 ) ;
#2002 = VERTEX_POINT ( 'NONE', #577 ) ;
#2003 = DIRECTION ( 'NONE',  ( 0.000000000000000000, 1.000000000000000000, 0.000000000000000000 ) ) ;
#2004 = CARTESIAN_POINT ( 'NONE',  ( 20.35000000000000142, 4.309999999999999609, 0.000000000000000000 ) ) ;
#2005 = AXIS2_PLACEMENT_3D ( 'NONE', #767, #2257, #3512 ) ;
#2006 = DIRECTION ( 'NONE',  ( 0.000000000000000000, 0.000000000000000000, -1.000000000000000000 ) ) ;
#2007 = CIRCLE ( 'NONE', #3586, 1.099999999999999423 ) ;
#2008 = ORIENTED_EDGE ( 'NONE', *, *, #1028, .F. ) ;
#2009 = CYLINDRICAL_SURFACE ( 'NONE', #1089, 0.5000000000000004441 ) ;
#2010 = CARTESIAN_POINT ( 'NONE',  ( 20.35000000000000142, 1.770000000000000018, -0.2000000000000000111 ) ) ;
#2011 = AXIS2_PLACEMENT_3D ( 'NONE', #1709, #722, #2885 ) ;
#2012 = ORIENTED_EDGE ( 'NONE', *, *, #4029, .T. ) ;
#2013 = VECTOR ( 'NONE', #3139, 1000.000000000000000 ) ;
#2014 = CARTESIAN_POINT ( 'NONE',  ( 20.35000000000000142, 10.20000000000000107, 0.000000000000000000 ) ) ;
#2015 = CARTESIAN_POINT ( 'NONE',  ( -18.59999999999999787, -3.810000000000000053, -0.2000000000000000111 ) ) ;
#2016 = EDGE_CURVE ( 'NONE', #2301, #1711, #2748, .T. ) ;
#2017 = VERTEX_POINT ( 'NONE', #2169 ) ;
#2018 = CIRCLE ( 'NONE', #518, 0.5000000000000000000 ) ;
#2019 = CARTESIAN_POINT ( 'NONE',  ( -18.59999999999999787, 3.810000000000000053, 0.000000000000000000 ) ) ;
#2020 = EDGE_CURVE ( 'NONE', #2696, #223, #3244, .T. ) ;
#2021 = DIRECTION ( 'NONE',  ( 0.000000000000000000, 0.000000000000000000, -1.000000000000000000 ) ) ;
#2022 = VERTEX_POINT ( 'NONE', #440 ) ;
#2023 = CARTESIAN_POINT ( 'NONE',  ( -1.750000000000000000, 9.700000000000001066, 0.000000000000000000 ) ) ;
#2024 = VERTEX_POINT ( 'NONE', #2010 ) ;
#2025 = DIRECTION ( 'NONE',  ( 0.7071067811865469066, 0.7071067811865481278, 0.000000000000000000 ) ) ;
#2026 = PLANE ( 'NONE',  #3840 ) ;
#2027 = CARTESIAN_POINT ( 'NONE',  ( 18.59999999999999787, -7.900000000000000355, 0.000000000000000000 ) ) ;
#2028 = ORIENTED_EDGE ( 'NONE', *, *, #241, .F. ) ;
#2029 = CARTESIAN_POINT ( 'NONE',  ( -18.59999999999999787, -7.900000000000000355, -0.2000000000000000111 ) ) ;
#2030 = CARTESIAN_POINT ( 'NONE',  ( -1.396446609406726713, 10.05355339059327413, 0.000000000000000000 ) ) ;
#2031 = ORIENTED_EDGE ( 'NONE', *, *, #2690, .T. ) ;
#2032 = ORIENTED_EDGE ( 'NONE', *, *, #1572, .T. ) ;
#2033 = EDGE_CURVE ( 'NONE', #4038, #2602, #1236, .T. ) ;
#2034 = LINE ( 'NONE', #1082, #1930 ) ;
#2035 = DIRECTION ( 'NONE',  ( 0.000000000000000000, 0.000000000000000000, -1.000000000000000000 ) ) ;
#2036 = ORIENTED_EDGE ( 'NONE', *, *, #2318, .T. ) ;
#2037 = EDGE_CURVE ( 'NONE', #146, #1868, #1937, .T. ) ;
#2038 = EDGE_CURVE ( 'NONE', #2041, #833, #1920, .T. ) ;
#2039 = CARTESIAN_POINT ( 'NONE',  ( -19.05825756949559846, 2.810000000000000053, 0.000000000000000000 ) ) ;
#2040 = CARTESIAN_POINT ( 'NONE',  ( 18.59999999999999787, 1.270000000000000018, -1.199999999999999956 ) ) ;
#2041 = VERTEX_POINT ( 'NONE', #2339 ) ;
#2042 = LINE ( 'NONE', #3625, #2580 ) ;
#2043 = ADVANCED_FACE ( 'NONE', ( #479 ), #1721, .F. ) ;
#2044 = DIRECTION ( 'NONE',  ( -0.4165977904505299700, -0.9090909090909096157, 0.000000000000000000 ) ) ;
#2045 = DIRECTION ( 'NONE',  ( 0.000000000000000000, 0.000000000000000000, -1.000000000000000000 ) ) ;
#2046 = VERTEX_POINT ( 'NONE', #991 ) ;
#2047 = CARTESIAN_POINT ( 'NONE',  ( 18.59999999999999787, -1.270000000000000018, -0.2000000000000000111 ) ) ;
#2048 = DIRECTION ( 'NONE',  ( 1.000000000000000000, 0.000000000000000000, 0.000000000000000000 ) ) ;
#2049 = ORIENTED_EDGE ( 'NONE', *, *, #844, .T. ) ;
#2050 = VERTEX_POINT ( 'NONE', #1006 ) ;
#2051 = CARTESIAN_POINT ( 'NONE',  ( 18.92500000000000071, -3.810000000000000053, -0.2000000000000000111 ) ) ;
#2052 = CIRCLE ( 'NONE', #1470, 0.5000000000000004441 ) ;
#2053 = CARTESIAN_POINT ( 'NONE',  ( 19.05825756949559846, 2.810000000000000053, 0.000000000000000000 ) ) ;
#2054 = ORIENTED_EDGE ( 'NONE', *, *, #1258, .T. ) ;
#2055 = VECTOR ( 'NONE', #3689, 1000.000000000000000 ) ;
#2056 = DIRECTION ( 'NONE',  ( 0.4165977904505299700, 0.9090909090909096157, 0.000000000000000000 ) ) ;
#2057 = DIRECTION ( 'NONE',  ( 0.000000000000000000, 0.000000000000000000, 1.000000000000000000 ) ) ;
#2058 = AXIS2_PLACEMENT_3D ( 'NONE', #2338, #3843, #2612 ) ;
#2059 = ORIENTED_EDGE ( 'NONE', *, *, #3546, .T. ) ;
#2060 = EDGE_CURVE ( 'NONE', #2896, #198, #2141, .T. ) ;
#2061 = LINE ( 'NONE', #2415, #3231 ) ;
#2062 = AXIS2_PLACEMENT_3D ( 'NONE', #1037, #1075, #3201 ) ;
#2063 = LINE ( 'NONE', #3034, #386 ) ;
#2064 = FACE_BOUND ( 'NONE', #1921, .T. ) ;
#2065 = EDGE_CURVE ( 'NONE', #462, #1447, #3465, .T. ) ;
#2066 = LINE ( 'NONE', #3653, #2470 ) ;
#2067 = EDGE_CURVE ( 'NONE', #1747, #2815, #2269, .T. ) ;
#2068 = AXIS2_PLACEMENT_3D ( 'NONE', #200, #3315, #3605 ) ;
#2069 = VECTOR ( 'NONE', #3387, 1000.000000000000000 ) ;
#2070 = ORIENTED_EDGE ( 'NONE', *, *, #1394, .T. ) ;
#2071 = CARTESIAN_POINT ( 'NONE',  ( -20.35000000000000142, 9.400000000000000355, 0.000000000000000000 ) ) ;
#2072 = DIRECTION ( 'NONE',  ( 0.000000000000000000, 0.000000000000000000, -1.000000000000000000 ) ) ;
#2073 = LINE ( 'NONE', #1812, #1099 ) ;
#2074 = ADVANCED_FACE ( 'NONE', ( #678 ), #1704, .T. ) ;
#2075 = VERTEX_POINT ( 'NONE', #793 ) ;
#2076 = AXIS2_PLACEMENT_3D ( 'NONE', #2161, #318, #3417 ) ;
#2077 = ORIENTED_EDGE ( 'NONE', *, *, #624, .T. ) ;
#2078 = VERTEX_POINT ( 'NONE', #148 ) ;
#2079 = AXIS2_PLACEMENT_3D ( 'NONE', #275, #1528, #2706 ) ;
#2080 = CARTESIAN_POINT ( 'NONE',  ( 18.09999999999999787, -1.270000000000000018, -1.199999999999999956 ) ) ;
#2081 = CARTESIAN_POINT ( 'NONE',  ( -20.35000000000000142, -10.20000000000000107, 0.000000000000000000 ) ) ;
#2082 = ORIENTED_EDGE ( 'NONE', *, *, #2153, .F. ) ;
#2083 = VECTOR ( 'NONE', #866, 1000.000000000000000 ) ;
#2084 = CARTESIAN_POINT ( 'NONE',  ( -20.35000000000000142, -1.149999999999999911, -0.2000000000000000111 ) ) ;
#2085 = CARTESIAN_POINT ( 'NONE',  ( -17.49999999999999645, 1.270000000000000018, -0.2000000000000000111 ) ) ;
#2086 = VECTOR ( 'NONE', #151, 1000.000000000000000 ) ;
#2087 = VERTEX_POINT ( 'NONE', #2030 ) ;
#2088 = DIRECTION ( 'NONE',  ( 0.000000000000000000, 1.000000000000000000, 0.000000000000000000 ) ) ;
#2089 = VECTOR ( 'NONE', #3931, 1000.000000000000000 ) ;
#2090 = ADVANCED_FACE ( 'NONE', ( #1612 ), #3884, .T. ) ;
#2091 = CYLINDRICAL_SURFACE ( 'NONE', #2868, 1.100000000000000311 ) ;
#2092 = EDGE_CURVE ( 'NONE', #3995, #2301, #3286, .T. ) ;
#2093 = LINE ( 'NONE', #226, #3182 ) ;
#2094 = CARTESIAN_POINT ( 'NONE',  ( 20.35000000000000142, 10.20000000000000107, 0.000000000000000000 ) ) ;
#2095 = EDGE_CURVE ( 'NONE', #3472, #854, #1386, .T. ) ;
#2096 = ORIENTED_EDGE ( 'NONE', *, *, #1671, .F. ) ;
#2097 = DIRECTION ( 'NONE',  ( -0.4165977904505299700, -0.9090909090909096157, 0.000000000000000000 ) ) ;
#2098 = PLANE ( 'NONE',  #2466 ) ;
#2099 = VERTEX_POINT ( 'NONE', #2632 ) ;
#2100 = ADVANCED_FACE ( 'NONE', ( #2671 ), #3481, .F. ) ;
#2101 = ORIENTED_EDGE ( 'NONE', *, *, #3451, .F. ) ;
#2102 = DIRECTION ( 'NONE',  ( 0.000000000000000000, 0.000000000000000000, -1.000000000000000000 ) ) ;
#2103 = CARTESIAN_POINT ( 'NONE',  ( -18.59999999999999787, 1.270000000000000018, -1.199999999999999956 ) ) ;
#2104 = VERTEX_POINT ( 'NONE', #3498 ) ;
#2105 = ORIENTED_EDGE ( 'NONE', *, *, #391, .F. ) ;
#2106 = CARTESIAN_POINT ( 'NONE',  ( -1.750000000000000000, 10.20000000000000107, 0.000000000000000000 ) ) ;
#2107 = CARTESIAN_POINT ( 'NONE',  ( -1.250000000000000000, 9.700000000000001066, 0.000000000000000000 ) ) ;
#2108 = ORIENTED_EDGE ( 'NONE', *, *, #2695, .F. ) ;
#2109 = LINE ( 'NONE', #3981, #2974 ) ;
#2110 = LINE ( 'NONE', #270, #3795 ) ;
#2111 = DIRECTION ( 'NONE',  ( 0.000000000000000000, 0.000000000000000000, -1.000000000000000000 ) ) ;
#2112 = CARTESIAN_POINT ( 'NONE',  ( -19.05825756949559846, 2.270000000000000018, -0.2000000000000000111 ) ) ;
#2113 = VERTEX_POINT ( 'NONE', #3155 ) ;
#2114 = DIRECTION ( 'NONE',  ( 0.000000000000000000, 0.000000000000000000, 1.000000000000000000 ) ) ;
#2115 = DIRECTION ( 'NONE',  ( 0.000000000000000000, 0.000000000000000000, 1.000000000000000000 ) ) ;
#2116 = LINE ( 'NONE', #541, #907 ) ;
#2117 = DIRECTION ( 'NONE',  ( 0.000000000000000000, 0.000000000000000000, -1.000000000000000000 ) ) ;
#2118 = ADVANCED_FACE ( 'NONE', ( #350 ), #2841, .F. ) ;
#2119 = ORIENTED_EDGE ( 'NONE', *, *, #1049, .T. ) ;
#2120 = CARTESIAN_POINT ( 'NONE',  ( -18.60000107590619933, 9.399999999999618439, 0.000000000000000000 ) ) ;
#2121 = DIRECTION ( 'NONE',  ( 0.000000000000000000, 0.000000000000000000, 1.000000000000000000 ) ) ;
#2122 = VERTEX_POINT ( 'NONE', #3904 ) ;
#2123 = EDGE_CURVE ( 'NONE', #3224, #2548, #2073, .T. ) ;
#2124 = AXIS2_PLACEMENT_3D ( 'NONE', #2952, #472, #2563 ) ;
#2125 = ORIENTED_EDGE ( 'NONE', *, *, #1787, .F. ) ;
#2126 = DIRECTION ( 'NONE',  ( 1.000000000000000000, 0.000000000000000000, 0.000000000000000000 ) ) ;
#2127 = LINE ( 'NONE', #552, #2069 ) ;
#2128 = ORIENTED_EDGE ( 'NONE', *, *, #2175, .T. ) ;
#2129 = CIRCLE ( 'NONE', #3895, 0.5000000000000000000 ) ;
#2130 = CIRCLE ( 'NONE', #3774, 0.5000000000000002220 ) ;
#2131 = FACE_BOUND ( 'NONE', #2933, .T. ) ;
#2132 = DIRECTION ( 'NONE',  ( 0.000000000000000000, 0.000000000000000000, -1.000000000000000000 ) ) ;
#2133 = LINE ( 'NONE', #3393, #1819 ) ;
#2134 = VECTOR ( 'NONE', #806, 1000.000000000000000 ) ;
#2135 = ORIENTED_EDGE ( 'NONE', *, *, #2825, .T. ) ;
#2136 = DIRECTION ( 'NONE',  ( 0.000000000000000000, -1.000000000000000000, 0.000000000000000000 ) ) ;
#2137 = DIRECTION ( 'NONE',  ( 0.000000000000000000, 0.000000000000000000, -1.000000000000000000 ) ) ;
#2138 = AXIS2_PLACEMENT_3D ( 'NONE', #3255, #3855, #1051 ) ;
#2139 = CYLINDRICAL_SURFACE ( 'NONE', #575, 0.4999999999999996114 ) ;
#2140 = ORIENTED_EDGE ( 'NONE', *, *, #2476, .T. ) ;
#2141 = CIRCLE ( 'NONE', #2536, 0.5000000000000004441 ) ;
#2142 = ORIENTED_EDGE ( 'NONE', *, *, #1274, .F. ) ;
#2143 = DIRECTION ( 'NONE',  ( 1.000000000000000000, 0.000000000000000000, 0.000000000000000000 ) ) ;
#2144 = AXIS2_PLACEMENT_3D ( 'NONE', #2646, #2006, #1336 ) ;
#2145 = VERTEX_POINT ( 'NONE', #2708 ) ;
#2146 = AXIS2_PLACEMENT_3D ( 'NONE', #3862, #412, #2025 ) ;
#2147 = ADVANCED_FACE ( 'NONE', ( #3702 ), #191, .F. ) ;
#2148 = VERTEX_POINT ( 'NONE', #209 ) ;
#2149 = DIRECTION ( 'NONE',  ( 0.000000000000000000, -1.000000000000000000, 0.000000000000000000 ) ) ;
#2150 = DIRECTION ( 'NONE',  ( 0.000000000000000000, 0.000000000000000000, -1.000000000000000000 ) ) ;
#2151 = VERTEX_POINT ( 'NONE', #2759 ) ;
#2152 = AXIS2_PLACEMENT_3D ( 'NONE', #2684, #3938, #1134 ) ;
#2153 = EDGE_CURVE ( 'NONE', #3932, #3477, #1491, .T. ) ;
#2154 = DIRECTION ( 'NONE',  ( -1.000000000000000000, -3.942553354492742052E-16, 0.000000000000000000 ) ) ;
#2155 = LINE ( 'NONE', #936, #2794 ) ;
#2156 = DIRECTION ( 'NONE',  ( 0.000000000000000000, 0.000000000000000000, 1.000000000000000000 ) ) ;
#2157 = VECTOR ( 'NONE', #3690, 1000.000000000000000 ) ;
#2158 = ORIENTED_EDGE ( 'NONE', *, *, #1345, .T. ) ;
#2159 = DIRECTION ( 'NONE',  ( 0.000000000000000000, 1.000000000000000000, 0.000000000000000000 ) ) ;
#2160 = DIRECTION ( 'NONE',  ( 0.000000000000000000, 0.000000000000000000, -1.000000000000000000 ) ) ;
#2161 = CARTESIAN_POINT ( 'NONE',  ( -18.59999999999999787, -1.270000000000000018, -0.2000000000000000111 ) ) ;
#2162 = EDGE_LOOP ( 'NONE', ( #1205, #129, #2797, #1429 ) ) ;
#2163 = DIRECTION ( 'NONE',  ( 1.000000000000000000, 0.000000000000000000, 0.000000000000000000 ) ) ;
#2164 = ORIENTED_EDGE ( 'NONE', *, *, #800, .F. ) ;
#2165 = EDGE_CURVE ( 'NONE', #84, #3224, #643, .T. ) ;
#2166 = EDGE_CURVE ( 'NONE', #658, #2398, #2116, .T. ) ;
#2167 = VERTEX_POINT ( 'NONE', #2376 ) ;
#2168 = DIRECTION ( 'NONE',  ( -1.000000000000000000, -3.942553354492742052E-16, 0.000000000000000000 ) ) ;
#2169 = CARTESIAN_POINT ( 'NONE',  ( -20.35000000000000142, -0.7699999999999999067, -0.2000000000000000111 ) ) ;
#2170 = VERTEX_POINT ( 'NONE', #1531 ) ;
#2171 = ADVANCED_FACE ( 'NONE', ( #3330 ), #2098, .F. ) ;
#2172 = DIRECTION ( 'NONE',  ( 0.000000000000000000, 0.000000000000000000, 1.000000000000000000 ) ) ;
#2173 = DIRECTION ( 'NONE',  ( 0.000000000000000000, 1.000000000000000000, 0.000000000000000000 ) ) ;
#2174 = DIRECTION ( 'NONE',  ( -0.7071067811865457964, 0.7071067811865492381, 0.000000000000000000 ) ) ;
#2175 = EDGE_CURVE ( 'NONE', #3042, #2151, #3783, .T. ) ;
#2176 = EDGE_LOOP ( 'NONE', ( #2356, #2253, #2436, #1651 ) ) ;
#2177 = LINE ( 'NONE', #1910, #983 ) ;
#2178 = LINE ( 'NONE', #625, #306 ) ;
#2179 = LINE ( 'NONE', #1852, #3912 ) ;
#2180 = ORIENTED_EDGE ( 'NONE', *, *, #903, .F. ) ;
#2181 = EDGE_LOOP ( 'NONE', ( #1349, #548, #2359, #3396 ) ) ;
#2182 = LINE ( 'NONE', #344, #2258 ) ;
#2183 = VERTEX_POINT ( 'NONE', #3065 ) ;
#2184 = ORIENTED_EDGE ( 'NONE', *, *, #4005, .T. ) ;
#2185 = CARTESIAN_POINT ( 'NONE',  ( -1.750000000000000000, -1.899999999999999911, 0.000000000000000000 ) ) ;
#2186 = CARTESIAN_POINT ( 'NONE',  ( 20.35000000000000142, 10.20000000000000107, 0.000000000000000000 ) ) ;
#2187 = ORIENTED_EDGE ( 'NONE', *, *, #1524, .T. ) ;
#2188 = AXIS2_PLACEMENT_3D ( 'NONE', #355, #3994, #3351 ) ;
#2189 = DIRECTION ( 'NONE',  ( 1.903239470785969963E-15, -1.000000000000000000, 0.000000000000000000 ) ) ;
#2190 = EDGE_CURVE ( 'NONE', #1855, #1047, #243, .T. ) ;
#2191 = CARTESIAN_POINT ( 'NONE',  ( -20.35000000000000142, -10.20000000000000107, -1.199999999999999956 ) ) ;
#2192 = VECTOR ( 'NONE', #3090, 1000.000000000000000 ) ;
#2193 = DIRECTION ( 'NONE',  ( 0.000000000000000000, -1.000000000000000000, 0.000000000000000000 ) ) ;
#2194 = LINE ( 'NONE', #1300, #1340 ) ;
#2195 = ORIENTED_EDGE ( 'NONE', *, *, #821, .F. ) ;
#2196 = LINE ( 'NONE', #2255, #2216 ) ;
#2197 = ADVANCED_FACE ( 'NONE', ( #831 ), #2439, .T. ) ;
#2198 = ADVANCED_FACE ( 'NONE', ( #3087 ), #2139, .T. ) ;
#2199 = CARTESIAN_POINT ( 'NONE',  ( -20.35000000000000142, -10.20000000000000107, 0.000000000000000000 ) ) ;
#2200 = FACE_OUTER_BOUND ( 'NONE', #2570, .T. ) ;
#2201 = CIRCLE ( 'NONE', #3903, 0.4999999999999995559 ) ;
#2202 = EDGE_LOOP ( 'NONE', ( #2059, #795, #2125, #553 ) ) ;
#2203 = VECTOR ( 'NONE', #76, 1000.000000000000000 ) ;
#2204 = ORIENTED_EDGE ( 'NONE', *, *, #2219, .T. ) ;
#2205 = EDGE_CURVE ( 'NONE', #3594, #1450, #2777, .T. ) ;
#2206 = CARTESIAN_POINT ( 'NONE',  ( 18.60000107604399844, -9.400000000000000355, 0.000000000000000000 ) ) ;
#2207 = ORIENTED_EDGE ( 'NONE', *, *, #2335, .T. ) ;
#2208 = VECTOR ( 'NONE', #11, 1000.000000000000000 ) ;
#2209 = VECTOR ( 'NONE', #2233, 1000.000000000000000 ) ;
#2210 = CYLINDRICAL_SURFACE ( 'NONE', #1630, 0.5000000000000000000 ) ;
#2211 = CARTESIAN_POINT ( 'NONE',  ( 20.35000000000000142, 1.270000000000000018, 0.000000000000000000 ) ) ;
#2212 = EDGE_LOOP ( 'NONE', ( #1306, #3422, #3768, #2579, #3944, #6, #664, #1566 ) ) ;
#2213 = CIRCLE ( 'NONE', #3582, 0.5000000000000002220 ) ;
#2214 = DIRECTION ( 'NONE',  ( -1.000000000000000000, 3.437908358221610303E-15, 0.000000000000000000 ) ) ;
#2215 = CARTESIAN_POINT ( 'NONE',  ( -20.35000000000000142, 2.270000000000000018, 0.000000000000000000 ) ) ;
#2216 = VECTOR ( 'NONE', #3781, 1000.000000000000000 ) ;
#2217 = LINE ( 'NONE', #1585, #1083 ) ;
#2218 = AXIS2_PLACEMENT_3D ( 'NONE', #2392, #1200, #2770 ) ;
#2219 = EDGE_CURVE ( 'NONE', #2075, #2183, #3060, .T. ) ;
#2220 = ADVANCED_FACE ( 'NONE', ( #257 ), #2689, .F. ) ;
#2221 = ORIENTED_EDGE ( 'NONE', *, *, #3028, .F. ) ;
#2222 = CARTESIAN_POINT ( 'NONE',  ( 17.49999999999999645, 1.269999999999999574, 0.000000000000000000 ) ) ;
#2223 = CARTESIAN_POINT ( 'NONE',  ( 19.05825756949559846, -0.2700000000000000178, 0.000000000000000000 ) ) ;
#2224 = CIRCLE ( 'NONE', #1308, 0.5000000000000000000 ) ;
#2225 = VERTEX_POINT ( 'NONE', #2401 ) ;
#2226 = EDGE_CURVE ( 'NONE', #1459, #1961, #3659, .T. ) ;
#2227 = AXIS2_PLACEMENT_3D ( 'NONE', #1108, #1773, #2345 ) ;
#2228 = ORIENTED_EDGE ( 'NONE', *, *, #3022, .T. ) ;
#2229 = FACE_OUTER_BOUND ( 'NONE', #718, .T. ) ;
#2230 = ORIENTED_EDGE ( 'NONE', *, *, #654, .T. ) ;
#2231 = EDGE_CURVE ( 'NONE', #3559, #3017, #1786, .T. ) ;
#2232 = LINE ( 'NONE', #3734, #1570 ) ;
#2233 = DIRECTION ( 'NONE',  ( -1.000000000000000000, 1.074346361944249916E-15, 0.000000000000000000 ) ) ;
#2234 = ORIENTED_EDGE ( 'NONE', *, *, #3151, .F. ) ;
#2235 = CARTESIAN_POINT ( 'NONE',  ( 20.35000000000000142, -6.400000000000000355, 0.000000000000000000 ) ) ;
#2236 = DIRECTION ( 'NONE',  ( 0.000000000000000000, 1.000000000000000000, 0.000000000000000000 ) ) ;
#2237 = CARTESIAN_POINT ( 'NONE',  ( 17.10000000000009379, -7.900000538022011298, 0.000000000000000000 ) ) ;
#2238 = ORIENTED_EDGE ( 'NONE', *, *, #241, .T. ) ;
#2239 = FACE_OUTER_BOUND ( 'NONE', #2967, .T. ) ;
#2240 = DIRECTION ( 'NONE',  ( 0.000000000000000000, 0.000000000000000000, 1.000000000000000000 ) ) ;
#2241 = DIRECTION ( 'NONE',  ( 0.000000000000000000, 0.000000000000000000, -1.000000000000000000 ) ) ;
#2242 = VERTEX_POINT ( 'NONE', #2736 ) ;
#2243 = DIRECTION ( 'NONE',  ( 0.000000000000000000, 0.000000000000000000, -1.000000000000000000 ) ) ;
#2244 = EDGE_CURVE ( 'NONE', #2288, #980, #4043, .T. ) ;
#2245 = ORIENTED_EDGE ( 'NONE', *, *, #1204, .F. ) ;
#2246 = LINE ( 'NONE', #1976, #1116 ) ;
#2247 = DIRECTION ( 'NONE',  ( 0.000000000000000000, 0.000000000000000000, -1.000000000000000000 ) ) ;
#2248 = VERTEX_POINT ( 'NONE', #3744 ) ;
#2249 = DIRECTION ( 'NONE',  ( 0.000000000000000000, 0.000000000000000000, -1.000000000000000000 ) ) ;
#2250 = LINE ( 'NONE', #1376, #1996 ) ;
#2251 = ORIENTED_EDGE ( 'NONE', *, *, #3805, .F. ) ;
#2252 = DIRECTION ( 'NONE',  ( 0.000000000000000000, 0.000000000000000000, -1.000000000000000000 ) ) ;
#2253 = ORIENTED_EDGE ( 'NONE', *, *, #1399, .F. ) ;
#2254 = VECTOR ( 'NONE', #4068, 1000.000000000000000 ) ;
#2255 = CARTESIAN_POINT ( 'NONE',  ( -1.250000000000000000, -2.399999999999999911, 6.000000000000000000 ) ) ;
#2256 = CYLINDRICAL_SURFACE ( 'NONE', #1158, 0.5000000000000004441 ) ;
#2257 = DIRECTION ( 'NONE',  ( 1.903239470785969963E-15, 1.000000000000000000, 0.000000000000000000 ) ) ;
#2258 = VECTOR ( 'NONE', #26, 1000.000000000000000 ) ;
#2259 = ORIENTED_EDGE ( 'NONE', *, *, #3974, .T. ) ;
#2260 = DIRECTION ( 'NONE',  ( 0.000000000000000000, 1.000000000000000000, 0.000000000000000000 ) ) ;
#2261 = AXIS2_PLACEMENT_3D ( 'NONE', #3267, #3902, #401 ) ;
#2262 = ORIENTED_EDGE ( 'NONE', *, *, #352, .T. ) ;
#2263 = AXIS2_PLACEMENT_3D ( 'NONE', #3985, #251, #2419 ) ;
#2264 = DIRECTION ( 'NONE',  ( -1.000000000000000000, -1.718954179110800024E-15, 0.000000000000000000 ) ) ;
#2265 = DIRECTION ( 'NONE',  ( 0.000000000000000000, 0.000000000000000000, -1.000000000000000000 ) ) ;
#2266 = AXIS2_PLACEMENT_3D ( 'NONE', #3447, #335, #3739 ) ;
#2267 = VERTEX_POINT ( 'NONE', #607 ) ;
#2268 = ADVANCED_FACE ( 'NONE', ( #2200 ), #1912, .F. ) ;
#2269 = CIRCLE ( 'NONE', #437, 1.099999999999999201 ) ;
#2270 = LINE ( 'NONE', #3889, #2479 ) ;
#2271 = DIRECTION ( 'NONE',  ( 0.000000000000000000, 0.000000000000000000, -1.000000000000000000 ) ) ;
#2272 = ORIENTED_EDGE ( 'NONE', *, *, #2698, .T. ) ;
#2273 = DIRECTION ( 'NONE',  ( 0.000000000000000000, 0.000000000000000000, -1.000000000000000000 ) ) ;
#2274 = ADVANCED_FACE ( 'NONE', ( #3475 ), #1000, .F. ) ;
#2275 = AXIS2_PLACEMENT_3D ( 'NONE', #3261, #2934, #3608 ) ;
#2276 = VERTEX_POINT ( 'NONE', #3455 ) ;
#2277 = DIRECTION ( 'NONE',  ( 0.000000000000000000, 0.000000000000000000, -1.000000000000000000 ) ) ;
#2278 = DIRECTION ( 'NONE',  ( 0.000000000000000000, 0.000000000000000000, -1.000000000000000000 ) ) ;
#2279 = AXIS2_PLACEMENT_3D ( 'NONE', #2481, #3738, #353 ) ;
#2280 = ORIENTED_EDGE ( 'NONE', *, *, #1367, .T. ) ;
#2281 = AXIS2_PLACEMENT_3D ( 'NONE', #3339, #2721, #3292 ) ;
#2282 = CARTESIAN_POINT ( 'NONE',  ( 18.59999999999999787, 3.810000000000000053, 0.000000000000000000 ) ) ;
#2283 = VERTEX_POINT ( 'NONE', #1606 ) ;
#2284 = CARTESIAN_POINT ( 'NONE',  ( -20.35000000000000142, -10.20000000000000107, -1.199999999999999956 ) ) ;
#2285 = CARTESIAN_POINT ( 'NONE',  ( -14.30355339059327235, 10.05355339059327413, 0.000000000000000000 ) ) ;
#2286 = ORIENTED_EDGE ( 'NONE', *, *, #345, .T. ) ;
#2287 = EDGE_CURVE ( 'NONE', #1132, #3486, #2179, .T. ) ;
#2288 = VERTEX_POINT ( 'NONE', #1892 ) ;
#2289 = DIRECTION ( 'NONE',  ( 1.000000000000000000, 0.000000000000000000, 0.000000000000000000 ) ) ;
#2290 = DIRECTION ( 'NONE',  ( 0.000000000000000000, 1.000000000000000000, 0.000000000000000000 ) ) ;
#2291 = ORIENTED_EDGE ( 'NONE', *, *, #1497, .F. ) ;
#2292 = ADVANCED_FACE ( 'NONE', ( #2795 ), #3164, .F. ) ;
#2293 = DIRECTION ( 'NONE',  ( -1.000000000000000000, 1.903239470785969963E-15, 0.000000000000000000 ) ) ;
#2294 = EDGE_LOOP ( 'NONE', ( #2346, #3753, #2562, #1602 ) ) ;
#2295 = FACE_OUTER_BOUND ( 'NONE', #49, .T. ) ;
#2296 = CARTESIAN_POINT ( 'NONE',  ( 9.299999999999998934, -6.400000000000000355, 0.000000000000000000 ) ) ;
#2297 = CARTESIAN_POINT ( 'NONE',  ( 19.05825756949559846, -4.809999999999999609, -0.2000000000000000111 ) ) ;
#2298 = ADVANCED_FACE ( 'NONE', ( #3763 ), #358, .F. ) ;
#2299 = ORIENTED_EDGE ( 'NONE', *, *, #448, .T. ) ;
#2300 = CARTESIAN_POINT ( 'NONE',  ( -20.35000000000000142, -3.310000000000000053, -0.2000000000000000111 ) ) ;
#2301 = VERTEX_POINT ( 'NONE', #22 ) ;
#2302 = LINE ( 'NONE', #1212, #3174 ) ;
#2303 = ORIENTED_EDGE ( 'NONE', *, *, #3616, .T. ) ;
#2304 = CARTESIAN_POINT ( 'NONE',  ( 20.35000000000000142, 3.310000000000000053, 0.000000000000000000 ) ) ;
#2305 = LINE ( 'NONE', #3212, #3390 ) ;
#2306 = ORIENTED_EDGE ( 'NONE', *, *, #1828, .F. ) ;
#2307 = LINE ( 'NONE', #763, #889 ) ;
#2308 = ORIENTED_EDGE ( 'NONE', *, *, #1054, .T. ) ;
#2309 = CARTESIAN_POINT ( 'NONE',  ( 20.35000000000000142, -1.270000000000000018, -1.199999999999999956 ) ) ;
#2310 = DIRECTION ( 'NONE',  ( 0.000000000000000000, 0.000000000000000000, -1.000000000000000000 ) ) ;
#2311 = CARTESIAN_POINT ( 'NONE',  ( 10.17500000000000071, -4.809999999999999609, 0.000000000000000000 ) ) ;
#2312 = VECTOR ( 'NONE', #2701, 1000.000000000000000 ) ;
#2313 = EDGE_LOOP ( 'NONE', ( #727, #2712, #3062, #2674 ) ) ;
#2314 = CARTESIAN_POINT ( 'NONE',  ( -1.396446609406726491, 10.05355339059327413, 0.000000000000000000 ) ) ;
#2315 = DIRECTION ( 'NONE',  ( -1.718954179110800024E-15, 1.000000000000000000, 0.000000000000000000 ) ) ;
#2316 = CIRCLE ( 'NONE', #1607, 1.099999999999999201 ) ;
#2317 = ORIENTED_EDGE ( 'NONE', *, *, #327, .T. ) ;
#2318 = EDGE_CURVE ( 'NONE', #2167, #2851, #687, .T. ) ;
#2319 = AXIS2_PLACEMENT_3D ( 'NONE', #418, #3867, #3556 ) ;
#2320 = CARTESIAN_POINT ( 'NONE',  ( -20.35000000000000142, -10.20000000000000107, 0.000000000000000000 ) ) ;
#2321 = DIRECTION ( 'NONE',  ( 0.000000000000000000, 0.000000000000000000, -1.000000000000000000 ) ) ;
#2322 = ORIENTED_EDGE ( 'NONE', *, *, #2522, .T. ) ;
#2323 = AXIS2_PLACEMENT_3D ( 'NONE', #1568, #45, #4025 ) ;
#2324 = AXIS2_PLACEMENT_3D ( 'NONE', #2542, #2905, #3873 ) ;
#2325 = DIRECTION ( 'NONE',  ( -0.4165977904505299700, -0.9090909090909096157, 0.000000000000000000 ) ) ;
#2326 = CARTESIAN_POINT ( 'NONE',  ( 18.09999999999999787, 1.270000000000000018, -0.2000000000000000111 ) ) ;
#2327 = ORIENTED_EDGE ( 'NONE', *, *, #92, .T. ) ;
#2328 = FACE_OUTER_BOUND ( 'NONE', #132, .T. ) ;
#2329 = AXIS2_PLACEMENT_3D ( 'NONE', #662, #2247, #1080 ) ;
#2330 = VERTEX_POINT ( 'NONE', #1284 ) ;
#2331 = CARTESIAN_POINT ( 'NONE',  ( -19.05825756949559846, -0.2700000000000000178, 0.000000000000000000 ) ) ;
#2332 = CARTESIAN_POINT ( 'NONE',  ( -18.59999999999999787, 3.810000000000000053, -0.2000000000000000111 ) ) ;
#2333 = VECTOR ( 'NONE', #2704, 1000.000000000000000 ) ;
#2334 = DIRECTION ( 'NONE',  ( 0.000000000000000000, 0.000000000000000000, 1.000000000000000000 ) ) ;
#2335 = EDGE_CURVE ( 'NONE', #1652, #854, #2551, .T. ) ;
#2336 = AXIS2_PLACEMENT_3D ( 'NONE', #916, #336, #2174 ) ;
#2337 = ORIENTED_EDGE ( 'NONE', *, *, #1524, .F. ) ;
#2338 = CARTESIAN_POINT ( 'NONE',  ( 20.35000000000000142, -1.270000000000000018, -0.2000000000000000111 ) ) ;
#2339 = CARTESIAN_POINT ( 'NONE',  ( -18.60000107604399844, -9.400000000000000355, -0.2000000000000000111 ) ) ;
#2340 = VECTOR ( 'NONE', #1351, 1000.000000000000000 ) ;
#2341 = EDGE_LOOP ( 'NONE', ( #794, #152, #1719, #3539, #1783, #1249, #1341 ) ) ;
#2342 = ADVANCED_FACE ( 'NONE', ( #3804 ), #1548, .F. ) ;
#2343 = VECTOR ( 'NONE', #485, 1000.000000000000000 ) ;
#2344 = CYLINDRICAL_SURFACE ( 'NONE', #160, 1.500000000000000666 ) ;
#2345 = DIRECTION ( 'NONE',  ( -0.9999999999999356071, 3.587272897712095716E-07, 0.000000000000000000 ) ) ;
#2346 = ORIENTED_EDGE ( 'NONE', *, *, #1319, .T. ) ;
#2347 = EDGE_CURVE ( 'NONE', #2746, #1742, #380, .T. ) ;
#2348 = CIRCLE ( 'NONE', #128, 0.5000000000000000000 ) ;
#2349 = CARTESIAN_POINT ( 'NONE',  ( -17.49999999999999645, 3.810000000000000053, -0.2000000000000000111 ) ) ;
#2350 = LINE ( 'NONE', #867, #1356 ) ;
#2351 = ORIENTED_EDGE ( 'NONE', *, *, #348, .F. ) ;
#2352 = DIRECTION ( 'NONE',  ( 0.000000000000000000, 0.000000000000000000, -1.000000000000000000 ) ) ;
#2353 = CARTESIAN_POINT ( 'NONE',  ( -20.35000000000000142, -9.400000000000000355, 0.000000000000000000 ) ) ;
#2354 = DIRECTION ( 'NONE',  ( 0.000000000000000000, 0.000000000000000000, -1.000000000000000000 ) ) ;
#2355 = LINE ( 'NONE', #3610, #4044 ) ;
#2356 = ORIENTED_EDGE ( 'NONE', *, *, #3788, .F. ) ;
#2357 = SURFACE_SIDE_STYLE ('',( #1765 ) ) ;
#2358 = DIRECTION ( 'NONE',  ( 1.000000000000000000, 0.000000000000000000, 0.000000000000000000 ) ) ;
#2359 = ORIENTED_EDGE ( 'NONE', *, *, #2390, .T. ) ;
#2360 = ORIENTED_EDGE ( 'NONE', *, *, #87, .T. ) ;
#2361 = ADVANCED_FACE ( 'NONE', ( #3125 ), #4048, .T. ) ;
#2362 = DIRECTION ( 'NONE',  ( 0.000000000000000000, 0.000000000000000000, -1.000000000000000000 ) ) ;
#2363 = DIRECTION ( 'NONE',  ( 0.000000000000000000, 0.000000000000000000, -1.000000000000000000 ) ) ;
#2364 = VERTEX_POINT ( 'NONE', #921 ) ;
#2365 = EDGE_CURVE ( 'NONE', #2696, #2509, #979, .T. ) ;
#2366 = EDGE_CURVE ( 'NONE', #1855, #2151, #1569, .T. ) ;
#2367 = CARTESIAN_POINT ( 'NONE',  ( 18.59999999999999787, -7.900000000000000355, -0.2000000000000000111 ) ) ;
#2368 = DIRECTION ( 'NONE',  ( 1.000000000000000000, -2.578431268666200036E-15, 0.000000000000000000 ) ) ;
#2369 = EDGE_LOOP ( 'NONE', ( #2119, #3750, #3358, #1990 ) ) ;
#2370 = LINE ( 'NONE', #3295, #1542 ) ;
#2371 = DIRECTION ( 'NONE',  ( 1.000000000000000000, 0.000000000000000000, 0.000000000000000000 ) ) ;
#2372 = CARTESIAN_POINT ( 'NONE',  ( -20.35000000000000142, 6.400000000000000355, -0.2000000000000000111 ) ) ;
#2373 = CARTESIAN_POINT ( 'NONE',  ( 20.35000000000000142, -10.20000000000000107, 0.000000000000000000 ) ) ;
#2374 = VERTEX_POINT ( 'NONE', #4 ) ;
#2375 = FACE_OUTER_BOUND ( 'NONE', #236, .T. ) ;
#2376 = CARTESIAN_POINT ( 'NONE',  ( -20.35000000000000142, -2.810000000000000053, -0.2000000000000000111 ) ) ;
#2377 = ORIENTED_EDGE ( 'NONE', *, *, #3426, .F. ) ;
#2378 = AXIS2_PLACEMENT_3D ( 'NONE', #62, #2545, #2737 ) ;
#2379 = ORIENTED_EDGE ( 'NONE', *, *, #3522, .F. ) ;
#2380 = DIRECTION ( 'NONE',  ( 1.000000000000000000, 0.000000000000000000, 0.000000000000000000 ) ) ;
#2381 = AXIS2_PLACEMENT_3D ( 'NONE', #2510, #1856, #2163 ) ;
#2382 = DIRECTION ( 'NONE',  ( 0.000000000000000000, 0.000000000000000000, -1.000000000000000000 ) ) ;
#2383 = ORIENTED_EDGE ( 'NONE', *, *, #3271, .T. ) ;
#2384 = VECTOR ( 'NONE', #323, 1000.000000000000000 ) ;
#2385 = EDGE_CURVE ( 'NONE', #2746, #1141, #3105, .T. ) ;
#2386 = CARTESIAN_POINT ( 'NONE',  ( -14.44999999999999929, -1.899999999999999911, 0.000000000000000000 ) ) ;
#2387 = CARTESIAN_POINT ( 'NONE',  ( -14.30355339059327235, 10.05355339059327413, 6.000000000000000000 ) ) ;
#2388 = ORIENTED_EDGE ( 'NONE', *, *, #1690, .F. ) ;
#2389 = CARTESIAN_POINT ( 'NONE',  ( -18.59999999999999787, -7.900000000000000355, -0.2000000000000000111 ) ) ;
#2390 = EDGE_CURVE ( 'NONE', #1771, #2410, #3188, .T. ) ;
#2391 = AXIS2_PLACEMENT_3D ( 'NONE', #1382, #766, #126 ) ;
#2392 = CARTESIAN_POINT ( 'NONE',  ( 0.000000000000000000, 0.000000000000000000, -1.199999999999999956 ) ) ;
#2393 = DIRECTION ( 'NONE',  ( 0.000000000000000000, 0.000000000000000000, 1.000000000000000000 ) ) ;
#2394 = DIRECTION ( 'NONE',  ( 1.000000000000000000, -2.578431268666200036E-15, 0.000000000000000000 ) ) ;
#2395 = VECTOR ( 'NONE', #4066, 1000.000000000000000 ) ;
#2396 = ADVANCED_FACE ( 'NONE', ( #3202 ), #3263, .F. ) ;
#2397 = AXIS2_PLACEMENT_3D ( 'NONE', #2495, #330, #1256 ) ;
#2398 = VERTEX_POINT ( 'NONE', #3553 ) ;
#2399 = CARTESIAN_POINT ( 'NONE',  ( -18.59999999999999787, -3.810000000000000053, -0.2000000000000000111 ) ) ;
#2400 = DIRECTION ( 'NONE',  ( 0.4165977904505300256, 0.9090909090909095047, 0.000000000000000000 ) ) ;
#2401 = CARTESIAN_POINT ( 'NONE',  ( 19.09999999999999787, 3.810000000000000053, -0.2000000000000000111 ) ) ;
#2402 = DIRECTION ( 'NONE',  ( 1.000000000000000000, 3.437908358221610303E-15, 0.000000000000000000 ) ) ;
#2403 = VECTOR ( 'NONE', #1322, 1000.000000000000000 ) ;
#2404 = EDGE_LOOP ( 'NONE', ( #3431, #261, #1679, #2672, #1872, #3278, #359, #2882 ) ) ;
#2405 = CIRCLE ( 'NONE', #3916, 1.099999999999999423 ) ;
#2406 = CARTESIAN_POINT ( 'NONE',  ( -14.30355339059327235, -2.253553390593274752, 0.000000000000000000 ) ) ;
#2407 = CARTESIAN_POINT ( 'NONE',  ( 20.35000000000000142, -10.20000000000000107, 0.000000000000000000 ) ) ;
#2408 = ORIENTED_EDGE ( 'NONE', *, *, #420, .F. ) ;
#2409 = AXIS2_PLACEMENT_3D ( 'NONE', #1597, #1540, #680 ) ;
#2410 = VERTEX_POINT ( 'NONE', #398 ) ;
#2411 = LINE ( 'NONE', #2987, #187 ) ;
#2412 = LINE ( 'NONE', #782, #436 ) ;
#2413 = AXIS2_PLACEMENT_3D ( 'NONE', #676, #364, #2168 ) ;
#2414 = ORIENTED_EDGE ( 'NONE', *, *, #1307, .F. ) ;
#2415 = CARTESIAN_POINT ( 'NONE',  ( -18.59999999986210284, -6.399999999999620215, 0.000000000000000000 ) ) ;
#2416 = VECTOR ( 'NONE', #2382, 1000.000000000000000 ) ;
#2417 = DIRECTION ( 'NONE',  ( 0.000000000000000000, 0.000000000000000000, -1.000000000000000000 ) ) ;
#2418 = EDGE_CURVE ( 'NONE', #2597, #1987, #1701, .T. ) ;
#2419 = DIRECTION ( 'NONE',  ( 9.251858538542973800E-15, -1.000000000000000000, 0.000000000000000000 ) ) ;
#2420 = DIRECTION ( 'NONE',  ( 1.000000000000000000, 0.000000000000000000, 0.000000000000000000 ) ) ;
#2421 = VERTEX_POINT ( 'NONE', #2584 ) ;
#2422 = CARTESIAN_POINT ( 'NONE',  ( 20.35000000000000142, 2.270000000000000018, -0.2000000000000000111 ) ) ;
#2423 = DIRECTION ( 'NONE',  ( 0.000000000000000000, 0.000000000000000000, -1.000000000000000000 ) ) ;
#2424 = DIRECTION ( 'NONE',  ( 0.000000000000000000, 1.000000000000000000, 0.000000000000000000 ) ) ;
#2425 = ORIENTED_EDGE ( 'NONE', *, *, #2890, .F. ) ;
#2426 = CARTESIAN_POINT ( 'NONE',  ( 20.35000000000000142, -6.400000000000000355, 0.000000000000000000 ) ) ;
#2427 = FACE_OUTER_BOUND ( 'NONE', #4017, .T. ) ;
#2428 = ORIENTED_EDGE ( 'NONE', *, *, #145, .F. ) ;
#2429 = VERTEX_POINT ( 'NONE', #1970 ) ;
#2430 = CARTESIAN_POINT ( 'NONE',  ( -18.59999999999999787, 3.810000000000000053, -0.2000000000000000111 ) ) ;
#2431 = CARTESIAN_POINT ( 'NONE',  ( -13.95000000000000107, -1.899999999999999911, 6.000000000000000000 ) ) ;
#2432 = ORIENTED_EDGE ( 'NONE', *, *, #2037, .F. ) ;
#2433 = CARTESIAN_POINT ( 'NONE',  ( 20.35000000000000142, -4.809999999999999609, 0.000000000000000000 ) ) ;
#2434 = LINE ( 'NONE', #951, #3454 ) ;
#2435 = DIRECTION ( 'NONE',  ( 1.000000000000000000, 1.074346361944249916E-15, 0.000000000000000000 ) ) ;
#2436 = ORIENTED_EDGE ( 'NONE', *, *, #677, .T. ) ;
#2437 = PLANE ( 'NONE',  #3325 ) ;
#2438 = DIRECTION ( 'NONE',  ( 0.000000000000000000, 0.000000000000000000, -1.000000000000000000 ) ) ;
#2439 = CYLINDRICAL_SURFACE ( 'NONE', #1359, 0.4999999999999994449 ) ;
#2440 = ORIENTED_EDGE ( 'NONE', *, *, #2953, .F. ) ;
#2441 = EDGE_CURVE ( 'NONE', #3418, #2022, #3651, .T. ) ;
#2442 = EDGE_LOOP ( 'NONE', ( #1982, #2924 ) ) ;
#2443 = DIRECTION ( 'NONE',  ( 0.4165977904505300256, 0.9090909090909095047, 0.000000000000000000 ) ) ;
#2444 = LINE ( 'NONE', #1841, #2614 ) ;
#2445 = ORIENTED_EDGE ( 'NONE', *, *, #2667, .F. ) ;
#2446 = EDGE_CURVE ( 'NONE', #2491, #2859, #2957, .T. ) ;
#2447 = AXIS2_PLACEMENT_3D ( 'NONE', #78, #2252, #122 ) ;
#2448 = ORIENTED_EDGE ( 'NONE', *, *, #3823, .T. ) ;
#2449 = CYLINDRICAL_SURFACE ( 'NONE', #2281, 0.5000000000000004441 ) ;
#2450 = DIRECTION ( 'NONE',  ( 0.000000000000000000, 0.000000000000000000, 1.000000000000000000 ) ) ;
#2451 = ORIENTED_EDGE ( 'NONE', *, *, #1849, .T. ) ;
#2452 = CIRCLE ( 'NONE', #1664, 1.099999999999999201 ) ;
#2453 = VECTOR ( 'NONE', #1534, 1000.000000000000000 ) ;
#2454 = FACE_BOUND ( 'NONE', #4058, .T. ) ;
#2455 = CARTESIAN_POINT ( 'NONE',  ( 19.09999999999999787, -1.270000000000000018, -0.2000000000000000111 ) ) ;
#2456 = CYLINDRICAL_SURFACE ( 'NONE', #2741, 0.5000000000000004441 ) ;
#2457 = CIRCLE ( 'NONE', #431, 1.499999999999999556 ) ;
#2458 = ORIENTED_EDGE ( 'NONE', *, *, #3827, .T. ) ;
#2459 = CARTESIAN_POINT ( 'NONE',  ( 20.35000000000000142, 0.7699999999999999067, -0.2000000000000000111 ) ) ;
#2460 = DIRECTION ( 'NONE',  ( 0.000000000000000000, 1.000000000000000000, 0.000000000000000000 ) ) ;
#2461 = CIRCLE ( 'NONE', #2658, 0.5000000000000004441 ) ;
#2462 = DIRECTION ( 'NONE',  ( 0.000000000000000000, 0.000000000000000000, -1.000000000000000000 ) ) ;
#2463 = EDGE_CURVE ( 'NONE', #3499, #658, #1361, .T. ) ;
#2464 = EDGE_CURVE ( 'NONE', #2398, #970, #3395, .T. ) ;
#2465 = VERTEX_POINT ( 'NONE', #2297 ) ;
#2466 = AXIS2_PLACEMENT_3D ( 'NONE', #1444, #1745, #3371 ) ;
#2467 = EDGE_LOOP ( 'NONE', ( #3695, #2857, #180, #609 ) ) ;
#2468 = DIRECTION ( 'NONE',  ( -0.7071067811865457964, 0.7071067811865492381, 0.000000000000000000 ) ) ;
#2469 = EDGE_CURVE ( 'NONE', #28, #3656, #2994, .T. ) ;
#2470 = VECTOR ( 'NONE', #3940, 1000.000000000000000 ) ;
#2471 = ORIENTED_EDGE ( 'NONE', *, *, #2922, .T. ) ;
#2472 = PRODUCT_DEFINITION_SHAPE ( 'NONE', 'NONE',  #2822 ) ;
#2473 = CIRCLE ( 'NONE', #4051, 0.5000000000000000000 ) ;
#2474 = ORIENTED_EDGE ( 'NONE', *, *, #816, .F. ) ;
#2475 = PLANE ( 'NONE',  #3196 ) ;
#2476 = EDGE_CURVE ( 'NONE', #274, #1377, #1495, .T. ) ;
#2477 = CARTESIAN_POINT ( 'NONE',  ( -19.05825756949559846, -2.270000000000000018, 0.000000000000000000 ) ) ;
#2478 = EDGE_LOOP ( 'NONE', ( #298, #52, #474, #2337 ) ) ;
#2479 = VECTOR ( 'NONE', #3524, 1000.000000000000000 ) ;
#2480 = CIRCLE ( 'NONE', #57, 0.5000000000000004441 ) ;
#2481 = CARTESIAN_POINT ( 'NONE',  ( 18.59999999999999787, -7.900000000000000355, -0.2000000000000000111 ) ) ;
#2482 = CARTESIAN_POINT ( 'NONE',  ( 19.05825756949559846, 2.270000000000000018, 0.000000000000000000 ) ) ;
#2483 = VECTOR ( 'NONE', #2921, 1000.000000000000000 ) ;
#2484 = ORIENTED_EDGE ( 'NONE', *, *, #773, .T. ) ;
#2485 = CARTESIAN_POINT ( 'NONE',  ( -20.35000000000000142, 7.400000000000000355, -1.199999999999999956 ) ) ;
#2486 = CARTESIAN_POINT ( 'NONE',  ( -18.59999999999999787, 7.900000000000000355, 0.000000000000000000 ) ) ;
#2487 = CARTESIAN_POINT ( 'NONE',  ( 18.09999999999999787, 1.270000000000000018, 0.000000000000000000 ) ) ;
#2488 = ORIENTED_EDGE ( 'NONE', *, *, #2287, .F. ) ;
#2489 = ORIENTED_EDGE ( 'NONE', *, *, #374, .T. ) ;
#2490 = PLANE ( 'NONE',  #97 ) ;
#2491 = VERTEX_POINT ( 'NONE', #709 ) ;
#2492 = EDGE_CURVE ( 'NONE', #3736, #2842, #1076, .T. ) ;
#2493 = ORIENTED_EDGE ( 'NONE', *, *, #2175, .F. ) ;
#2494 = DIRECTION ( 'NONE',  ( 0.000000000000000000, 0.000000000000000000, -1.000000000000000000 ) ) ;
#2495 = CARTESIAN_POINT ( 'NONE',  ( 18.92500000000000071, 1.270000000000000018, -0.2000000000000000111 ) ) ;
#2496 = ORIENTED_EDGE ( 'NONE', *, *, #3933, .F. ) ;
#2497 = ADVANCED_FACE ( 'NONE', ( #3820 ), #3898, .F. ) ;
#2498 = EDGE_CURVE ( 'NONE', #1623, #2778, #68, .T. ) ;
#2499 = CARTESIAN_POINT ( 'NONE',  ( 20.35000000000000142, 2.810000000000000053, 0.000000000000000000 ) ) ;
#2500 = DIRECTION ( 'NONE',  ( -1.000000000000000000, 1.903239470785969963E-15, 0.000000000000000000 ) ) ;
#2501 = DIRECTION ( 'NONE',  ( 0.000000000000000000, 0.000000000000000000, -1.000000000000000000 ) ) ;
#2502 = DIRECTION ( 'NONE',  ( 0.000000000000000000, 0.000000000000000000, 1.000000000000000000 ) ) ;
#2503 = EDGE_CURVE ( 'NONE', #1295, #1003, #435, .T. ) ;
#2504 = VERTEX_POINT ( 'NONE', #1683 ) ;
#2505 = CARTESIAN_POINT ( 'NONE',  ( -20.35000000000000142, -9.050000000000000711, -0.2000000000000000111 ) ) ;
#2506 = FACE_OUTER_BOUND ( 'NONE', #799, .T. ) ;
#2507 = CARTESIAN_POINT ( 'NONE',  ( -18.59999999999999787, 1.270000000000000018, -0.2000000000000000111 ) ) ;
#2508 = ORIENTED_EDGE ( 'NONE', *, *, #1915, .F. ) ;
#2509 = VERTEX_POINT ( 'NONE', #2912 ) ;
#2510 = CARTESIAN_POINT ( 'NONE',  ( -18.59999999999999787, -3.810000000000000053, -1.199999999999999956 ) ) ;
#2511 = ORIENTED_EDGE ( 'NONE', *, *, #1770, .T. ) ;
#2512 = CARTESIAN_POINT ( 'NONE',  ( 18.59999999999999787, 1.270000000000000018, -0.2000000000000000111 ) ) ;
#2513 = DIRECTION ( 'NONE',  ( 0.000000000000000000, 0.000000000000000000, -1.000000000000000000 ) ) ;
#2514 = ORIENTED_EDGE ( 'NONE', *, *, #211, .F. ) ;
#2515 = ADVANCED_FACE ( 'NONE', ( #2936 ), #2567, .F. ) ;
#2516 = ADVANCED_FACE ( 'NONE', ( #1953 ), #2608, .F. ) ;
#2517 = CIRCLE ( 'NONE', #1603, 0.5000000000000002220 ) ;
#2518 = FACE_OUTER_BOUND ( 'NONE', #2764, .T. ) ;
#2519 = LINE ( 'NONE', #914, #2395 ) ;
#2520 = VECTOR ( 'NONE', #2102, 1000.000000000000000 ) ;
#2521 = LINE ( 'NONE', #1277, #3463 ) ;
#2522 = EDGE_CURVE ( 'NONE', #192, #376, #1059, .T. ) ;
#2523 = FACE_OUTER_BOUND ( 'NONE', #3815, .T. ) ;
#2524 = VECTOR ( 'NONE', #3104, 1000.000000000000000 ) ;
#2525 = EDGE_LOOP ( 'NONE', ( #3280, #1403, #1515, #3404 ) ) ;
#2526 = DIRECTION ( 'NONE',  ( 0.000000000000000000, 0.000000000000000000, -1.000000000000000000 ) ) ;
#2527 = CARTESIAN_POINT ( 'NONE',  ( -19.05825756949559846, 2.270000000000000018, -0.2000000000000000111 ) ) ;
#2528 = CARTESIAN_POINT ( 'NONE',  ( 9.529128784747790348, -0.2700000000000160050, 0.000000000000000000 ) ) ;
#2529 = EDGE_CURVE ( 'NONE', #3149, #2276, #1383, .T. ) ;
#2530 = VECTOR ( 'NONE', #3591, 1000.000000000000000 ) ;
#2531 = ORIENTED_EDGE ( 'NONE', *, *, #3749, .F. ) ;
#2532 = CIRCLE ( 'NONE', #3577, 1.099999999999999423 ) ;
#2533 = ORIENTED_EDGE ( 'NONE', *, *, #464, .T. ) ;
#2534 = CARTESIAN_POINT ( 'NONE',  ( -13.95000000000000107, -2.399999999999999911, 0.000000000000000000 ) ) ;
#2535 = ORIENTED_EDGE ( 'NONE', *, *, #2020, .T. ) ;
#2536 = AXIS2_PLACEMENT_3D ( 'NONE', #2941, #771, #1293 ) ;
#2537 = VECTOR ( 'NONE', #1659, 1000.000000000000000 ) ;
#2538 = DIRECTION ( 'NONE',  ( 0.7071067811865480168, -0.7071067811865472397, 0.000000000000000000 ) ) ;
#2539 = DIRECTION ( 'NONE',  ( 0.000000000000000000, 0.000000000000000000, -1.000000000000000000 ) ) ;
#2540 = ORIENTED_EDGE ( 'NONE', *, *, #188, .T. ) ;
#2541 = DIRECTION ( 'NONE',  ( 7.173626715796965514E-07, 0.9999999999997427613, 0.000000000000000000 ) ) ;
#2542 = CARTESIAN_POINT ( 'NONE',  ( -1.750000000000000000, -1.899999999999999911, 6.000000000000000000 ) ) ;
#2543 = AXIS2_PLACEMENT_3D ( 'NONE', #75, #3254, #3913 ) ;
#2544 = CARTESIAN_POINT ( 'NONE',  ( -20.35000000000000142, 7.900000000000000355, -0.2000000000000000111 ) ) ;
#2545 = DIRECTION ( 'NONE',  ( 0.000000000000000000, 0.000000000000000000, -1.000000000000000000 ) ) ;
#2546 = VECTOR ( 'NONE', #2747, 1000.000000000000000 ) ;
#2547 = ADVANCED_FACE ( 'NONE', ( #2686 ), #4007, .F. ) ;
#2548 = VERTEX_POINT ( 'NONE', #1203 ) ;
#2549 = CARTESIAN_POINT ( 'NONE',  ( 17.49999999999999645, 3.809999999999999609, -0.2000000000000000111 ) ) ;
#2550 = DIRECTION ( 'NONE',  ( -1.000000000000000000, 1.718954179110800024E-15, 0.000000000000000000 ) ) ;
#2551 = LINE ( 'NONE', #626, #2930 ) ;
#2552 = AXIS2_PLACEMENT_3D ( 'NONE', #930, #3094, #3423 ) ;
#2553 = EDGE_CURVE ( 'NONE', #3053, #1140, #558, .T. ) ;
#2554 = ORIENTED_EDGE ( 'NONE', *, *, #2629, .T. ) ;
#2555 = CARTESIAN_POINT ( 'NONE',  ( 20.35000000000000142, -2.270000000000000018, 0.000000000000000000 ) ) ;
#2556 = EDGE_LOOP ( 'NONE', ( #2291, #1944, #864, #560 ) ) ;
#2557 = LINE ( 'NONE', #1311, #328 ) ;
#2558 = DIRECTION ( 'NONE',  ( 0.000000000000000000, 1.000000000000000000, 0.000000000000000000 ) ) ;
#2559 = ORIENTED_EDGE ( 'NONE', *, *, #3621, .T. ) ;
#2560 = FACE_OUTER_BOUND ( 'NONE', #3230, .T. ) ;
#2561 = DIRECTION ( 'NONE',  ( 0.000000000000000000, 0.000000000000000000, -1.000000000000000000 ) ) ;
#2562 = ORIENTED_EDGE ( 'NONE', *, *, #1898, .F. ) ;
#2563 = DIRECTION ( 'NONE',  ( 1.000000000000000000, 0.000000000000000000, 0.000000000000000000 ) ) ;
#2564 = ORIENTED_EDGE ( 'NONE', *, *, #1571, .F. ) ;
#2565 = DIRECTION ( 'NONE',  ( 0.9999999999999356071, -3.587272897712095716E-07, 0.000000000000000000 ) ) ;
#2566 = CARTESIAN_POINT ( 'NONE',  ( -17.49999999999999645, -3.810000000000000053, -0.2000000000000000111 ) ) ;
#2567 = PLANE ( 'NONE',  #2005 ) ;
#2568 = ORIENTED_EDGE ( 'NONE', *, *, #14, .F. ) ;
#2569 = DIRECTION ( 'NONE',  ( 0.000000000000000000, 1.000000000000000000, 0.000000000000000000 ) ) ;
#2570 = EDGE_LOOP ( 'NONE', ( #189, #1939, #3915, #808 ) ) ;
#2571 = EDGE_CURVE ( 'NONE', #758, #4014, #2213, .T. ) ;
#2572 = FILL_AREA_STYLE ('',( #90 ) ) ;
#2573 = ORIENTED_EDGE ( 'NONE', *, *, #1601, .F. ) ;
#2574 = EDGE_CURVE ( 'NONE', #2050, #1882, #2066, .T. ) ;
#2575 = CARTESIAN_POINT ( 'NONE',  ( 18.59999999999999787, 7.900000000000000355, -0.2000000000000000111 ) ) ;
#2576 = LINE ( 'NONE', #1353, #969 ) ;
#2577 = EDGE_LOOP ( 'NONE', ( #2128, #388 ) ) ;
#2578 = CARTESIAN_POINT ( 'NONE',  ( -20.35000000000000142, 7.900000000000000355, -1.199999999999999956 ) ) ;
#2579 = ORIENTED_EDGE ( 'NONE', *, *, #1451, .T. ) ;
#2580 = VECTOR ( 'NONE', #2088, 1000.000000000000000 ) ;
#2581 = CARTESIAN_POINT ( 'NONE',  ( 20.35000000000000142, -10.20000000000000107, 0.000000000000000000 ) ) ;
#2582 = DIRECTION ( 'NONE',  ( 1.000000000000000000, 0.000000000000000000, 0.000000000000000000 ) ) ;
#2583 = PLANE ( 'NONE',  #2391 ) ;
#2584 = CARTESIAN_POINT ( 'NONE',  ( -19.05825756949559846, 2.270000000000000018, 0.000000000000000000 ) ) ;
#2585 = VECTOR ( 'NONE', #1269, 1000.000000000000000 ) ;
#2586 = ORIENTED_EDGE ( 'NONE', *, *, #1127, .T. ) ;
#2587 = FACE_OUTER_BOUND ( 'NONE', #3184, .T. ) ;
#2588 = EDGE_CURVE ( 'NONE', #303, #3368, #3698, .T. ) ;
#2589 = ADVANCED_FACE ( 'NONE', ( #517 ), #536, .T. ) ;
#2590 = ORIENTED_EDGE ( 'NONE', *, *, #1055, .F. ) ;
#2591 = VECTOR ( 'NONE', #3398, 1000.000000000000000 ) ;
#2592 = EDGE_CURVE ( 'NONE', #2617, #2242, #852, .T. ) ;
#2593 = DIRECTION ( 'NONE',  ( 0.000000000000000000, 0.000000000000000000, 1.000000000000000000 ) ) ;
#2594 = SURFACE_STYLE_FILL_AREA ( #2572 ) ;
#2595 = CIRCLE ( 'NONE', #42, 0.5000000000000000000 ) ;
#2596 = ORIENTED_EDGE ( 'NONE', *, *, #1228, .F. ) ;
#2597 = VERTEX_POINT ( 'NONE', #253 ) ;
#2598 = AXIS2_PLACEMENT_3D ( 'NONE', #3268, #1402, #1686 ) ;
#2599 = EDGE_CURVE ( 'NONE', #1586, #3241, #3299, .T. ) ;
#2600 = DIRECTION ( 'NONE',  ( 0.000000000000000000, 0.000000000000000000, -1.000000000000000000 ) ) ;
#2601 = DIRECTION ( 'NONE',  ( 0.000000000000000000, 0.000000000000000000, 1.000000000000000000 ) ) ;
#2602 = VERTEX_POINT ( 'NONE', #1507 ) ;
#2603 = AXIS2_PLACEMENT_3D ( 'NONE', #2544, #2156, #2193 ) ;
#2604 = CARTESIAN_POINT ( 'NONE',  ( -20.35000000000000142, -6.400000000000000355, -0.2000000000000000111 ) ) ;
#2605 = CIRCLE ( 'NONE', #2079, 0.4999999999999994449 ) ;
#2606 = EDGE_LOOP ( 'NONE', ( #3741, #93 ) ) ;
#2607 = CARTESIAN_POINT ( 'NONE',  ( -10.17500000000000071, 4.809999999999999609, 0.000000000000000000 ) ) ;
#2608 = CYLINDRICAL_SURFACE ( 'NONE', #3986, 0.5000000000000004441 ) ;
#2609 = VECTOR ( 'NONE', #3050, 1000.000000000000000 ) ;
#2610 = ORIENTED_EDGE ( 'NONE', *, *, #844, .F. ) ;
#2611 = AXIS2_PLACEMENT_3D ( 'NONE', #1129, #3075, #841 ) ;
#2612 = DIRECTION ( 'NONE',  ( 0.000000000000000000, 1.000000000000000000, 0.000000000000000000 ) ) ;
#2613 = VERTEX_POINT ( 'NONE', #1157 ) ;
#2614 = VECTOR ( 'NONE', #729, 1000.000000000000000 ) ;
#2615 = CARTESIAN_POINT ( 'NONE',  ( 20.35000000000000142, -2.810000000000000053, -0.2000000000000000111 ) ) ;
#2616 = SURFACE_SIDE_STYLE ('',( #2594 ) ) ;
#2617 = VERTEX_POINT ( 'NONE', #890 ) ;
#2618 = EDGE_CURVE ( 'NONE', #2050, #1295, #163, .T. ) ;
#2619 = CARTESIAN_POINT ( 'NONE',  ( 19.05825756949559846, 4.809999999999999609, 0.000000000000000000 ) ) ;
#2620 = CARTESIAN_POINT ( 'NONE',  ( 20.35000000000000142, -2.810000000000000053, 0.000000000000000000 ) ) ;
#2621 = ORIENTED_EDGE ( 'NONE', *, *, #325, .F. ) ;
#2622 = LINE ( 'NONE', #139, #489 ) ;
#2623 = EDGE_CURVE ( 'NONE', #758, #1234, #2133, .T. ) ;
#2624 = EDGE_CURVE ( 'NONE', #2078, #1903, #494, .T. ) ;
#2625 = ORIENTED_EDGE ( 'NONE', *, *, #1153, .F. ) ;
#2626 = CARTESIAN_POINT ( 'NONE',  ( 20.35000000000000142, 0.2700000000000000178, 0.000000000000000000 ) ) ;
#2627 = DIRECTION ( 'NONE',  ( -0.4165977904505300256, -0.9090909090909095047, 0.000000000000000000 ) ) ;
#2628 = DIRECTION ( 'NONE',  ( 0.000000000000000000, 0.000000000000000000, -1.000000000000000000 ) ) ;
#2629 = EDGE_CURVE ( 'NONE', #2167, #3126, #2730, .T. ) ;
#2630 = ORIENTED_EDGE ( 'NONE', *, *, #3435, .T. ) ;
#2631 = FACE_OUTER_BOUND ( 'NONE', #79, .T. ) ;
#2632 = CARTESIAN_POINT ( 'NONE',  ( 19.09999999999999787, -1.270000000000000018, -1.199999999999999956 ) ) ;
#2633 = ORIENTED_EDGE ( 'NONE', *, *, #195, .T. ) ;
#2634 = DIRECTION ( 'NONE',  ( 9.251858538542973800E-15, -1.000000000000000000, 0.000000000000000000 ) ) ;
#2635 = ORIENTED_EDGE ( 'NONE', *, *, #117, .F. ) ;
#2636 = DIRECTION ( 'NONE',  ( 1.000000000000000000, -1.903239470785969963E-15, 0.000000000000000000 ) ) ;
#2637 = PLANE ( 'NONE',  #3124 ) ;
#2638 = EDGE_CURVE ( 'NONE', #2782, #819, #1183, .T. ) ;
#2639 = EDGE_CURVE ( 'NONE', #3443, #3806, #1717, .T. ) ;
#2640 = ORIENTED_EDGE ( 'NONE', *, *, #2123, .F. ) ;
#2641 = CARTESIAN_POINT ( 'NONE',  ( 20.35000000000000142, 4.464999999999999858, -0.2000000000000000111 ) ) ;
#2642 = EDGE_LOOP ( 'NONE', ( #3543, #487, #2379, #1539, #2195, #1231, #1273 ) ) ;
#2643 = CARTESIAN_POINT ( 'NONE',  ( -19.09999999999999787, 1.270000000000000018, -1.199999999999999956 ) ) ;
#2644 = ADVANCED_FACE ( 'NONE', ( #1417 ), #1782, .F. ) ;
#2645 = FACE_OUTER_BOUND ( 'NONE', #608, .T. ) ;
#2646 = CARTESIAN_POINT ( 'NONE',  ( 20.35000000000000142, -7.900000000000000355, 0.000000000000000000 ) ) ;
#2647 = VECTOR ( 'NONE', #1053, 1000.000000000000000 ) ;
#2648 = EDGE_LOOP ( 'NONE', ( #3021, #2786, #2303, #106 ) ) ;
#2649 = EDGE_CURVE ( 'NONE', #3265, #1347, #2355, .T. ) ;
#2650 = CARTESIAN_POINT ( 'NONE',  ( -20.35000000000000142, -3.194999999999999840, -0.2000000000000000111 ) ) ;
#2651 = CARTESIAN_POINT ( 'NONE',  ( -19.05825756949559846, -2.270000000000000018, -0.2000000000000000111 ) ) ;
#2652 = AXIS2_PLACEMENT_3D ( 'NONE', #114, #150, #3599 ) ;
#2653 = VERTEX_POINT ( 'NONE', #2995 ) ;
#2654 = MECHANICAL_DESIGN_GEOMETRIC_PRESENTATION_REPRESENTATION (  '', ( #3239 ), #696 ) ;
#2655 = LINE ( 'NONE', #1107, #2715 ) ;
#2656 = EDGE_LOOP ( 'NONE', ( #3699, #320, #2317, #2489 ) ) ;
#2657 = VECTOR ( 'NONE', #1759, 1000.000000000000000 ) ;
#2658 = AXIS2_PLACEMENT_3D ( 'NONE', #2808, #2450, #597 ) ;
#2659 = FACE_OUTER_BOUND ( 'NONE', #3635, .T. ) ;
#2660 = CARTESIAN_POINT ( 'NONE',  ( -9.300000538022009877, -9.400000000000000355, 0.000000000000000000 ) ) ;
#2661 = ORIENTED_EDGE ( 'NONE', *, *, #1529, .T. ) ;
#2662 = DIRECTION ( 'NONE',  ( 0.000000000000000000, 0.000000000000000000, 1.000000000000000000 ) ) ;
#2663 = VECTOR ( 'NONE', #3793, 1000.000000000000000 ) ;
#2664 = DIRECTION ( 'NONE',  ( 0.000000000000000000, -1.000000000000000000, 0.000000000000000000 ) ) ;
#2665 = AXIS2_PLACEMENT_3D ( 'NONE', #2027, #731, #1016 ) ;
#2666 = DIRECTION ( 'NONE',  ( 0.000000000000000000, 1.000000000000000000, 0.000000000000000000 ) ) ;
#2667 = EDGE_CURVE ( 'NONE', #989, #1211, #1439, .T. ) ;
#2668 = VECTOR ( 'NONE', #1264, 1000.000000000000000 ) ;
#2669 = ORIENTED_EDGE ( 'NONE', *, *, #2843, .T. ) ;
#2670 = DIRECTION ( 'NONE',  ( 1.000000000000000000, 0.000000000000000000, 0.000000000000000000 ) ) ;
#2671 = FACE_OUTER_BOUND ( 'NONE', #911, .T. ) ;
#2672 = ORIENTED_EDGE ( 'NONE', *, *, #2802, .F. ) ;
#2673 = EDGE_CURVE ( 'NONE', #146, #578, #667, .T. ) ;
#2674 = ORIENTED_EDGE ( 'NONE', *, *, #3982, .F. ) ;
#2675 = EDGE_CURVE ( 'NONE', #2839, #2024, #3099, .T. ) ;
#2676 = VECTOR ( 'NONE', #777, 1000.000000000000000 ) ;
#2677 = DIRECTION ( 'NONE',  ( 0.000000000000000000, 0.000000000000000000, -1.000000000000000000 ) ) ;
#2678 = CARTESIAN_POINT ( 'NONE',  ( 20.35000000000000142, 7.400000000000000355, 0.000000000000000000 ) ) ;
#2679 = ORIENTED_EDGE ( 'NONE', *, *, #2829, .F. ) ;
#2680 = DIRECTION ( 'NONE',  ( 0.000000000000000000, 0.000000000000000000, 1.000000000000000000 ) ) ;
#2681 = DIRECTION ( 'NONE',  ( 0.000000000000000000, 0.000000000000000000, -1.000000000000000000 ) ) ;
#2682 = ORIENTED_EDGE ( 'NONE', *, *, #1666, .T. ) ;
#2683 = DIRECTION ( 'NONE',  ( 1.000000000000000000, 0.000000000000000000, 0.000000000000000000 ) ) ;
#2684 = CARTESIAN_POINT ( 'NONE',  ( -20.35000000000000142, -10.20000000000000107, 0.000000000000000000 ) ) ;
#2685 = CARTESIAN_POINT ( 'NONE',  ( -1.250000000000000000, 10.20000000000000107, 6.000000000000000000 ) ) ;
#2686 = FACE_OUTER_BOUND ( 'NONE', #3046, .T. ) ;
#2687 = ORIENTED_EDGE ( 'NONE', *, *, #3621, .F. ) ;
#2688 = DIRECTION ( 'NONE',  ( 0.000000000000000000, 0.000000000000000000, 1.000000000000000000 ) ) ;
#2689 = CYLINDRICAL_SURFACE ( 'NONE', #3580, 0.5000000000000000000 ) ;
#2690 = EDGE_CURVE ( 'NONE', #620, #376, #314, .T. ) ;
#2691 = ORIENTED_EDGE ( 'NONE', *, *, #3680, .T. ) ;
#2692 = EDGE_LOOP ( 'NONE', ( #3527, #3759 ) ) ;
#2693 = FACE_OUTER_BOUND ( 'NONE', #3710, .T. ) ;
#2694 = CARTESIAN_POINT ( 'NONE',  ( -20.35000000000000142, -9.400000000000000355, 0.000000000000000000 ) ) ;
#2695 = EDGE_CURVE ( 'NONE', #1763, #989, #2996, .T. ) ;
#2696 = VERTEX_POINT ( 'NONE', #1563 ) ;
#2697 = DIRECTION ( 'NONE',  ( 0.000000000000000000, 0.000000000000000000, 1.000000000000000000 ) ) ;
#2698 = EDGE_CURVE ( 'NONE', #1857, #1854, #319, .T. ) ;
#2699 = DIRECTION ( 'NONE',  ( 0.000000000000000000, 0.000000000000000000, 1.000000000000000000 ) ) ;
#2700 = ORIENTED_EDGE ( 'NONE', *, *, #985, .F. ) ;
#2701 = DIRECTION ( 'NONE',  ( 0.000000000000000000, 0.000000000000000000, -1.000000000000000000 ) ) ;
#2702 = DIRECTION ( 'NONE',  ( 0.000000000000000000, 0.000000000000000000, -1.000000000000000000 ) ) ;
#2703 = DIRECTION ( 'NONE',  ( 0.000000000000000000, 0.000000000000000000, -1.000000000000000000 ) ) ;
#2704 = DIRECTION ( 'NONE',  ( -1.000000000000000000, -2.578431268666200036E-15, 0.000000000000000000 ) ) ;
#2705 = ORIENTED_EDGE ( 'NONE', *, *, #1233, .T. ) ;
#2706 = DIRECTION ( 'NONE',  ( -0.7071067811865457964, 0.7071067811865492381, 0.000000000000000000 ) ) ;
#2707 = CYLINDRICAL_SURFACE ( 'NONE', #3383, 0.5000000000000004441 ) ;
#2708 = CARTESIAN_POINT ( 'NONE',  ( -1.250000000000000000, -1.899999999999999911, 6.000000000000000000 ) ) ;
#2709 = ORIENTED_EDGE ( 'NONE', *, *, #3316, .F. ) ;
#2710 = ORIENTED_EDGE ( 'NONE', *, *, #2226, .F. ) ;
#2711 = ADVANCED_FACE ( 'NONE', ( #602 ), #952, .F. ) ;
#2712 = ORIENTED_EDGE ( 'NONE', *, *, #2713, .T. ) ;
#2713 = EDGE_CURVE ( 'NONE', #3559, #3888, #181, .T. ) ;
#2714 = DIRECTION ( 'NONE',  ( 0.000000000000000000, 0.000000000000000000, -1.000000000000000000 ) ) ;
#2715 = VECTOR ( 'NONE', #736, 1000.000000000000000 ) ;
#2716 = PLANE ( 'NONE',  #924 ) ;
#2717 = ORIENTED_EDGE ( 'NONE', *, *, #2675, .F. ) ;
#2718 = VECTOR ( 'NONE', #2569, 1000.000000000000000 ) ;
#2719 = ADVANCED_FACE ( 'NONE', ( #3448 ), #1242, .T. ) ;
#2720 = ORIENTED_EDGE ( 'NONE', *, *, #1023, .F. ) ;
#2721 = DIRECTION ( 'NONE',  ( 0.000000000000000000, 0.000000000000000000, -1.000000000000000000 ) ) ;
#2722 = CARTESIAN_POINT ( 'NONE',  ( 20.35000000000000142, -9.400000000000000355, 0.000000000000000000 ) ) ;
#2723 = CIRCLE ( 'NONE', #104, 1.099999999999999423 ) ;
#2724 = ORIENTED_EDGE ( 'NONE', *, *, #1210, .T. ) ;
#2725 = LINE ( 'NONE', #3647, #94 ) ;
#2726 = ADVANCED_FACE ( 'NONE', ( #39 ), #2456, .F. ) ;
#2727 = CIRCLE ( 'NONE', #1487, 0.5000000000000004441 ) ;
#2728 = CARTESIAN_POINT ( 'NONE',  ( 20.35000000000000142, -0.2700000000000000178, 0.000000000000000000 ) ) ;
#2729 = DIRECTION ( 'NONE',  ( 0.000000000000000000, -1.000000000000000000, 0.000000000000000000 ) ) ;
#2730 = LINE ( 'NONE', #3987, #508 ) ;
#2731 = AXIS2_PLACEMENT_3D ( 'NONE', #2186, #947, #636 ) ;
#2732 = VECTOR ( 'NONE', #1266, 1000.000000000000000 ) ;
#2733 = ORIENTED_EDGE ( 'NONE', *, *, #1441, .T. ) ;
#2734 = CARTESIAN_POINT ( 'NONE',  ( 18.59999999999999787, 3.810000000000000053, 0.000000000000000000 ) ) ;
#2735 = DIRECTION ( 'NONE',  ( 0.000000000000000000, 0.000000000000000000, 1.000000000000000000 ) ) ;
#2736 = CARTESIAN_POINT ( 'NONE',  ( 20.35000000000000142, -0.7699999999999999067, -0.2000000000000000111 ) ) ;
#2737 = DIRECTION ( 'NONE',  ( -0.9999999999999356071, -3.586813404158708598E-07, 0.000000000000000000 ) ) ;
#2738 = VECTOR ( 'NONE', #1458, 1000.000000000000000 ) ;
#2739 = EDGE_LOOP ( 'NONE', ( #366, #1061, #432, #2101 ) ) ;
#2740 = ORIENTED_EDGE ( 'NONE', *, *, #2020, .F. ) ;
#2741 = AXIS2_PLACEMENT_3D ( 'NONE', #2812, #3740, #272 ) ;
#2742 = CARTESIAN_POINT ( 'NONE',  ( 19.09999999999999787, -3.810000000000000053, -0.2000000000000000111 ) ) ;
#2743 = LINE ( 'NONE', #1494, #3595 ) ;
#2744 = ORIENTED_EDGE ( 'NONE', *, *, #3604, .T. ) ;
#2745 = AXIS2_PLACEMENT_3D ( 'NONE', #950, #2172, #1863 ) ;
#2746 = VERTEX_POINT ( 'NONE', #975 ) ;
#2747 = DIRECTION ( 'NONE',  ( 0.000000000000000000, 0.000000000000000000, 1.000000000000000000 ) ) ;
#2748 = LINE ( 'NONE', #285, #111 ) ;
#2749 = AXIS2_PLACEMENT_3D ( 'NONE', #2367, #220, #3314 ) ;
#2750 = ORIENTED_EDGE ( 'NONE', *, *, #2638, .F. ) ;
#2751 = AXIS2_PLACEMENT_3D ( 'NONE', #2901, #2265, #1993 ) ;
#2752 = CARTESIAN_POINT ( 'NONE',  ( 17.49999999999999645, -1.270000000000000462, 0.000000000000000000 ) ) ;
#2753 = DIRECTION ( 'NONE',  ( 1.000000000000000000, 3.437908358221610303E-15, 0.000000000000000000 ) ) ;
#2754 = CARTESIAN_POINT ( 'NONE',  ( 0.000000000000000000, 0.000000000000000000, 0.000000000000000000 ) ) ;
#2755 = EDGE_CURVE ( 'NONE', #1698, #2887, #937, .T. ) ;
#2756 = ORIENTED_EDGE ( 'NONE', *, *, #2771, .T. ) ;
#2757 = LINE ( 'NONE', #4009, #2805 ) ;
#2758 = DIRECTION ( 'NONE',  ( 0.000000000000000000, 1.000000000000000000, 0.000000000000000000 ) ) ;
#2759 = CARTESIAN_POINT ( 'NONE',  ( 18.09999999999999787, 1.270000000000000018, -1.199999999999999956 ) ) ;
#2760 = EDGE_CURVE ( 'NONE', #2145, #2803, #1748, .T. ) ;
#2761 = ORIENTED_EDGE ( 'NONE', *, *, #1576, .F. ) ;
#2762 = ORIENTED_EDGE ( 'NONE', *, *, #195, .F. ) ;
#2763 = DIRECTION ( 'NONE',  ( 0.000000000000000000, -1.000000000000000000, 0.000000000000000000 ) ) ;
#2764 = EDGE_LOOP ( 'NONE', ( #3726, #3205, #3850, #2679 ) ) ;
#2765 = EDGE_LOOP ( 'NONE', ( #633, #3645 ) ) ;
#2766 = FACE_OUTER_BOUND ( 'NONE', #1213, .T. ) ;
#2767 = DIRECTION ( 'NONE',  ( 0.000000000000000000, 0.000000000000000000, -1.000000000000000000 ) ) ;
#2768 = ORIENTED_EDGE ( 'NONE', *, *, #3749, .T. ) ;
#2769 = EDGE_CURVE ( 'NONE', #3806, #1751, #4067, .T. ) ;
#2770 = DIRECTION ( 'NONE',  ( 0.000000000000000000, -1.000000000000000000, 0.000000000000000000 ) ) ;
#2771 = EDGE_CURVE ( 'NONE', #1857, #970, #2521, .T. ) ;
#2772 = DIRECTION ( 'NONE',  ( 0.000000000000000000, 0.000000000000000000, 1.000000000000000000 ) ) ;
#2773 = EDGE_CURVE ( 'NONE', #1003, #274, #3799, .T. ) ;
#2774 = ORIENTED_EDGE ( 'NONE', *, *, #3555, .F. ) ;
#2775 = LINE ( 'NONE', #3085, #3655 ) ;
#2776 = LINE ( 'NONE', #4047, #3052 ) ;
#2777 = LINE ( 'NONE', #3020, #2991 ) ;
#2778 = VERTEX_POINT ( 'NONE', #3327 ) ;
#2779 = EDGE_CURVE ( 'NONE', #2024, #860, #919, .T. ) ;
#2780 = ORIENTED_EDGE ( 'NONE', *, *, #2779, .F. ) ;
#2781 = FACE_OUTER_BOUND ( 'NONE', #481, .T. ) ;
#2782 = VERTEX_POINT ( 'NONE', #1185 ) ;
#2783 = ORIENTED_EDGE ( 'NONE', *, *, #2667, .T. ) ;
#2784 = DIRECTION ( 'NONE',  ( 0.000000000000000000, 0.000000000000000000, 1.000000000000000000 ) ) ;
#2785 = CARTESIAN_POINT ( 'NONE',  ( 18.59999999999999787, -1.270000000000000018, -1.199999999999999956 ) ) ;
#2786 = ORIENTED_EDGE ( 'NONE', *, *, #3652, .T. ) ;
#2787 = VECTOR ( 'NONE', #2714, 1000.000000000000000 ) ;
#2788 = CIRCLE ( 'NONE', #3507, 0.5000000000000004441 ) ;
#2789 = CARTESIAN_POINT ( 'NONE',  ( 20.35000000000000142, -4.809999999999999609, 0.000000000000000000 ) ) ;
#2790 = DIRECTION ( 'NONE',  ( 1.000000000000000000, -1.718954179110800024E-15, 0.000000000000000000 ) ) ;
#2791 = VECTOR ( 'NONE', #82, 1000.000000000000000 ) ;
#2792 = ORIENTED_EDGE ( 'NONE', *, *, #2503, .T. ) ;
#2793 = DIRECTION ( 'NONE',  ( 0.000000000000000000, 1.000000000000000000, 0.000000000000000000 ) ) ;
#2794 = VECTOR ( 'NONE', #3413, 1000.000000000000000 ) ;
#2795 = FACE_OUTER_BOUND ( 'NONE', #3401, .T. ) ;
#2796 = ADVANCED_FACE ( 'NONE', ( #292 ), #1784, .F. ) ;
#2797 = ORIENTED_EDGE ( 'NONE', *, *, #1661, .T. ) ;
#2798 = CIRCLE ( 'NONE', #3983, 0.4999999999999996114 ) ;
#2799 = ORIENTED_EDGE ( 'NONE', *, *, #112, .F. ) ;
#2800 = DIRECTION ( 'NONE',  ( 0.000000000000000000, 0.000000000000000000, 1.000000000000000000 ) ) ;
#2801 = VECTOR ( 'NONE', #3630, 1000.000000000000000 ) ;
#2802 = EDGE_CURVE ( 'NONE', #2597, #2979, #2775, .T. ) ;
#2803 = VERTEX_POINT ( 'NONE', #3369 ) ;
#2804 = EDGE_CURVE ( 'NONE', #3594, #1384, #1224, .T. ) ;
#2805 = VECTOR ( 'NONE', #1460, 1000.000000000000000 ) ;
#2806 = VERTEX_POINT ( 'NONE', #3038 ) ;
#2807 = CARTESIAN_POINT ( 'NONE',  ( 20.35000000000000142, 0.2700000000000000178, -0.2000000000000000111 ) ) ;
#2808 = CARTESIAN_POINT ( 'NONE',  ( -20.35000000000000142, -7.900000000000000355, -1.199999999999999956 ) ) ;
#2809 = ORIENTED_EDGE ( 'NONE', *, *, #4010, .T. ) ;
#2810 = CARTESIAN_POINT ( 'NONE',  ( -18.59999999999999787, 6.400000000000000355, 0.000000000000000000 ) ) ;
#2811 = CARTESIAN_POINT ( 'NONE',  ( 20.35000000000000142, 6.400000000000000355, -0.2000000000000000111 ) ) ;
#2812 = CARTESIAN_POINT ( 'NONE',  ( -18.59999999999999787, 3.810000000000000053, 0.000000000000000000 ) ) ;
#2813 = LINE ( 'NONE', #3778, #3375 ) ;
#2814 = VECTOR ( 'NONE', #1046, 1000.000000000000000 ) ;
#2815 = VERTEX_POINT ( 'NONE', #3700 ) ;
#2816 = CARTESIAN_POINT ( 'NONE',  ( -20.35000000000000142, -4.309999999999999609, -1.199999999999999956 ) ) ;
#2817 = LINE ( 'NONE', #1225, #966 ) ;
#2818 = DIRECTION ( 'NONE',  ( 0.000000000000000000, 0.000000000000000000, -1.000000000000000000 ) ) ;
#2819 = ORIENTED_EDGE ( 'NONE', *, *, #896, .T. ) ;
#2820 = EDGE_LOOP ( 'NONE', ( #2691, #2872, #955, #1196 ) ) ;
#2821 = CARTESIAN_POINT ( 'NONE',  ( 20.35000000000000142, -10.20000000000000107, -1.199999999999999956 ) ) ;
#2822 = PRODUCT_DEFINITION ( 'UNKNOWN', '', #1694, #3534 ) ;
#2823 = EDGE_CURVE ( 'NONE', #1425, #3486, #230, .T. ) ;
#2824 = ORIENTED_EDGE ( 'NONE', *, *, #396, .T. ) ;
#2825 = EDGE_CURVE ( 'NONE', #3477, #3425, #2405, .T. ) ;
#2826 = FACE_OUTER_BOUND ( 'NONE', #1636, .T. ) ;
#2827 = DIRECTION ( 'NONE',  ( 0.000000000000000000, 0.000000000000000000, -1.000000000000000000 ) ) ;
#2828 = ORIENTED_EDGE ( 'NONE', *, *, #618, .T. ) ;
#2829 = EDGE_CURVE ( 'NONE', #3360, #3670, #3991, .T. ) ;
#2830 = CARTESIAN_POINT ( 'NONE',  ( 20.35000000000000142, 5.734999999999999432, -0.2000000000000000111 ) ) ;
#2831 = DIRECTION ( 'NONE',  ( 1.000000000000000000, 0.000000000000000000, 0.000000000000000000 ) ) ;
#2832 = DIRECTION ( 'NONE',  ( -0.4165977904505299700, -0.9090909090909096157, 0.000000000000000000 ) ) ;
#2833 = VERTEX_POINT ( 'NONE', #2459 ) ;
#2834 = PLANE ( 'NONE',  #1687 ) ;
#2835 = DIRECTION ( 'NONE',  ( 0.000000000000000000, 0.000000000000000000, -1.000000000000000000 ) ) ;
#2836 = VERTEX_POINT ( 'NONE', #3063 ) ;
#2837 = ORIENTED_EDGE ( 'NONE', *, *, #3801, .T. ) ;
#2838 = DIRECTION ( 'NONE',  ( 0.000000000000000000, 1.000000000000000000, 0.000000000000000000 ) ) ;
#2839 = VERTEX_POINT ( 'NONE', #2422 ) ;
#2840 = DIRECTION ( 'NONE',  ( 1.000000000000000000, 0.000000000000000000, 0.000000000000000000 ) ) ;
#2841 = PLANE ( 'NONE',  #3250 ) ;
#2842 = VERTEX_POINT ( 'NONE', #2071 ) ;
#2843 = EDGE_CURVE ( 'NONE', #819, #1313, #3682, .T. ) ;
#2844 = DIRECTION ( 'NONE',  ( 0.000000000000000000, 0.000000000000000000, -1.000000000000000000 ) ) ;
#2845 = DIRECTION ( 'NONE',  ( -1.000000000000000000, 8.594770895554009979E-16, 0.000000000000000000 ) ) ;
#2846 = AXIS2_PLACEMENT_3D ( 'NONE', #2982, #3578, #776 ) ;
#2847 = DIRECTION ( 'NONE',  ( -0.7071067811865457964, 0.7071067811865492381, 0.000000000000000000 ) ) ;
#2848 = CARTESIAN_POINT ( 'NONE',  ( -18.59999999999999787, 3.810000000000000053, 0.000000000000000000 ) ) ;
#2849 = EDGE_CURVE ( 'NONE', #2859, #1698, #1177, .T. ) ;
#2850 = AXIS2_PLACEMENT_3D ( 'NONE', #1988, #3242, #439 ) ;
#2851 = VERTEX_POINT ( 'NONE', #255 ) ;
#2852 = CYLINDRICAL_SURFACE ( 'NONE', #3989, 1.500000000000389244 ) ;
#2853 = LINE ( 'NONE', #957, #2855 ) ;
#2854 = DIRECTION ( 'NONE',  ( 2.578431268666200036E-15, -1.000000000000000000, 0.000000000000000000 ) ) ;
#2855 = VECTOR ( 'NONE', #2160, 1000.000000000000000 ) ;
#2856 = CIRCLE ( 'NONE', #2324, 0.5000000000000000000 ) ;
#2857 = ORIENTED_EDGE ( 'NONE', *, *, #2166, .T. ) ;
#2858 = FACE_OUTER_BOUND ( 'NONE', #134, .T. ) ;
#2859 = VERTEX_POINT ( 'NONE', #3101 ) ;
#2860 = VECTOR ( 'NONE', #615, 1000.000000000000000 ) ;
#2861 = VECTOR ( 'NONE', #2045, 1000.000000000000000 ) ;
#2862 = LINE ( 'NONE', #967, #3005 ) ;
#2863 = DIRECTION ( 'NONE',  ( -1.000000000000000000, 0.000000000000000000, 0.000000000000000000 ) ) ;
#2864 = ORIENTED_EDGE ( 'NONE', *, *, #744, .F. ) ;
#2865 = VECTOR ( 'NONE', #3217, 1000.000000000000000 ) ;
#2866 = CARTESIAN_POINT ( 'NONE',  ( 20.35000000000000142, 2.810000000000000053, -0.2000000000000000111 ) ) ;
#2867 = CARTESIAN_POINT ( 'NONE',  ( -20.35000000000000142, -1.149999999999999911, -0.2000000000000000111 ) ) ;
#2868 = AXIS2_PLACEMENT_3D ( 'NONE', #3057, #4021, #2154 ) ;
#2869 = EDGE_LOOP ( 'NONE', ( #2245, #2947, #2705, #1590 ) ) ;
#2870 = CARTESIAN_POINT ( 'NONE',  ( 19.05825756949559846, -2.270000000000000018, 0.000000000000000000 ) ) ;
#2871 = AXIS2_PLACEMENT_3D ( 'NONE', #2512, #3153, #1292 ) ;
#2872 = ORIENTED_EDGE ( 'NONE', *, *, #2418, .F. ) ;
#2873 = ADVANCED_FACE ( 'NONE', ( #1764 ), #3722, .T. ) ;
#2874 = DIRECTION ( 'NONE',  ( -1.000000000000000000, 8.594770895554009979E-16, 0.000000000000000000 ) ) ;
#2875 = UNCERTAINTY_MEASURE_WITH_UNIT (LENGTH_MEASURE( 1.000000000000000082E-05 ), #1486, 'distance_accuracy_value', 'NONE');
#2876 = DIRECTION ( 'NONE',  ( 1.000000000000000000, 0.000000000000000000, 0.000000000000000000 ) ) ;
#2877 = CARTESIAN_POINT ( 'NONE',  ( 18.59999999999999787, -1.270000000000000018, 0.000000000000000000 ) ) ;
#2878 = AXIS2_PLACEMENT_3D ( 'NONE', #324, #413, #2582 ) ;
#2879 = ORIENTED_EDGE ( 'NONE', *, *, #3654, .T. ) ;
#2880 = EDGE_CURVE ( 'NONE', #1577, #2410, #2757, .T. ) ;
#2881 = DIRECTION ( 'NONE',  ( 0.000000000000000000, 1.000000000000000000, 0.000000000000000000 ) ) ;
#2882 = ORIENTED_EDGE ( 'NONE', *, *, #161, .T. ) ;
#2883 = CARTESIAN_POINT ( 'NONE',  ( -20.35000000000000142, -4.809999999999999609, 0.000000000000000000 ) ) ;
#2884 = VERTEX_POINT ( 'NONE', #2485 ) ;
#2885 = DIRECTION ( 'NONE',  ( 0.000000000000000000, 0.000000000000000000, -1.000000000000000000 ) ) ;
#2886 = CARTESIAN_POINT ( 'NONE',  ( 20.35000000000000142, -0.2700000000000000178, 0.000000000000000000 ) ) ;
#2887 = VERTEX_POINT ( 'NONE', #1206 ) ;
#2888 = FACE_OUTER_BOUND ( 'NONE', #878, .T. ) ;
#2889 = ADVANCED_FACE ( 'NONE', ( #3742 ), #2437, .F. ) ;
#2890 = EDGE_CURVE ( 'NONE', #1854, #1234, #2605, .T. ) ;
#2891 = ORIENTED_EDGE ( 'NONE', *, *, #3225, .T. ) ;
#2892 = CARTESIAN_POINT ( 'NONE',  ( -20.35000000000000142, -1.270000000000000018, -0.2000000000000000111 ) ) ;
#2893 = DIRECTION ( 'NONE',  ( -1.000000000000000000, -3.942553354492742052E-16, 0.000000000000000000 ) ) ;
#2894 = DIRECTION ( 'NONE',  ( 0.000000000000000000, 1.000000000000000000, 0.000000000000000000 ) ) ;
#2895 = EDGE_CURVE ( 'NONE', #3126, #1211, #2007, .T. ) ;
#2896 = VERTEX_POINT ( 'NONE', #3348 ) ;
#2897 = FACE_OUTER_BOUND ( 'NONE', #342, .T. ) ;
#2898 = ORIENTED_EDGE ( 'NONE', *, *, #1737, .F. ) ;
#2899 = ADVANCED_FACE ( 'NONE', ( #44 ), #2834, .F. ) ;
#2900 = CARTESIAN_POINT ( 'NONE',  ( 20.35000000000000142, -2.270000000000000018, -0.2000000000000000111 ) ) ;
#2901 = CARTESIAN_POINT ( 'NONE',  ( -18.59999999999999787, 7.900000000000000355, 0.000000000000000000 ) ) ;
#2902 = EDGE_LOOP ( 'NONE', ( #1708, #2280, #1420, #3945 ) ) ;
#2903 = EDGE_LOOP ( 'NONE', ( #574, #1850, #2360, #901 ) ) ;
#2904 = DIRECTION ( 'NONE',  ( 0.000000000000000000, 0.000000000000000000, -1.000000000000000000 ) ) ;
#2905 = DIRECTION ( 'NONE',  ( 0.000000000000000000, 0.000000000000000000, -1.000000000000000000 ) ) ;
#2906 = VERTEX_POINT ( 'NONE', #685 ) ;
#2907 = VECTOR ( 'NONE', #859, 1000.000000000000000 ) ;
#2908 = DIRECTION ( 'NONE',  ( 0.000000000000000000, 0.000000000000000000, 1.000000000000000000 ) ) ;
#2909 = ORIENTED_EDGE ( 'NONE', *, *, #2953, .T. ) ;
#2910 = AXIS2_PLACEMENT_3D ( 'NONE', #2014, #1369, #421 ) ;
#2911 = FACE_OUTER_BOUND ( 'NONE', #3419, .T. ) ;
#2912 = CARTESIAN_POINT ( 'NONE',  ( -18.09999999999999787, -1.270000000000000018, -0.2000000000000000111 ) ) ;
#2913 = AXIS2_PLACEMENT_3D ( 'NONE', #2282, #1973, #3223 ) ;
#2914 = EDGE_LOOP ( 'NONE', ( #2204, #1629, #484, #1994 ) ) ;
#2915 = CYLINDRICAL_SURFACE ( 'NONE', #897, 0.5000000000000004441 ) ;
#2916 = VECTOR ( 'NONE', #2758, 1000.000000000000000 ) ;
#2917 = EDGE_CURVE ( 'NONE', #1987, #201, #1282, .T. ) ;
#2918 = ORIENTED_EDGE ( 'NONE', *, *, #63, .T. ) ;
#2919 = VECTOR ( 'NONE', #1658, 1000.000000000000000 ) ;
#2920 = DIRECTION ( 'NONE',  ( 0.000000000000000000, 1.000000000000000000, 0.000000000000000000 ) ) ;
#2921 = DIRECTION ( 'NONE',  ( -1.000000000000000000, -1.903239470785969963E-15, 0.000000000000000000 ) ) ;
#2922 = EDGE_CURVE ( 'NONE', #4014, #3376, #3852, .T. ) ;
#2923 = EDGE_CURVE ( 'NONE', #3585, #3949, #1624, .T. ) ;
#2924 = ORIENTED_EDGE ( 'NONE', *, *, #1849, .F. ) ;
#2925 = CIRCLE ( 'NONE', #3910, 0.5000000000000004441 ) ;
#2926 = LINE ( 'NONE', #2304, #3526 ) ;
#2927 = EDGE_CURVE ( 'NONE', #2017, #1573, #1604, .T. ) ;
#2928 = DIRECTION ( 'NONE',  ( -0.4165977904505300256, -0.9090909090909095047, 0.000000000000000000 ) ) ;
#2929 = ORIENTED_EDGE ( 'NONE', *, *, #1660, .T. ) ;
#2930 = VECTOR ( 'NONE', #2462, 1000.000000000000000 ) ;
#2931 = DIRECTION ( 'NONE',  ( -1.000000000000000000, 6.344135470183149646E-16, 0.000000000000000000 ) ) ;
#2932 = VECTOR ( 'NONE', #1526, 1000.000000000000000 ) ;
#2933 = EDGE_LOOP ( 'NONE', ( #20, #638 ) ) ;
#2934 = DIRECTION ( 'NONE',  ( 0.000000000000000000, 0.000000000000000000, 1.000000000000000000 ) ) ;
#2935 = DIRECTION ( 'NONE',  ( 1.000000000000000000, 0.000000000000000000, 0.000000000000000000 ) ) ;
#2936 = FACE_OUTER_BOUND ( 'NONE', #1926, .T. ) ;
#2937 = VECTOR ( 'NONE', #3676, 1000.000000000000000 ) ;
#2938 = ORIENTED_EDGE ( 'NONE', *, *, #2153, .T. ) ;
#2939 = AXIS2_PLACEMENT_3D ( 'NONE', #3643, #2680, #267 ) ;
#2940 = FACE_OUTER_BOUND ( 'NONE', #1390, .T. ) ;
#2941 = CARTESIAN_POINT ( 'NONE',  ( 18.59999999999999787, -3.810000000000000053, -1.199999999999999956 ) ) ;
#2942 = ORIENTED_EDGE ( 'NONE', *, *, #3203, .T. ) ;
#2943 = VECTOR ( 'NONE', #3290, 1000.000000000000000 ) ;
#2944 = EDGE_CURVE ( 'NONE', #1132, #2017, #116, .T. ) ;
#2945 = DIRECTION ( 'NONE',  ( 0.000000000000000000, 1.000000000000000000, 0.000000000000000000 ) ) ;
#2946 = CARTESIAN_POINT ( 'NONE',  ( 17.49999999999999645, 1.269999999999999574, 0.000000000000000000 ) ) ;
#2947 = ORIENTED_EDGE ( 'NONE', *, *, #1867, .F. ) ;
#2948 = ADVANCED_FACE ( 'NONE', ( #80 ), #2852, .F. ) ;
#2949 = DIRECTION ( 'NONE',  ( 0.000000000000000000, 0.000000000000000000, -1.000000000000000000 ) ) ;
#2950 = CARTESIAN_POINT ( 'NONE',  ( 18.59999999999999787, 3.810000000000000053, -0.2000000000000000111 ) ) ;
#2951 = VERTEX_POINT ( 'NONE', #3818 ) ;
#2952 = CARTESIAN_POINT ( 'NONE',  ( -18.59999999999999787, -3.810000000000000053, 0.000000000000000000 ) ) ;
#2953 = EDGE_CURVE ( 'NONE', #791, #1287, #2196, .T. ) ;
#2954 = ORIENTED_EDGE ( 'NONE', *, *, #3933, .T. ) ;
#2955 = PLANE ( 'NONE',  #1949 ) ;
#2956 = CARTESIAN_POINT ( 'NONE',  ( 20.35000000000000142, -1.770000000000000018, -1.199999999999999956 ) ) ;
#2957 = LINE ( 'NONE', #790, #381 ) ;
#2958 = ORIENTED_EDGE ( 'NONE', *, *, #297, .F. ) ;
#2959 = DIRECTION ( 'NONE',  ( 0.000000000000000000, 0.000000000000000000, 1.000000000000000000 ) ) ;
#2960 = DIRECTION ( 'NONE',  ( 0.000000000000000000, 0.000000000000000000, -1.000000000000000000 ) ) ;
#2961 = ORIENTED_EDGE ( 'NONE', *, *, #3801, .F. ) ;
#2962 = LINE ( 'NONE', #173, #3832 ) ;
#2963 =( LENGTH_UNIT ( ) NAMED_UNIT ( * ) SI_UNIT ( .MILLI., .METRE. ) );
#2964 = ORIENTED_EDGE ( 'NONE', *, *, #646, .T. ) ;
#2965 = DIRECTION ( 'NONE',  ( 0.000000000000000000, 0.000000000000000000, -1.000000000000000000 ) ) ;
#2966 = DIRECTION ( 'NONE',  ( 0.000000000000000000, 0.000000000000000000, -1.000000000000000000 ) ) ;
#2967 = EDGE_LOOP ( 'NONE', ( #1007, #711, #1286, #1610 ) ) ;
#2968 = ADVANCED_FACE ( 'NONE', ( #395 ), #649, .T. ) ;
#2969 = CARTESIAN_POINT ( 'NONE',  ( 18.09999999999999787, -3.810000000000000053, -1.199999999999999956 ) ) ;
#2970 = VERTEX_POINT ( 'NONE', #2549 ) ;
#2971 = CARTESIAN_POINT ( 'NONE',  ( -17.09999999999970655, -7.900000538090935720, 0.000000000000000000 ) ) ;
#2972 = CARTESIAN_POINT ( 'NONE',  ( -9.529128784747799230, 2.810000000000000053, 0.000000000000000000 ) ) ;
#2973 = EDGE_CURVE ( 'NONE', #590, #2896, #2177, .T. ) ;
#2974 = VECTOR ( 'NONE', #1178, 1000.000000000000000 ) ;
#2975 = ORIENTED_EDGE ( 'NONE', *, *, #543, .F. ) ;
#2976 = LINE ( 'NONE', #562, #2916 ) ;
#2977 = CARTESIAN_POINT ( 'NONE',  ( 20.35000000000000142, 0.2700000000000000178, 0.000000000000000000 ) ) ;
#2978 = CIRCLE ( 'NONE', #3234, 0.5000000000000000000 ) ;
#2979 = VERTEX_POINT ( 'NONE', #2816 ) ;
#2980 = ORIENTED_EDGE ( 'NONE', *, *, #35, .T. ) ;
#2981 = AXIS2_PLACEMENT_3D ( 'NONE', #926, #50, #1309 ) ;
#2982 = CARTESIAN_POINT ( 'NONE',  ( 18.59999999999999787, 1.270000000000000018, -0.2000000000000000111 ) ) ;
#2983 = DIRECTION ( 'NONE',  ( 0.000000000000000000, 0.000000000000000000, -1.000000000000000000 ) ) ;
#2984 = ORIENTED_EDGE ( 'NONE', *, *, #779, .T. ) ;
#2985 = CIRCLE ( 'NONE', #1291, 1.099999999999999423 ) ;
#2986 = AXIS2_PLACEMENT_3D ( 'NONE', #2040, #510, #1112 ) ;
#2987 = CARTESIAN_POINT ( 'NONE',  ( 9.529128784747790348, 4.809999999999999609, 0.000000000000000000 ) ) ;
#2988 = DIRECTION ( 'NONE',  ( -1.000000000000000000, 0.000000000000000000, 0.000000000000000000 ) ) ;
#2989 = ORIENTED_EDGE ( 'NONE', *, *, #3859, .T. ) ;
#2990 = CARTESIAN_POINT ( 'NONE',  ( 20.35000000000000142, 8.400000000000000355, -0.2000000000000000111 ) ) ;
#2991 = VECTOR ( 'NONE', #1121, 1000.000000000000000 ) ;
#2992 = DIRECTION ( 'NONE',  ( -1.000000000000000000, 0.000000000000000000, 0.000000000000000000 ) ) ;
#2993 = DIRECTION ( 'NONE',  ( 0.000000000000000000, 0.000000000000000000, -1.000000000000000000 ) ) ;
#2994 = CIRCLE ( 'NONE', #2665, 1.499999999999999556 ) ;
#2995 = CARTESIAN_POINT ( 'NONE',  ( 19.05825756949559846, 2.270000000000000018, -0.2000000000000000111 ) ) ;
#2996 = CIRCLE ( 'NONE', #713, 1.099999999999999423 ) ;
#2997 = EDGE_CURVE ( 'NONE', #2410, #3332, #2, .T. ) ;
#2998 = ORIENTED_EDGE ( 'NONE', *, *, #468, .T. ) ;
#2999 = CARTESIAN_POINT ( 'NONE',  ( -18.59999999999999787, 6.400000000000000355, 0.000000000000000000 ) ) ;
#3000 = CARTESIAN_POINT ( 'NONE',  ( 18.59999999999999787, 1.270000000000000018, -1.199999999999999956 ) ) ;
#3001 = AXIS2_PLACEMENT_3D ( 'NONE', #3775, #3469, #665 ) ;
#3002 = ORIENTED_EDGE ( 'NONE', *, *, #1645, .T. ) ;
#3003 = ORIENTED_EDGE ( 'NONE', *, *, #3496, .T. ) ;
#3004 = ADVANCED_FACE ( 'NONE', ( #3760 ), #1890, .F. ) ;
#3005 = VECTOR ( 'NONE', #2784, 1000.000000000000000 ) ;
#3006 = LINE ( 'NONE', #527, #2787 ) ;
#3007 = CARTESIAN_POINT ( 'NONE',  ( -17.09999999999970655, -7.900000538090935720, 0.000000000000000000 ) ) ;
#3008 = ORIENTED_EDGE ( 'NONE', *, *, #2016, .T. ) ;
#3009 = CARTESIAN_POINT ( 'NONE',  ( -19.09999999999999787, 1.270000000000000018, -0.2000000000000000111 ) ) ;
#3010 = DIRECTION ( 'NONE',  ( 2.578431268666200036E-15, 1.000000000000000000, 0.000000000000000000 ) ) ;
#3011 = ORIENTED_EDGE ( 'NONE', *, *, #4057, .T. ) ;
#3012 = DIRECTION ( 'NONE',  ( 1.000000000000000000, 0.000000000000000000, 0.000000000000000000 ) ) ;
#3013 = DIRECTION ( 'NONE',  ( 0.000000000000000000, 1.000000000000000000, 0.000000000000000000 ) ) ;
#3014 = DIRECTION ( 'NONE',  ( 1.000000000000000000, 0.000000000000000000, 0.000000000000000000 ) ) ;
#3015 = CARTESIAN_POINT ( 'NONE',  ( 18.60000107604399844, 9.400000000000000355, 0.000000000000000000 ) ) ;
#3016 = ADVANCED_FACE ( 'NONE', ( #2239 ), #2955, .F. ) ;
#3017 = VERTEX_POINT ( 'NONE', #2643 ) ;
#3018 = DIRECTION ( 'NONE',  ( 1.000000000000000000, 0.000000000000000000, 0.000000000000000000 ) ) ;
#3019 = PLANE ( 'NONE',  #1933 ) ;
#3020 = CARTESIAN_POINT ( 'NONE',  ( -20.35000000000000142, -10.20000000000000107, 0.000000000000000000 ) ) ;
#3021 = ORIENTED_EDGE ( 'NONE', *, *, #2469, .F. ) ;
#3022 = EDGE_CURVE ( 'NONE', #1573, #3594, #3235, .T. ) ;
#3023 = ORIENTED_EDGE ( 'NONE', *, *, #3483, .F. ) ;
#3024 = ORIENTED_EDGE ( 'NONE', *, *, #1718, .F. ) ;
#3025 = CARTESIAN_POINT ( 'NONE',  ( 18.59999999999999787, 1.270000000000000018, -0.2000000000000000111 ) ) ;
#3026 = LINE ( 'NONE', #3948, #2416 ) ;
#3027 = ORIENTED_EDGE ( 'NONE', *, *, #3386, .T. ) ;
#3028 = EDGE_CURVE ( 'NONE', #1688, #1267, #2473, .T. ) ;
#3029 = PRODUCT ( 'MP3429', 'MP3429', '', ( #81 ) ) ;
#3030 = DIRECTION ( 'NONE',  ( 0.000000000000000000, 0.000000000000000000, 1.000000000000000000 ) ) ;
#3031 = FACE_OUTER_BOUND ( 'NONE', #2869, .T. ) ;
#3032 = VERTEX_POINT ( 'NONE', #2353 ) ;
#3033 = DIRECTION ( 'NONE',  ( 0.000000000000000000, 0.000000000000000000, -1.000000000000000000 ) ) ;
#3034 = CARTESIAN_POINT ( 'NONE',  ( -20.35000000000000142, -7.004999999999999893, -0.2000000000000000111 ) ) ;
#3035 = CARTESIAN_POINT ( 'NONE',  ( 18.59999999999999787, 1.270000000000000018, 0.000000000000000000 ) ) ;
#3036 = DIRECTION ( 'NONE',  ( 0.000000000000000000, 0.000000000000000000, -1.000000000000000000 ) ) ;
#3037 = ORIENTED_EDGE ( 'NONE', *, *, #3737, .F. ) ;
#3038 = CARTESIAN_POINT ( 'NONE',  ( -19.05825756949559846, 4.809999999999999609, 0.000000000000000000 ) ) ;
#3039 = DIRECTION ( 'NONE',  ( 0.4165977904505299700, 0.9090909090909096157, 0.000000000000000000 ) ) ;
#3040 = AXIS2_PLACEMENT_3D ( 'NONE', #2848, #41, #542 ) ;
#3041 = VERTEX_POINT ( 'NONE', #3550 ) ;
#3042 = VERTEX_POINT ( 'NONE', #3896 ) ;
#3043 = LINE ( 'NONE', #3947, #2192 ) ;
#3044 = VECTOR ( 'NONE', #262, 1000.000000000000000 ) ;
#3045 = DIRECTION ( 'NONE',  ( 0.000000000000000000, 1.000000000000000000, 0.000000000000000000 ) ) ;
#3046 = EDGE_LOOP ( 'NONE', ( #1614, #3620, #3636, #1057 ) ) ;
#3047 = VECTOR ( 'NONE', #988, 1000.000000000000000 ) ;
#3048 = ADVANCED_FACE ( 'NONE', ( #101 ), #142, .T. ) ;
#3049 = ORIENTED_EDGE ( 'NONE', *, *, #1918, .F. ) ;
#3050 = DIRECTION ( 'NONE',  ( 0.000000000000000000, 1.000000000000000000, 0.000000000000000000 ) ) ;
#3051 = LINE ( 'NONE', #1538, #3845 ) ;
#3052 = VECTOR ( 'NONE', #2550, 1000.000000000000000 ) ;
#3053 = VERTEX_POINT ( 'NONE', #805 ) ;
#3054 = CARTESIAN_POINT ( 'NONE',  ( 20.35000000000000142, 2.270000000000000018, 0.000000000000000000 ) ) ;
#3055 = VECTOR ( 'NONE', #802, 1000.000000000000000 ) ;
#3056 = EDGE_CURVE ( 'NONE', #2183, #2248, #433, .T. ) ;
#3057 = CARTESIAN_POINT ( 'NONE',  ( 18.59999999999999787, 1.270000000000000018, 0.000000000000000000 ) ) ;
#3058 = CARTESIAN_POINT ( 'NONE',  ( 20.35000000000000142, 0.2700000000000000178, 0.000000000000000000 ) ) ;
#3059 = CARTESIAN_POINT ( 'NONE',  ( -18.59999999999999787, 7.900000000000000355, 0.000000000000000000 ) ) ;
#3060 = CIRCLE ( 'NONE', #3187, 0.5000000000000000000 ) ;
#3061 = VECTOR ( 'NONE', #1588, 1000.000000000000000 ) ;
#3062 = ORIENTED_EDGE ( 'NONE', *, *, #4033, .T. ) ;
#3063 = CARTESIAN_POINT ( 'NONE',  ( -17.49999999999999645, 1.270000000000000018, 0.000000000000000000 ) ) ;
#3064 = CYLINDRICAL_SURFACE ( 'NONE', #302, 1.100000000000000311 ) ;
#3065 = CARTESIAN_POINT ( 'NONE',  ( 20.35000000000000142, -4.309999999999999609, -0.2000000000000000111 ) ) ;
#3066 = LINE ( 'NONE', #313, #621 ) ;
#3067 = VECTOR ( 'NONE', #1014, 1000.000000000000000 ) ;
#3068 = ORIENTED_EDGE ( 'NONE', *, *, #573, .F. ) ;
#3069 = CARTESIAN_POINT ( 'NONE',  ( 19.05825756949559846, 0.2700000000000000178, 0.000000000000000000 ) ) ;
#3070 = CARTESIAN_POINT ( 'NONE',  ( -9.529128784747799230, -2.270000000000000018, 0.000000000000000000 ) ) ;
#3071 = ORIENTED_EDGE ( 'NONE', *, *, #3626, .F. ) ;
#3072 = CIRCLE ( 'NONE', #2871, 1.099999999999999201 ) ;
#3073 = ADVANCED_FACE ( 'NONE', ( #2295 ), #455, .T. ) ;
#3074 = VERTEX_POINT ( 'NONE', #1094 ) ;
#3075 = DIRECTION ( 'NONE',  ( 0.000000000000000000, 0.000000000000000000, -1.000000000000000000 ) ) ;
#3076 = FACE_OUTER_BOUND ( 'NONE', #832, .T. ) ;
#3077 = VECTOR ( 'NONE', #263, 1000.000000000000000 ) ;
#3078 = ORIENTED_EDGE ( 'NONE', *, *, #2890, .T. ) ;
#3079 = EDGE_CURVE ( 'NONE', #1384, #1747, #125, .T. ) ;
#3080 = FACE_BOUND ( 'NONE', #2765, .T. ) ;
#3081 = DIRECTION ( 'NONE',  ( 1.000000000000000000, 0.000000000000000000, 0.000000000000000000 ) ) ;
#3082 = CARTESIAN_POINT ( 'NONE',  ( -18.59999999999999787, 1.270000000000000018, -0.2000000000000000111 ) ) ;
#3083 = ADVANCED_FACE ( 'NONE', ( #1699 ), #3297, .T. ) ;
#3084 = VERTEX_POINT ( 'NONE', #1035 ) ;
#3085 = CARTESIAN_POINT ( 'NONE',  ( -20.35000000000000142, -10.20000000000000107, -1.199999999999999956 ) ) ;
#3086 = CARTESIAN_POINT ( 'NONE',  ( -20.35000000000000142, -5.734999999999999432, -0.2000000000000000111 ) ) ;
#3087 = FACE_OUTER_BOUND ( 'NONE', #2467, .T. ) ;
#3088 = ORIENTED_EDGE ( 'NONE', *, *, #985, .T. ) ;
#3089 = ORIENTED_EDGE ( 'NONE', *, *, #217, .F. ) ;
#3090 = DIRECTION ( 'NONE',  ( 1.000000000000000000, 0.000000000000000000, 0.000000000000000000 ) ) ;
#3091 = DIRECTION ( 'NONE',  ( -8.594770895554009979E-16, -1.000000000000000000, 0.000000000000000000 ) ) ;
#3092 = ORIENTED_EDGE ( 'NONE', *, *, #2760, .F. ) ;
#3093 = ORIENTED_EDGE ( 'NONE', *, *, #2385, .T. ) ;
#3094 = DIRECTION ( 'NONE',  ( 0.000000000000000000, 0.000000000000000000, 1.000000000000000000 ) ) ;
#3095 = CARTESIAN_POINT ( 'NONE',  ( -19.05825756949559846, -2.810000000000000053, 0.000000000000000000 ) ) ;
#3096 = ORIENTED_EDGE ( 'NONE', *, *, #1049, .F. ) ;
#3097 = DIRECTION ( 'NONE',  ( 1.000000000000000000, 1.074346361944249916E-15, 0.000000000000000000 ) ) ;
#3098 = CARTESIAN_POINT ( 'NONE',  ( 17.10000000000009379, -7.900000538022011298, -0.2000000000000000111 ) ) ;
#3099 = LINE ( 'NONE', #995, #3847 ) ;
#3100 = ORIENTED_EDGE ( 'NONE', *, *, #2522, .F. ) ;
#3101 = CARTESIAN_POINT ( 'NONE',  ( -20.35000000000000142, 3.310000000000000053, -1.199999999999999956 ) ) ;
#3102 = EDGE_CURVE ( 'NONE', #2465, #497, #3467, .T. ) ;
#3103 = ADVANCED_FACE ( 'NONE', ( #788 ), #1415, .F. ) ;
#3104 = DIRECTION ( 'NONE',  ( 0.000000000000000000, 0.000000000000000000, 1.000000000000000000 ) ) ;
#3105 = LINE ( 'NONE', #2223, #2732 ) ;
#3106 = ORIENTED_EDGE ( 'NONE', *, *, #3955, .F. ) ;
#3107 = ORIENTED_EDGE ( 'NONE', *, *, #352, .F. ) ;
#3108 = DIRECTION ( 'NONE',  ( 0.000000000000000000, 0.000000000000000000, 1.000000000000000000 ) ) ;
#3109 = ORIENTED_EDGE ( 'NONE', *, *, #1638, .F. ) ;
#3110 = ORIENTED_EDGE ( 'NONE', *, *, #3127, .F. ) ;
#3111 = CYLINDRICAL_SURFACE ( 'NONE', #260, 0.5000000000000004441 ) ;
#3112 = CARTESIAN_POINT ( 'NONE',  ( -18.59999999999999787, -3.810000000000000053, 0.000000000000000000 ) ) ;
#3113 = ORIENTED_EDGE ( 'NONE', *, *, #1898, .T. ) ;
#3114 = CIRCLE ( 'NONE', #2381, 0.5000000000000004441 ) ;
#3115 = CIRCLE ( 'NONE', #3965, 1.500000000000390799 ) ;
#3116 = PLANE ( 'NONE',  #3728 ) ;
#3117 = LINE ( 'NONE', #2811, #3642 ) ;
#3118 = DIRECTION ( 'NONE',  ( 0.000000000000000000, 0.000000000000000000, -1.000000000000000000 ) ) ;
#3119 = VECTOR ( 'NONE', #2310, 1000.000000000000000 ) ;
#3120 = ADVANCED_FACE ( 'NONE', ( #1073, #2131, #3080, #3391, #1180, #823, #2454, #3412, #3956 ), #600, .T. ) ;
#3121 = ORIENTED_EDGE ( 'NONE', *, *, #1985, .T. ) ;
#3122 = DIRECTION ( 'NONE',  ( 1.000000000000000000, 0.000000000000000000, 0.000000000000000000 ) ) ;
#3123 = CYLINDRICAL_SURFACE ( 'NONE', #2323, 0.5000000000000004441 ) ;
#3124 = AXIS2_PLACEMENT_3D ( 'NONE', #2722, #3979, #154 ) ;
#3125 = FACE_OUTER_BOUND ( 'NONE', #1048, .T. ) ;
#3126 = VERTEX_POINT ( 'NONE', #1847 ) ;
#3127 = EDGE_CURVE ( 'NONE', #828, #2167, #2063, .T. ) ;
#3128 = AXIS2_PLACEMENT_3D ( 'NONE', #810, #3684, #3039 ) ;
#3129 = ORIENTED_EDGE ( 'NONE', *, *, #3982, .T. ) ;
#3130 = CARTESIAN_POINT ( 'NONE',  ( -20.35000000000000142, -10.20000000000000107, 0.000000000000000000 ) ) ;
#3131 = EDGE_LOOP ( 'NONE', ( #2975, #2308, #3614, #3207 ) ) ;
#3132 = EDGE_CURVE ( 'NONE', #2078, #3949, #3320, .T. ) ;
#3133 = VECTOR ( 'NONE', #3281, 1000.000000000000000 ) ;
#3134 = FACE_OUTER_BOUND ( 'NONE', #1639, .T. ) ;
#3135 = FACE_OUTER_BOUND ( 'NONE', #1171, .T. ) ;
#3136 = ORIENTED_EDGE ( 'NONE', *, *, #3494, .T. ) ;
#3137 = VECTOR ( 'NONE', #4040, 1000.000000000000000 ) ;
#3138 = CIRCLE ( 'NONE', #660, 1.099999999999999201 ) ;
#3139 = DIRECTION ( 'NONE',  ( 0.000000000000000000, -1.000000000000000000, 0.000000000000000000 ) ) ;
#3140 = CARTESIAN_POINT ( 'NONE',  ( -19.09999999999999787, -3.810000000000000053, 0.000000000000000000 ) ) ;
#3141 = DIRECTION ( 'NONE',  ( 0.000000000000000000, 0.000000000000000000, -1.000000000000000000 ) ) ;
#3142 = CARTESIAN_POINT ( 'NONE',  ( -17.49999999999999645, 3.810000000000000053, 0.000000000000000000 ) ) ;
#3143 = VECTOR ( 'NONE', #2035, 1000.000000000000000 ) ;
#3144 = ORIENTED_EDGE ( 'NONE', *, *, #2065, .F. ) ;
#3145 = DIRECTION ( 'NONE',  ( 6.344135470183149646E-16, 1.000000000000000000, 0.000000000000000000 ) ) ;
#3146 = CARTESIAN_POINT ( 'NONE',  ( -19.09999999999999787, 3.810000000000000053, -0.2000000000000000111 ) ) ;
#3147 = DIRECTION ( 'NONE',  ( 1.000000000000000000, -1.718954179110800024E-15, 0.000000000000000000 ) ) ;
#3148 = EDGE_LOOP ( 'NONE', ( #705, #3857, #1465, #672 ) ) ;
#3149 = VERTEX_POINT ( 'NONE', #2433 ) ;
#3150 = CARTESIAN_POINT ( 'NONE',  ( 18.59999999999999787, -1.270000000000000018, 0.000000000000000000 ) ) ;
#3151 = EDGE_CURVE ( 'NONE', #2778, #1746, #1565, .T. ) ;
#3152 = EDGE_LOOP ( 'NONE', ( #2596, #3136, #3833, #3901 ) ) ;
#3153 = DIRECTION ( 'NONE',  ( 0.000000000000000000, 0.000000000000000000, -1.000000000000000000 ) ) ;
#3154 = ADVANCED_FACE ( 'NONE', ( #3696 ), #3627, .F. ) ;
#3155 = CARTESIAN_POINT ( 'NONE',  ( 18.09999999999999787, -1.270000000000000018, -0.2000000000000000111 ) ) ;
#3156 = ORIENTED_EDGE ( 'NONE', *, *, #3386, .F. ) ;
#3157 = LINE ( 'NONE', #1884, #1179 ) ;
#3158 = LINE ( 'NONE', #666, #1740 ) ;
#3159 = DIRECTION ( 'NONE',  ( 0.000000000000000000, 0.000000000000000000, 1.000000000000000000 ) ) ;
#3160 = CARTESIAN_POINT ( 'NONE',  ( -20.35000000000000142, 6.400000000000000355, 0.000000000000000000 ) ) ;
#3161 = EDGE_LOOP ( 'NONE', ( #3456, #3008, #2377, #585 ) ) ;
#3162 = DIRECTION ( 'NONE',  ( 1.000000000000000000, 0.000000000000000000, 0.000000000000000000 ) ) ;
#3163 = CARTESIAN_POINT ( 'NONE',  ( -20.35000000000000142, -3.810000000000000053, 0.000000000000000000 ) ) ;
#3164 = PLANE ( 'NONE',  #113 ) ;
#3165 = ORIENTED_EDGE ( 'NONE', *, *, #1922, .T. ) ;
#3166 = CARTESIAN_POINT ( 'NONE',  ( -13.95000000000000107, -2.399999999999999911, 6.000000000000000000 ) ) ;
#3167 = ORIENTED_EDGE ( 'NONE', *, *, #1991, .T. ) ;
#3168 = DIRECTION ( 'NONE',  ( 9.251858538542973800E-15, -1.000000000000000000, 0.000000000000000000 ) ) ;
#3169 = CARTESIAN_POINT ( 'NONE',  ( -19.09999999999999787, -1.270000000000000018, 0.000000000000000000 ) ) ;
#3170 = ORIENTED_EDGE ( 'NONE', *, *, #3458, .T. ) ;
#3171 = ADVANCED_FACE ( 'NONE', ( #849 ), #1523, .F. ) ;
#3172 = CARTESIAN_POINT ( 'NONE',  ( 20.35000000000000142, 9.400000000000000355, 0.000000000000000000 ) ) ;
#3173 = CARTESIAN_POINT ( 'NONE',  ( 20.35000000000000142, -8.400000000000000355, -1.199999999999999956 ) ) ;
#3174 = VECTOR ( 'NONE', #1125, 1000.000000000000000 ) ;
#3175 = ORIENTED_EDGE ( 'NONE', *, *, #3555, .T. ) ;
#3176 = ADVANCED_FACE ( 'NONE', ( #1505 ), #2091, .F. ) ;
#3177 = VECTOR ( 'NONE', #1325, 1000.000000000000000 ) ;
#3178 = ORIENTED_EDGE ( 'NONE', *, *, #3975, .T. ) ;
#3179 = DIRECTION ( 'NONE',  ( 0.7071067811865469066, 0.7071067811865481278, 0.000000000000000000 ) ) ;
#3180 = DIRECTION ( 'NONE',  ( 0.000000000000000000, 0.000000000000000000, -1.000000000000000000 ) ) ;
#3181 = DIRECTION ( 'NONE',  ( 1.000000000000000000, 0.000000000000000000, 0.000000000000000000 ) ) ;
#3182 = VECTOR ( 'NONE', #1095, 1000.000000000000000 ) ;
#3183 = CIRCLE ( 'NONE', #1418, 0.5000000000000004441 ) ;
#3184 = EDGE_LOOP ( 'NONE', ( #2028, #2262, #2077, #3389 ) ) ;
#3185 = DIRECTION ( 'NONE',  ( 1.000000000000000000, 0.000000000000000000, 0.000000000000000000 ) ) ;
#3186 = ORIENTED_EDGE ( 'NONE', *, *, #1142, .F. ) ;
#3187 = AXIS2_PLACEMENT_3D ( 'NONE', #3613, #1163, #563 ) ;
#3188 = CIRCLE ( 'NONE', #774, 1.099999999999999201 ) ;
#3189 = DIRECTION ( 'NONE',  ( 0.000000000000000000, 0.000000000000000000, 1.000000000000000000 ) ) ;
#3190 = ORIENTED_EDGE ( 'NONE', *, *, #2033, .T. ) ;
#3191 = ADVANCED_FACE ( 'NONE', ( #887 ), #287, .T. ) ;
#3192 = VECTOR ( 'NONE', #2159, 1000.000000000000000 ) ;
#3193 = DIRECTION ( 'NONE',  ( 1.000000000000000000, 0.000000000000000000, 0.000000000000000000 ) ) ;
#3194 = VECTOR ( 'NONE', #801, 1000.000000000000000 ) ;
#3195 = FACE_OUTER_BOUND ( 'NONE', #778, .T. ) ;
#3196 = AXIS2_PLACEMENT_3D ( 'NONE', #596, #3464, #2840 ) ;
#3197 = ORIENTED_EDGE ( 'NONE', *, *, #2446, .F. ) ;
#3198 = CARTESIAN_POINT ( 'NONE',  ( -18.59999999999999787, -7.900000000000000355, 0.000000000000000000 ) ) ;
#3199 = CARTESIAN_POINT ( 'NONE',  ( -19.05825756949559846, 4.809999999999999609, -0.2000000000000000111 ) ) ;
#3200 = UNCERTAINTY_MEASURE_WITH_UNIT (LENGTH_MEASURE( 1.000000000000000082E-05 ), #2963, 'distance_accuracy_value', 'NONE');
#3201 = DIRECTION ( 'NONE',  ( 1.000000000000000000, 0.000000000000000000, 0.000000000000000000 ) ) ;
#3202 = FACE_OUTER_BOUND ( 'NONE', #1093, .T. ) ;
#3203 = EDGE_CURVE ( 'NONE', #2170, #2050, #3331, .T. ) ;
#3204 = AXIS2_PLACEMENT_3D ( 'NONE', #863, #174, #3667 ) ;
#3205 = ORIENTED_EDGE ( 'NONE', *, *, #2638, .T. ) ;
#3206 = DIRECTION ( 'NONE',  ( -7.173626715796965514E-07, -0.9999999999997427613, 0.000000000000000000 ) ) ;
#3207 = ORIENTED_EDGE ( 'NONE', *, *, #288, .F. ) ;
#3208 = CARTESIAN_POINT ( 'NONE',  ( -19.09999999999999787, 3.810000000000000053, -1.199999999999999956 ) ) ;
#3209 = CARTESIAN_POINT ( 'NONE',  ( -18.09999999999999787, 1.270000000000000018, -0.2000000000000000111 ) ) ;
#3210 = ORIENTED_EDGE ( 'NONE', *, *, #2165, .T. ) ;
#3211 = FACE_OUTER_BOUND ( 'NONE', #2313, .T. ) ;
#3212 = CARTESIAN_POINT ( 'NONE',  ( -20.35000000000000142, -9.050000000000000711, -0.2000000000000000111 ) ) ;
#3213 = ORIENTED_EDGE ( 'NONE', *, *, #2592, .T. ) ;
#3214 = CARTESIAN_POINT ( 'NONE',  ( 18.59999999999999787, -3.810000000000000053, 0.000000000000000000 ) ) ;
#3215 = EDGE_CURVE ( 'NONE', #1742, #2617, #203, .T. ) ;
#3216 = ORIENTED_EDGE ( 'NONE', *, *, #2690, .F. ) ;
#3217 = DIRECTION ( 'NONE',  ( 0.000000000000000000, 0.000000000000000000, -1.000000000000000000 ) ) ;
#3218 = LINE ( 'NONE', #2296, #2791 ) ;
#3219 = DIRECTION ( 'NONE',  ( 0.000000000000000000, 0.000000000000000000, -1.000000000000000000 ) ) ;
#3220 = ADVANCED_FACE ( 'NONE', ( #1829 ), #3984, .T. ) ;
#3221 = EDGE_CURVE ( 'NONE', #1896, #2833, #4004, .T. ) ;
#3222 = ORIENTED_EDGE ( 'NONE', *, *, #1762, .F. ) ;
#3223 = DIRECTION ( 'NONE',  ( -1.000000000000000000, -3.942553354492742052E-16, 0.000000000000000000 ) ) ;
#3224 = VERTEX_POINT ( 'NONE', #2752 ) ;
#3225 = EDGE_CURVE ( 'NONE', #3227, #497, #2110, .T. ) ;
#3226 = DIRECTION ( 'NONE',  ( 0.000000000000000000, 0.000000000000000000, -1.000000000000000000 ) ) ;
#3227 = VERTEX_POINT ( 'NONE', #3365 ) ;
#3228 = DIRECTION ( 'NONE',  ( 0.000000000000000000, 0.000000000000000000, -1.000000000000000000 ) ) ;
#3229 = CARTESIAN_POINT ( 'NONE',  ( -18.60000107604399844, 9.400000000000000355, -0.2000000000000000111 ) ) ;
#3230 = EDGE_LOOP ( 'NONE', ( #438, #2440, #2864, #738 ) ) ;
#3231 = VECTOR ( 'NONE', #3917, 1000.000000000000000 ) ;
#3232 = DIRECTION ( 'NONE',  ( -1.903239470785969963E-15, -1.000000000000000000, 0.000000000000000000 ) ) ;
#3233 = VERTEX_POINT ( 'NONE', #555 ) ;
#3234 = AXIS2_PLACEMENT_3D ( 'NONE', #3336, #569, #1143 ) ;
#3235 = LINE ( 'NONE', #1437, #3133 ) ;
#3236 = LINE ( 'NONE', #434, #2919 ) ;
#3237 = CARTESIAN_POINT ( 'NONE',  ( -20.35000000000000142, -7.400000000000000355, 0.000000000000000000 ) ) ;
#3238 = EDGE_CURVE ( 'NONE', #2833, #462, #1804, .T. ) ;
#3239 = STYLED_ITEM ( 'NONE', ( #3658 ), #1056 ) ;
#3240 = EDGE_CURVE ( 'NONE', #675, #3041, #37, .T. ) ;
#3241 = VERTEX_POINT ( 'NONE', #2499 ) ;
#3242 = DIRECTION ( 'NONE',  ( 0.000000000000000000, 0.000000000000000000, 1.000000000000000000 ) ) ;
#3243 = AXIS2_PLACEMENT_3D ( 'NONE', #3163, #293, #981 ) ;
#3244 = LINE ( 'NONE', #3169, #312 ) ;
#3245 = ORIENTED_EDGE ( 'NONE', *, *, #1571, .T. ) ;
#3246 = ADVANCED_FACE ( 'NONE', ( #2518 ), #640, .T. ) ;
#3247 = AXIS2_PLACEMENT_3D ( 'NONE', #740, #2561, #2928 ) ;
#3248 = CYLINDRICAL_SURFACE ( 'NONE', #559, 0.5000000000000004441 ) ;
#3249 = LINE ( 'NONE', #2946, #4059 ) ;
#3250 = AXIS2_PLACEMENT_3D ( 'NONE', #694, #2315, #3574 ) ;
#3251 = ORIENTED_EDGE ( 'NONE', *, *, #3601, .T. ) ;
#3252 = EDGE_CURVE ( 'NONE', #1882, #1003, #973, .T. ) ;
#3253 = VECTOR ( 'NONE', #1304, 1000.000000000000000 ) ;
#3254 = DIRECTION ( 'NONE',  ( 0.000000000000000000, 0.000000000000000000, -1.000000000000000000 ) ) ;
#3255 = CARTESIAN_POINT ( 'NONE',  ( 20.35000000000000142, -4.809999999999999609, 0.000000000000000000 ) ) ;
#3256 = VERTEX_POINT ( 'NONE', #699 ) ;
#3257 = AXIS2_PLACEMENT_3D ( 'NONE', #1640, #622, #3179 ) ;
#3258 = CARTESIAN_POINT ( 'NONE',  ( -19.09999999999999787, -1.270000000000000018, -1.199999999999999956 ) ) ;
#3259 = AXIS2_PLACEMENT_3D ( 'NONE', #339, #2526, #3162 ) ;
#3260 = ORIENTED_EDGE ( 'NONE', *, *, #495, .F. ) ;
#3261 = CARTESIAN_POINT ( 'NONE',  ( -1.750000000000000000, -1.899999999999999911, 0.000000000000000000 ) ) ;
#3262 = CARTESIAN_POINT ( 'NONE',  ( -13.95000000000000107, 10.20000000000000107, 6.000000000000000000 ) ) ;
#3263 = CYLINDRICAL_SURFACE ( 'NONE', #2144, 0.5000000000000004441 ) ;
#3264 = VECTOR ( 'NONE', #1780, 1000.000000000000000 ) ;
#3265 = VERTEX_POINT ( 'NONE', #3427 ) ;
#3266 = CIRCLE ( 'NONE', #1248, 1.499999999999999556 ) ;
#3267 = CARTESIAN_POINT ( 'NONE',  ( 20.35000000000000142, 10.20000000000000107, 0.000000000000000000 ) ) ;
#3268 = CARTESIAN_POINT ( 'NONE',  ( 20.35000000000000142, 3.810000000000000053, -0.2000000000000000111 ) ) ;
#3269 = ORIENTED_EDGE ( 'NONE', *, *, #2698, .F. ) ;
#3270 = VECTOR ( 'NONE', #1951, 1000.000000000000000 ) ;
#3271 = EDGE_CURVE ( 'NONE', #2429, #419, #1296, .T. ) ;
#3272 = LINE ( 'NONE', #3869, #891 ) ;
#3273 = DIRECTION ( 'NONE',  ( 0.000000000000000000, 0.000000000000000000, -1.000000000000000000 ) ) ;
#3274 = ORIENTED_EDGE ( 'NONE', *, *, #704, .T. ) ;
#3275 = EDGE_CURVE ( 'NONE', #2283, #2170, #848, .T. ) ;
#3276 = DIRECTION ( 'NONE',  ( 0.000000000000000000, 0.000000000000000000, -1.000000000000000000 ) ) ;
#3277 = CARTESIAN_POINT ( 'NONE',  ( -14.44999999999999929, -1.899999999999999911, 0.000000000000000000 ) ) ;
#3278 = ORIENTED_EDGE ( 'NONE', *, *, #2917, .T. ) ;
#3279 = DIRECTION ( 'NONE',  ( 1.000000000000000000, 0.000000000000000000, 0.000000000000000000 ) ) ;
#3280 = ORIENTED_EDGE ( 'NONE', *, *, #63, .F. ) ;
#3281 = DIRECTION ( 'NONE',  ( 0.000000000000000000, 0.000000000000000000, 1.000000000000000000 ) ) ;
#3282 = DIRECTION ( 'NONE',  ( 0.000000000000000000, 0.000000000000000000, -1.000000000000000000 ) ) ;
#3283 = DIRECTION ( 'NONE',  ( 0.000000000000000000, 0.000000000000000000, 1.000000000000000000 ) ) ;
#3284 = ORIENTED_EDGE ( 'NONE', *, *, #161, .F. ) ;
#3285 = DIRECTION ( 'NONE',  ( 1.000000000000000000, 0.000000000000000000, 0.000000000000000000 ) ) ;
#3286 = LINE ( 'NONE', #1594, #2663 ) ;
#3287 = ORIENTED_EDGE ( 'NONE', *, *, #1189, .T. ) ;
#3288 = ORIENTED_EDGE ( 'NONE', *, *, #108, .T. ) ;
#3289 = CARTESIAN_POINT ( 'NONE',  ( 20.35000000000000142, 0.2700000000000000178, -0.2000000000000000111 ) ) ;
#3290 = DIRECTION ( 'NONE',  ( -1.000000000000000000, -1.718954179110800024E-15, 0.000000000000000000 ) ) ;
#3291 = ORIENTED_EDGE ( 'NONE', *, *, #1451, .F. ) ;
#3292 = DIRECTION ( 'NONE',  ( 1.000000000000000000, 0.000000000000000000, 0.000000000000000000 ) ) ;
#3293 = DIRECTION ( 'NONE',  ( 0.000000000000000000, 0.000000000000000000, 1.000000000000000000 ) ) ;
#3294 = ORIENTED_EDGE ( 'NONE', *, *, #1627, .T. ) ;
#3295 = CARTESIAN_POINT ( 'NONE',  ( -20.35000000000000142, -0.2700000000000000178, -0.2000000000000000111 ) ) ;
#3296 = EDGE_CURVE ( 'NONE', #612, #2099, #1954, .T. ) ;
#3297 = PLANE ( 'NONE',  #384 ) ;
#3298 = LINE ( 'NONE', #3322, #698 ) ;
#3299 = LINE ( 'NONE', #1760, #647 ) ;
#3300 = EDGE_CURVE ( 'NONE', #1586, #43, #1905, .T. ) ;
#3301 = AXIS2_PLACEMENT_3D ( 'NONE', #3587, #3232, #2293 ) ;
#3302 = ORIENTED_EDGE ( 'NONE', *, *, #744, .T. ) ;
#3303 = FILL_AREA_STYLE ('',( #1120 ) ) ;
#3304 = DIRECTION ( 'NONE',  ( 0.000000000000000000, 0.000000000000000000, -1.000000000000000000 ) ) ;
#3305 = VECTOR ( 'NONE', #1343, 1000.000000000000000 ) ;
#3306 = ORIENTED_EDGE ( 'NONE', *, *, #2095, .T. ) ;
#3307 = ORIENTED_EDGE ( 'NONE', *, *, #549, .T. ) ;
#3308 = AXIS2_PLACEMENT_3D ( 'NONE', #3883, #1079, #3515 ) ;
#3309 = LINE ( 'NONE', #2120, #822 ) ;
#3310 = CARTESIAN_POINT ( 'NONE',  ( 20.35000000000000142, -10.20000000000000107, 0.000000000000000000 ) ) ;
#3311 = EDGE_LOOP ( 'NONE', ( #3794, #214, #3692, #942, #2750, #1574 ) ) ;
#3312 = CIRCLE ( 'NONE', #2263, 1.499999999999999556 ) ;
#3313 = AXIS2_PLACEMENT_3D ( 'NONE', #3545, #1675, #723 ) ;
#3314 = DIRECTION ( 'NONE',  ( -9.251858538542973800E-15, 1.000000000000000000, 0.000000000000000000 ) ) ;
#3315 = DIRECTION ( 'NONE',  ( -8.594770895554009979E-16, 1.000000000000000000, 0.000000000000000000 ) ) ;
#3316 = EDGE_CURVE ( 'NONE', #2653, #2839, #3157, .T. ) ;
#3317 = ADVANCED_FACE ( 'NONE', ( #2560 ), #3755, .T. ) ;
#3318 = EDGE_LOOP ( 'NONE', ( #762, #1077, #1633, #394 ) ) ;
#3319 = DIRECTION ( 'NONE',  ( 0.000000000000000000, 0.000000000000000000, -1.000000000000000000 ) ) ;
#3320 = LINE ( 'NONE', #1155, #3264 ) ;
#3321 = EDGE_CURVE ( 'NONE', #2248, #3149, #1942, .T. ) ;
#3322 = CARTESIAN_POINT ( 'NONE',  ( 20.35000000000000142, -10.20000000000000107, 0.000000000000000000 ) ) ;
#3323 = AXIS2_PLACEMENT_3D ( 'NONE', #3921, #3036, #1118 ) ;
#3324 = CARTESIAN_POINT ( 'NONE',  ( -20.35000000000000142, -10.20000000000000107, 0.000000000000000000 ) ) ;
#3325 = AXIS2_PLACEMENT_3D ( 'NONE', #893, #3962, #1834 ) ;
#3326 = ORIENTED_EDGE ( 'NONE', *, *, #1426, .T. ) ;
#3327 = CARTESIAN_POINT ( 'NONE',  ( 20.35000000000000142, -7.400000000000000355, -1.199999999999999956 ) ) ;
#3328 = EDGE_CURVE ( 'NONE', #1560, #1527, #1888, .T. ) ;
#3329 = LINE ( 'NONE', #478, #164 ) ;
#3330 = FACE_OUTER_BOUND ( 'NONE', #544, .T. ) ;
#3331 = CIRCLE ( 'NONE', #3918, 1.500000000000390799 ) ;
#3332 = VERTEX_POINT ( 'NONE', #3797 ) ;
#3333 = ORIENTED_EDGE ( 'NONE', *, *, #391, .T. ) ;
#3334 = AXIS2_PLACEMENT_3D ( 'NONE', #2015, #3273, #3849 ) ;
#3335 = VERTEX_POINT ( 'NONE', #334 ) ;
#3336 = CARTESIAN_POINT ( 'NONE',  ( 20.35000000000000142, 1.270000000000000018, -0.2000000000000000111 ) ) ;
#3337 = DIRECTION ( 'NONE',  ( 1.000000000000000000, 0.000000000000000000, 0.000000000000000000 ) ) ;
#3338 = ORIENTED_EDGE ( 'NONE', *, *, #720, .F. ) ;
#3339 = CARTESIAN_POINT ( 'NONE',  ( -18.59999999999999787, -1.270000000000000018, 0.000000000000000000 ) ) ;
#3340 = FACE_OUTER_BOUND ( 'NONE', #2162, .T. ) ;
#3341 = ORIENTED_EDGE ( 'NONE', *, *, #1399, .T. ) ;
#3342 = CARTESIAN_POINT ( 'NONE',  ( -20.35000000000000142, 8.400000000000000355, -0.2000000000000000111 ) ) ;
#3343 = DIRECTION ( 'NONE',  ( 0.000000000000000000, 1.000000000000000000, 0.000000000000000000 ) ) ;
#3344 = CARTESIAN_POINT ( 'NONE',  ( -18.09999999999999787, 3.810000000000000053, -0.2000000000000000111 ) ) ;
#3345 = DIRECTION ( 'NONE',  ( 0.000000000000000000, 1.000000000000000000, 0.000000000000000000 ) ) ;
#3346 = EDGE_CURVE ( 'NONE', #1751, #3936, #993, .T. ) ;
#3347 = ORIENTED_EDGE ( 'NONE', *, *, #2639, .T. ) ;
#3348 = CARTESIAN_POINT ( 'NONE',  ( 19.09999999999999787, -3.810000000000000053, -1.199999999999999956 ) ) ;
#3349 = DIRECTION ( 'NONE',  ( 0.000000000000000000, 0.000000000000000000, -1.000000000000000000 ) ) ;
#3350 = DIRECTION ( 'NONE',  ( 0.000000000000000000, 0.000000000000000000, -1.000000000000000000 ) ) ;
#3351 = DIRECTION ( 'NONE',  ( 1.000000000000000000, 0.000000000000000000, 0.000000000000000000 ) ) ;
#3352 = ADVANCED_FACE ( 'NONE', ( #617 ), #935, .T. ) ;
#3353 = EDGE_LOOP ( 'NONE', ( #2700, #1365, #3407, #3287 ) ) ;
#3354 = ADVANCED_FACE ( 'NONE', ( #1275 ), #3116, .F. ) ;
#3355 = ORIENTED_EDGE ( 'NONE', *, *, #2571, .F. ) ;
#3356 = CARTESIAN_POINT ( 'NONE',  ( -20.35000000000000142, 1.770000000000000018, 0.000000000000000000 ) ) ;
#3357 = CARTESIAN_POINT ( 'NONE',  ( -18.09999999999999787, -1.270000000000000018, 0.000000000000000000 ) ) ;
#3358 = ORIENTED_EDGE ( 'NONE', *, *, #1426, .F. ) ;
#3359 = EDGE_CURVE ( 'NONE', #3224, #2746, #3791, .T. ) ;
#3360 = VERTEX_POINT ( 'NONE', #1087 ) ;
#3361 = CARTESIAN_POINT ( 'NONE',  ( 20.35000000000000142, 7.400000000000000355, -1.199999999999999956 ) ) ;
#3362 = CARTESIAN_POINT ( 'NONE',  ( -20.35000000000000142, -7.400000000000000355, -0.2000000000000000111 ) ) ;
#3363 = ORIENTED_EDGE ( 'NONE', *, *, #1028, .T. ) ;
#3364 = CARTESIAN_POINT ( 'NONE',  ( -17.49999999999999645, -1.270000000000000018, 0.000000000000000000 ) ) ;
#3365 = CARTESIAN_POINT ( 'NONE',  ( 17.49999999999999645, -3.810000000000000497, 0.000000000000000000 ) ) ;
#3366 = LINE ( 'NONE', #2685, #2530 ) ;
#3367 = DIRECTION ( 'NONE',  ( 0.7071067811865469066, 0.7071067811865481278, 0.000000000000000000 ) ) ;
#3368 = VERTEX_POINT ( 'NONE', #153 ) ;
#3369 = CARTESIAN_POINT ( 'NONE',  ( -1.396446609406726047, -2.253553390593273420, 6.000000000000000000 ) ) ;
#3370 = CARTESIAN_POINT ( 'NONE',  ( 20.35000000000000142, -3.310000000000000053, -1.199999999999999956 ) ) ;
#3371 = DIRECTION ( 'NONE',  ( -1.000000000000000000, 1.074346361944249916E-15, 0.000000000000000000 ) ) ;
#3372 = ADVANCED_FACE ( 'NONE', ( #3583 ), #118, .F. ) ;
#3373 = EDGE_CURVE ( 'NONE', #2421, #1140, #1111, .T. ) ;
#3374 = CARTESIAN_POINT ( 'NONE',  ( 19.05825756949559846, -2.810000000000000053, 0.000000000000000000 ) ) ;
#3375 = VECTOR ( 'NONE', #1813, 1000.000000000000000 ) ;
#3376 = VERTEX_POINT ( 'NONE', #1409 ) ;
#3377 = ORIENTED_EDGE ( 'NONE', *, *, #2441, .T. ) ;
#3378 = LINE ( 'NONE', #3069, #3044 ) ;
#3379 = CIRCLE ( 'NONE', #2652, 1.099999999999999423 ) ;
#3380 = LINE ( 'NONE', #3070, #3077 ) ;
#3381 = ADVANCED_FACE ( 'NONE', ( #2659 ), #1330, .F. ) ;
#3382 = VERTEX_POINT ( 'NONE', #1391 ) ;
#3383 = AXIS2_PLACEMENT_3D ( 'NONE', #4011, #3632, #1421 ) ;
#3384 = ORIENTED_EDGE ( 'NONE', *, *, #2804, .T. ) ;
#3385 = LINE ( 'NONE', #1215, #1366 ) ;
#3386 = EDGE_CURVE ( 'NONE', #98, #1295, #917, .T. ) ;
#3387 = DIRECTION ( 'NONE',  ( 0.000000000000000000, -1.000000000000000000, 0.000000000000000000 ) ) ;
#3388 = CIRCLE ( 'NONE', #1350, 1.500000000000390799 ) ;
#3389 = ORIENTED_EDGE ( 'NONE', *, *, #2244, .F. ) ;
#3390 = VECTOR ( 'NONE', #2236, 1000.000000000000000 ) ;
#3391 = FACE_BOUND ( 'NONE', #1484, .T. ) ;
#3392 = LINE ( 'NONE', #2215, #3779 ) ;
#3393 = CARTESIAN_POINT ( 'NONE',  ( -14.44999999999999929, 10.20000000000000107, 6.000000000000000000 ) ) ;
#3394 = VECTOR ( 'NONE', #3926, 1000.000000000000000 ) ;
#3395 = CIRCLE ( 'NONE', #710, 0.4999999999999996114 ) ;
#3396 = ORIENTED_EDGE ( 'NONE', *, *, #2880, .F. ) ;
#3397 = CARTESIAN_POINT ( 'NONE',  ( -20.35000000000000142, -10.20000000000000107, -1.199999999999999956 ) ) ;
#3398 = DIRECTION ( 'NONE',  ( 0.000000000000000000, 0.000000000000000000, -1.000000000000000000 ) ) ;
#3399 = DIRECTION ( 'NONE',  ( 0.000000000000000000, 0.000000000000000000, 1.000000000000000000 ) ) ;
#3400 = AXIS2_PLACEMENT_3D ( 'NONE', #1851, #2114, #2136 ) ;
#3401 = EDGE_LOOP ( 'NONE', ( #2573, #2187, #861, #1442 ) ) ;
#3402 = ORIENTED_EDGE ( 'NONE', *, *, #3238, .T. ) ;
#3403 = DIRECTION ( 'NONE',  ( 0.000000000000000000, 0.000000000000000000, -1.000000000000000000 ) ) ;
#3404 = ORIENTED_EDGE ( 'NONE', *, *, #3373, .F. ) ;
#3405 = VECTOR ( 'NONE', #1237, 1000.000000000000000 ) ;
#3406 = EDGE_CURVE ( 'NONE', #815, #3443, #53, .T. ) ;
#3407 = ORIENTED_EDGE ( 'NONE', *, *, #3809, .T. ) ;
#3408 = FACE_BOUND ( 'NONE', #3491, .T. ) ;
#3409 = FACE_BOUND ( 'NONE', #1843, .T. ) ;
#3410 = ORIENTED_EDGE ( 'NONE', *, *, #704, .F. ) ;
#3411 = ADVANCED_FACE ( 'NONE', ( #447 ), #1695, .F. ) ;
#3412 = FACE_BOUND ( 'NONE', #2577, .T. ) ;
#3413 = DIRECTION ( 'NONE',  ( 0.000000000000000000, 0.000000000000000000, 1.000000000000000000 ) ) ;
#3414 = ORIENTED_EDGE ( 'NONE', *, *, #420, .T. ) ;
#3415 = CARTESIAN_POINT ( 'NONE',  ( 20.35000000000000142, 1.770000000000000018, 0.000000000000000000 ) ) ;
#3416 = LINE ( 'NONE', #3086, #36 ) ;
#3417 = DIRECTION ( 'NONE',  ( 1.000000000000000000, 0.000000000000000000, 0.000000000000000000 ) ) ;
#3418 = VERTEX_POINT ( 'NONE', #2349 ) ;
#3419 = EDGE_LOOP ( 'NONE', ( #1774, #3990, #1184, #1826 ) ) ;
#3420 = CARTESIAN_POINT ( 'NONE',  ( -18.59999999999999787, -3.810000000000000053, -0.2000000000000000111 ) ) ;
#3421 = EDGE_LOOP ( 'NONE', ( #892, #1119, #2792, #1632 ) ) ;
#3422 = ORIENTED_EDGE ( 'NONE', *, *, #3950, .F. ) ;
#3423 = DIRECTION ( 'NONE',  ( 1.000000000000000000, 0.000000000000000000, 0.000000000000000000 ) ) ;
#3424 = CARTESIAN_POINT ( 'NONE',  ( 20.35000000000000142, -2.810000000000000053, 0.000000000000000000 ) ) ;
#3425 = VERTEX_POINT ( 'NONE', #2619 ) ;
#3426 = EDGE_CURVE ( 'NONE', #3505, #1711, #739, .T. ) ;
#3427 = CARTESIAN_POINT ( 'NONE',  ( -18.59999999999999787, 6.400000000000000355, -0.2000000000000000111 ) ) ;
#3428 = CARTESIAN_POINT ( 'NONE',  ( -20.35000000000000142, -1.270000000000000018, -1.199999999999999956 ) ) ;
#3429 = CARTESIAN_POINT ( 'NONE',  ( -1.750000000000000000, -1.899999999999999911, 6.000000000000000000 ) ) ;
#3430 = EDGE_CURVE ( 'NONE', #1377, #124, #1674, .T. ) ;
#3431 = ORIENTED_EDGE ( 'NONE', *, *, #3846, .T. ) ;
#3432 = CARTESIAN_POINT ( 'NONE',  ( 18.60000107604399844, 9.400000000000000355, 0.000000000000000000 ) ) ;
#3433 = DIRECTION ( 'NONE',  ( 0.000000000000000000, 0.000000000000000000, -1.000000000000000000 ) ) ;
#3434 = DIRECTION ( 'NONE',  ( 1.718954179110800024E-15, 1.000000000000000000, 0.000000000000000000 ) ) ;
#3435 = EDGE_CURVE ( 'NONE', #1450, #3332, #781, .T. ) ;
#3436 = ORIENTED_EDGE ( 'NONE', *, *, #2347, .F. ) ;
#3437 = ORIENTED_EDGE ( 'NONE', *, *, #1972, .F. ) ;
#3438 = CARTESIAN_POINT ( 'NONE',  ( 20.35000000000000142, 3.810000000000000053, -1.199999999999999956 ) ) ;
#3439 = VECTOR ( 'NONE', #2117, 1000.000000000000000 ) ;
#3440 = ORIENTED_EDGE ( 'NONE', *, *, #2599, .T. ) ;
#3441 = FACE_OUTER_BOUND ( 'NONE', #2478, .T. ) ;
#3442 = DIRECTION ( 'NONE',  ( 1.000000000000000000, 0.000000000000000000, 0.000000000000000000 ) ) ;
#3443 = VERTEX_POINT ( 'NONE', #2039 ) ;
#3444 = AXIS2_PLACEMENT_3D ( 'NONE', #3963, #2072, #1744 ) ;
#3445 = PRODUCT_RELATED_PRODUCT_CATEGORY ( 'part', '', ( #3029 ) ) ;
#3446 = EDGE_CURVE ( 'NONE', #201, #3688, #389, .T. ) ;
#3447 = CARTESIAN_POINT ( 'NONE',  ( -1.750000000000000000, -1.899999999999999911, 0.000000000000000000 ) ) ;
#3448 = FACE_OUTER_BOUND ( 'NONE', #3562, .T. ) ;
#3449 = DIRECTION ( 'NONE',  ( 0.000000000000000000, 0.000000000000000000, -1.000000000000000000 ) ) ;
#3450 = AXIS2_PLACEMENT_3D ( 'NONE', #730, #102, #67 ) ;
#3451 = EDGE_CURVE ( 'NONE', #3425, #3585, #1634, .T. ) ;
#3452 = EDGE_LOOP ( 'NONE', ( #877, #932 ) ) ;
#3453 = CARTESIAN_POINT ( 'NONE',  ( -20.35000000000000142, -3.310000000000000053, 0.000000000000000000 ) ) ;
#3454 = VECTOR ( 'NONE', #2790, 1000.000000000000000 ) ;
#3455 = CARTESIAN_POINT ( 'NONE',  ( 19.05825756949559846, -4.809999999999999609, 0.000000000000000000 ) ) ;
#3456 = ORIENTED_EDGE ( 'NONE', *, *, #2092, .T. ) ;
#3457 = VECTOR ( 'NONE', #968, 1000.000000000000000 ) ;
#3458 = EDGE_CURVE ( 'NONE', #2851, #1652, #2270, .T. ) ;
#3459 = ORIENTED_EDGE ( 'NONE', *, *, #3435, .F. ) ;
#3460 = PLANE ( 'NONE',  #1667 ) ;
#3461 = AXIS2_PLACEMENT_3D ( 'NONE', #103, #1360, #3839 ) ;
#3462 = ORIENTED_EDGE ( 'NONE', *, *, #3530, .T. ) ;
#3463 = VECTOR ( 'NONE', #1298, 1000.000000000000000 ) ;
#3464 = DIRECTION ( 'NONE',  ( 0.000000000000000000, 0.000000000000000000, 1.000000000000000000 ) ) ;
#3465 = LINE ( 'NONE', #2977, #972 ) ;
#3466 = VERTEX_POINT ( 'NONE', #1962 ) ;
#3467 = CIRCLE ( 'NONE', #1305, 1.099999999999999423 ) ;
#3468 = AXIS2_PLACEMENT_3D ( 'NONE', #530, #3030, #3671 ) ;
#3469 = DIRECTION ( 'NONE',  ( 0.000000000000000000, 0.000000000000000000, -1.000000000000000000 ) ) ;
#3470 = LINE ( 'NONE', #3140, #4037 ) ;
#3471 = LINE ( 'NONE', #1908, #1405 ) ;
#3472 = VERTEX_POINT ( 'NONE', #1050 ) ;
#3473 = CARTESIAN_POINT ( 'NONE',  ( -20.35000000000000142, 0.2700000000000000178, -0.2000000000000000111 ) ) ;
#3474 = CARTESIAN_POINT ( 'NONE',  ( 19.09999999999999787, -1.270000000000000018, 0.000000000000000000 ) ) ;
#3475 = FACE_OUTER_BOUND ( 'NONE', #100, .T. ) ;
#3476 = ADVANCED_FACE ( 'NONE', ( #3211 ), #406, .F. ) ;
#3477 = VERTEX_POINT ( 'NONE', #3544 ) ;
#3478 = CARTESIAN_POINT ( 'NONE',  ( -13.95000000000000107, 9.700000000000001066, 0.000000000000000000 ) ) ;
#3479 = ORIENTED_EDGE ( 'NONE', *, *, #1947, .T. ) ;
#3480 = DIRECTION ( 'NONE',  ( 0.000000000000000000, 0.000000000000000000, -1.000000000000000000 ) ) ;
#3481 = CYLINDRICAL_SURFACE ( 'NONE', #2329, 1.100000000000000311 ) ;
#3482 = ORIENTED_EDGE ( 'NONE', *, *, #1916, .F. ) ;
#3483 = EDGE_CURVE ( 'NONE', #1384, #2104, #1628, .T. ) ;
#3484 = DIRECTION ( 'NONE',  ( 0.000000000000000000, 0.000000000000000000, -1.000000000000000000 ) ) ;
#3485 = DIRECTION ( 'NONE',  ( -0.7071067811865455743, -0.7071067811865494601, 0.000000000000000000 ) ) ;
#3486 = VERTEX_POINT ( 'NONE', #1067 ) ;
#3487 = CYLINDRICAL_SURFACE ( 'NONE', #3040, 1.100000000000000311 ) ;
#3488 = ORIENTED_EDGE ( 'NONE', *, *, #630, .T. ) ;
#3489 = CARTESIAN_POINT ( 'NONE',  ( 20.35000000000000142, 8.400000000000000355, -1.199999999999999956 ) ) ;
#3490 = DIRECTION ( 'NONE',  ( 0.000000000000000000, 0.000000000000000000, -1.000000000000000000 ) ) ;
#3491 = EDGE_LOOP ( 'NONE', ( #2635, #3107 ) ) ;
#3492 = CARTESIAN_POINT ( 'NONE',  ( 20.35000000000000142, 6.400000000000000355, 0.000000000000000000 ) ) ;
#3493 = EDGE_CURVE ( 'NONE', #3842, #2602, #2926, .T. ) ;
#3494 = EDGE_CURVE ( 'NONE', #3656, #1556, #1824, .T. ) ;
#3495 = EDGE_LOOP ( 'NONE', ( #3721, #2744 ) ) ;
#3496 = EDGE_CURVE ( 'NONE', #1347, #620, #884, .T. ) ;
#3497 = DIRECTION ( 'NONE',  ( -0.4165977904505300256, -0.9090909090909095047, 0.000000000000000000 ) ) ;
#3498 = CARTESIAN_POINT ( 'NONE',  ( -17.49999999999999645, -1.270000000000000018, 0.000000000000000000 ) ) ;
#3499 = VERTEX_POINT ( 'NONE', #2386 ) ;
#3500 = AXIS2_PLACEMENT_3D ( 'NONE', #1779, #533, #3674 ) ;
#3501 = EDGE_CURVE ( 'NONE', #3670, #819, #3385, .T. ) ;
#3502 = DIRECTION ( 'NONE',  ( 1.000000000000000000, 0.000000000000000000, 0.000000000000000000 ) ) ;
#3503 = CYLINDRICAL_SURFACE ( 'NONE', #240, 0.4999999999999996114 ) ;
#3504 = CIRCLE ( 'NONE', #1728, 0.4999999999999995559 ) ;
#3505 = VERTEX_POINT ( 'NONE', #576 ) ;
#3506 = DIRECTION ( 'NONE',  ( 1.000000000000000000, 0.000000000000000000, 0.000000000000000000 ) ) ;
#3507 = AXIS2_PLACEMENT_3D ( 'NONE', #1552, #3729, #2838 ) ;
#3508 = VERTEX_POINT ( 'NONE', #3361 ) ;
#3509 = DIRECTION ( 'NONE',  ( 0.000000000000000000, 1.000000000000000000, 0.000000000000000000 ) ) ;
#3510 = FACE_OUTER_BOUND ( 'NONE', #411, .T. ) ;
#3511 = CARTESIAN_POINT ( 'NONE',  ( -18.59999999999999787, -1.270000000000000018, 0.000000000000000000 ) ) ;
#3512 = DIRECTION ( 'NONE',  ( 1.000000000000000000, -1.903239470785969963E-15, 0.000000000000000000 ) ) ;
#3513 = AXIS2_PLACEMENT_3D ( 'NONE', #2332, #888, #3081 ) ;
#3514 = VERTEX_POINT ( 'NONE', #1148 ) ;
#3515 = DIRECTION ( 'NONE',  ( 1.000000000000000000, 6.344135470183149646E-16, 0.000000000000000000 ) ) ;
#3516 = ORIENTED_EDGE ( 'NONE', *, *, #2592, .F. ) ;
#3517 = VECTOR ( 'NONE', #3350, 1000.000000000000000 ) ;
#3518 = VECTOR ( 'NONE', #2435, 1000.000000000000000 ) ;
#3519 = CARTESIAN_POINT ( 'NONE',  ( -18.59999999999999787, 7.900000000000000355, 0.000000000000000000 ) ) ;
#3520 = CARTESIAN_POINT ( 'NONE',  ( 18.60000107604399844, -9.400000000000000355, 0.000000000000000000 ) ) ;
#3521 = ORIENTED_EDGE ( 'NONE', *, *, #374, .F. ) ;
#3522 = EDGE_CURVE ( 'NONE', #4053, #3418, #1372, .T. ) ;
#3523 = VECTOR ( 'NONE', #1809, 1000.000000000000000 ) ;
#3524 = DIRECTION ( 'NONE',  ( 0.000000000000000000, 1.000000000000000000, 0.000000000000000000 ) ) ;
#3525 = CARTESIAN_POINT ( 'NONE',  ( -20.35000000000000142, 4.309999999999999609, -1.199999999999999956 ) ) ;
#3526 = VECTOR ( 'NONE', #3560, 1000.000000000000000 ) ;
#3527 = ORIENTED_EDGE ( 'NONE', *, *, #630, .F. ) ;
#3528 = DIRECTION ( 'NONE',  ( 0.000000000000000000, 0.000000000000000000, 1.000000000000000000 ) ) ;
#3529 = ADVANCED_FACE ( 'NONE', ( #3951 ), #3978, .F. ) ;
#3530 = EDGE_CURVE ( 'NONE', #3227, #3514, #719, .T. ) ;
#3531 = STYLED_ITEM ( 'NONE', ( #3541 ), #3761 ) ;
#3532 = EDGE_LOOP ( 'NONE', ( #1332, #171, #1290, #4060, #4003, #2484, #2259, #1412, #3731, #3980, #1423, #3333, #1310, #32, #3326, #1090, #307, #943, #74, #402, #3602, #1808, #1980, #3835, #451, #2669, #2824, #2586 ) ) ;
#3533 = CARTESIAN_POINT ( 'NONE',  ( 18.59999999999999787, -3.810000000000000053, -0.2000000000000000111 ) ) ;
#3534 = PRODUCT_DEFINITION_CONTEXT ( 'detailed design', #23, 'design' ) ;
#3535 = PLANE ( 'NONE',  #1162 ) ;
#3536 = DIRECTION ( 'NONE',  ( 0.000000000000000000, 1.000000000000000000, 0.000000000000000000 ) ) ;
#3537 = ORIENTED_EDGE ( 'NONE', *, *, #488, .F. ) ;
#3538 = DIRECTION ( 'NONE',  ( 0.000000000000000000, 0.000000000000000000, 1.000000000000000000 ) ) ;
#3539 = ORIENTED_EDGE ( 'NONE', *, *, #3102, .F. ) ;
#3540 = DIRECTION ( 'NONE',  ( 0.000000000000000000, -1.000000000000000000, 0.000000000000000000 ) ) ;
#3541 = PRESENTATION_STYLE_ASSIGNMENT (( #3579 ) ) ;
#3542 = EDGE_LOOP ( 'NONE', ( #3802, #3821, #3024, #2780 ) ) ;
#3543 = ORIENTED_EDGE ( 'NONE', *, *, #473, .F. ) ;
#3544 = CARTESIAN_POINT ( 'NONE',  ( 17.49999999999999645, 3.809999999999999609, 0.000000000000000000 ) ) ;
#3545 = CARTESIAN_POINT ( 'NONE',  ( 20.35000000000000142, 1.270000000000000018, -1.199999999999999956 ) ) ;
#3546 = EDGE_CURVE ( 'NONE', #1791, #2374, #3796, .T. ) ;
#3547 = EDGE_LOOP ( 'NONE', ( #4028, #1329, #3377, #206 ) ) ;
#3548 = PLANE ( 'NONE',  #227 ) ;
#3549 = ORIENTED_EDGE ( 'NONE', *, *, #1019, .F. ) ;
#3550 = CARTESIAN_POINT ( 'NONE',  ( 20.35000000000000142, -6.400000000000000355, -0.2000000000000000111 ) ) ;
#3551 = EDGE_CURVE ( 'NONE', #3360, #2782, #4018, .T. ) ;
#3552 = LINE ( 'NONE', #1700, #3713 ) ;
#3553 = CARTESIAN_POINT ( 'NONE',  ( -14.30355339059327235, -2.253553390593274752, 6.000000000000000000 ) ) ;
#3554 = ORIENTED_EDGE ( 'NONE', *, *, #2769, .T. ) ;
#3555 = EDGE_CURVE ( 'NONE', #3966, #3084, #922, .T. ) ;
#3556 = DIRECTION ( 'NONE',  ( 1.000000000000000000, 0.000000000000000000, 0.000000000000000000 ) ) ;
#3557 = ORIENTED_EDGE ( 'NONE', *, *, #290, .F. ) ;
#3558 = CARTESIAN_POINT ( 'NONE',  ( 17.49999999999999645, -3.810000000000000497, -0.2000000000000000111 ) ) ;
#3559 = VERTEX_POINT ( 'NONE', #3009 ) ;
#3560 = DIRECTION ( 'NONE',  ( 0.000000000000000000, 0.000000000000000000, 1.000000000000000000 ) ) ;
#3561 = LINE ( 'NONE', #1923, #1673 ) ;
#3562 = EDGE_LOOP ( 'NONE', ( #3681, #315, #2964, #2272 ) ) ;
#3563 = VECTOR ( 'NONE', #1333, 1000.000000000000000 ) ;
#3564 = DIRECTION ( 'NONE',  ( 0.000000000000000000, 0.000000000000000000, -1.000000000000000000 ) ) ;
#3565 = EDGE_LOOP ( 'NONE', ( #4034, #2720, #70, #787 ) ) ;
#3566 = VECTOR ( 'NONE', #2677, 1000.000000000000000 ) ;
#3567 = CARTESIAN_POINT ( 'NONE',  ( 20.35000000000000142, 2.810000000000000053, 0.000000000000000000 ) ) ;
#3568 = FACE_OUTER_BOUND ( 'NONE', #3704, .T. ) ;
#3569 = DIRECTION ( 'NONE',  ( 0.000000000000000000, 0.000000000000000000, 1.000000000000000000 ) ) ;
#3570 = CIRCLE ( 'NONE', #1732, 1.099999999999999201 ) ;
#3571 = EDGE_CURVE ( 'NONE', #3335, #3074, #1520, .T. ) ;
#3572 = EDGE_LOOP ( 'NONE', ( #2012, #1498, #2230, #2105, #282, #682 ) ) ;
#3573 = DIRECTION ( 'NONE',  ( 0.000000000000000000, 0.000000000000000000, 1.000000000000000000 ) ) ;
#3574 = DIRECTION ( 'NONE',  ( 1.000000000000000000, 1.718954179110800024E-15, 0.000000000000000000 ) ) ;
#3575 = ORIENTED_EDGE ( 'NONE', *, *, #2060, .F. ) ;
#3576 = ADVANCED_FACE ( 'NONE', ( #2766 ), #2449, .F. ) ;
#3577 = AXIS2_PLACEMENT_3D ( 'NONE', #2950, #2021, #818 ) ;
#3578 = DIRECTION ( 'NONE',  ( 0.000000000000000000, 0.000000000000000000, 1.000000000000000000 ) ) ;
#3579 = SURFACE_STYLE_USAGE ( .BOTH. , #2616 ) ;
#3580 = AXIS2_PLACEMENT_3D ( 'NONE', #1462, #3304, #500 ) ;
#3581 = ORIENTED_EDGE ( 'NONE', *, *, #1867, .T. ) ;
#3582 = AXIS2_PLACEMENT_3D ( 'NONE', #186, #1806, #3367 ) ;
#3583 = FACE_OUTER_BOUND ( 'NONE', #1209, .T. ) ;
#3584 = LINE ( 'NONE', #3277, #1097 ) ;
#3585 = VERTEX_POINT ( 'NONE', #1729 ) ;
#3586 = AXIS2_PLACEMENT_3D ( 'NONE', #2399, #855, #2097 ) ;
#3587 = CARTESIAN_POINT ( 'NONE',  ( 20.35000000000000142, 6.400000000000000355, 0.000000000000000000 ) ) ;
#3588 = AXIS2_PLACEMENT_3D ( 'NONE', #1758, #2371, #3013 ) ;
#3589 = ORIENTED_EDGE ( 'NONE', *, *, #3300, .F. ) ;
#3590 = CARTESIAN_POINT ( 'NONE',  ( -20.35000000000000142, -10.20000000000000107, 0.000000000000000000 ) ) ;
#3591 = DIRECTION ( 'NONE',  ( 0.000000000000000000, 1.000000000000000000, 0.000000000000000000 ) ) ;
#3592 = CARTESIAN_POINT ( 'NONE',  ( -18.59999999999999787, 3.810000000000000053, -0.2000000000000000111 ) ) ;
#3593 = MECHANICAL_DESIGN_GEOMETRIC_PRESENTATION_REPRESENTATION (  '', ( #3531 ), #1755 ) ;
#3594 = VERTEX_POINT ( 'NONE', #1753 ) ;
#3595 = VECTOR ( 'NONE', #2983, 1000.000000000000000 ) ;
#3596 = LINE ( 'NONE', #460, #827 ) ;
#3597 = DIRECTION ( 'NONE',  ( 1.000000000000000000, 0.000000000000000000, 0.000000000000000000 ) ) ;
#3598 = ORIENTED_EDGE ( 'NONE', *, *, #2623, .T. ) ;
#3599 = DIRECTION ( 'NONE',  ( 0.4165977904505299700, 0.9090909090909096157, 0.000000000000000000 ) ) ;
#3600 = CARTESIAN_POINT ( 'NONE',  ( -20.35000000000000142, 3.310000000000000053, -0.2000000000000000111 ) ) ;
#3601 = EDGE_CURVE ( 'NONE', #3425, #2078, #2411, .T. ) ;
#3602 = ORIENTED_EDGE ( 'NONE', *, *, #2849, .T. ) ;
#3603 = CARTESIAN_POINT ( 'NONE',  ( 20.35000000000000142, -10.20000000000000107, -1.199999999999999956 ) ) ;
#3604 = EDGE_CURVE ( 'NONE', #198, #2896, #2480, .T. ) ;
#3605 = DIRECTION ( 'NONE',  ( 1.000000000000000000, 8.594770895554009979E-16, 0.000000000000000000 ) ) ;
#3606 = ORIENTED_EDGE ( 'NONE', *, *, #92, .F. ) ;
#3607 = CARTESIAN_POINT ( 'NONE',  ( -18.09999999999999787, 1.270000000000000018, -1.199999999999999956 ) ) ;
#3608 = DIRECTION ( 'NONE',  ( 0.7071067811865480168, -0.7071067811865472397, 0.000000000000000000 ) ) ;
#3609 = DIRECTION ( 'NONE',  ( 1.000000000000000000, 0.000000000000000000, 0.000000000000000000 ) ) ;
#3610 = CARTESIAN_POINT ( 'NONE',  ( -20.35000000000000142, 6.400000000000000355, -0.2000000000000000111 ) ) ;
#3611 = ORIENTED_EDGE ( 'NONE', *, *, #2997, .F. ) ;
#3612 = LINE ( 'NONE', #1187, #1479 ) ;
#3613 = CARTESIAN_POINT ( 'NONE',  ( 20.35000000000000142, -3.810000000000000053, -0.2000000000000000111 ) ) ;
#3614 = ORIENTED_EDGE ( 'NONE', *, *, #2226, .T. ) ;
#3615 = VERTEX_POINT ( 'NONE', #551 ) ;
#3616 = EDGE_CURVE ( 'NONE', #1527, #1556, #589, .T. ) ;
#3617 = ADVANCED_FACE ( 'NONE', ( #509 ), #1174, .T. ) ;
#3618 = CARTESIAN_POINT ( 'NONE',  ( 18.59999999999999787, -3.810000000000000053, -0.2000000000000000111 ) ) ;
#3619 = FACE_OUTER_BOUND ( 'NONE', #2404, .T. ) ;
#3620 = ORIENTED_EDGE ( 'NONE', *, *, #1105, .F. ) ;
#3621 = EDGE_CURVE ( 'NONE', #1164, #758, #1499, .T. ) ;
#3622 = CARTESIAN_POINT ( 'NONE',  ( -20.35000000000000142, 10.20000000000000107, 0.000000000000000000 ) ) ;
#3623 = CARTESIAN_POINT ( 'NONE',  ( 18.59999999999999787, -1.270000000000000018, -0.2000000000000000111 ) ) ;
#3624 = EDGE_LOOP ( 'NONE', ( #2228, #1858, #2630, #2819, #1114, #362, #194, #1103 ) ) ;
#3625 = CARTESIAN_POINT ( 'NONE',  ( 20.35000000000000142, -10.20000000000000107, 0.000000000000000000 ) ) ;
#3626 = EDGE_CURVE ( 'NONE', #3972, #566, #2018, .T. ) ;
#3627 = CYLINDRICAL_SURFACE ( 'NONE', #1689, 0.5000000000000000000 ) ;
#3628 = LINE ( 'NONE', #2971, #1483 ) ;
#3629 = CLOSED_SHELL ( 'NONE', ( #3073, #3048, #2197, #2198, #1379, #2873, #1731, #2361, #2719, #3317, #3758, #768, #1644, #3617 ) ) ;
#3630 = DIRECTION ( 'NONE',  ( 0.000000000000000000, 0.000000000000000000, -1.000000000000000000 ) ) ;
#3631 = EDGE_LOOP ( 'NONE', ( #502, #2514, #1823, #2488 ) ) ;
#3632 = DIRECTION ( 'NONE',  ( 0.000000000000000000, 0.000000000000000000, -1.000000000000000000 ) ) ;
#3633 = DIRECTION ( 'NONE',  ( 1.000000000000000000, 0.000000000000000000, 0.000000000000000000 ) ) ;
#3634 = VECTOR ( 'NONE', #1975, 1000.000000000000000 ) ;
#3635 = EDGE_LOOP ( 'NONE', ( #382, #459, #1490, #2710 ) ) ;
#3636 = ORIENTED_EDGE ( 'NONE', *, *, #645, .T. ) ;
#3637 = CIRCLE ( 'NONE', #2319, 0.5000000000000004441 ) ;
#3638 = PLANE ( 'NONE',  #3960 ) ;
#3639 = CARTESIAN_POINT ( 'NONE',  ( 10.17500000000000071, -2.270000000000000018, 0.000000000000000000 ) ) ;
#3640 = ORIENTED_EDGE ( 'NONE', *, *, #1023, .T. ) ;
#3641 = VECTOR ( 'NONE', #707, 1000.000000000000000 ) ;
#3642 = VECTOR ( 'NONE', #2500, 1000.000000000000000 ) ;
#3643 = CARTESIAN_POINT ( 'NONE',  ( -18.59999999999999787, -3.810000000000000053, -0.2000000000000000111 ) ) ;
#3644 = CARTESIAN_POINT ( 'NONE',  ( -19.05825756949559846, -4.809999999999999609, -0.2000000000000000111 ) ) ;
#3645 = ORIENTED_EDGE ( 'NONE', *, *, #288, .T. ) ;
#3646 = EDGE_CURVE ( 'NONE', #419, #3265, #3266, .T. ) ;
#3647 = CARTESIAN_POINT ( 'NONE',  ( 20.35000000000000142, -6.400000000000000355, -0.2000000000000000111 ) ) ;
#3648 = CIRCLE ( 'NONE', #1741, 1.099999999999999201 ) ;
#3649 = DIRECTION ( 'NONE',  ( 0.000000000000000000, -1.000000000000000000, 0.000000000000000000 ) ) ;
#3650 = LINE ( 'NONE', #789, #168 ) ;
#3651 = CIRCLE ( 'NONE', #1424, 1.099999999999999423 ) ;
#3652 = EDGE_CURVE ( 'NONE', #28, #1527, #2557, .T. ) ;
#3653 = CARTESIAN_POINT ( 'NONE',  ( 9.300000538022009877, 9.400000000000000355, 0.000000000000000000 ) ) ;
#3654 = EDGE_CURVE ( 'NONE', #3241, #3932, #304, .T. ) ;
#3655 = VECTOR ( 'NONE', #2793, 1000.000000000000000 ) ;
#3656 = VERTEX_POINT ( 'NONE', #1255 ) ;
#3657 = DIRECTION ( 'NONE',  ( 0.000000000000000000, 0.000000000000000000, -1.000000000000000000 ) ) ;
#3658 = PRESENTATION_STYLE_ASSIGNMENT (( #208 ) ) ;
#3659 = LINE ( 'NONE', #858, #3517 ) ;
#3660 = ADVANCED_FACE ( 'NONE', ( #2826 ), #3111, .F. ) ;
#3661 = VECTOR ( 'NONE', #2214, 1000.000000000000000 ) ;
#3662 = LINE ( 'NONE', #3160, #2907 ) ;
#3663 = ORIENTED_EDGE ( 'NONE', *, *, #2944, .F. ) ;
#3664 = AXIS2_PLACEMENT_3D ( 'NONE', #1593, #1611, #614 ) ;
#3665 = ORIENTED_EDGE ( 'NONE', *, *, #13, .F. ) ;
#3666 = CARTESIAN_POINT ( 'NONE',  ( -1.750000000000000000, -2.399999999999999911, 0.000000000000000000 ) ) ;
#3667 = DIRECTION ( 'NONE',  ( 0.4165977904505299700, 0.9090909090909096157, 0.000000000000000000 ) ) ;
#3668 = ORIENTED_EDGE ( 'NONE', *, *, #1761, .T. ) ;
#3669 = VECTOR ( 'NONE', #3045, 1000.000000000000000 ) ;
#3670 = VERTEX_POINT ( 'NONE', #10 ) ;
#3671 = DIRECTION ( 'NONE',  ( 0.7071067811865469066, 0.7071067811865481278, 0.000000000000000000 ) ) ;
#3672 = FACE_OUTER_BOUND ( 'NONE', #1013, .T. ) ;
#3673 = ORIENTED_EDGE ( 'NONE', *, *, #3296, .F. ) ;
#3674 = DIRECTION ( 'NONE',  ( 1.000000000000000000, 0.000000000000000000, 0.000000000000000000 ) ) ;
#3675 = EDGE_CURVE ( 'NONE', #201, #2330, #2862, .T. ) ;
#3676 = DIRECTION ( 'NONE',  ( 0.000000000000000000, 0.000000000000000000, 1.000000000000000000 ) ) ;
#3677 = ADVANCED_FACE ( 'NONE', ( #990 ), #1901, .F. ) ;
#3678 = DIRECTION ( 'NONE',  ( 0.000000000000000000, 0.000000000000000000, 1.000000000000000000 ) ) ;
#3679 = DIRECTION ( 'NONE',  ( 0.000000000000000000, -1.000000000000000000, 0.000000000000000000 ) ) ;
#3680 = EDGE_CURVE ( 'NONE', #2002, #1987, #123, .T. ) ;
#3681 = ORIENTED_EDGE ( 'NONE', *, *, #3859, .F. ) ;
#3682 = LINE ( 'NONE', #874, #252 ) ;
#3683 =( NAMED_UNIT ( * ) PLANE_ANGLE_UNIT ( ) SI_UNIT ( $, .RADIAN. ) );
#3684 = DIRECTION ( 'NONE',  ( 0.000000000000000000, 0.000000000000000000, -1.000000000000000000 ) ) ;
#3685 = LINE ( 'NONE', #1262, #1986 ) ;
#3686 = ORIENTED_EDGE ( 'NONE', *, *, #3546, .F. ) ;
#3687 = EDGE_CURVE ( 'NONE', #301, #2778, #2232, .T. ) ;
#3688 = VERTEX_POINT ( 'NONE', #946 ) ;
#3689 = DIRECTION ( 'NONE',  ( 0.000000000000000000, 0.000000000000000000, -1.000000000000000000 ) ) ;
#3690 = DIRECTION ( 'NONE',  ( 0.000000000000000000, 0.000000000000000000, 1.000000000000000000 ) ) ;
#3691 = ORIENTED_EDGE ( 'NONE', *, *, #3359, .F. ) ;
#3692 = ORIENTED_EDGE ( 'NONE', *, *, #1579, .T. ) ;
#3693 = CARTESIAN_POINT ( 'NONE',  ( 18.59999999999999787, -3.810000000000000053, 0.000000000000000000 ) ) ;
#3694 = DIRECTION ( 'NONE',  ( 1.000000000000000000, 0.000000000000000000, 0.000000000000000000 ) ) ;
#3695 = ORIENTED_EDGE ( 'NONE', *, *, #2463, .T. ) ;
#3696 = FACE_OUTER_BOUND ( 'NONE', #1722, .T. ) ;
#3697 = DIRECTION ( 'NONE',  ( 0.000000000000000000, 0.000000000000000000, 1.000000000000000000 ) ) ;
#3698 = LINE ( 'NONE', #3324, #3720 ) ;
#3699 = ORIENTED_EDGE ( 'NONE', *, *, #1368, .F. ) ;
#3700 = CARTESIAN_POINT ( 'NONE',  ( -17.49999999999999645, -1.270000000000000018, -0.2000000000000000111 ) ) ;
#3701 = CARTESIAN_POINT ( 'NONE',  ( 20.35000000000000142, -8.400000000000000355, 0.000000000000000000 ) ) ;
#3702 = FACE_OUTER_BOUND ( 'NONE', #3748, .T. ) ;
#3703 = EDGE_CURVE ( 'NONE', #1034, #1655, #3072, .T. ) ;
#3704 = EDGE_LOOP ( 'NONE', ( #1814, #1702, #1100, #1795 ) ) ;
#3705 = ORIENTED_EDGE ( 'NONE', *, *, #4033, .F. ) ;
#3706 = CARTESIAN_POINT ( 'NONE',  ( 18.59999999999999787, -3.810000000000000053, 0.000000000000000000 ) ) ;
#3707 = VECTOR ( 'NONE', #2362, 1000.000000000000000 ) ;
#3708 = EDGE_LOOP ( 'NONE', ( #91, #3144, #1334, #1001 ) ) ;
#3709 = ADVANCED_FACE ( 'NONE', ( #3441 ), #1537, .F. ) ;
#3710 = EDGE_LOOP ( 'NONE', ( #3772, #2540, #3785, #1705 ) ) ;
#3711 = DIRECTION ( 'NONE',  ( 0.000000000000000000, 1.000000000000000000, 0.000000000000000000 ) ) ;
#3712 = DIRECTION ( 'NONE',  ( 0.000000000000000000, 0.000000000000000000, 1.000000000000000000 ) ) ;
#3713 = VECTOR ( 'NONE', #1335, 1000.000000000000000 ) ;
#3714 = ORIENTED_EDGE ( 'NONE', *, *, #3493, .T. ) ;
#3715 = CIRCLE ( 'NONE', #2266, 0.5000000000000000000 ) ;
#3716 = DIRECTION ( 'NONE',  ( 0.000000000000000000, 0.000000000000000000, -1.000000000000000000 ) ) ;
#3717 = CARTESIAN_POINT ( 'NONE',  ( -18.59999999999999787, -1.270000000000000018, -0.2000000000000000111 ) ) ;
#3718 = CARTESIAN_POINT ( 'NONE',  ( -18.59999999999999787, -3.810000000000000053, 0.000000000000000000 ) ) ;
#3719 = AXIS2_PLACEMENT_3D ( 'NONE', #1513, #277, #2358 ) ;
#3720 = VECTOR ( 'NONE', #3345, 1000.000000000000000 ) ;
#3721 = ORIENTED_EDGE ( 'NONE', *, *, #2060, .T. ) ;
#3722 = PLANE ( 'NONE',  #846 ) ;
#3723 = DIRECTION ( 'NONE',  ( 9.251858538542973800E-15, -1.000000000000000000, 0.000000000000000000 ) ) ;
#3724 = DIRECTION ( 'NONE',  ( 0.000000000000000000, 0.000000000000000000, -1.000000000000000000 ) ) ;
#3725 = AXIS2_PLACEMENT_3D ( 'NONE', #2892, #377, #65 ) ;
#3726 = ORIENTED_EDGE ( 'NONE', *, *, #3551, .T. ) ;
#3727 = ORIENTED_EDGE ( 'NONE', *, *, #2037, .T. ) ;
#3728 = AXIS2_PLACEMENT_3D ( 'NONE', #2810, #2189, #1582 ) ;
#3729 = DIRECTION ( 'NONE',  ( 0.000000000000000000, 0.000000000000000000, 1.000000000000000000 ) ) ;
#3730 = EDGE_CURVE ( 'NONE', #462, #1034, #349, .T. ) ;
#3731 = ORIENTED_EDGE ( 'NONE', *, *, #3151, .T. ) ;
#3732 = ADVANCED_FACE ( 'NONE', ( #3408, #4035 ), #2475, .T. ) ;
#3733 = ORIENTED_EDGE ( 'NONE', *, *, #2092, .F. ) ;
#3734 = CARTESIAN_POINT ( 'NONE',  ( 20.35000000000000142, -7.400000000000000355, 0.000000000000000000 ) ) ;
#3735 = CARTESIAN_POINT ( 'NONE',  ( -18.09999999999999787, 3.810000000000000053, -1.199999999999999956 ) ) ;
#3736 = VERTEX_POINT ( 'NONE', #284 ) ;
#3737 = EDGE_CURVE ( 'NONE', #2364, #944, #2224, .T. ) ;
#3738 = DIRECTION ( 'NONE',  ( 0.000000000000000000, 0.000000000000000000, -1.000000000000000000 ) ) ;
#3739 = DIRECTION ( 'NONE',  ( 0.7071067811865480168, -0.7071067811865472397, 0.000000000000000000 ) ) ;
#3740 = DIRECTION ( 'NONE',  ( 0.000000000000000000, 0.000000000000000000, -1.000000000000000000 ) ) ;
#3741 = ORIENTED_EDGE ( 'NONE', *, *, #3946, .F. ) ;
#3742 = FACE_OUTER_BOUND ( 'NONE', #441, .T. ) ;
#3743 = CARTESIAN_POINT ( 'NONE',  ( 18.59999999999999787, 3.810000000000000053, 0.000000000000000000 ) ) ;
#3744 = CARTESIAN_POINT ( 'NONE',  ( 20.35000000000000142, -4.809999999999999609, -0.2000000000000000111 ) ) ;
#3745 = ORIENTED_EDGE ( 'NONE', *, *, #2165, .F. ) ;
#3746 = ORIENTED_EDGE ( 'NONE', *, *, #2675, .T. ) ;
#3747 = LINE ( 'NONE', #2206, #564 ) ;
#3748 = EDGE_LOOP ( 'NONE', ( #1123, #64, #2448, #417 ) ) ;
#3749 = EDGE_CURVE ( 'NONE', #1903, #2283, #1844, .T. ) ;
#3750 = ORIENTED_EDGE ( 'NONE', *, *, #1060, .F. ) ;
#3751 = CARTESIAN_POINT ( 'NONE',  ( -20.35000000000000142, 7.900000000000000355, 0.000000000000000000 ) ) ;
#3752 = LINE ( 'NONE', #3424, #2208 ) ;
#3753 = ORIENTED_EDGE ( 'NONE', *, *, #3955, .T. ) ;
#3754 = EDGE_CURVE ( 'NONE', #980, #2288, #453, .T. ) ;
#3755 = PLANE ( 'NONE',  #450 ) ;
#3756 = LINE ( 'NONE', #2191, #639 ) ;
#3757 = DIRECTION ( 'NONE',  ( 1.000000000000000000, 0.000000000000000000, 0.000000000000000000 ) ) ;
#3758 = ADVANCED_FACE ( 'NONE', ( #3134 ), #2210, .T. ) ;
#3759 = ORIENTED_EDGE ( 'NONE', *, *, #188, .F. ) ;
#3760 = FACE_OUTER_BOUND ( 'NONE', #2556, .T. ) ;
#3761 = MANIFOLD_SOLID_BREP ( 'Body2[1]', #3629 ) ;
#3762 = CYLINDRICAL_SURFACE ( 'NONE', #3243, 0.4999999999999995559 ) ;
#3763 = FACE_OUTER_BOUND ( 'NONE', #1778, .T. ) ;
#3764 = ORIENTED_EDGE ( 'NONE', *, *, #1948, .T. ) ;
#3765 = VERTEX_POINT ( 'NONE', #1669 ) ;
#3766 = FACE_OUTER_BOUND ( 'NONE', #3572, .T. ) ;
#3767 = CLOSED_SHELL ( 'NONE', ( #750, #3881, #2796, #2147, #3988, #249, #3709, #69, #2948, #3411, #1122, #463, #400, #210, #3381, #1146, #193, #2342, #2298, #826, #2968, #3246, #3120, #843, #525, #416, #796, #1182, #3083, #2090, #2516, #978, #3529, #3476, #1555, #1768, #3154, #3576, #599, #2043, #856, #2220, #2396, #2726, #3677, #1069, #3660, #3004, #1346, #2644, #2589, #2074, #3191, #732, #3907, #1864, #1940, #3220, #140, #3900, #1821, #33, #3732, #3016, #933, #1318, #953, #1352, #3171, #959, #1339, #3875, #166, #2515, #1419, #2274, #1794, #47, #1968, #3103, #3176, #2292, #594, #1733, #1323, #2889, #9, #135, #2711, #2899, #1615, #2100, #2171, #2268, #1279, #1900, #4062, #1775, #3352, #3354, #898, #2547, #1253, #2118, #3372, #2497 ) ) ;
#3768 = ORIENTED_EDGE ( 'NONE', *, *, #3240, .T. ) ;
#3769 = VECTOR ( 'NONE', #1817, 1000.000000000000000 ) ;
#3770 = DIRECTION ( 'NONE',  ( 0.000000000000000000, 0.000000000000000000, -1.000000000000000000 ) ) ;
#3771 = CARTESIAN_POINT ( 'NONE',  ( -9.529128784747790348, 0.2700000000000220002, 0.000000000000000000 ) ) ;
#3772 = ORIENTED_EDGE ( 'NONE', *, *, #1446, .F. ) ;
#3773 = PRESENTATION_LAYER_ASSIGNMENT (  '', '', ( #3239 ) ) ;
#3774 = AXIS2_PLACEMENT_3D ( 'NONE', #1547, #317, #1587 ) ;
#3775 = CARTESIAN_POINT ( 'NONE',  ( 18.59999999999999787, -1.270000000000000018, 0.000000000000000000 ) ) ;
#3776 = CARTESIAN_POINT ( 'NONE',  ( -18.09999999999999787, -1.270000000000000018, -1.199999999999999956 ) ) ;
#3777 = DIRECTION ( 'NONE',  ( -1.000000000000000000, 8.594770895554009979E-16, 0.000000000000000000 ) ) ;
#3778 = CARTESIAN_POINT ( 'NONE',  ( -10.17500000000000071, 2.270000000000000018, 0.000000000000000000 ) ) ;
#3779 = VECTOR ( 'NONE', #2772, 1000.000000000000000 ) ;
#3780 = ORIENTED_EDGE ( 'NONE', *, *, #3406, .T. ) ;
#3781 = DIRECTION ( 'NONE',  ( 1.000000000000000000, 0.000000000000000000, 0.000000000000000000 ) ) ;
#3782 = FACE_OUTER_BOUND ( 'NONE', #1861, .T. ) ;
#3783 = CIRCLE ( 'NONE', #2001, 0.5000000000000004441 ) ;
#3784 = CARTESIAN_POINT ( 'NONE',  ( -18.59999999999999787, -1.270000000000000018, 0.000000000000000000 ) ) ;
#3785 = ORIENTED_EDGE ( 'NONE', *, *, #2973, .T. ) ;
#3786 = AXIS2_PLACEMENT_3D ( 'NONE', #144, #3283, #3536 ) ;
#3787 = ORIENTED_EDGE ( 'NONE', *, *, #3530, .F. ) ;
#3788 = EDGE_CURVE ( 'NONE', #1072, #1655, #3249, .T. ) ;
#3789 = CARTESIAN_POINT ( 'NONE',  ( 20.35000000000000142, 4.309999999999999609, -1.199999999999999956 ) ) ;
#3790 = ORIENTED_EDGE ( 'NONE', *, *, #3458, .F. ) ;
#3791 = CIRCLE ( 'NONE', #3001, 1.099999999999999201 ) ;
#3792 = DIRECTION ( 'NONE',  ( 0.000000000000000000, 0.000000000000000000, -1.000000000000000000 ) ) ;
#3793 = DIRECTION ( 'NONE',  ( -1.000000000000000000, 0.000000000000000000, 0.000000000000000000 ) ) ;
#3794 = ORIENTED_EDGE ( 'NONE', *, *, #3252, .T. ) ;
#3795 = VECTOR ( 'NONE', #2702, 1000.000000000000000 ) ;
#3796 = CIRCLE ( 'NONE', #2939, 0.5000000000000004441 ) ;
#3797 = CARTESIAN_POINT ( 'NONE',  ( -20.35000000000000142, 0.2700000000000000178, -0.2000000000000000111 ) ) ;
#3798 = CARTESIAN_POINT ( 'NONE',  ( 17.49999999999999645, 1.269999999999999574, -0.2000000000000000111 ) ) ;
#3799 = LINE ( 'NONE', #1546, #1106 ) ;
#3800 = LINE ( 'NONE', #3374, #2254 ) ;
#3801 = EDGE_CURVE ( 'NONE', #566, #3053, #1328, .T. ) ;
#3802 = ORIENTED_EDGE ( 'NONE', *, *, #623, .T. ) ;
#3803 = CARTESIAN_POINT ( 'NONE',  ( 18.59999999999999787, 7.900000000000000355, -0.2000000000000000111 ) ) ;
#3804 = FACE_OUTER_BOUND ( 'NONE', #1800, .T. ) ;
#3805 = EDGE_CURVE ( 'NONE', #1211, #1868, #1433, .T. ) ;
#3806 = VERTEX_POINT ( 'NONE', #466 ) ;
#3807 = LINE ( 'NONE', #2821, #1348 ) ;
#3808 = ORIENTED_EDGE ( 'NONE', *, *, #325, .T. ) ;
#3809 = EDGE_CURVE ( 'NONE', #2283, #2613, #693, .T. ) ;
#3810 = DIRECTION ( 'NONE',  ( 0.000000000000000000, -1.000000000000000000, 0.000000000000000000 ) ) ;
#3811 = CARTESIAN_POINT ( 'NONE',  ( -20.35000000000000142, -10.20000000000000107, 0.000000000000000000 ) ) ;
#3812 = ORIENTED_EDGE ( 'NONE', *, *, #3950, .T. ) ;
#3813 = CARTESIAN_POINT ( 'NONE',  ( -14.44999999999999929, -2.399999999999999911, 0.000000000000000000 ) ) ;
#3814 = DIRECTION ( 'NONE',  ( 0.000000000000000000, 0.000000000000000000, -1.000000000000000000 ) ) ;
#3815 = EDGE_LOOP ( 'NONE', ( #568, #3549, #3924, #4052 ) ) ;
#3816 = DIRECTION ( 'NONE',  ( 0.000000000000000000, -1.000000000000000000, 0.000000000000000000 ) ) ;
#3817 = ORIENTED_EDGE ( 'NONE', *, *, #2166, .F. ) ;
#3818 = CARTESIAN_POINT ( 'NONE',  ( 20.35000000000000142, -9.400000000000000355, -0.2000000000000000111 ) ) ;
#3819 = FACE_OUTER_BOUND ( 'NONE', #279, .T. ) ;
#3820 = FACE_OUTER_BOUND ( 'NONE', #4023, .T. ) ;
#3821 = ORIENTED_EDGE ( 'NONE', *, *, #3221, .F. ) ;
#3822 = LINE ( 'NONE', #2650, #2718 ) ;
#3823 = EDGE_CURVE ( 'NONE', #2815, #3472, #3138, .T. ) ;
#3824 = ORIENTED_EDGE ( 'NONE', *, *, #2779, .T. ) ;
#3825 = PLANE ( 'NONE',  #1342 ) ;
#3826 = DIRECTION ( 'NONE',  ( 0.000000000000000000, 0.000000000000000000, -1.000000000000000000 ) ) ;
#3827 = EDGE_CURVE ( 'NONE', #1026, #3368, #1344, .T. ) ;
#3828 = ORIENTED_EDGE ( 'NONE', *, *, #35, .F. ) ;
#3829 = AXIS2_PLACEMENT_3D ( 'NONE', #1012, #726, #2931 ) ;
#3830 = DIRECTION ( 'NONE',  ( 0.000000000000000000, 0.000000000000000000, -1.000000000000000000 ) ) ;
#3831 = LINE ( 'NONE', #60, #1938 ) ;
#3832 = VECTOR ( 'NONE', #1427, 1000.000000000000000 ) ;
#3833 = ORIENTED_EDGE ( 'NONE', *, *, #348, .T. ) ;
#3834 = VECTOR ( 'NONE', #2881, 1000.000000000000000 ) ;
#3835 = ORIENTED_EDGE ( 'NONE', *, *, #882, .T. ) ;
#3836 = CARTESIAN_POINT ( 'NONE',  ( 20.35000000000000142, 3.194999999999999840, -0.2000000000000000111 ) ) ;
#3837 = APPLICATION_PROTOCOL_DEFINITION ( 'draft international standard', 'automotive_design', 1998, #23 ) ;
#3838 = CARTESIAN_POINT ( 'NONE',  ( 18.59999999999999787, 3.810000000000000053, -0.2000000000000000111 ) ) ;
#3839 = DIRECTION ( 'NONE',  ( -0.7071067811865455743, -0.7071067811865494601, 0.000000000000000000 ) ) ;
#3840 = AXIS2_PLACEMENT_3D ( 'NONE', #871, #3678, #3609 ) ;
#3841 = AXIS2_PLACEMENT_3D ( 'NONE', #137, #3010, #2368 ) ;
#3842 = VERTEX_POINT ( 'NONE', #717 ) ;
#3843 = DIRECTION ( 'NONE',  ( 0.000000000000000000, 0.000000000000000000, 1.000000000000000000 ) ) ;
#3844 = ORIENTED_EDGE ( 'NONE', *, *, #3846, .F. ) ;
#3845 = VECTOR ( 'NONE', #245, 1000.000000000000000 ) ;
#3846 = EDGE_CURVE ( 'NONE', #578, #714, #3887, .T. ) ;
#3847 = VECTOR ( 'NONE', #642, 1000.000000000000000 ) ;
#3848 = DIRECTION ( 'NONE',  ( 0.000000000000000000, 1.000000000000000000, 0.000000000000000000 ) ) ;
#3849 = DIRECTION ( 'NONE',  ( -0.4165977904505299700, -0.9090909090909096157, 0.000000000000000000 ) ) ;
#3850 = ORIENTED_EDGE ( 'NONE', *, *, #3501, .F. ) ;
#3851 = ORIENTED_EDGE ( 'NONE', *, *, #1551, .T. ) ;
#3852 = CIRCLE ( 'NONE', #3257, 0.5000000000000002220 ) ;
#3853 = EDGE_CURVE ( 'NONE', #2806, #4053, #2246, .T. ) ;
#3854 = CARTESIAN_POINT ( 'NONE',  ( 19.05825756949559846, 4.809999999999999609, 0.000000000000000000 ) ) ;
#3855 = DIRECTION ( 'NONE',  ( 0.000000000000000000, -1.000000000000000000, 0.000000000000000000 ) ) ;
#3856 = VECTOR ( 'NONE', #3484, 1000.000000000000000 ) ;
#3857 = ORIENTED_EDGE ( 'NONE', *, *, #156, .T. ) ;
#3858 = CARTESIAN_POINT ( 'NONE',  ( -20.35000000000000142, -0.7699999999999999067, 0.000000000000000000 ) ) ;
#3859 = EDGE_CURVE ( 'NONE', #2148, #1854, #1936, .T. ) ;
#3860 = VECTOR ( 'NONE', #1859, 1000.000000000000000 ) ;
#3861 = ORIENTED_EDGE ( 'NONE', *, *, #368, .F. ) ;
#3862 = CARTESIAN_POINT ( 'NONE',  ( -1.750000000000000000, 9.700000000000001066, 0.000000000000000000 ) ) ;
#3863 = FACE_OUTER_BOUND ( 'NONE', #1337, .T. ) ;
#3864 = DIRECTION ( 'NONE',  ( 0.000000000000000000, 0.000000000000000000, -1.000000000000000000 ) ) ;
#3865 = AXIS2_PLACEMENT_3D ( 'NONE', #1370, #737, #1025 ) ;
#3866 = ORIENTED_EDGE ( 'NONE', *, *, #3616, .F. ) ;
#3867 = DIRECTION ( 'NONE',  ( 0.000000000000000000, 0.000000000000000000, 1.000000000000000000 ) ) ;
#3868 = ORIENTED_EDGE ( 'NONE', *, *, #1105, .T. ) ;
#3869 = CARTESIAN_POINT ( 'NONE',  ( 20.35000000000000142, -3.310000000000000053, 0.000000000000000000 ) ) ;
#3870 = FACE_OUTER_BOUND ( 'NONE', #3152, .T. ) ;
#3871 = ORIENTED_EDGE ( 'NONE', *, *, #2997, .T. ) ;
#3872 = CARTESIAN_POINT ( 'NONE',  ( 20.35000000000000142, 9.050000000000000711, -0.2000000000000000111 ) ) ;
#3873 = DIRECTION ( 'NONE',  ( 0.7071067811865480168, -0.7071067811865472397, 0.000000000000000000 ) ) ;
#3874 = ORIENTED_EDGE ( 'NONE', *, *, #537, .T. ) ;
#3875 = ADVANCED_FACE ( 'NONE', ( #73 ), #387, .F. ) ;
#3876 = FACE_OUTER_BOUND ( 'NONE', #2902, .T. ) ;
#3877 = ORIENTED_EDGE ( 'NONE', *, *, #1078, .T. ) ;
#3878 = DIRECTION ( 'NONE',  ( -1.000000000000000000, 1.718954179110800024E-15, 0.000000000000000000 ) ) ;
#3879 = DIRECTION ( 'NONE',  ( 0.000000000000000000, 0.000000000000000000, -1.000000000000000000 ) ) ;
#3880 = DIRECTION ( 'NONE',  ( -0.4165977904505299700, -0.9090909090909096157, 0.000000000000000000 ) ) ;
#3881 = ADVANCED_FACE ( 'NONE', ( #757 ), #423, .F. ) ;
#3882 = VERTEX_POINT ( 'NONE', #3520 ) ;
#3883 = CARTESIAN_POINT ( 'NONE',  ( -20.35000000000000142, 9.400000000000000355, 0.000000000000000000 ) ) ;
#3884 = PLANE ( 'NONE',  #708 ) ;
#3885 = FACE_OUTER_BOUND ( 'NONE', #1128, .T. ) ;
#3886 = FACE_OUTER_BOUND ( 'NONE', #2212, .T. ) ;
#3887 = LINE ( 'NONE', #2883, #2814 ) ;
#3888 = VERTEX_POINT ( 'NONE', #3209 ) ;
#3889 = CARTESIAN_POINT ( 'NONE',  ( -20.35000000000000142, -10.20000000000000107, 0.000000000000000000 ) ) ;
#3890 = LINE ( 'NONE', #449, #572 ) ;
#3891 = ORIENTED_EDGE ( 'NONE', *, *, #448, .F. ) ;
#3892 = AXIS2_PLACEMENT_3D ( 'NONE', #702, #452, #3279 ) ;
#3893 = DIRECTION ( 'NONE',  ( 0.000000000000000000, 0.000000000000000000, -1.000000000000000000 ) ) ;
#3894 = ORIENTED_EDGE ( 'NONE', *, *, #2588, .T. ) ;
#3895 = AXIS2_PLACEMENT_3D ( 'NONE', #592, #1840, #2763 ) ;
#3896 = CARTESIAN_POINT ( 'NONE',  ( 19.09999999999999787, 1.270000000000000018, -1.199999999999999956 ) ) ;
#3897 = LINE ( 'NONE', #556, #2657 ) ;
#3898 = CYLINDRICAL_SURFACE ( 'NONE', #579, 1.100000000000000311 ) ;
#3899 = VECTOR ( 'NONE', #2438, 1000.000000000000000 ) ;
#3900 = ADVANCED_FACE ( 'NONE', ( #3870 ), #1065, .F. ) ;
#3901 = ORIENTED_EDGE ( 'NONE', *, *, #3240, .F. ) ;
#3902 = DIRECTION ( 'NONE',  ( 1.000000000000000000, 0.000000000000000000, 0.000000000000000000 ) ) ;
#3903 = AXIS2_PLACEMENT_3D ( 'NONE', #1135, #2393, #2664 ) ;
#3904 = CARTESIAN_POINT ( 'NONE',  ( 19.05825756949559846, 2.270000000000000018, 0.000000000000000000 ) ) ;
#3905 = ORIENTED_EDGE ( 'NONE', *, *, #2385, .F. ) ;
#3906 = AXIS2_PLACEMENT_3D ( 'NONE', #3717, #1583, #2831 ) ;
#3907 = ADVANCED_FACE ( 'NONE', ( #3619 ), #2716, .T. ) ;
#3908 = LINE ( 'NONE', #2320, #425 ) ;
#3909 = DIRECTION ( 'NONE',  ( 0.000000000000000000, 0.000000000000000000, -1.000000000000000000 ) ) ;
#3910 = AXIS2_PLACEMENT_3D ( 'NONE', #1881, #3712, #1559 ) ;
#3911 = ORIENTED_EDGE ( 'NONE', *, *, #3221, .T. ) ;
#3912 = VECTOR ( 'NONE', #1626, 1000.000000000000000 ) ;
#3913 = DIRECTION ( 'NONE',  ( 1.000000000000000000, 0.000000000000000000, 0.000000000000000000 ) ) ;
#3914 = CYLINDRICAL_SURFACE ( 'NONE', #834, 0.5000000000000004441 ) ;
#3915 = ORIENTED_EDGE ( 'NONE', *, *, #290, .T. ) ;
#3916 = AXIS2_PLACEMENT_3D ( 'NONE', #2734, #520, #1485 ) ;
#3917 = DIRECTION ( 'NONE',  ( 0.000000000000000000, 0.000000000000000000, -1.000000000000000000 ) ) ;
#3918 = AXIS2_PLACEMENT_3D ( 'NONE', #515, #534, #581 ) ;
#3919 = DIRECTION ( 'NONE',  ( -1.000000000000000000, 3.437908358221610303E-15, 0.000000000000000000 ) ) ;
#3920 = DIRECTION ( 'NONE',  ( 0.000000000000000000, 0.000000000000000000, -1.000000000000000000 ) ) ;
#3921 = CARTESIAN_POINT ( 'NONE',  ( 20.35000000000000142, 3.810000000000000053, 0.000000000000000000 ) ) ;
#3922 = PRESENTATION_LAYER_ASSIGNMENT (  '', '', ( #3531 ) ) ;
#3923 = EDGE_CURVE ( 'NONE', #25, #2979, #2743, .T. ) ;
#3924 = ORIENTED_EDGE ( 'NONE', *, *, #749, .T. ) ;
#3925 = CARTESIAN_POINT ( 'NONE',  ( -18.59999999999999787, 3.810000000000000053, -0.2000000000000000111 ) ) ;
#3926 = DIRECTION ( 'NONE',  ( -1.000000000000000000, 6.344135470183149646E-16, 0.000000000000000000 ) ) ;
#3927 = VERTEX_POINT ( 'NONE', #1144 ) ;
#3928 = EDGE_CURVE ( 'NONE', #2836, #1577, #3999, .T. ) ;
#3929 = ORIENTED_EDGE ( 'NONE', *, *, #1693, .T. ) ;
#3930 = DIRECTION ( 'NONE',  ( 1.000000000000000000, 0.000000000000000000, 0.000000000000000000 ) ) ;
#3931 = DIRECTION ( 'NONE',  ( 0.000000000000000000, 0.000000000000000000, -1.000000000000000000 ) ) ;
#3932 = VERTEX_POINT ( 'NONE', #2053 ) ;
#3933 = EDGE_CURVE ( 'NONE', #2509, #1592, #547, .T. ) ;
#3934 = CARTESIAN_POINT ( 'NONE',  ( 20.35000000000000142, -3.810000000000000053, 0.000000000000000000 ) ) ;
#3935 = DIRECTION ( 'NONE',  ( 0.000000000000000000, 0.000000000000000000, -1.000000000000000000 ) ) ;
#3936 = VERTEX_POINT ( 'NONE', #3600 ) ;
#3937 = CARTESIAN_POINT ( 'NONE',  ( -18.59999999999999787, 3.810000000000000053, -1.199999999999999956 ) ) ;
#3938 = DIRECTION ( 'NONE',  ( -1.000000000000000000, 0.000000000000000000, 0.000000000000000000 ) ) ;
#3939 = PLANE ( 'NONE',  #1230 ) ;
#3940 = DIRECTION ( 'NONE',  ( 1.000000000000000000, -6.344135470183149646E-16, 0.000000000000000000 ) ) ;
#3941 = ORIENTED_EDGE ( 'NONE', *, *, #3493, .F. ) ;
#3942 = LINE ( 'NONE', #3701, #964 ) ;
#3943 = CARTESIAN_POINT ( 'NONE',  ( 18.59999999999999787, -1.270000000000000018, 0.000000000000000000 ) ) ;
#3944 = ORIENTED_EDGE ( 'NONE', *, *, #3687, .T. ) ;
#3945 = ORIENTED_EDGE ( 'NONE', *, *, #4029, .F. ) ;
#3946 = EDGE_CURVE ( 'NONE', #3888, #3559, #786, .T. ) ;
#3947 = CARTESIAN_POINT ( 'NONE',  ( -14.44999999999999929, 10.20000000000000107, 0.000000000000000000 ) ) ;
#3948 = CARTESIAN_POINT ( 'NONE',  ( -18.09999999999999787, 1.270000000000000018, 0.000000000000000000 ) ) ;
#3949 = VERTEX_POINT ( 'NONE', #1818 ) ;
#3950 = EDGE_CURVE ( 'NONE', #675, #3149, #880, .T. ) ;
#3951 = FACE_OUTER_BOUND ( 'NONE', #2914, .T. ) ;
#3952 = LINE ( 'NONE', #2660, #3055 ) ;
#3953 = ORIENTED_EDGE ( 'NONE', *, *, #464, .F. ) ;
#3954 = DIRECTION ( 'NONE',  ( 0.4165977904505300256, 0.9090909090909095047, 0.000000000000000000 ) ) ;
#3955 = EDGE_CURVE ( 'NONE', #2113, #612, #1726, .T. ) ;
#3956 = FACE_OUTER_BOUND ( 'NONE', #3532, .T. ) ;
#3957 = CARTESIAN_POINT ( 'NONE',  ( -18.92500000000000071, 3.810000000000000053, -0.2000000000000000111 ) ) ;
#3958 = VECTOR ( 'NONE', #2273, 1000.000000000000000 ) ;
#3959 = DIRECTION ( 'NONE',  ( 0.000000000000000000, 0.000000000000000000, 1.000000000000000000 ) ) ;
#3960 = AXIS2_PLACEMENT_3D ( 'NONE', #2051, #1516, #2143 ) ;
#3961 = ORIENTED_EDGE ( 'NONE', *, *, #1130, .T. ) ;
#3962 = DIRECTION ( 'NONE',  ( -3.437908358221610303E-15, 1.000000000000000000, 0.000000000000000000 ) ) ;
#3963 = CARTESIAN_POINT ( 'NONE',  ( 18.59999999999999787, -7.900000000000000355, 0.000000000000000000 ) ) ;
#3964 = DIRECTION ( 'NONE',  ( 0.000000000000000000, 0.000000000000000000, 1.000000000000000000 ) ) ;
#3965 = AXIS2_PLACEMENT_3D ( 'NONE', #2029, #383, #3206 ) ;
#3966 = VERTEX_POINT ( 'NONE', #3007 ) ;
#3967 = ORIENTED_EDGE ( 'NONE', *, *, #2366, .T. ) ;
#3968 = AXIS2_PLACEMENT_3D ( 'NONE', #456, #1397, #2893 ) ;
#3969 = EDGE_LOOP ( 'NONE', ( #2140, #1492, #927, #1362 ) ) ;
#3970 = FACE_BOUND ( 'NONE', #2692, .T. ) ;
#3971 = CYLINDRICAL_SURFACE ( 'NONE', #2227, 1.500000000000389244 ) ;
#3972 = VERTEX_POINT ( 'NONE', #1468 ) ;
#3973 = VECTOR ( 'NONE', #2845, 1000.000000000000000 ) ;
#3974 = EDGE_CURVE ( 'NONE', #961, #1623, #2348, .T. ) ;
#3975 = EDGE_CURVE ( 'NONE', #497, #2906, #1895, .T. ) ;
#3976 = ORIENTED_EDGE ( 'NONE', *, *, #2469, .T. ) ;
#3977 = AXIS2_PLACEMENT_3D ( 'NONE', #700, #3193, #119 ) ;
#3978 = CYLINDRICAL_SURFACE ( 'NONE', #1956, 0.5000000000000000000 ) ;
#3979 = DIRECTION ( 'NONE',  ( 0.000000000000000000, -1.000000000000000000, 0.000000000000000000 ) ) ;
#3980 = ORIENTED_EDGE ( 'NONE', *, *, #410, .T. ) ;
#3981 = CARTESIAN_POINT ( 'NONE',  ( 20.35000000000000142, -0.2700000000000000178, -0.2000000000000000111 ) ) ;
#3982 = EDGE_CURVE ( 'NONE', #3017, #266, #331, .T. ) ;
#3983 = AXIS2_PLACEMENT_3D ( 'NONE', #2431, #2827, #4002 ) ;
#3984 = PLANE ( 'NONE',  #3588 ) ;
#3985 = CARTESIAN_POINT ( 'NONE',  ( -18.59999999999999787, 7.900000000000000355, -0.2000000000000000111 ) ) ;
#3986 = AXIS2_PLACEMENT_3D ( 'NONE', #1643, #3864, #2894 ) ;
#3987 = CARTESIAN_POINT ( 'NONE',  ( -20.35000000000000142, -2.810000000000000053, -0.2000000000000000111 ) ) ;
#3988 = ADVANCED_FACE ( 'NONE', ( #2427 ), #3971, .F. ) ;
#3989 = AXIS2_PLACEMENT_3D ( 'NONE', #3198, #956, #2565 ) ;
#3990 = ORIENTED_EDGE ( 'NONE', *, *, #3451, .T. ) ;
#3991 = LINE ( 'NONE', #1160, #1886 ) ;
#3992 = CARTESIAN_POINT ( 'NONE',  ( 18.59999999999999787, 3.810000000000000053, -1.199999999999999956 ) ) ;
#3993 = VECTOR ( 'NONE', #2417, 1000.000000000000000 ) ;
#3994 = DIRECTION ( 'NONE',  ( 0.000000000000000000, 0.000000000000000000, -1.000000000000000000 ) ) ;
#3995 = VERTEX_POINT ( 'NONE', #2407 ) ;
#3996 = LINE ( 'NONE', #3666, #2520 ) ;
#3997 = DIRECTION ( 'NONE',  ( -0.4165977904505300256, -0.9090909090909095047, 0.000000000000000000 ) ) ;
#3998 = ORIENTED_EDGE ( 'NONE', *, *, #493, .T. ) ;
#3999 = CIRCLE ( 'NONE', #458, 1.099999999999999201 ) ;
#4000 = ORIENTED_EDGE ( 'NONE', *, *, #1660, .F. ) ;
#4001 = CARTESIAN_POINT ( 'NONE',  ( -20.35000000000000142, 1.270000000000000018, -0.2000000000000000111 ) ) ;
#4002 = DIRECTION ( 'NONE',  ( -0.7071067811865455743, -0.7071067811865494601, 0.000000000000000000 ) ) ;
#4003 = ORIENTED_EDGE ( 'NONE', *, *, #3028, .T. ) ;
#4004 = LINE ( 'NONE', #1456, #2937 ) ;
#4005 = EDGE_CURVE ( 'NONE', #3508, #1377, #197, .T. ) ;
#4006 = CARTESIAN_POINT ( 'NONE',  ( -20.35000000000000142, -0.2700000000000000178, -0.2000000000000000111 ) ) ;
#4007 = CYLINDRICAL_SURFACE ( 'NONE', #912, 1.500000000000000666 ) ;
#4008 = ORIENTED_EDGE ( 'NONE', *, *, #909, .T. ) ;
#4009 = CARTESIAN_POINT ( 'NONE',  ( -19.05825756949559846, 0.2700000000000000178, 0.000000000000000000 ) ) ;
#4010 = EDGE_CURVE ( 'NONE', #1971, #1652, #3380, .T. ) ;
#4011 = CARTESIAN_POINT ( 'NONE',  ( 18.59999999999999787, 1.270000000000000018, 0.000000000000000000 ) ) ;
#4012 = CARTESIAN_POINT ( 'NONE',  ( 18.59999999999999787, 1.270000000000000018, -0.2000000000000000111 ) ) ;
#4013 = ORIENTED_EDGE ( 'NONE', *, *, #1666, .F. ) ;
#4014 = VERTEX_POINT ( 'NONE', #1517 ) ;
#4015 = DIRECTION ( 'NONE',  ( 0.000000000000000000, 0.000000000000000000, 1.000000000000000000 ) ) ;
#4016 = ORIENTED_EDGE ( 'NONE', *, *, #674, .F. ) ;
#4017 = EDGE_LOOP ( 'NONE', ( #1192, #3088, #3027, #1011 ) ) ;
#4018 = LINE ( 'NONE', #3622, #783 ) ;
#4019 = FACE_OUTER_BOUND ( 'NONE', #613, .T. ) ;
#4020 = ORIENTED_EDGE ( 'NONE', *, *, #4010, .F. ) ;
#4021 = DIRECTION ( 'NONE',  ( 0.000000000000000000, 0.000000000000000000, -1.000000000000000000 ) ) ;
#4022 = FACE_OUTER_BOUND ( 'NONE', #1145, .T. ) ;
#4023 = EDGE_LOOP ( 'NONE', ( #2640, #3745, #688, #1532 ) ) ;
#4024 = CARTESIAN_POINT ( 'NONE',  ( -18.59999999999999787, -3.810000000000000053, 0.000000000000000000 ) ) ;
#4025 = DIRECTION ( 'NONE',  ( 1.000000000000000000, 0.000000000000000000, 0.000000000000000000 ) ) ;
#4026 = CARTESIAN_POINT ( 'NONE',  ( -1.250000000000000000, 10.20000000000000107, 0.000000000000000000 ) ) ;
#4027 = AXIS2_PLACEMENT_3D ( 'NONE', #772, #644, #373 ) ;
#4028 = ORIENTED_EDGE ( 'NONE', *, *, #3406, .F. ) ;
#4029 = EDGE_CURVE ( 'NONE', #3032, #833, #1449, .T. ) ;
#4030 = EDGE_LOOP ( 'NONE', ( #3554, #1464, #56, #3197, #1254, #2837, #524, #2533 ) ) ;
#4031 = CARTESIAN_POINT ( 'NONE',  ( -7.849999999999999645, 3.899999999999999911, 6.000000000000000000 ) ) ;
#4032 = EDGE_LOOP ( 'NONE', ( #3479, #2158 ) ) ;
#4033 = EDGE_CURVE ( 'NONE', #3888, #266, #3026, .T. ) ;
#4034 = ORIENTED_EDGE ( 'NONE', *, *, #646, .F. ) ;
#4035 = FACE_OUTER_BOUND ( 'NONE', #1899, .T. ) ;
#4036 = LINE ( 'NONE', #3771, #3457 ) ;
#4037 = VECTOR ( 'NONE', #2132, 1000.000000000000000 ) ;
#4038 = VERTEX_POINT ( 'NONE', #798 ) ;
#4039 = VECTOR ( 'NONE', #2753, 1000.000000000000000 ) ;
#4040 = DIRECTION ( 'NONE',  ( 0.000000000000000000, 1.000000000000000000, 0.000000000000000000 ) ) ;
#4041 = CARTESIAN_POINT ( 'NONE',  ( 20.35000000000000142, 8.400000000000000355, 0.000000000000000000 ) ) ;
#4042 = DIRECTION ( 'NONE',  ( 0.000000000000000000, 0.000000000000000000, 1.000000000000000000 ) ) ;
#4043 = CIRCLE ( 'NONE', #506, 0.5000000000000004441 ) ;
#4044 = VECTOR ( 'NONE', #1739, 1000.000000000000000 ) ;
#4045 = ORIENTED_EDGE ( 'NONE', *, *, #3703, .F. ) ;
#4046 = CARTESIAN_POINT ( 'NONE',  ( -10.17500000000000071, -0.2700000000000210010, 0.000000000000000000 ) ) ;
#4047 = CARTESIAN_POINT ( 'NONE',  ( 10.17500000000000071, 0.2700000000000140066, 0.000000000000000000 ) ) ;
#4048 = PLANE ( 'NONE',  #48 ) ;
#4049 = EDGE_CURVE ( 'NONE', #1796, #84, #1428, .T. ) ;
#4050 = EDGE_CURVE ( 'NONE', #1267, #2267, #483, .T. ) ;
#4051 = AXIS2_PLACEMENT_3D ( 'NONE', #2309, #746, #2003 ) ;
#4052 = ORIENTED_EDGE ( 'NONE', *, *, #3328, .T. ) ;
#4053 = VERTEX_POINT ( 'NONE', #3199 ) ;
#4054 = AXIS2_PLACEMENT_3D ( 'NONE', #1617, #2249, #2541 ) ;
#4055 = DIRECTION ( 'NONE',  ( 0.000000000000000000, 0.000000000000000000, 1.000000000000000000 ) ) ;
#4056 =( NAMED_UNIT ( * ) SI_UNIT ( $, .STERADIAN. ) SOLID_ANGLE_UNIT ( ) );
#4057 = EDGE_CURVE ( 'NONE', #2242, #1688, #2444, .T. ) ;
#4058 = EDGE_LOOP ( 'NONE', ( #5, #3129 ) ) ;
#4059 = VECTOR ( 'NONE', #2321, 1000.000000000000000 ) ;
#4060 = ORIENTED_EDGE ( 'NONE', *, *, #1466, .T. ) ;
#4061 = DIRECTION ( 'NONE',  ( 0.000000000000000000, 0.000000000000000000, 1.000000000000000000 ) ) ;
#4062 = ADVANCED_FACE ( 'NONE', ( #3510 ), #706, .F. ) ;
#4063 = CARTESIAN_POINT ( 'NONE',  ( -18.09999999999999787, -3.810000000000000053, 0.000000000000000000 ) ) ;
#4064 = ORIENTED_EDGE ( 'NONE', *, *, #1972, .T. ) ;
#4065 = DIRECTION ( 'NONE',  ( -0.000000000000000000, 1.000000000000000000, 0.000000000000000000 ) ) ;
#4066 = DIRECTION ( 'NONE',  ( 1.000000000000000000, 6.344135470183149646E-16, 0.000000000000000000 ) ) ;
#4067 = LINE ( 'NONE', #1261, #512 ) ;
#4068 = DIRECTION ( 'NONE',  ( 0.000000000000000000, 0.000000000000000000, -1.000000000000000000 ) ) ;
ENDSEC;
END-ISO-10303-21;
