ISO-10303-21;
HEADER;
FILE_DESCRIPTION (( 'STEP AP214' ),
    '1' );
FILE_NAME ('Rail Block.STEP',
    '2026-02-17T16:07:59',
    ( '' ),
    ( '' ),
    'SwSTEP 2.0',
    'SolidWorks 2025',
    '' );
FILE_SCHEMA (( 'AUTOMOTIVE_DESIGN' ));
ENDSEC;

DATA;
#1 = VECTOR ( 'NONE', #905, 1000.000000000000000 ) ;
#2 = DIRECTION ( 'NONE',  ( 0.000000000000000000, 3.154042683594195121E-16, -1.000000000000000000 ) ) ;
#3 = VECTOR ( 'NONE', #1033, 1000.000000000000227 ) ;
#4 = DIRECTION ( 'NONE',  ( 0.000000000000000000, -1.000000000000000000, -3.154042683594195121E-16 ) ) ;
#5 = ORIENTED_EDGE ( 'NONE', *, *, #347, .F. ) ;
#6 = ORIENTED_EDGE ( 'NONE', *, *, #1938, .F. ) ;
#7 = CARTESIAN_POINT ( 'NONE',  ( -19.00000000000000000, -4.000000000000000000, 9.900000000000000355 ) ) ;
#8 = DIRECTION ( 'NONE',  ( 0.000000000000000000, 3.154042683594195121E-16, -1.000000000000000000 ) ) ;
#9 = EDGE_CURVE ( 'NONE', #2472, #493, #1246, .T. ) ;
#10 = ORIENTED_EDGE ( 'NONE', *, *, #2323, .T. ) ;
#11 = CARTESIAN_POINT ( 'NONE',  ( -23.00000000000000000, -4.000000000000000000, -4.500000000000000000 ) ) ;
#12 = PLANE ( 'NONE',  #2489 ) ;
#13 = DIRECTION ( 'NONE',  ( 0.000000000000000000, 0.000000000000000000, 1.000000000000000000 ) ) ;
#14 = EDGE_CURVE ( 'NONE', #1839, #1523, #2802, .T. ) ;
#15 = ORIENTED_EDGE ( 'NONE', *, *, #101, .T. ) ;
#16 = CARTESIAN_POINT ( 'NONE',  ( 5.500000000000000000, 3.500000000000000000, 10.00000000000000000 ) ) ;
#17 = ORIENTED_EDGE ( 'NONE', *, *, #2565, .F. ) ;
#18 = EDGE_LOOP ( 'NONE', ( #598, #681, #301, #2409, #2732, #2137 ) ) ;
#19 = DIRECTION ( 'NONE',  ( -1.000000000000000000, 0.000000000000000000, 0.000000000000000000 ) ) ;
#20 = ADVANCED_FACE ( 'NONE', ( #1925 ), #226, .F. ) ;
#21 = CARTESIAN_POINT ( 'NONE',  ( 0.000000000000000000, -4.000000000000000000, -4.500000000000000000 ) ) ;
#22 = ORIENTED_EDGE ( 'NONE', *, *, #707, .T. ) ;
#23 = EDGE_CURVE ( 'NONE', #332, #1207, #1277, .T. ) ;
#24 = FILL_AREA_STYLE_COLOUR ( '', #2129 ) ;
#25 = DIRECTION ( 'NONE',  ( 0.000000000000000000, -1.000000000000000000, -2.168404344971010101E-16 ) ) ;
#26 = LINE ( 'NONE', #684, #366 ) ;
#27 = PLANE ( 'NONE',  #2359 ) ;
#28 = EDGE_CURVE ( 'NONE', #180, #160, #124, .T. ) ;
#29 = ORIENTED_EDGE ( 'NONE', *, *, #347, .T. ) ;
#30 = DIRECTION ( 'NONE',  ( 0.000000000000000000, 1.000000000000000000, 0.000000000000000000 ) ) ;
#31 = ORIENTED_EDGE ( 'NONE', *, *, #1166, .F. ) ;
#32 = EDGE_LOOP ( 'NONE', ( #114, #2805, #1399, #906 ) ) ;
#34 = VECTOR ( 'NONE', #933, 1000.000000000000000 ) ;
#33 = CARTESIAN_POINT ( 'NONE',  ( -19.00000000000000000, 0.000000000000000000, 0.000000000000000000 ) ) ;
#35 = DIRECTION ( 'NONE',  ( 0.000000000000000000, -3.154042683594195121E-16, 1.000000000000000000 ) ) ;
#36 = ORIENTED_EDGE ( 'NONE', *, *, #448, .F. ) ;
#37 = VECTOR ( 'NONE', #2014, 1000.000000000000000 ) ;
#38 = ADVANCED_FACE ( 'NONE', ( #2580 ), #1260, .F. ) ;
#39 = ORIENTED_EDGE ( 'NONE', *, *, #23, .F. ) ;
#40 = DIRECTION ( 'NONE',  ( 1.000000000000000000, 0.000000000000000000, 0.000000000000000000 ) ) ;
#41 = AXIS2_PLACEMENT_3D ( 'NONE', #1466, #633, #183 ) ;
#42 = VECTOR ( 'NONE', #882, 1000.000000000000000 ) ;
#43 = DIRECTION ( 'NONE',  ( -1.000000000000000000, 0.000000000000000000, 0.000000000000000000 ) ) ;
#44 = DIRECTION ( 'NONE',  ( 0.000000000000000000, 1.000000000000000000, 0.000000000000000000 ) ) ;
#45 = AXIS2_PLACEMENT_3D ( 'NONE', #2618, #1334, #465 ) ;
#46 = AXIS2_PLACEMENT_3D ( 'NONE', #367, #1650, #1463 ) ;
#47 = ORIENTED_EDGE ( 'NONE', *, *, #1957, .T. ) ;
#48 = LINE ( 'NONE', #235, #1556 ) ;
#49 = EDGE_CURVE ( 'NONE', #1736, #531, #2366, .T. ) ;
#50 = VERTEX_POINT ( 'NONE', #1881 ) ;
#51 = FACE_BOUND ( 'NONE', #2763, .T. ) ;
#52 = VERTEX_POINT ( 'NONE', #2096 ) ;
#53 = DIRECTION ( 'NONE',  ( 0.000000000000000000, -4.625929269271489858E-16, 1.000000000000000000 ) ) ;
#54 = DIRECTION ( 'NONE',  ( -1.000000000000000000, 0.000000000000000000, 0.000000000000000000 ) ) ;
#55 = CARTESIAN_POINT ( 'NONE',  ( 5.500000000000000000, 3.500000000000000000, 10.00000000000000000 ) ) ;
#56 = LINE ( 'NONE', #2636, #912 ) ;
#57 = ORIENTED_EDGE ( 'NONE', *, *, #1094, .T. ) ;
#58 = CARTESIAN_POINT ( 'NONE',  ( 4.000000000000000000, 0.5000000000000000000, -4.500000000000000000 ) ) ;
#59 = EDGE_LOOP ( 'NONE', ( #1689, #1816, #1165 ) ) ;
#60 = EDGE_CURVE ( 'NONE', #795, #832, #424, .T. ) ;
#61 = ORIENTED_EDGE ( 'NONE', *, *, #2047, .T. ) ;
#62 = EDGE_CURVE ( 'NONE', #1097, #2193, #2596, .T. ) ;
#63 = LINE ( 'NONE', #942, #2765 ) ;
#64 = VERTEX_POINT ( 'NONE', #1722 ) ;
#65 = ORIENTED_EDGE ( 'NONE', *, *, #1700, .T. ) ;
#66 = CARTESIAN_POINT ( 'NONE',  ( -4.500000000000000000, 4.000000000000000000, -7.500000000000000000 ) ) ;
#67 = DIRECTION ( 'NONE',  ( 0.000000000000000000, 1.000000000000000000, 2.168404344971010101E-16 ) ) ;
#68 = LINE ( 'NONE', #2296, #2224 ) ;
#69 = DIRECTION ( 'NONE',  ( 1.000000000000000000, 0.000000000000000000, 0.000000000000000000 ) ) ;
#70 = DIRECTION ( 'NONE',  ( 0.000000000000000000, 1.000000000000000000, 0.000000000000000000 ) ) ;
#71 = ORIENTED_EDGE ( 'NONE', *, *, #813, .T. ) ;
#72 = PLANE ( 'NONE',  #651 ) ;
#73 = ORIENTED_EDGE ( 'NONE', *, *, #1595, .F. ) ;
#74 = ADVANCED_FACE ( 'NONE', ( #1697 ), #2148, .F. ) ;
#75 = ORIENTED_EDGE ( 'NONE', *, *, #1581, .T. ) ;
#76 = DIRECTION ( 'NONE',  ( 0.000000000000000000, 3.154042683594195121E-16, -1.000000000000000000 ) ) ;
#77 = EDGE_LOOP ( 'NONE', ( #1022, #1805, #1620, #2442 ) ) ;
#78 = EDGE_CURVE ( 'NONE', #1608, #1133, #2347, .T. ) ;
#79 = AXIS2_PLACEMENT_3D ( 'NONE', #1291, #1540, #2378 ) ;
#80 = VERTEX_POINT ( 'NONE', #202 ) ;
#81 = DIRECTION ( 'NONE',  ( -1.000000000000000000, 0.000000000000000000, 0.000000000000000000 ) ) ;
#82 = PLANE ( 'NONE',  #2535 ) ;
#83 = PLANE ( 'NONE',  #1190 ) ;
#84 = VECTOR ( 'NONE', #2258, 1000.000000000000114 ) ;
#85 = SURFACE_SIDE_STYLE ('',( #2034 ) ) ;
#86 = SURFACE_STYLE_FILL_AREA ( #1604 ) ;
#87 = VECTOR ( 'NONE', #473, 1000.000000000000000 ) ;
#88 = VERTEX_POINT ( 'NONE', #1074 ) ;
#89 = CARTESIAN_POINT ( 'NONE',  ( -18.89999999999999858, -4.000000000000000000, -4.500000000000000000 ) ) ;
#90 = AXIS2_PLACEMENT_3D ( 'NONE', #1328, #2142, #1985 ) ;
#91 = EDGE_LOOP ( 'NONE', ( #205, #1175 ) ) ;
#92 = VECTOR ( 'NONE', #767, 1000.000000000000000 ) ;
#93 = EDGE_CURVE ( 'NONE', #1610, #2240, #594, .T. ) ;
#94 = VERTEX_POINT ( 'NONE', #1951 ) ;
#95 = VECTOR ( 'NONE', #1548, 1000.000000000000000 ) ;
#96 = LINE ( 'NONE', #543, #1225 ) ;
#97 = ORIENTED_EDGE ( 'NONE', *, *, #903, .T. ) ;
#98 = EDGE_LOOP ( 'NONE', ( #1917, #2499, #2070, #342 ) ) ;
#99 = CARTESIAN_POINT ( 'NONE',  ( -18.89999999999999858, 3.500000000000000000, -4.500000000000000000 ) ) ;
#100 = DIRECTION ( 'NONE',  ( 0.000000000000000000, 1.000000000000000000, 0.000000000000000000 ) ) ;
#101 = EDGE_CURVE ( 'NONE', #2225, #1549, #1767, .T. ) ;
#102 = CARTESIAN_POINT ( 'NONE',  ( -18.89999999999999858, -4.000000000000000000, -9.900000000000000355 ) ) ;
#103 = PRESENTATION_STYLE_ASSIGNMENT (( #2056 ) ) ;
#104 = ORIENTED_EDGE ( 'NONE', *, *, #1058, .T. ) ;
#105 = LINE ( 'NONE', #2491, #2595 ) ;
#106 = ORIENTED_EDGE ( 'NONE', *, *, #2751, .F. ) ;
#107 = ORIENTED_EDGE ( 'NONE', *, *, #1048, .T. ) ;
#108 = ORIENTED_EDGE ( 'NONE', *, *, #1152, .F. ) ;
#109 = EDGE_CURVE ( 'NONE', #2558, #603, #1715, .T. ) ;
#110 = CARTESIAN_POINT ( 'NONE',  ( -0.1000000000000030032, 0.5000000000000000000, 4.500000000000000000 ) ) ;
#111 = DIRECTION ( 'NONE',  ( 0.000000000000000000, 0.7071067811865500152, -0.7071067811865450192 ) ) ;
#112 = FACE_OUTER_BOUND ( 'NONE', #691, .T. ) ;
#113 = EDGE_CURVE ( 'NONE', #384, #614, #1149, .T. ) ;
#114 = ORIENTED_EDGE ( 'NONE', *, *, #1848, .T. ) ;
#115 = FACE_OUTER_BOUND ( 'NONE', #98, .T. ) ;
#116 = ADVANCED_FACE ( 'NONE', ( #1544 ), #2173, .F. ) ;
#117 = ORIENTED_EDGE ( 'NONE', *, *, #761, .F. ) ;
#118 =( NAMED_UNIT ( * ) SI_UNIT ( $, .STERADIAN. ) SOLID_ANGLE_UNIT ( ) );
#119 = ORIENTED_EDGE ( 'NONE', *, *, #2202, .T. ) ;
#120 = ORIENTED_EDGE ( 'NONE', *, *, #2734, .T. ) ;
#121 = CARTESIAN_POINT ( 'NONE',  ( -23.00000000000000000, 0.5000000000000000000, 0.000000000000000000 ) ) ;
#122 = CARTESIAN_POINT ( 'NONE',  ( -0.09999999999999589773, 3.899999999999999911, 10.00000000000000000 ) ) ;
#123 = CARTESIAN_POINT ( 'NONE',  ( -19.00000000000000000, 4.000000000000000000, -5.000000000000000000 ) ) ;
#124 = CIRCLE ( 'NONE', #2301, 1.249999999999999334 ) ;
#125 = APPLICATION_PROTOCOL_DEFINITION ( 'draft international standard', 'automotive_design', 1998, #1745 ) ;
#126 = DIRECTION ( 'NONE',  ( 0.5773502691896387207, -0.5773502691896197359, 0.5773502691896187367 ) ) ;
#127 = FACE_OUTER_BOUND ( 'NONE', #18, .T. ) ;
#128 = MECHANICAL_DESIGN_GEOMETRIC_PRESENTATION_REPRESENTATION (  '', ( #589 ), #1317 ) ;
#129 = ORIENTED_EDGE ( 'NONE', *, *, #1875, .F. ) ;
#130 = CARTESIAN_POINT ( 'NONE',  ( 4.000000000000000000, 0.5000000000000000000, 4.500000000000000000 ) ) ;
#131 = VECTOR ( 'NONE', #1791, 1000.000000000000000 ) ;
#132 = AXIS2_PLACEMENT_3D ( 'NONE', #932, #2257, #945 ) ;
#133 = EDGE_CURVE ( 'NONE', #2117, #1779, #892, .T. ) ;
#134 = ORIENTED_EDGE ( 'NONE', *, *, #2554, .T. ) ;
#135 = VECTOR ( 'NONE', #1528, 1000.000000000000000 ) ;
#136 = CARTESIAN_POINT ( 'NONE',  ( -14.50000000000000000, 4.000000000000000000, 6.250000000000000000 ) ) ;
#137 = VECTOR ( 'NONE', #2556, 1000.000000000000000 ) ;
#138 = ORIENTED_EDGE ( 'NONE', *, *, #2381, .F. ) ;
#139 = LINE ( 'NONE', #619, #2633 ) ;
#140 = DIRECTION ( 'NONE',  ( 0.000000000000000000, 0.000000000000000000, 1.000000000000000000 ) ) ;
#141 = DIRECTION ( 'NONE',  ( 0.000000000000000000, -0.7071067811865500152, 0.7071067811865450192 ) ) ;
#142 = DIRECTION ( 'NONE',  ( 0.000000000000000000, -1.000000000000000000, 0.000000000000000000 ) ) ;
#143 = CARTESIAN_POINT ( 'NONE',  ( 0.000000000000000000, 3.500000000000000000, -10.00000000000000000 ) ) ;
#144 = VERTEX_POINT ( 'NONE', #246 ) ;
#145 = LINE ( 'NONE', #2331, #233 ) ;
#146 = DIRECTION ( 'NONE',  ( 1.000000000000000000, 0.000000000000000000, 0.000000000000000000 ) ) ;
#147 = EDGE_CURVE ( 'NONE', #948, #1610, #56, .T. ) ;
#148 = ORIENTED_EDGE ( 'NONE', *, *, #1026, .F. ) ;
#149 = ADVANCED_FACE ( 'NONE', ( #1740 ), #1784, .F. ) ;
#150 = CARTESIAN_POINT ( 'NONE',  ( -4.500000000000000000, -2.000000000000000000, -7.500000000000000000 ) ) ;
#151 = VERTEX_POINT ( 'NONE', #1318 ) ;
#152 = EDGE_CURVE ( 'NONE', #916, #2179, #232, .T. ) ;
#153 = ORIENTED_EDGE ( 'NONE', *, *, #1152, .T. ) ;
#154 = CARTESIAN_POINT ( 'NONE',  ( 4.000000000000000000, -4.000000000000000000, -10.00000000000000000 ) ) ;
#155 = LINE ( 'NONE', #1029, #1678 ) ;
#156 = DIRECTION ( 'NONE',  ( 0.5773502691896270633, -0.5773502691896280625, 0.5773502691896220673 ) ) ;
#157 = DIRECTION ( 'NONE',  ( 0.000000000000000000, 0.000000000000000000, -1.000000000000000000 ) ) ;
#158 = CARTESIAN_POINT ( 'NONE',  ( -24.50000000000000000, -4.000000000000000000, -10.00000000000000000 ) ) ;
#159 = DIRECTION ( 'NONE',  ( 0.000000000000000000, 1.000000000000000000, 0.000000000000000000 ) ) ;
#160 = VERTEX_POINT ( 'NONE', #1529 ) ;
#161 = EDGE_CURVE ( 'NONE', #2230, #1323, #659, .T. ) ;
#162 = DIRECTION ( 'NONE',  ( 0.000000000000000000, 1.577021341797100025E-16, -1.000000000000000000 ) ) ;
#163 = DIRECTION ( 'NONE',  ( 0.000000000000000000, -0.7071067811865500152, 0.7071067811865450192 ) ) ;
#164 = ORIENTED_EDGE ( 'NONE', *, *, #2175, .T. ) ;
#165 = VERTEX_POINT ( 'NONE', #2619 ) ;
#166 = DIRECTION ( 'NONE',  ( 0.000000000000000000, -0.7071067811865500152, 0.7071067811865450192 ) ) ;
#167 = FACE_OUTER_BOUND ( 'NONE', #2495, .T. ) ;
#168 = EDGE_CURVE ( 'NONE', #2726, #1005, #1797, .T. ) ;
#169 = LINE ( 'NONE', #2528, #315 ) ;
#170 = DIRECTION ( 'NONE',  ( 0.000000000000000000, 0.000000000000000000, 1.000000000000000000 ) ) ;
#171 = DIRECTION ( 'NONE',  ( 0.000000000000000000, 0.000000000000000000, 1.000000000000000000 ) ) ;
#172 = DIRECTION ( 'NONE',  ( 0.000000000000000000, -3.154042683594195121E-16, 1.000000000000000000 ) ) ;
#173 = CARTESIAN_POINT ( 'NONE',  ( -23.00000000000000000, 0.5000000000000000000, 4.500000000000000000 ) ) ;
#174 = CIRCLE ( 'NONE', #1220, 1.250000000000000222 ) ;
#175 = AXIS2_PLACEMENT_3D ( 'NONE', #1242, #2514, #2327 ) ;
#176 = EDGE_LOOP ( 'NONE', ( #750, #1398, #2425, #1480, #1658, #29, #15, #763 ) ) ;
#177 = VECTOR ( 'NONE', #81, 1000.000000000000000 ) ;
#178 = CARTESIAN_POINT ( 'NONE',  ( -23.00000000000000000, -4.000000000000000000, -4.500000000000000000 ) ) ;
#179 = CARTESIAN_POINT ( 'NONE',  ( -18.89999999999999858, 4.000000000000000000, -5.000000000000000000 ) ) ;
#180 = VERTEX_POINT ( 'NONE', #1980 ) ;
#181 = VECTOR ( 'NONE', #588, 1000.000000000000000 ) ;
#182 = ORIENTED_EDGE ( 'NONE', *, *, #133, .F. ) ;
#183 = DIRECTION ( 'NONE',  ( 0.000000000000000000, 0.000000000000000000, 1.000000000000000000 ) ) ;
#184 = PLANE ( 'NONE',  #175 ) ;
#185 = VECTOR ( 'NONE', #1091, 1000.000000000000000 ) ;
#186 = CIRCLE ( 'NONE', #749, 1.250000000000000222 ) ;
#187 = FACE_OUTER_BOUND ( 'NONE', #1831, .T. ) ;
#188 = ADVANCED_FACE ( 'NONE', ( #436 ), #27, .F. ) ;
#189 = CARTESIAN_POINT ( 'NONE',  ( -18.89999999999999858, 4.000000000000000000, 4.500000000000000000 ) ) ;
#190 = FACE_OUTER_BOUND ( 'NONE', #2459, .T. ) ;
#191 = DIRECTION ( 'NONE',  ( 0.5773502691896390537, -0.5773502691896190697, 0.5773502691896190697 ) ) ;
#192 = ORIENTED_EDGE ( 'NONE', *, *, #1315, .T. ) ;
#193 = DIRECTION ( 'NONE',  ( 0.000000000000000000, 1.000000000000000000, 0.000000000000000000 ) ) ;
#194 = ORIENTED_EDGE ( 'NONE', *, *, #2141, .F. ) ;
#195 = DIRECTION ( 'NONE',  ( 0.000000000000000000, 0.000000000000000000, 1.000000000000000000 ) ) ;
#196 = DIRECTION ( 'NONE',  ( 0.000000000000000000, 1.000000000000000000, 0.000000000000000000 ) ) ;
#197 = LINE ( 'NONE', #2314, #2407 ) ;
#198 = EDGE_CURVE ( 'NONE', #247, #1039, #935, .T. ) ;
#199 = FACE_OUTER_BOUND ( 'NONE', #2524, .T. ) ;
#200 = LINE ( 'NONE', #1304, #2261 ) ;
#201 = DIRECTION ( 'NONE',  ( 0.000000000000000000, -3.154042683594195121E-16, 1.000000000000000000 ) ) ;
#202 = CARTESIAN_POINT ( 'NONE',  ( -0.1000000000000030032, 0.5000000000000000000, -4.500000000000000000 ) ) ;
#203 = CARTESIAN_POINT ( 'NONE',  ( 5.500000000000000000, 0.000000000000000000, 0.000000000000000000 ) ) ;
#204 = ADVANCED_FACE ( 'NONE', ( #1349 ), #215, .T. ) ;
#205 = ORIENTED_EDGE ( 'NONE', *, *, #606, .F. ) ;
#206 = ORIENTED_EDGE ( 'NONE', *, *, #1921, .T. ) ;
#207 = FACE_OUTER_BOUND ( 'NONE', #1025, .T. ) ;
#208 = DIRECTION ( 'NONE',  ( 0.000000000000000000, 0.000000000000000000, 1.000000000000000000 ) ) ;
#209 = DIRECTION ( 'NONE',  ( 1.000000000000000000, 0.000000000000000000, 0.000000000000000000 ) ) ;
#210 = ORIENTED_EDGE ( 'NONE', *, *, #1750, .T. ) ;
#211 = DIRECTION ( 'NONE',  ( 0.000000000000000000, 0.000000000000000000, 1.000000000000000000 ) ) ;
#212 = DIRECTION ( 'NONE',  ( 0.000000000000000000, 1.000000000000000000, 0.000000000000000000 ) ) ;
#213 = EDGE_CURVE ( 'NONE', #1844, #1465, #2506, .T. ) ;
#214 = DIRECTION ( 'NONE',  ( 0.000000000000000000, -1.577021341797100025E-16, 1.000000000000000000 ) ) ;
#215 = PLANE ( 'NONE',  #2085 ) ;
#216 = CARTESIAN_POINT ( 'NONE',  ( -18.95000000000000284, 3.950000000000000178, -9.950000000000001066 ) ) ;
#217 = ORIENTED_EDGE ( 'NONE', *, *, #1735, .F. ) ;
#218 =( GEOMETRIC_REPRESENTATION_CONTEXT ( 3 ) GLOBAL_UNCERTAINTY_ASSIGNED_CONTEXT ( ( #854 ) ) GLOBAL_UNIT_ASSIGNED_CONTEXT ( ( #2744, #819, #1866 ) ) REPRESENTATION_CONTEXT ( 'NONE', 'WORKASPACE' ) );
#219 = EDGE_CURVE ( 'NONE', #2193, #2623, #1615, .T. ) ;
#220 = AXIS2_PLACEMENT_3D ( 'NONE', #823, #2075, #2531 ) ;
#221 = ORIENTED_EDGE ( 'NONE', *, *, #78, .T. ) ;
#222 = VECTOR ( 'NONE', #2145, 1000.000000000000000 ) ;
#223 = DIRECTION ( 'NONE',  ( 0.000000000000000000, 1.000000000000000000, 0.000000000000000000 ) ) ;
#224 = DIRECTION ( 'NONE',  ( 0.000000000000000000, -1.000000000000000000, 0.000000000000000000 ) ) ;
#225 = VECTOR ( 'NONE', #2587, 1000.000000000000000 ) ;
#226 = CONICAL_SURFACE ( 'NONE', #2589, 1.250000000000000222, 1.029744258676652313 ) ;
#227 = ORIENTED_EDGE ( 'NONE', *, *, #1834, .T. ) ;
#228 = CARTESIAN_POINT ( 'NONE',  ( -19.00000000000000000, 0.5000000000000000000, 4.500000000000000000 ) ) ;
#229 = LINE ( 'NONE', #1500, #1813 ) ;
#230 = DIRECTION ( 'NONE',  ( 0.000000000000000000, -1.000000000000000000, -2.312964634635744929E-16 ) ) ;
#231 = AXIS2_PLACEMENT_3D ( 'NONE', #261, #1522, #2382 ) ;
#232 = LINE ( 'NONE', #1968, #740 ) ;
#233 = VECTOR ( 'NONE', #1020, 1000.000000000000000 ) ;
#234 = ORIENTED_EDGE ( 'NONE', *, *, #1395, .T. ) ;
#235 = CARTESIAN_POINT ( 'NONE',  ( -17.39999999999999858, -0.9999999999999670264, 3.000000000000035083 ) ) ;
#236 = ORIENTED_EDGE ( 'NONE', *, *, #2239, .T. ) ;
#237 = EDGE_CURVE ( 'NONE', #1523, #2471, #507, .T. ) ;
#238 = ORIENTED_EDGE ( 'NONE', *, *, #2300, .F. ) ;
#239 = CARTESIAN_POINT ( 'NONE',  ( -1.333333333333339921, 2.666666666666659857, -11.23333333333331829 ) ) ;
#240 = DIRECTION ( 'NONE',  ( 0.000000000000000000, 0.000000000000000000, -1.000000000000000000 ) ) ;
#241 = EDGE_CURVE ( 'NONE', #746, #2235, #523, .T. ) ;
#242 = VERTEX_POINT ( 'NONE', #2477 ) ;
#243 = DIRECTION ( 'NONE',  ( 0.000000000000000000, 1.000000000000000000, 0.000000000000000000 ) ) ;
#244 = LINE ( 'NONE', #1117, #1136 ) ;
#245 = CARTESIAN_POINT ( 'NONE',  ( 1.300000000000000044, -2.600000000000000089, -8.599999999999999645 ) ) ;
#246 = CARTESIAN_POINT ( 'NONE',  ( -0.1000000000000030032, -4.000000000000000000, -4.500000000000000000 ) ) ;
#247 = VERTEX_POINT ( 'NONE', #1174 ) ;
#248 = FACE_OUTER_BOUND ( 'NONE', #1035, .T. ) ;
#249 = ORIENTED_EDGE ( 'NONE', *, *, #219, .F. ) ;
#250 = EDGE_CURVE ( 'NONE', #603, #397, #769, .T. ) ;
#251 = ORIENTED_EDGE ( 'NONE', *, *, #2007, .T. ) ;
#252 = CARTESIAN_POINT ( 'NONE',  ( -19.00000000000000000, 0.5999999999999999778, -4.599999999999999645 ) ) ;
#253 = FACE_OUTER_BOUND ( 'NONE', #1916, .T. ) ;
#254 = ORIENTED_EDGE ( 'NONE', *, *, #2635, .T. ) ;
#255 = VERTEX_POINT ( 'NONE', #322 ) ;
#256 = LINE ( 'NONE', #1116, #1501 ) ;
#257 = CARTESIAN_POINT ( 'NONE',  ( -19.00000000000000000, -4.000000000000000000, 4.500000000000000000 ) ) ;
#258 = LINE ( 'NONE', #2634, #462 ) ;
#259 = DIRECTION ( 'NONE',  ( 0.000000000000000000, 1.000000000000000000, 0.000000000000000000 ) ) ;
#260 = ORIENTED_EDGE ( 'NONE', *, *, #429, .T. ) ;
#261 = CARTESIAN_POINT ( 'NONE',  ( -4.500000000000000000, -2.000000000000000000, -7.500000000000000000 ) ) ;
#262 = ORIENTED_EDGE ( 'NONE', *, *, #576, .F. ) ;
#263 = ORIENTED_EDGE ( 'NONE', *, *, #1519, .T. ) ;
#264 = AXIS2_PLACEMENT_3D ( 'NONE', #975, #2462, #1377 ) ;
#265 = DIRECTION ( 'NONE',  ( 0.000000000000000000, 1.000000000000000000, 1.577021341797094849E-16 ) ) ;
#266 = MANIFOLD_SOLID_BREP ( 'NONE', #1096 ) ;
#267 = ORIENTED_EDGE ( 'NONE', *, *, #2586, .F. ) ;
#268 = AXIS2_PLACEMENT_3D ( 'NONE', #2285, #2312, #140 ) ;
#269 = ORIENTED_EDGE ( 'NONE', *, *, #1457, .F. ) ;
#270 = DIRECTION ( 'NONE',  ( 0.000000000000000000, 0.7071067811865600072, -0.7071067811865350272 ) ) ;
#271 = CARTESIAN_POINT ( 'NONE',  ( 0.000000000000000000, -0.5707106781186649380, -0.5707106781186689348 ) ) ;
#272 = AXIS2_PLACEMENT_3D ( 'NONE', #2644, #692, #443 ) ;
#273 = VECTOR ( 'NONE', #2781, 1000.000000000000000 ) ;
#274 = LINE ( 'NONE', #1753, #508 ) ;
#275 = CARTESIAN_POINT ( 'NONE',  ( -19.00000000000000000, -3.899999999999999911, 10.00000000000000000 ) ) ;
#276 = VECTOR ( 'NONE', #2276, 1000.000000000000000 ) ;
#277 = EDGE_CURVE ( 'NONE', #2558, #2206, #552, .T. ) ;
#278 = MANIFOLD_SOLID_BREP ( 'NONE', #2079 ) ;
#279 = VECTOR ( 'NONE', #555, 1000.000000000000000 ) ;
#280 = ORIENTED_EDGE ( 'NONE', *, *, #936, .T. ) ;
#281 = DIRECTION ( 'NONE',  ( 0.000000000000000000, 1.000000000000000000, 4.625929269271489858E-16 ) ) ;
#282 = VERTEX_POINT ( 'NONE', #536 ) ;
#283 = EDGE_CURVE ( 'NONE', #255, #614, #2277, .T. ) ;
#284 = AXIS2_PLACEMENT_3D ( 'NONE', #1701, #1024, #2108 ) ;
#285 = MANIFOLD_SOLID_BREP ( 'NONE', #1370 ) ;
#286 = ORIENTED_EDGE ( 'NONE', *, *, #1635, .F. ) ;
#287 = DIRECTION ( 'NONE',  ( 0.000000000000000000, -1.000000000000000000, 0.000000000000000000 ) ) ;
#288 = EDGE_LOOP ( 'NONE', ( #1987, #2708, #828, #2140 ) ) ;
#289 = ORIENTED_EDGE ( 'NONE', *, *, #1788, .F. ) ;
#290 = DIRECTION ( 'NONE',  ( -0.5773502691896058581, 0.5773502691896257311, -0.5773502691896457151 ) ) ;
#291 = FACE_OUTER_BOUND ( 'NONE', #2348, .T. ) ;
#292 = CARTESIAN_POINT ( 'NONE',  ( -14.50000000000000000, -2.000000000000000000, -8.750000000000000000 ) ) ;
#293 = EDGE_CURVE ( 'NONE', #397, #2206, #174, .T. ) ;
#294 = PRESENTATION_STYLE_ASSIGNMENT (( #2287 ) ) ;
#295 = VERTEX_POINT ( 'NONE', #2789 ) ;
#296 = CARTESIAN_POINT ( 'NONE',  ( -23.00000000000000000, 3.500000000000000000, 0.000000000000000000 ) ) ;
#297 = EDGE_LOOP ( 'NONE', ( #106, #628, #723 ) ) ;
#298 = ADVANCED_FACE ( 'NONE', ( #199 ), #1890, .T. ) ;
#299 = ORIENTED_EDGE ( 'NONE', *, *, #2252, .F. ) ;
#300 = PLANE ( 'NONE',  #641 ) ;
#301 = ORIENTED_EDGE ( 'NONE', *, *, #1110, .F. ) ;
#302 = VERTEX_POINT ( 'NONE', #861 ) ;
#303 = CARTESIAN_POINT ( 'NONE',  ( 0.000000000000000000, 0.5999999999999999778, 4.599999999999999645 ) ) ;
#304 = FACE_OUTER_BOUND ( 'NONE', #764, .T. ) ;
#305 = CARTESIAN_POINT ( 'NONE',  ( -0.1000000000000030032, 3.899999999999999911, -10.00000000000000000 ) ) ;
#306 = DIRECTION ( 'NONE',  ( 0.000000000000000000, 0.000000000000000000, -1.000000000000000000 ) ) ;
#307 = EDGE_CURVE ( 'NONE', #180, #2204, #2563, .T. ) ;
#308 = ORIENTED_EDGE ( 'NONE', *, *, #152, .T. ) ;
#309 = FACE_OUTER_BOUND ( 'NONE', #1057, .T. ) ;
#310 = EDGE_LOOP ( 'NONE', ( #348, #1703, #104, #1169, #1396, #75, #559, #2697 ) ) ;
#311 = ORIENTED_EDGE ( 'NONE', *, *, #1618, .F. ) ;
#312 = ADVANCED_FACE ( 'NONE', ( #838 ), #1031, .F. ) ;
#313 = LINE ( 'NONE', #971, #2717 ) ;
#314 = ORIENTED_EDGE ( 'NONE', *, *, #1247, .F. ) ;
#315 = VECTOR ( 'NONE', #1273, 1000.000000000000000 ) ;
#316 = ADVANCED_FACE ( 'NONE', ( #2756 ), #2103, .F. ) ;
#317 = VERTEX_POINT ( 'NONE', #1679 ) ;
#318 = DIRECTION ( 'NONE',  ( 0.000000000000000000, 0.000000000000000000, 1.000000000000000000 ) ) ;
#319 = CARTESIAN_POINT ( 'NONE',  ( -23.00000000000000000, 3.500000000000000000, 10.00000000000000000 ) ) ;
#320 = CARTESIAN_POINT ( 'NONE',  ( -24.50000000000000000, 3.500000000000000000, 10.00000000000000000 ) ) ;
#321 = VECTOR ( 'NONE', #1084, 1000.000000000000000 ) ;
#322 = CARTESIAN_POINT ( 'NONE',  ( -24.50000000000000000, -4.000000000000000000, 4.500000000000000000 ) ) ;
#323 = VECTOR ( 'NONE', #290, 1000.000000000000114 ) ;
#324 = ORIENTED_EDGE ( 'NONE', *, *, #687, .T. ) ;
#325 = FACE_OUTER_BOUND ( 'NONE', #2186, .T. ) ;
#326 = VECTOR ( 'NONE', #2138, 1000.000000000000000 ) ;
#327 = VECTOR ( 'NONE', #686, 1000.000000000000000 ) ;
#328 = ORIENTED_EDGE ( 'NONE', *, *, #2349, .F. ) ;
#329 = ADVANCED_FACE ( 'NONE', ( #1693 ), #1718, .T. ) ;
#330 = AXIS2_PLACEMENT_3D ( 'NONE', #1154, #2481, #69 ) ;
#331 = ORIENTED_EDGE ( 'NONE', *, *, #2394, .T. ) ;
#332 = VERTEX_POINT ( 'NONE', #607 ) ;
#333 = LINE ( 'NONE', #1583, #2403 ) ;
#334 = DIRECTION ( 'NONE',  ( 0.000000000000000000, 1.000000000000000000, 1.577021341797100025E-16 ) ) ;
#335 = LINE ( 'NONE', #999, #2544 ) ;
#336 = EDGE_CURVE ( 'NONE', #1308, #2809, #1469, .T. ) ;
#337 = VERTEX_POINT ( 'NONE', #388 ) ;
#338 = LINE ( 'NONE', #2067, #918 ) ;
#339 = EDGE_LOOP ( 'NONE', ( #360, #206, #369, #1727 ) ) ;
#340 = ADVANCED_FACE ( 'NONE', ( #1017 ), #1485, .F. ) ;
#341 = LINE ( 'NONE', #2768, #1008 ) ;
#342 = ORIENTED_EDGE ( 'NONE', *, *, #1735, .T. ) ;
#343 = EDGE_LOOP ( 'NONE', ( #1240, #486, #1849, #1547 ) ) ;
#344 = DIRECTION ( 'NONE',  ( 0.000000000000000000, -1.000000000000000000, -4.336808689942015271E-16 ) ) ;
#345 = DIRECTION ( 'NONE',  ( 1.000000000000000000, 0.000000000000000000, 0.000000000000000000 ) ) ;
#346 = LINE ( 'NONE', #1416, #1905 ) ;
#347 = EDGE_CURVE ( 'NONE', #1565, #2225, #1257, .T. ) ;
#348 = ORIENTED_EDGE ( 'NONE', *, *, #1546, .T. ) ;
#349 = LINE ( 'NONE', #853, #1868 ) ;
#350 = ORIENTED_EDGE ( 'NONE', *, *, #722, .F. ) ;
#351 = CARTESIAN_POINT ( 'NONE',  ( -16.26666666666665151, 1.266666666666649954, -12.63333333333331865 ) ) ;
#352 = ORIENTED_EDGE ( 'NONE', *, *, #1790, .T. ) ;
#353 = ORIENTED_EDGE ( 'NONE', *, *, #1341, .F. ) ;
#354 = CARTESIAN_POINT ( 'NONE',  ( -21.56666666666659893, 1.333333333333396098, 7.333333333333309945 ) ) ;
#355 = DIRECTION ( 'NONE',  ( 0.000000000000000000, 1.000000000000000000, 3.154042683594195121E-16 ) ) ;
#356 = DIRECTION ( 'NONE',  ( 0.000000000000000000, -0.7071067811865450192, -0.7071067811865500152 ) ) ;
#357 = FACE_OUTER_BOUND ( 'NONE', #1775, .T. ) ;
#358 = DIRECTION ( 'NONE',  ( -0.5773502691896290617, -0.5773502691896240657, 0.5773502691896240657 ) ) ;
#359 = VECTOR ( 'NONE', #863, 1000.000000000000000 ) ;
#360 = ORIENTED_EDGE ( 'NONE', *, *, #557, .F. ) ;
#361 = PLANE ( 'NONE',  #1730 ) ;
#362 = DIRECTION ( 'NONE',  ( 1.000000000000000000, 0.000000000000000000, 0.000000000000000000 ) ) ;
#363 = CIRCLE ( 'NONE', #1680, 1.250000000000000222 ) ;
#364 = EDGE_CURVE ( 'NONE', #2585, #2193, #404, .T. ) ;
#365 = ORIENTED_EDGE ( 'NONE', *, *, #1581, .F. ) ;
#366 = VECTOR ( 'NONE', #2201, 1000.000000000000000 ) ;
#367 = CARTESIAN_POINT ( 'NONE',  ( -19.00000000000000000, -4.000000000000000000, -10.00000000000000000 ) ) ;
#368 = VECTOR ( 'NONE', #1742, 1000.000000000000000 ) ;
#369 = ORIENTED_EDGE ( 'NONE', *, *, #1166, .T. ) ;
#370 = VECTOR ( 'NONE', #2508, 1000.000000000000114 ) ;
#371 = CARTESIAN_POINT ( 'NONE',  ( -0.1000000000000030032, 0.5000000000000000000, 4.500000000000000000 ) ) ;
#372 = CARTESIAN_POINT ( 'NONE',  ( -24.50000000000000000, 0.5000000000000000000, 4.500000000000000000 ) ) ;
#373 = LINE ( 'NONE', #1920, #1102 ) ;
#374 = PLANE ( 'NONE',  #1896 ) ;
#375 = CARTESIAN_POINT ( 'NONE',  ( 5.500000000000000000, -4.000000000000000000, 4.500000000000000000 ) ) ;
#376 = DIRECTION ( 'NONE',  ( 0.000000000000000000, 1.000000000000000000, 0.000000000000000000 ) ) ;
#377 = EDGE_CURVE ( 'NONE', #2321, #531, #169, .T. ) ;
#378 = CARTESIAN_POINT ( 'NONE',  ( -18.89999999999999858, 3.500000000000000000, 4.500000000000000000 ) ) ;
#379 = VERTEX_POINT ( 'NONE', #2316 ) ;
#380 = ORIENTED_EDGE ( 'NONE', *, *, #509, .F. ) ;
#381 = ADVANCED_FACE ( 'NONE', ( #187 ), #374, .T. ) ;
#382 = SURFACE_STYLE_FILL_AREA ( #2511 ) ;
#383 = FACE_OUTER_BOUND ( 'NONE', #2693, .T. ) ;
#384 = VERTEX_POINT ( 'NONE', #810 ) ;
#385 = DIRECTION ( 'NONE',  ( -0.5773502691896194028, -0.5773502691896184036, -0.5773502691896393868 ) ) ;
#386 = CARTESIAN_POINT ( 'NONE',  ( -23.00000000000000000, -4.336808689942020103E-15, 10.00000000000000000 ) ) ;
#387 = CARTESIAN_POINT ( 'NONE',  ( -23.00000000000000000, 0.5000000000000000000, -4.500000000000000000 ) ) ;
#388 = CARTESIAN_POINT ( 'NONE',  ( -4.500000000000000000, -2.000000000000000000, -8.750000000000000000 ) ) ;
#389 = LINE ( 'NONE', #1907, #410 ) ;
#390 = CARTESIAN_POINT ( 'NONE',  ( -0.1000000000000030032, 4.000000000000000000, 5.000000000000000000 ) ) ;
#391 = DIRECTION ( 'NONE',  ( 0.000000000000000000, 0.000000000000000000, -1.000000000000000000 ) ) ;
#392 = DIRECTION ( 'NONE',  ( 0.000000000000000000, 0.000000000000000000, 1.000000000000000000 ) ) ;
#393 = DIRECTION ( 'NONE',  ( 1.000000000000000000, 0.000000000000000000, 0.000000000000000000 ) ) ;
#394 = ORIENTED_EDGE ( 'NONE', *, *, #1534, .T. ) ;
#395 = LINE ( 'NONE', #1264, #877 ) ;
#396 = DIRECTION ( 'NONE',  ( 0.000000000000000000, 0.000000000000000000, 1.000000000000000000 ) ) ;
#397 = VERTEX_POINT ( 'NONE', #419 ) ;
#398 = EDGE_CURVE ( 'NONE', #1281, #88, #1879, .T. ) ;
#399 = ORIENTED_EDGE ( 'NONE', *, *, #2252, .T. ) ;
#400 = LINE ( 'NONE', #1268, #1771 ) ;
#401 = CARTESIAN_POINT ( 'NONE',  ( -24.50000000000000000, 3.500000000000000000, -10.00000000000000000 ) ) ;
#402 = CARTESIAN_POINT ( 'NONE',  ( -23.00000000000000000, -4.000000000000000000, 0.000000000000000000 ) ) ;
#403 = ADVANCED_FACE ( 'NONE', ( #1070 ), #1932, .F. ) ;
#404 = LINE ( 'NONE', #2144, #1766 ) ;
#405 = DIRECTION ( 'NONE',  ( 0.000000000000000000, -1.000000000000000000, -4.336808689942020201E-16 ) ) ;
#406 = CARTESIAN_POINT ( 'NONE',  ( -0.1000000000000000056, 4.000000000000000000, -9.900000000000000355 ) ) ;
#407 = LINE ( 'NONE', #1006, #3 ) ;
#408 = ORIENTED_EDGE ( 'NONE', *, *, #1938, .T. ) ;
#409 = VECTOR ( 'NONE', #1186, 1000.000000000000000 ) ;
#410 = VECTOR ( 'NONE', #358, 1000.000000000000000 ) ;
#411 = ORIENTED_EDGE ( 'NONE', *, *, #680, .F. ) ;
#412 = VECTOR ( 'NONE', #2, 1000.000000000000000 ) ;
#413 = ADVANCED_FACE ( 'NONE', ( #357 ), #1227, .F. ) ;
#414 = ORIENTED_EDGE ( 'NONE', *, *, #2376, .F. ) ;
#415 = VECTOR ( 'NONE', #1275, 1000.000000000000000 ) ;
#416 = ORIENTED_EDGE ( 'NONE', *, *, #213, .T. ) ;
#417 = FACE_OUTER_BOUND ( 'NONE', #972, .T. ) ;
#418 = CARTESIAN_POINT ( 'NONE',  ( -14.50000000000000000, -2.000000000000000000, 6.250000000000000000 ) ) ;
#419 = CARTESIAN_POINT ( 'NONE',  ( -14.50000000000000000, 4.000000000000000000, -6.250000000000000000 ) ) ;
#420 = FACE_OUTER_BOUND ( 'NONE', #439, .T. ) ;
#421 = ADVANCED_FACE ( 'NONE', ( #127 ), #799, .F. ) ;
#422 = CARTESIAN_POINT ( 'NONE',  ( -19.00000000000000000, -4.000000000000000000, 0.000000000000000000 ) ) ;
#423 = CARTESIAN_POINT ( 'NONE',  ( -18.89999999999999858, -4.000000000000000000, 4.500000000000000000 ) ) ;
#424 = LINE ( 'NONE', #1911, #1851 ) ;
#425 = UNCERTAINTY_MEASURE_WITH_UNIT (LENGTH_MEASURE( 1.000000000000000082E-05 ), #2796, 'distance_accuracy_value', 'NONE');
#426 = ORIENTED_EDGE ( 'NONE', *, *, #2202, .F. ) ;
#427 = FACE_BOUND ( 'NONE', #2003, .T. ) ;
#428 = ORIENTED_EDGE ( 'NONE', *, *, #1747, .F. ) ;
#429 = EDGE_CURVE ( 'NONE', #2207, #571, #1681, .T. ) ;
#430 = DIRECTION ( 'NONE',  ( 0.7071067811865470176, 0.7071067811865480168, 1.022195611122250535E-16 ) ) ;
#431 = CARTESIAN_POINT ( 'NONE',  ( -23.00000000000000000, 0.000000000000000000, 0.000000000000000000 ) ) ;
#432 = ORIENTED_EDGE ( 'NONE', *, *, #168, .F. ) ;
#433 = DIRECTION ( 'NONE',  ( 0.000000000000000000, 0.000000000000000000, 1.000000000000000000 ) ) ;
#434 = DIRECTION ( 'NONE',  ( 0.7071067811865470176, -0.7071067811865480168, -1.115122484860634616E-16 ) ) ;
#435 = CARTESIAN_POINT ( 'NONE',  ( -23.00000000000000000, 0.5000000000000000000, 4.500000000000000000 ) ) ;
#436 = FACE_OUTER_BOUND ( 'NONE', #2097, .T. ) ;
#437 = EDGE_CURVE ( 'NONE', #160, #180, #545, .T. ) ;
#438 = DIRECTION ( 'NONE',  ( 0.000000000000000000, 0.000000000000000000, 1.000000000000000000 ) ) ;
#439 = EDGE_LOOP ( 'NONE', ( #1331, #2440, #2325, #2164 ) ) ;
#440 = ADVANCED_FACE ( 'NONE', ( #1244 ), #2104, .F. ) ;
#441 = PLANE ( 'NONE',  #2817 ) ;
#442 = ORIENTED_EDGE ( 'NONE', *, *, #1906, .F. ) ;
#443 = DIRECTION ( 'NONE',  ( 0.000000000000000000, 0.000000000000000000, 1.000000000000000000 ) ) ;
#444 = CARTESIAN_POINT ( 'NONE',  ( -18.89999999999999858, -4.000000000000000000, -10.00000000000000000 ) ) ;
#445 = EDGE_LOOP ( 'NONE', ( #394, #39, #1491, #308 ) ) ;
#446 = DIRECTION ( 'NONE',  ( -1.000000000000000000, 0.000000000000000000, 0.000000000000000000 ) ) ;
#447 = DIRECTION ( 'NONE',  ( 0.000000000000000000, 0.000000000000000000, 1.000000000000000000 ) ) ;
#448 = EDGE_CURVE ( 'NONE', #481, #2278, #1990, .T. ) ;
#449 = DIRECTION ( 'NONE',  ( 0.000000000000000000, -1.000000000000000000, 0.000000000000000000 ) ) ;
#450 = ADVANCED_FACE ( 'NONE', ( #1752 ), #12, .F. ) ;
#451 = ORIENTED_EDGE ( 'NONE', *, *, #1307, .F. ) ;
#452 = ORIENTED_EDGE ( 'NONE', *, *, #283, .F. ) ;
#453 = VECTOR ( 'NONE', #2295, 1000.000000000000000 ) ;
#454 = VECTOR ( 'NONE', #1919, 1000.000000000000000 ) ;
#455 = ADVANCED_FACE ( 'NONE', ( #1977 ), #2617, .F. ) ;
#456 = ORIENTED_EDGE ( 'NONE', *, *, #1519, .F. ) ;
#457 = AXIS2_PLACEMENT_3D ( 'NONE', #1287, #224, #2156 ) ;
#458 = DIRECTION ( 'NONE',  ( 0.000000000000000000, 0.000000000000000000, -1.000000000000000000 ) ) ;
#459 = LINE ( 'NONE', #2185, #2492 ) ;
#460 = VECTOR ( 'NONE', #2626, 1000.000000000000114 ) ;
#461 = VERTEX_POINT ( 'NONE', #1085 ) ;
#462 = VECTOR ( 'NONE', #1783, 1000.000000000000000 ) ;
#463 = CARTESIAN_POINT ( 'NONE',  ( -4.500000000000000000, 4.000000000000000000, 7.500000000000000000 ) ) ;
#464 = CARTESIAN_POINT ( 'NONE',  ( -19.00000000000000000, 0.5000000000000000000, 4.500000000000000000 ) ) ;
#465 = DIRECTION ( 'NONE',  ( 0.000000000000000000, 1.000000000000000000, 0.000000000000000000 ) ) ;
#466 = EDGE_CURVE ( 'NONE', #2282, #2094, #1518, .T. ) ;
#467 = ORIENTED_EDGE ( 'NONE', *, *, #903, .F. ) ;
#468 = LINE ( 'NONE', #2653, #965 ) ;
#469 = ORIENTED_EDGE ( 'NONE', *, *, #1043, .T. ) ;
#470 = ORIENTED_EDGE ( 'NONE', *, *, #722, .T. ) ;
#471 = EDGE_CURVE ( 'NONE', #1829, #2061, #2402, .T. ) ;
#472 = CARTESIAN_POINT ( 'NONE',  ( -23.00000000000000000, 3.500000000000000000, 10.00000000000000000 ) ) ;
#473 = DIRECTION ( 'NONE',  ( 0.000000000000000000, -1.000000000000000000, 0.000000000000000000 ) ) ;
#474 = EDGE_LOOP ( 'NONE', ( #710, #515, #2106, #2414 ) ) ;
#475 =( NAMED_UNIT ( * ) SI_UNIT ( $, .STERADIAN. ) SOLID_ANGLE_UNIT ( ) );
#476 = CARTESIAN_POINT ( 'NONE',  ( 0.000000000000000000, 0.5000000000000000000, 4.500000000000000000 ) ) ;
#477 = DIRECTION ( 'NONE',  ( 0.000000000000000000, 1.000000000000000000, 0.000000000000000000 ) ) ;
#478 = DIRECTION ( 'NONE',  ( 0.000000000000000000, 0.7071067811865350272, -0.7071067811865600072 ) ) ;
#479 = EDGE_LOOP ( 'NONE', ( #2211, #2368, #426, #2540 ) ) ;
#480 = CARTESIAN_POINT ( 'NONE',  ( -4.500000000000000000, 4.000000000000000000, -8.750000000000000000 ) ) ;
#481 = VERTEX_POINT ( 'NONE', #1072 ) ;
#482 = EDGE_LOOP ( 'NONE', ( #973, #2253, #1357 ) ) ;
#483 = CARTESIAN_POINT ( 'NONE',  ( 5.500000000000000000, 0.5000000000000000000, -4.500000000000000000 ) ) ;
#484 = DIRECTION ( 'NONE',  ( 0.5773502691896190697, 0.5773502691896190697, 0.5773502691896390537 ) ) ;
#485 = EDGE_CURVE ( 'NONE', #2061, #2321, #2170, .T. ) ;
#486 = ORIENTED_EDGE ( 'NONE', *, *, #1301, .T. ) ;
#487 = CARTESIAN_POINT ( 'NONE',  ( -4.500000000000000000, 4.000000000000000000, 7.500000000000000000 ) ) ;
#488 = LINE ( 'NONE', #725, #2303 ) ;
#489 = PLANE ( 'NONE',  #45 ) ;
#490 = CARTESIAN_POINT ( 'NONE',  ( -14.50000000000000000, -2.000000000000000000, -7.500000000000000000 ) ) ;
#491 = VERTEX_POINT ( 'NONE', #2419 ) ;
#492 = DIRECTION ( 'NONE',  ( 0.000000000000000000, -1.000000000000000000, 0.000000000000000000 ) ) ;
#493 = VERTEX_POINT ( 'NONE', #2648 ) ;
#494 = PRESENTATION_LAYER_ASSIGNMENT (  '', '', ( #1362 ) ) ;
#495 = VERTEX_POINT ( 'NONE', #1347 ) ;
#496 = AXIS2_PLACEMENT_3D ( 'NONE', #920, #2819, #446 ) ;
#497 = EDGE_CURVE ( 'NONE', #1829, #282, #880, .T. ) ;
#498 = CARTESIAN_POINT ( 'NONE',  ( -18.93333333333335133, -3.933333333333335347, 9.966666666666659680 ) ) ;
#499 = ORIENTED_EDGE ( 'NONE', *, *, #2743, .T. ) ;
#500 = VECTOR ( 'NONE', #720, 1000.000000000000000 ) ;
#501 = VERTEX_POINT ( 'NONE', #1934 ) ;
#502 = DIRECTION ( 'NONE',  ( 0.000000000000000000, 0.000000000000000000, 1.000000000000000000 ) ) ;
#503 = CARTESIAN_POINT ( 'NONE',  ( -4.500000000000000000, 4.000000000000000000, -7.500000000000000000 ) ) ;
#504 = VECTOR ( 'NONE', #2485, 1000.000000000000000 ) ;
#505 = AXIS2_PLACEMENT_3D ( 'NONE', #2008, #44, #2406 ) ;
#506 = CARTESIAN_POINT ( 'NONE',  ( -19.00000000000000000, -0.5707106781186649380, -0.5707106781186689348 ) ) ;
#507 = LINE ( 'NONE', #1603, #2583 ) ;
#508 = VECTOR ( 'NONE', #2246, 1000.000000000000000 ) ;
#509 = EDGE_CURVE ( 'NONE', #1079, #1844, #229, .T. ) ;
#510 = AXIS2_PLACEMENT_3D ( 'NONE', #2393, #4, #2205 ) ;
#511 = EDGE_LOOP ( 'NONE', ( #705, #952, #107, #97, #134, #1773, #1637, #677 ) ) ;
#512 = CARTESIAN_POINT ( 'NONE',  ( 4.000000000000000000, 0.5000000000000000000, 4.500000000000000000 ) ) ;
#513 = ORIENTED_EDGE ( 'NONE', *, *, #1477, .F. ) ;
#514 = AXIS2_PLACEMENT_3D ( 'NONE', #423, #1708, #1503 ) ;
#515 = ORIENTED_EDGE ( 'NONE', *, *, #2109, .F. ) ;
#516 = CARTESIAN_POINT ( 'NONE',  ( -24.50000000000000000, -4.000000000000000000, 10.00000000000000000 ) ) ;
#517 = ORIENTED_EDGE ( 'NONE', *, *, #1432, .F. ) ;
#518 = EDGE_CURVE ( 'NONE', #2471, #144, #1738, .T. ) ;
#519 = VERTEX_POINT ( 'NONE', #683 ) ;
#520 = CARTESIAN_POINT ( 'NONE',  ( -0.05000000000000170280, -3.950000000000000178, 9.950000000000001066 ) ) ;
#521 = DIRECTION ( 'NONE',  ( -0.7071067811865454633, -0.5000000000000005551, -0.5000000000000026645 ) ) ;
#522 = DIRECTION ( 'NONE',  ( 1.000000000000000000, 0.000000000000000000, 0.000000000000000000 ) ) ;
#523 = LINE ( 'NONE', #1627, #1219 ) ;
#524 = ORIENTED_EDGE ( 'NONE', *, *, #1199, .T. ) ;
#525 = LINE ( 'NONE', #2694, #1728 ) ;
#526 = ADVANCED_FACE ( 'NONE', ( #420 ), #656, .T. ) ;
#527 = ORIENTED_EDGE ( 'NONE', *, *, #1875, .T. ) ;
#528 = EDGE_CURVE ( 'NONE', #2411, #2421, #1314, .T. ) ;
#529 = EDGE_LOOP ( 'NONE', ( #1762, #612, #1699, #1340 ) ) ;
#530 = LINE ( 'NONE', #1609, #131 ) ;
#531 = VERTEX_POINT ( 'NONE', #464 ) ;
#532 = ORIENTED_EDGE ( 'NONE', *, *, #1492, .T. ) ;
#533 = CARTESIAN_POINT ( 'NONE',  ( -18.89999999999999858, 0.5000000000000000000, 4.500000000000000000 ) ) ;
#534 = DIRECTION ( 'NONE',  ( 0.000000000000000000, 0.000000000000000000, 1.000000000000000000 ) ) ;
#535 = DIRECTION ( 'NONE',  ( -1.000000000000000000, 0.000000000000000000, 0.000000000000000000 ) ) ;
#536 = CARTESIAN_POINT ( 'NONE',  ( -23.00000000000000000, 0.5000000000000000000, -4.500000000000000000 ) ) ;
#537 = EDGE_CURVE ( 'NONE', #1285, #1801, #244, .T. ) ;
#538 = ORIENTED_EDGE ( 'NONE', *, *, #1457, .T. ) ;
#539 = DIRECTION ( 'NONE',  ( 0.000000000000000000, -1.000000000000000000, 0.000000000000000000 ) ) ;
#540 = EDGE_CURVE ( 'NONE', #332, #1179, #200, .T. ) ;
#541 = EDGE_LOOP ( 'NONE', ( #2785, #120, #1434, #983 ) ) ;
#542 = EDGE_CURVE ( 'NONE', #2509, #1743, #1764, .T. ) ;
#543 = CARTESIAN_POINT ( 'NONE',  ( -23.00000000000000000, -4.000000000000000000, -10.00000000000000000 ) ) ;
#544 = ORIENTED_EDGE ( 'NONE', *, *, #1567, .F. ) ;
#545 = CIRCLE ( 'NONE', #2215, 1.249999999999999334 ) ;
#546 = ORIENTED_EDGE ( 'NONE', *, *, #1815, .T. ) ;
#547 = LINE ( 'NONE', #2030, #177 ) ;
#548 = DIRECTION ( 'NONE',  ( 0.000000000000000000, -1.000000000000000000, -2.312964634635744929E-16 ) ) ;
#549 = PLANE ( 'NONE',  #1007 ) ;
#550 = VECTOR ( 'NONE', #1449, 1000.000000000000000 ) ;
#551 = APPLICATION_PROTOCOL_DEFINITION ( 'draft international standard', 'automotive_design', 1998, #2180 ) ;
#552 = LINE ( 'NONE', #2663, #1724 ) ;
#553 = CONICAL_SURFACE ( 'NONE', #870, 1.249999999999999334, 1.029744258676652313 ) ;
#554 = ORIENTED_EDGE ( 'NONE', *, *, #2529, .F. ) ;
#555 = DIRECTION ( 'NONE',  ( 1.000000000000000000, 0.000000000000000000, 0.000000000000000000 ) ) ;
#556 = VECTOR ( 'NONE', #171, 1000.000000000000000 ) ;
#557 = EDGE_CURVE ( 'NONE', #2582, #1744, #698, .T. ) ;
#558 = ADVANCED_BREP_SHAPE_REPRESENTATION ( 'Rail Block', ( #266, #2150, #285, #278, #1217, #330 ), #1148 ) ;
#559 = ORIENTED_EDGE ( 'NONE', *, *, #1390, .T. ) ;
#560 = LINE ( 'NONE', #814, #2498 ) ;
#561 = EDGE_CURVE ( 'NONE', #832, #495, #2213, .T. ) ;
#562 = EDGE_LOOP ( 'NONE', ( #2256, #584, #2340, #227 ) ) ;
#563 = DIRECTION ( 'NONE',  ( 0.000000000000000000, 1.000000000000000000, 4.625929269271489858E-16 ) ) ;
#564 = PLANE ( 'NONE',  #1322 ) ;
#565 = DIRECTION ( 'NONE',  ( 0.000000000000000000, 1.445602896647339903E-16, -1.000000000000000000 ) ) ;
#566 = SURFACE_STYLE_FILL_AREA ( #727 ) ;
#567 = ORIENTED_EDGE ( 'NONE', *, *, #803, .F. ) ;
#568 = LINE ( 'NONE', #2290, #370 ) ;
#569 = ORIENTED_EDGE ( 'NONE', *, *, #1428, .F. ) ;
#570 = VERTEX_POINT ( 'NONE', #2005 ) ;
#571 = VERTEX_POINT ( 'NONE', #319 ) ;
#572 = DIRECTION ( 'NONE',  ( 0.000000000000000000, 0.000000000000000000, 1.000000000000000000 ) ) ;
#573 = CARTESIAN_POINT ( 'NONE',  ( -24.50000000000000000, -4.000000000000000000, -10.00000000000000000 ) ) ;
#574 = EDGE_CURVE ( 'NONE', #165, #2421, #1172, .T. ) ;
#575 = DIRECTION ( 'NONE',  ( 0.000000000000000000, 0.000000000000000000, 1.000000000000000000 ) ) ;
#576 = EDGE_CURVE ( 'NONE', #2235, #247, #1146, .T. ) ;
#577 = CARTESIAN_POINT ( 'NONE',  ( 0.000000000000000000, 3.899999999999999911, -9.900000000000000355 ) ) ;
#578 = ORIENTED_EDGE ( 'NONE', *, *, #632, .T. ) ;
#579 = CARTESIAN_POINT ( 'NONE',  ( -18.89999999999999858, 3.500000000000000000, -4.500000000000000000 ) ) ;
#580 = CARTESIAN_POINT ( 'NONE',  ( -4.500000000000000000, 4.000000000000000000, -6.250000000000000000 ) ) ;
#581 = EDGE_LOOP ( 'NONE', ( #352, #1927, #299, #777 ) ) ;
#582 = CARTESIAN_POINT ( 'NONE',  ( -19.00000000000000000, 3.500000000000000000, 10.00000000000000000 ) ) ;
#583 = LINE ( 'NONE', #1038, #2228 ) ;
#584 = ORIENTED_EDGE ( 'NONE', *, *, #60, .F. ) ;
#585 = EDGE_CURVE ( 'NONE', #2625, #1712, #2486, .T. ) ;
#586 = CARTESIAN_POINT ( 'NONE',  ( -0.05000000000000300732, 3.950000000000000178, 9.950000000000001066 ) ) ;
#587 = LINE ( 'NONE', #998, #1000 ) ;
#588 = DIRECTION ( 'NONE',  ( 0.000000000000000000, 0.000000000000000000, -1.000000000000000000 ) ) ;
#589 = STYLED_ITEM ( 'NONE', ( #103 ), #285 ) ;
#590 = DIRECTION ( 'NONE',  ( 0.000000000000000000, 1.000000000000000000, 0.000000000000000000 ) ) ;
#591 = CARTESIAN_POINT ( 'NONE',  ( -23.00000000000000000, -4.000000000000000000, 10.00000000000000000 ) ) ;
#592 = VECTOR ( 'NONE', #548, 1000.000000000000000 ) ;
#593 = DIRECTION ( 'NONE',  ( 0.000000000000000000, 1.000000000000000000, 0.000000000000000000 ) ) ;
#594 = LINE ( 'NONE', #1458, #645 ) ;
#595 = AXIS2_PLACEMENT_3D ( 'NONE', #1313, #243, #2631 ) ;
#596 = ADVANCED_FACE ( 'NONE', ( #291 ), #82, .T. ) ;
#597 = VECTOR ( 'NONE', #318, 1000.000000000000000 ) ;
#598 = ORIENTED_EDGE ( 'NONE', *, *, #2323, .F. ) ;
#599 = VECTOR ( 'NONE', #1541, 1000.000000000000000 ) ;
#600 = LINE ( 'NONE', #2107, #2775 ) ;
#601 = FACE_OUTER_BOUND ( 'NONE', #32, .T. ) ;
#602 = AXIS2_PLACEMENT_3D ( 'NONE', #579, #2346, #2319 ) ;
#603 = VERTEX_POINT ( 'NONE', #1600 ) ;
#604 = DIRECTION ( 'NONE',  ( 0.000000000000000000, 0.000000000000000000, -1.000000000000000000 ) ) ;
#605 = CARTESIAN_POINT ( 'NONE',  ( 0.000000000000000000, 3.899999999999999911, 9.900000000000000355 ) ) ;
#606 = EDGE_CURVE ( 'NONE', #2240, #2388, #2584, .T. ) ;
#607 = CARTESIAN_POINT ( 'NONE',  ( -23.00000000000000000, 3.500000000000000000, -10.00000000000000000 ) ) ;
#608 = CARTESIAN_POINT ( 'NONE',  ( -14.50000000000000000, -2.751075773784454892, 7.500000000000000000 ) ) ;
#609 = DIRECTION ( 'NONE',  ( 0.000000000000000000, 1.000000000000000000, 4.625929269271489858E-16 ) ) ;
#610 = LINE ( 'NONE', #1923, #135 ) ;
#611 = DIRECTION ( 'NONE',  ( 0.000000000000000000, -1.000000000000000000, 0.000000000000000000 ) ) ;
#612 = ORIENTED_EDGE ( 'NONE', *, *, #1921, .F. ) ;
#613 = EDGE_CURVE ( 'NONE', #2282, #295, #2700, .T. ) ;
#614 = VERTEX_POINT ( 'NONE', #1625 ) ;
#615 = CARTESIAN_POINT ( 'NONE',  ( -4.500000000000000000, 4.000000000000000000, 8.750000000000000000 ) ) ;
#616 = CARTESIAN_POINT ( 'NONE',  ( 0.000000000000000000, 0.5999999999999999778, -4.599999999999999645 ) ) ;
#617 = EDGE_LOOP ( 'NONE', ( #2099, #2011, #805 ) ) ;
#618 = ORIENTED_EDGE ( 'NONE', *, *, #2229, .T. ) ;
#619 = CARTESIAN_POINT ( 'NONE',  ( -0.2000000000000000111, 0.4000000000000000222, -4.400000000000000355 ) ) ;
#620 = FACE_OUTER_BOUND ( 'NONE', #1661, .T. ) ;
#621 = FACE_OUTER_BOUND ( 'NONE', #2334, .T. ) ;
#622 = DIRECTION ( 'NONE',  ( 1.000000000000000000, 0.000000000000000000, 0.000000000000000000 ) ) ;
#623 = DIRECTION ( 'NONE',  ( -0.7071067811865473507, 0.4999999999999998335, 0.5000000000000006661 ) ) ;
#624 = DIRECTION ( 'NONE',  ( -0.5773502691896190697, 0.5773502691896190697, 0.5773502691896390537 ) ) ;
#625 = CARTESIAN_POINT ( 'NONE',  ( -0.1000000000000000056, 4.000000000000000000, -5.000000000000000000 ) ) ;
#626 = CARTESIAN_POINT ( 'NONE',  ( 5.500000000000000000, -4.000000000000000000, -10.00000000000000000 ) ) ;
#627 = ADVANCED_FACE ( 'NONE', ( #766 ), #2245, .T. ) ;
#628 = ORIENTED_EDGE ( 'NONE', *, *, #1935, .T. ) ;
#629 = EDGE_CURVE ( 'NONE', #1538, #1651, #985, .T. ) ;
#630 = CARTESIAN_POINT ( 'NONE',  ( 4.000000000000000000, 3.500000000000000000, -10.00000000000000000 ) ) ;
#631 = ORIENTED_EDGE ( 'NONE', *, *, #2237, .T. ) ;
#632 = EDGE_CURVE ( 'NONE', #2604, #2338, #1414, .T. ) ;
#633 = DIRECTION ( 'NONE',  ( 0.000000000000000000, 1.000000000000000000, 0.000000000000000000 ) ) ;
#634 = CARTESIAN_POINT ( 'NONE',  ( -23.00000000000000000, 3.500000000000000000, -10.00000000000000000 ) ) ;
#635 = CARTESIAN_POINT ( 'NONE',  ( -23.00000000000000000, -4.000000000000000000, 4.500000000000000000 ) ) ;
#636 = DIRECTION ( 'NONE',  ( 0.000000000000000000, 0.000000000000000000, -1.000000000000000000 ) ) ;
#637 = DIRECTION ( 'NONE',  ( 0.6785983445458483310, -0.6785983445458462215, -0.2810846377148190633 ) ) ;
#638 = MECHANICAL_DESIGN_GEOMETRIC_PRESENTATION_REPRESENTATION (  '', ( #2682 ), #1230 ) ;
#639 = PLANE ( 'NONE',  #514 ) ;
#640 = VECTOR ( 'NONE', #212, 1000.000000000000000 ) ;
#641 = AXIS2_PLACEMENT_3D ( 'NONE', #2439, #2209, #1818 ) ;
#642 = ORIENTED_EDGE ( 'NONE', *, *, #606, .T. ) ;
#643 = EDGE_CURVE ( 'NONE', #88, #2625, #488, .T. ) ;
#644 = PRESENTATION_LAYER_ASSIGNMENT (  '', '', ( #911 ) ) ;
#645 = VECTOR ( 'NONE', #1521, 1000.000000000000000 ) ;
#646 = DIRECTION ( 'NONE',  ( 0.000000000000000000, 0.5150380749100549327, 0.8571673007021118895 ) ) ;
#647 = ORIENTED_EDGE ( 'NONE', *, *, #237, .F. ) ;
#648 = CONICAL_SURFACE ( 'NONE', #2591, 1.249999999999999334, 1.029744258676652313 ) ;
#649 = PLANE ( 'NONE',  #1774 ) ;
#650 = LINE ( 'NONE', #1495, #690 ) ;
#651 = AXIS2_PLACEMENT_3D ( 'NONE', #1850, #1419, #1176 ) ;
#652 = EDGE_CURVE ( 'NONE', #2219, #1420, #1401, .T. ) ;
#653 = VECTOR ( 'NONE', #1441, 1000.000000000000000 ) ;
#654 = DIRECTION ( 'NONE',  ( 1.000000000000000000, 0.000000000000000000, 0.000000000000000000 ) ) ;
#655 = DIRECTION ( 'NONE',  ( 0.000000000000000000, 1.000000000000000000, 3.154042683594195121E-16 ) ) ;
#656 = PLANE ( 'NONE',  #79 ) ;
#657 = PRODUCT ( 'Rail Block', 'Rail Block', '', ( #2033 ) ) ;
#658 = DIRECTION ( 'NONE',  ( 0.000000000000000000, 1.000000000000000000, 0.000000000000000000 ) ) ;
#659 = LINE ( 'NONE', #2380, #1087 ) ;
#660 = CARTESIAN_POINT ( 'NONE',  ( -24.50000000000000000, 0.000000000000000000, 0.000000000000000000 ) ) ;
#661 = LINE ( 'NONE', #1532, #185 ) ;
#662 = ORIENTED_EDGE ( 'NONE', *, *, #1360, .F. ) ;
#663 = ORIENTED_EDGE ( 'NONE', *, *, #540, .T. ) ;
#664 = FACE_OUTER_BOUND ( 'NONE', #2304, .T. ) ;
#665 = ADVANCED_FACE ( 'NONE', ( #304 ), #2674, .F. ) ;
#666 = CARTESIAN_POINT ( 'NONE',  ( -23.00000000000000000, 3.500000000000000000, 10.00000000000000000 ) ) ;
#667 = ORIENTED_EDGE ( 'NONE', *, *, #448, .T. ) ;
#668 = EDGE_CURVE ( 'NONE', #1005, #2585, #1836, .T. ) ;
#669 = CARTESIAN_POINT ( 'NONE',  ( -23.00000000000000000, -4.000000000000000000, -1.261617073437679823E-15 ) ) ;
#670 = CARTESIAN_POINT ( 'NONE',  ( -23.00000000000000000, 0.000000000000000000, -4.500000000000000000 ) ) ;
#671 = DIRECTION ( 'NONE',  ( 0.000000000000000000, 0.000000000000000000, -1.000000000000000000 ) ) ;
#672 = ADVANCED_FACE ( 'NONE', ( #1198 ), #2275, .F. ) ;
#673 = DIRECTION ( 'NONE',  ( 0.000000000000000000, 0.000000000000000000, 1.000000000000000000 ) ) ;
#674 = ORIENTED_EDGE ( 'NONE', *, *, #1788, .T. ) ;
#675 = DIRECTION ( 'NONE',  ( 1.000000000000000000, 0.000000000000000000, 0.000000000000000000 ) ) ;
#676 = ORIENTED_EDGE ( 'NONE', *, *, #9, .T. ) ;
#677 = ORIENTED_EDGE ( 'NONE', *, *, #794, .T. ) ;
#678 = LINE ( 'NONE', #2369, #326 ) ;
#679 = DIRECTION ( 'NONE',  ( 1.049727191138618079E-16, 0.5150380749100560429, -0.8571673007021111124 ) ) ;
#680 = EDGE_CURVE ( 'NONE', #160, #1780, #1846, .T. ) ;
#681 = ORIENTED_EDGE ( 'NONE', *, *, #1407, .T. ) ;
#682 = SURFACE_SIDE_STYLE ('',( #1303 ) ) ;
#683 = CARTESIAN_POINT ( 'NONE',  ( 5.500000000000000000, 0.5000000000000000000, 4.500000000000000000 ) ) ;
#684 = CARTESIAN_POINT ( 'NONE',  ( -14.50000000000000000, 4.000000000000000000, 6.250000000000000000 ) ) ;
#685 = ORIENTED_EDGE ( 'NONE', *, *, #14, .T. ) ;
#686 = DIRECTION ( 'NONE',  ( 1.000000000000000000, 0.000000000000000000, 0.000000000000000000 ) ) ;
#687 = EDGE_CURVE ( 'NONE', #94, #2797, #2431, .T. ) ;
#688 = ORIENTED_EDGE ( 'NONE', *, *, #1804, .T. ) ;
#689 = VECTOR ( 'NONE', #2593, 1000.000000000000000 ) ;
#690 = VECTOR ( 'NONE', #8, 1000.000000000000000 ) ;
#691 = EDGE_LOOP ( 'NONE', ( #759, #269, #1999, #469 ) ) ;
#692 = DIRECTION ( 'NONE',  ( 0.000000000000000000, 1.000000000000000000, 0.000000000000000000 ) ) ;
#693 = PLANE ( 'NONE',  #1274 ) ;
#694 = VECTOR ( 'NONE', #2019, 1000.000000000000114 ) ;
#695 = ORIENTED_EDGE ( 'NONE', *, *, #133, .T. ) ;
#696 = CIRCLE ( 'NONE', #1054, 1.250000000000000222 ) ;
#697 = PLANE ( 'NONE',  #957 ) ;
#698 = LINE ( 'NONE', #257, #1496 ) ;
#699 = DIRECTION ( 'NONE',  ( 1.000000000000000000, 0.000000000000000000, 0.000000000000000000 ) ) ;
#700 = CARTESIAN_POINT ( 'NONE',  ( -19.00000000000000000, 4.000000000000000000, 9.900000000000000355 ) ) ;
#701 = ORIENTED_EDGE ( 'NONE', *, *, #2565, .T. ) ;
#702 = CARTESIAN_POINT ( 'NONE',  ( -23.00000000000000000, -4.000000000000000000, -10.00000000000000000 ) ) ;
#703 = ORIENTED_EDGE ( 'NONE', *, *, #585, .F. ) ;
#704 = EDGE_CURVE ( 'NONE', #927, #916, #1584, .T. ) ;
#705 = ORIENTED_EDGE ( 'NONE', *, *, #1652, .T. ) ;
#706 = LINE ( 'NONE', #2415, #225 ) ;
#707 = EDGE_CURVE ( 'NONE', #1465, #2219, #2741, .T. ) ;
#708 = PLANE ( 'NONE',  #1721 ) ;
#709 = ORIENTED_EDGE ( 'NONE', *, *, #821, .T. ) ;
#710 = ORIENTED_EDGE ( 'NONE', *, *, #485, .T. ) ;
#711 = CYLINDRICAL_SURFACE ( 'NONE', #2265, 1.249999999999999334 ) ;
#712 = CARTESIAN_POINT ( 'NONE',  ( -18.89999999999999858, -4.000000000000000000, 10.00000000000000000 ) ) ;
#713 = DIRECTION ( 'NONE',  ( -0.5773502691896257311, -0.5773502691896257311, 0.5773502691896257311 ) ) ;
#714 = DIRECTION ( 'NONE',  ( 0.000000000000000000, 0.5150380749100549327, 0.8571673007021118895 ) ) ;
#715 = ORIENTED_EDGE ( 'NONE', *, *, #1685, .F. ) ;
#716 = DIRECTION ( 'NONE',  ( 0.5773502691896390537, -0.5773502691896190697, -0.5773502691896190697 ) ) ;
#717 = ORIENTED_EDGE ( 'NONE', *, *, #1567, .T. ) ;
#718 = EDGE_CURVE ( 'NONE', #1308, #1356, #817, .T. ) ;
#719 = VERTEX_POINT ( 'NONE', #1640 ) ;
#720 = DIRECTION ( 'NONE',  ( 1.000000000000000000, 0.000000000000000000, 0.000000000000000000 ) ) ;
#721 = ORIENTED_EDGE ( 'NONE', *, *, #2571, .T. ) ;
#722 = EDGE_CURVE ( 'NONE', #2664, #1208, #1676, .T. ) ;
#723 = ORIENTED_EDGE ( 'NONE', *, *, #109, .T. ) ;
#724 = CARTESIAN_POINT ( 'NONE',  ( 0.000000000000000000, -3.899999999999999911, -9.900000000000000355 ) ) ;
#725 = CARTESIAN_POINT ( 'NONE',  ( -0.1000000000000000056, 4.000000000000000000, -5.000000000000000000 ) ) ;
#726 = DIRECTION ( 'NONE',  ( 0.000000000000000000, 0.000000000000000000, 1.000000000000000000 ) ) ;
#727 = FILL_AREA_STYLE ('',( #1643 ) ) ;
#728 = ORIENTED_EDGE ( 'NONE', *, *, #2669, .F. ) ;
#729 = DIRECTION ( 'NONE',  ( 1.000000000000000000, 0.000000000000000000, 0.000000000000000000 ) ) ;
#730 = ORIENTED_EDGE ( 'NONE', *, *, #2120, .T. ) ;
#731 = ADVANCED_FACE ( 'NONE', ( #2710 ), #184, .F. ) ;
#732 = ORIENTED_EDGE ( 'NONE', *, *, #2081, .T. ) ;
#733 = DIRECTION ( 'NONE',  ( -0.5773502691896190697, -0.5773502691896190697, -0.5773502691896390537 ) ) ;
#734 = ORIENTED_EDGE ( 'NONE', *, *, #1852, .F. ) ;
#735 = CIRCLE ( 'NONE', #2305, 1.249999999999999334 ) ;
#736 = ORIENTED_EDGE ( 'NONE', *, *, #2248, .T. ) ;
#737 = DIRECTION ( 'NONE',  ( 0.000000000000000000, 1.000000000000000000, 0.000000000000000000 ) ) ;
#738 = DIRECTION ( 'NONE',  ( 0.000000000000000000, 0.000000000000000000, 1.000000000000000000 ) ) ;
#739 = ADVANCED_FACE ( 'NONE', ( #780 ), #2543, .F. ) ;
#740 = VECTOR ( 'NONE', #1575, 1000.000000000000000 ) ;
#741 = PLANE ( 'NONE',  #1280 ) ;
#742 = VECTOR ( 'NONE', #825, 1000.000000000000227 ) ;
#743 = FILL_AREA_STYLE_COLOUR ( '', #2719 ) ;
#744 = ADVANCED_FACE ( 'NONE', ( #167 ), #2504, .T. ) ;
#745 = VECTOR ( 'NONE', #539, 1000.000000000000000 ) ;
#746 = VERTEX_POINT ( 'NONE', #122 ) ;
#747 = PLANE ( 'NONE',  #1821 ) ;
#748 = ORIENTED_EDGE ( 'NONE', *, *, #2445, .F. ) ;
#749 = AXIS2_PLACEMENT_3D ( 'NONE', #150, #193, #830 ) ;
#750 = ORIENTED_EDGE ( 'NONE', *, *, #2098, .T. ) ;
#751 = CARTESIAN_POINT ( 'NONE',  ( -19.00000000000000000, 4.000000000000000000, 4.500000000000000000 ) ) ;
#752 = ORIENTED_EDGE ( 'NONE', *, *, #2424, .F. ) ;
#753 = EDGE_CURVE ( 'NONE', #2512, #165, #155, .T. ) ;
#754 = CARTESIAN_POINT ( 'NONE',  ( -19.00000000000000000, 4.000000000000000000, 5.000000000000000000 ) ) ;
#755 = CARTESIAN_POINT ( 'NONE',  ( 0.000000000000000000, 0.000000000000000000, 0.000000000000000000 ) ) ;
#756 = DIRECTION ( 'NONE',  ( 0.000000000000000000, 0.000000000000000000, -1.000000000000000000 ) ) ;
#757 = FILL_AREA_STYLE_COLOUR ( '', #1942 ) ;
#758 = EDGE_CURVE ( 'NONE', #491, #2210, #587, .T. ) ;
#759 = ORIENTED_EDGE ( 'NONE', *, *, #168, .T. ) ;
#760 = PLANE ( 'NONE',  #2315 ) ;
#761 = EDGE_CURVE ( 'NONE', #1207, #800, #1255, .T. ) ;
#762 = ORIENTED_EDGE ( 'NONE', *, *, #2656, .F. ) ;
#763 = ORIENTED_EDGE ( 'NONE', *, *, #2445, .T. ) ;
#764 = EDGE_LOOP ( 'NONE', ( #331, #1869, #1566, #674, #2749, #1352, #416, #22, #1440, #2042, #709, #2009 ) ) ;
#765 = CARTESIAN_POINT ( 'NONE',  ( 4.000000000000000000, -4.000000000000000000, -10.00000000000000000 ) ) ;
#766 = FACE_OUTER_BOUND ( 'NONE', #2418, .T. ) ;
#767 = DIRECTION ( 'NONE',  ( 1.000000000000000000, 0.000000000000000000, 0.000000000000000000 ) ) ;
#768 = ADVANCED_FACE ( 'NONE', ( #620 ), #1426, .F. ) ;
#769 = LINE ( 'NONE', #1403, #2806 ) ;
#770 =( NAMED_UNIT ( * ) SI_UNIT ( $, .STERADIAN. ) SOLID_ANGLE_UNIT ( ) );
#771 = EDGE_LOOP ( 'NONE', ( #61, #1623, #554, #2059 ) ) ;
#772 = DIRECTION ( 'NONE',  ( 0.7071067811865350272, 0.7071067811865600072, 0.000000000000000000 ) ) ;
#773 = PRODUCT_DEFINITION_CONTEXT ( 'detailed design', #2180, 'design' ) ;
#774 = ADVANCED_FACE ( 'NONE', ( #1015 ), #564, .F. ) ;
#775 = ORIENTED_EDGE ( 'NONE', *, *, #364, .F. ) ;
#776 = CARTESIAN_POINT ( 'NONE',  ( -19.00000000000000000, 3.899999999999999911, 5.041421356237310469 ) ) ;
#777 = ORIENTED_EDGE ( 'NONE', *, *, #643, .F. ) ;
#778 = AXIS2_PLACEMENT_3D ( 'NONE', #503, #100, #2661 ) ;
#779 = LINE ( 'NONE', #1611, #597 ) ;
#780 = FACE_OUTER_BOUND ( 'NONE', #2761, .T. ) ;
#781 = DIRECTION ( 'NONE',  ( 0.000000000000000000, -1.000000000000000000, -2.168404344971010101E-16 ) ) ;
#782 = VECTOR ( 'NONE', #2377, 1000.000000000000000 ) ;
#783 = VECTOR ( 'NONE', #2728, 1000.000000000000114 ) ;
#784 = VECTOR ( 'NONE', #2189, 1000.000000000000000 ) ;
#785 = ORIENTED_EDGE ( 'NONE', *, *, #1978, .F. ) ;
#786 = DIRECTION ( 'NONE',  ( 0.000000000000000000, 1.000000000000000000, 0.000000000000000000 ) ) ;
#787 = VECTOR ( 'NONE', #214, 1000.000000000000000 ) ;
#788 = AXIS2_PLACEMENT_3D ( 'NONE', #1726, #2597, #1955 ) ;
#789 = VERTEX_POINT ( 'NONE', #1211 ) ;
#790 = AXIS2_PLACEMENT_3D ( 'NONE', #130, #2095, #811 ) ;
#791 = ADVANCED_FACE ( 'NONE', ( #2755 ), #2072, .F. ) ;
#792 = DIRECTION ( 'NONE',  ( 0.000000000000000000, 0.000000000000000000, 1.000000000000000000 ) ) ;
#793 = EDGE_LOOP ( 'NONE', ( #721, #1810, #1793, #1392 ) ) ;
#794 = EDGE_CURVE ( 'NONE', #295, #255, #2111, .T. ) ;
#795 = VERTEX_POINT ( 'NONE', #401 ) ;
#796 = CARTESIAN_POINT ( 'NONE',  ( -14.50000000000000000, -2.000000000000000000, 8.750000000000000000 ) ) ;
#797 = DIRECTION ( 'NONE',  ( 0.000000000000000000, 1.577021341797094849E-16, -1.000000000000000000 ) ) ;
#798 = LINE ( 'NONE', #1212, #964 ) ;
#799 = PLANE ( 'NONE',  #1542 ) ;
#800 = VERTEX_POINT ( 'NONE', #1901 ) ;
#801 = LINE ( 'NONE', #1232, #1511 ) ;
#802 = VERTEX_POINT ( 'NONE', #2772 ) ;
#803 = EDGE_CURVE ( 'NONE', #1281, #2664, #1691, .T. ) ;
#804 = LINE ( 'NONE', #2281, #137 ) ;
#805 = ORIENTED_EDGE ( 'NONE', *, *, #2792, .T. ) ;
#806 = CARTESIAN_POINT ( 'NONE',  ( -6.400000000000000355, -10.30000000000000071, -3.600000000000000089 ) ) ;
#807 = DIRECTION ( 'NONE',  ( 0.000000000000000000, 0.000000000000000000, 1.000000000000000000 ) ) ;
#808 = LINE ( 'NONE', #1665, #181 ) ;
#809 = ADVANCED_FACE ( 'NONE', ( #1483 ), #2342, .F. ) ;
#810 = CARTESIAN_POINT ( 'NONE',  ( -23.00000000000000000, 0.5000000000000000000, 4.500000000000000000 ) ) ;
#811 = DIRECTION ( 'NONE',  ( 1.000000000000000000, 0.000000000000000000, 0.000000000000000000 ) ) ;
#812 = CARTESIAN_POINT ( 'NONE',  ( -15.90000000000000036, -2.499999999999930278, -1.500000000000070166 ) ) ;
#813 = EDGE_CURVE ( 'NONE', #1972, #1177, #2603, .T. ) ;
#814 = CARTESIAN_POINT ( 'NONE',  ( 0.000000000000000000, 3.500000000000000000, -10.00000000000000000 ) ) ;
#815 = ORIENTED_EDGE ( 'NONE', *, *, #1674, .T. ) ;
#816 = DIRECTION ( 'NONE',  ( 0.000000000000000000, -1.000000000000000000, -4.336808689942020201E-16 ) ) ;
#817 = LINE ( 'NONE', #1269, #2398 ) ;
#818 = VECTOR ( 'NONE', #1527, 1000.000000000000000 ) ;
#819 =( NAMED_UNIT ( * ) PLANE_ANGLE_UNIT ( ) SI_UNIT ( $, .RADIAN. ) );
#820 = CARTESIAN_POINT ( 'NONE',  ( -24.50000000000000000, 0.5000000000000000000, -4.500000000000000000 ) ) ;
#821 = EDGE_CURVE ( 'NONE', #869, #1308, #2575, .T. ) ;
#822 = LINE ( 'NONE', #2564, #1898 ) ;
#823 = CARTESIAN_POINT ( 'NONE',  ( -24.50000000000000000, -4.000000000000000000, -4.500000000000000000 ) ) ;
#824 = AXIS2_PLACEMENT_3D ( 'NONE', #1654, #1664, #807 ) ;
#825 = DIRECTION ( 'NONE',  ( -0.5773502691896197359, -0.5773502691896187367, 0.5773502691896387207 ) ) ;
#826 = CARTESIAN_POINT ( 'NONE',  ( -19.00000000000000000, -4.000000000000000000, 10.00000000000000000 ) ) ;
#827 = EDGE_CURVE ( 'NONE', #927, #2681, #2788, .T. ) ;
#828 = ORIENTED_EDGE ( 'NONE', *, *, #1390, .F. ) ;
#829 = AXIS2_PLACEMENT_3D ( 'NONE', #33, #875, #913 ) ;
#830 = DIRECTION ( 'NONE',  ( 0.000000000000000000, 0.000000000000000000, 1.000000000000000000 ) ) ;
#831 = VECTOR ( 'NONE', #1970, 1000.000000000000000 ) ;
#832 = VERTEX_POINT ( 'NONE', #634 ) ;
#833 = VERTEX_POINT ( 'NONE', #2373 ) ;
#834 = PLANE ( 'NONE',  #1504 ) ;
#835 = CARTESIAN_POINT ( 'NONE',  ( -18.89999999999999858, 3.500000000000000000, -4.500000000000000000 ) ) ;
#836 = DIRECTION ( 'NONE',  ( 0.000000000000000000, 1.000000000000000000, 0.000000000000000000 ) ) ;
#837 = EDGE_CURVE ( 'NONE', #1608, #1184, #859, .T. ) ;
#838 = FACE_OUTER_BOUND ( 'NONE', #2816, .T. ) ;
#839 = FACE_OUTER_BOUND ( 'NONE', #1354, .T. ) ;
#840 = CARTESIAN_POINT ( 'NONE',  ( -18.89999999999999858, -4.000000000000000000, -4.500000000000000000 ) ) ;
#841 = PLANE ( 'NONE',  #2367 ) ;
#842 = DIRECTION ( 'NONE',  ( -1.000000000000000000, 0.000000000000000000, 0.000000000000000000 ) ) ;
#843 = ADVANCED_FACE ( 'NONE', ( #253 ), #2195, .F. ) ;
#844 = EDGE_LOOP ( 'NONE', ( #1253, #452, #1512, #236 ) ) ;
#845 = DIRECTION ( 'NONE',  ( 0.000000000000000000, 1.000000000000000000, 1.577021341797100025E-16 ) ) ;
#846 = ORIENTED_EDGE ( 'NONE', *, *, #1790, .F. ) ;
#847 = ORIENTED_EDGE ( 'NONE', *, *, #718, .F. ) ;
#848 = LINE ( 'NONE', #121, #1324 ) ;
#849 = CARTESIAN_POINT ( 'NONE',  ( 4.000000000000000000, 3.500000000000000000, -10.00000000000000000 ) ) ;
#850 = DIRECTION ( 'NONE',  ( 0.7071067811865475727, -0.7071067811865475727, 0.000000000000000000 ) ) ;
#851 = EDGE_CURVE ( 'NONE', #2471, #1984, #650, .T. ) ;
#852 = CARTESIAN_POINT ( 'NONE',  ( 0.000000000000000000, 3.500000000000000000, 10.00000000000000000 ) ) ;
#853 = CARTESIAN_POINT ( 'NONE',  ( -18.89999999999999858, -4.000000000000000000, 4.500000000000000000 ) ) ;
#854 = UNCERTAINTY_MEASURE_WITH_UNIT (LENGTH_MEASURE( 1.000000000000000082E-05 ), #2744, 'distance_accuracy_value', 'NONE');
#855 = ORIENTED_EDGE ( 'NONE', *, *, #1325, .T. ) ;
#856 = ADVANCED_FACE ( 'NONE', ( #2356 ), #1514, .T. ) ;
#857 = ORIENTED_EDGE ( 'NONE', *, *, #1848, .F. ) ;
#858 = DIRECTION ( 'NONE',  ( -0.5773502691896267303, -0.5773502691896278405, -0.5773502691896227335 ) ) ;
#859 = LINE ( 'NONE', #1113, #1591 ) ;
#860 = LINE ( 'NONE', #2576, #1372 ) ;
#861 = CARTESIAN_POINT ( 'NONE',  ( -18.89999999999999858, 4.000000000000000000, -9.900000000000000355 ) ) ;
#862 = DIRECTION ( 'NONE',  ( 0.7071067811865600072, -3.066586833366695521E-16, 0.7071067811865350272 ) ) ;
#863 = DIRECTION ( 'NONE',  ( 1.000000000000000000, 0.000000000000000000, 0.000000000000000000 ) ) ;
#864 = CARTESIAN_POINT ( 'NONE',  ( 0.000000000000000000, 0.000000000000000000, 4.599999999999999645 ) ) ;
#865 = DIRECTION ( 'NONE',  ( 0.000000000000000000, -4.625929269271489858E-16, 1.000000000000000000 ) ) ;
#866 = VECTOR ( 'NONE', #1573, 1000.000000000000227 ) ;
#867 = CARTESIAN_POINT ( 'NONE',  ( 0.000000000000000000, -4.000000000000000000, -4.599999999999999645 ) ) ;
#868 = VECTOR ( 'NONE', #733, 1000.000000000000000 ) ;
#869 = VERTEX_POINT ( 'NONE', #1931 ) ;
#870 = AXIS2_PLACEMENT_3D ( 'NONE', #1112, #1080, #195 ) ;
#871 = VECTOR ( 'NONE', #449, 1000.000000000000000 ) ;
#872 = ORIENTED_EDGE ( 'NONE', *, *, #293, .T. ) ;
#873 = AXIS2_PLACEMENT_3D ( 'NONE', #1520, #658, #1487 ) ;
#874 = EDGE_CURVE ( 'NONE', #1565, #242, #1311, .T. ) ;
#875 = DIRECTION ( 'NONE',  ( -1.000000000000000000, 0.000000000000000000, 0.000000000000000000 ) ) ;
#876 = LINE ( 'NONE', #2166, #454 ) ;
#877 = VECTOR ( 'NONE', #393, 1000.000000000000000 ) ;
#878 = ORIENTED_EDGE ( 'NONE', *, *, #1065, .T. ) ;
#879 = FACE_OUTER_BOUND ( 'NONE', #288, .T. ) ;
#880 = LINE ( 'NONE', #670, #640 ) ;
#881 = CARTESIAN_POINT ( 'NONE',  ( -24.50000000000000000, -4.000000000000000000, 4.500000000000000000 ) ) ;
#882 = DIRECTION ( 'NONE',  ( 1.000000000000000000, 0.000000000000000000, 0.000000000000000000 ) ) ;
#883 = CARTESIAN_POINT ( 'NONE',  ( 4.000000000000000000, -4.000000000000000000, -4.500000000000000000 ) ) ;
#884 = VERTEX_POINT ( 'NONE', #1943 ) ;
#885 = DIRECTION ( 'NONE',  ( 0.000000000000000000, 0.000000000000000000, -1.000000000000000000 ) ) ;
#886 = CARTESIAN_POINT ( 'NONE',  ( 0.000000000000000000, 0.5000000000000000000, 4.599999999999999645 ) ) ;
#887 = ORIENTED_EDGE ( 'NONE', *, *, #1804, .F. ) ;
#888 = DIRECTION ( 'NONE',  ( 0.000000000000000000, -1.000000000000000000, -4.625929269271489858E-16 ) ) ;
#889 = DIRECTION ( 'NONE',  ( 1.000000000000000000, 0.000000000000000000, 0.000000000000000000 ) ) ;
#890 = EDGE_CURVE ( 'NONE', #493, #2197, #1329, .T. ) ;
#891 = CARTESIAN_POINT ( 'NONE',  ( -24.50000000000000000, 3.500000000000000000, 10.00000000000000000 ) ) ;
#892 = LINE ( 'NONE', #924, #42 ) ;
#893 = ORIENTED_EDGE ( 'NONE', *, *, #1510, .T. ) ;
#894 = LINE ( 'NONE', #1757, #1 ) ;
#895 = EDGE_LOOP ( 'NONE', ( #1965, #1971, #857, #736, #966, #1711 ) ) ;
#896 = EDGE_LOOP ( 'NONE', ( #432, #286, #238, #1578, #1668, #249, #775, #2630 ) ) ;
#897 = CARTESIAN_POINT ( 'NONE',  ( -4.500000000000000000, -2.000000000000000000, -6.250000000000000000 ) ) ;
#898 = CARTESIAN_POINT ( 'NONE',  ( -4.500000000000000000, -2.751075773784450007, -7.500000000000000000 ) ) ;
#899 = EDGE_LOOP ( 'NONE', ( #314, #380, #846, #2023 ) ) ;
#900 = PRESENTATION_STYLE_ASSIGNMENT (( #1539 ) ) ;
#901 = DIRECTION ( 'NONE',  ( 0.5773502691896190697, 0.5773502691896190697, -0.5773502691896390537 ) ) ;
#902 = FACE_OUTER_BOUND ( 'NONE', #2706, .T. ) ;
#903 = EDGE_CURVE ( 'NONE', #795, #1296, #2628, .T. ) ;
#904 = EDGE_LOOP ( 'NONE', ( #2076, #2029, #65, #1365 ) ) ;
#905 = DIRECTION ( 'NONE',  ( 0.000000000000000000, -1.000000000000000000, -2.312964634635744929E-16 ) ) ;
#906 = ORIENTED_EDGE ( 'NONE', *, *, #585, .T. ) ;
#907 = AXIS2_PLACEMENT_3D ( 'NONE', #2800, #1666, #1516 ) ;
#908 = EDGE_CURVE ( 'NONE', #302, #1606, #876, .T. ) ;
#909 = VECTOR ( 'NONE', #1081, 1000.000000000000000 ) ;
#910 = EDGE_LOOP ( 'NONE', ( #1798, #1267, #470, #499 ) ) ;
#911 = STYLED_ITEM ( 'NONE', ( #900 ), #1217 ) ;
#912 = VECTOR ( 'NONE', #714, 999.9999999999998863 ) ;
#913 = DIRECTION ( 'NONE',  ( 0.000000000000000000, 0.000000000000000000, 1.000000000000000000 ) ) ;
#914 = DIRECTION ( 'NONE',  ( 0.000000000000000000, 1.000000000000000000, 3.154042683594195121E-16 ) ) ;
#915 = CIRCLE ( 'NONE', #873, 1.249999999999999334 ) ;
#916 = VERTEX_POINT ( 'NONE', #666 ) ;
#917 = EDGE_LOOP ( 'NONE', ( #1589, #2015, #251, #1196 ) ) ;
#918 = VECTOR ( 'NONE', #1405, 1000.000000000000000 ) ;
#919 = DIRECTION ( 'NONE',  ( 0.000000000000000000, 1.000000000000000000, 1.577021341797100025E-16 ) ) ;
#920 = CARTESIAN_POINT ( 'NONE',  ( 4.000000000000000000, 3.500000000000000000, 10.00000000000000000 ) ) ;
#921 = CARTESIAN_POINT ( 'NONE',  ( 1.300000000000000044, -2.600000000000000089, -5.899999999999999467 ) ) ;
#922 = EDGE_CURVE ( 'NONE', #501, #1093, #2614, .T. ) ;
#923 = CONICAL_SURFACE ( 'NONE', #2002, 1.250000000000000222, 1.029744258676652313 ) ;
#924 = CARTESIAN_POINT ( 'NONE',  ( -23.00000000000000000, -4.000000000000000000, 4.500000000000000000 ) ) ;
#925 = VERTEX_POINT ( 'NONE', #418 ) ;
#926 = LINE ( 'NONE', #1982, #2365 ) ;
#927 = VERTEX_POINT ( 'NONE', #1526 ) ;
#928 = EDGE_CURVE ( 'NONE', #948, #337, #2386, .T. ) ;
#929 = ORIENTED_EDGE ( 'NONE', *, *, #561, .T. ) ;
#930 = PLANE ( 'NONE',  #2400 ) ;
#931 = ORIENTED_EDGE ( 'NONE', *, *, #2248, .F. ) ;
#932 = CARTESIAN_POINT ( 'NONE',  ( -4.500000000000000000, 4.000000000000000000, 7.500000000000000000 ) ) ;
#933 = DIRECTION ( 'NONE',  ( -1.000000000000000000, 0.000000000000000000, 0.000000000000000000 ) ) ;
#934 = CARTESIAN_POINT ( 'NONE',  ( -0.05000000000000000278, -3.950000000000000178, -9.950000000000001066 ) ) ;
#935 = LINE ( 'NONE', #275, #1003 ) ;
#936 = EDGE_CURVE ( 'NONE', #1420, #746, #1963, .T. ) ;
#937 = ORIENTED_EDGE ( 'NONE', *, *, #2120, .F. ) ;
#938 = DIRECTION ( 'NONE',  ( 1.000000000000000000, 0.000000000000000000, 0.000000000000000000 ) ) ;
#939 = ORIENTED_EDGE ( 'NONE', *, *, #2208, .F. ) ;
#940 = ORIENTED_EDGE ( 'NONE', *, *, #837, .F. ) ;
#941 = EDGE_CURVE ( 'NONE', #64, #2278, #459, .T. ) ;
#942 = CARTESIAN_POINT ( 'NONE',  ( -24.50000000000000000, 3.500000000000000000, 10.00000000000000000 ) ) ;
#943 = ORIENTED_EDGE ( 'NONE', *, *, #2381, .T. ) ;
#944 = ORIENTED_EDGE ( 'NONE', *, *, #1110, .T. ) ;
#945 = DIRECTION ( 'NONE',  ( 0.000000000000000000, 0.000000000000000000, 1.000000000000000000 ) ) ;
#946 = CARTESIAN_POINT ( 'NONE',  ( -21.56666666666669840, 1.333333333333316162, -7.333333333333339255 ) ) ;
#947 = LINE ( 'NONE', #1585, #2637 ) ;
#948 = VERTEX_POINT ( 'NONE', #898 ) ;
#949 = LINE ( 'NONE', #2022, #1509 ) ;
#950 = EDGE_LOOP ( 'NONE', ( #260, #2646, #2786, #1410 ) ) ;
#951 = VECTOR ( 'NONE', #70, 1000.000000000000000 ) ;
#952 = ORIENTED_EDGE ( 'NONE', *, *, #161, .T. ) ;
#953 = AXIS2_PLACEMENT_3D ( 'NONE', #271, #521, #2031 ) ;
#954 = CARTESIAN_POINT ( 'NONE',  ( 4.000000000000000000, 3.500000000000000000, 10.00000000000000000 ) ) ;
#955 = ADVANCED_FACE ( 'NONE', ( #1761 ), #693, .T. ) ;
#956 = ORIENTED_EDGE ( 'NONE', *, *, #28, .F. ) ;
#957 = AXIS2_PLACEMENT_3D ( 'NONE', #669, #655, #2616 ) ;
#958 = ORIENTED_EDGE ( 'NONE', *, *, #307, .F. ) ;
#959 = CARTESIAN_POINT ( 'NONE',  ( -19.00000000000000000, 0.000000000000000000, 4.599999999999999645 ) ) ;
#960 = CARTESIAN_POINT ( 'NONE',  ( -23.00000000000000000, 3.500000000000000000, -10.00000000000000000 ) ) ;
#961 = VECTOR ( 'NONE', #1028, 1000.000000000000000 ) ;
#962 = LINE ( 'NONE', #2073, #2721 ) ;
#963 = EDGE_CURVE ( 'NONE', #2230, #2207, #2657, .T. ) ;
#964 = VECTOR ( 'NONE', #2691, 1000.000000000000000 ) ;
#965 = VECTOR ( 'NONE', #1076, 1000.000000000000000 ) ;
#966 = ORIENTED_EDGE ( 'NONE', *, *, #1605, .T. ) ;
#967 = CARTESIAN_POINT ( 'NONE',  ( -18.89999999999999858, 3.500000000000000000, 4.500000000000000000 ) ) ;
#968 = VERTEX_POINT ( 'NONE', #2001 ) ;
#969 = ORIENTED_EDGE ( 'NONE', *, *, #821, .F. ) ;
#970 = ADVANCED_FACE ( 'NONE', ( #1832, #51, #1141 ), #930, .T. ) ;
#971 = CARTESIAN_POINT ( 'NONE',  ( -19.00000000000000000, -0.5707106781186440658, 0.5707106781186399580 ) ) ;
#972 = EDGE_LOOP ( 'NONE', ( #1368, #943, #1688, #1969 ) ) ;
#973 = ORIENTED_EDGE ( 'NONE', *, *, #1935, .F. ) ;
#974 = LINE ( 'NONE', #724, #504 ) ;
#975 = CARTESIAN_POINT ( 'NONE',  ( -19.00000000000000000, -0.5707106781186430666, 0.5707106781186399580 ) ) ;
#976 = DIRECTION ( 'NONE',  ( 0.000000000000000000, -1.000000000000000000, 0.000000000000000000 ) ) ;
#977 =( NAMED_UNIT ( * ) PLANE_ANGLE_UNIT ( ) SI_UNIT ( $, .RADIAN. ) );
#978 = EDGE_CURVE ( 'NONE', #2297, #1285, #2241, .T. ) ;
#979 = EDGE_LOOP ( 'NONE', ( #2289, #1913, #1758, #2666 ) ) ;
#980 = CARTESIAN_POINT ( 'NONE',  ( 0.000000000000000000, 0.5000000000000000000, -4.500000000000000000 ) ) ;
#981 = ORIENTED_EDGE ( 'NONE', *, *, #1353, .F. ) ;
#982 = ORIENTED_EDGE ( 'NONE', *, *, #1344, .T. ) ;
#983 = ORIENTED_EDGE ( 'NONE', *, *, #643, .T. ) ;
#984 = CYLINDRICAL_SURFACE ( 'NONE', #1183, 1.250000000000000222 ) ;
#985 = LINE ( 'NONE', #1160, #1366 ) ;
#986 = DIRECTION ( 'NONE',  ( 0.000000000000000000, -1.000000000000000000, 0.000000000000000000 ) ) ;
#987 =( NAMED_UNIT ( * ) SI_UNIT ( $, .STERADIAN. ) SOLID_ANGLE_UNIT ( ) );
#988 = ORIENTED_EDGE ( 'NONE', *, *, #518, .T. ) ;
#989 = CARTESIAN_POINT ( 'NONE',  ( 5.500000000000000000, -4.000000000000000000, -10.00000000000000000 ) ) ;
#990 = EDGE_CURVE ( 'NONE', #2210, #2436, #313, .T. ) ;
#991 = EDGE_CURVE ( 'NONE', #1027, #2585, #530, .T. ) ;
#992 = VERTEX_POINT ( 'NONE', #2470 ) ;
#993 =( LENGTH_UNIT ( ) NAMED_UNIT ( * ) SI_UNIT ( .MILLI., .METRE. ) );
#994 = AXIS2_PLACEMENT_3D ( 'NONE', #626, #865, #2115 ) ;
#995 = ORIENTED_EDGE ( 'NONE', *, *, #1883, .F. ) ;
#996 = EDGE_LOOP ( 'NONE', ( #2048, #2725, #1153 ) ) ;
#997 = CARTESIAN_POINT ( 'NONE',  ( -6.066666666666360008, 9.966666666666560204, 10.96666666666660106 ) ) ;
#998 = CARTESIAN_POINT ( 'NONE',  ( -19.00000000000000000, 3.899999999999999911, 6.150383233008679967E-16 ) ) ;
#999 = CARTESIAN_POINT ( 'NONE',  ( 5.500000000000000000, -4.000000000000000000, 4.500000000000000000 ) ) ;
#1000 = VECTOR ( 'NONE', #797, 1000.000000000000000 ) ;
#1001 = CARTESIAN_POINT ( 'NONE',  ( -24.50000000000000000, -4.000000000000000000, 4.500000000000000000 ) ) ;
#1002 = VECTOR ( 'NONE', #1900, 999.9999999999998863 ) ;
#1003 = VECTOR ( 'NONE', #2161, 1000.000000000000000 ) ;
#1004 = ADVANCED_FACE ( 'NONE', ( #2696 ), #708, .F. ) ;
#1005 = VERTEX_POINT ( 'NONE', #954 ) ;
#1006 = CARTESIAN_POINT ( 'NONE',  ( -19.85371784915269799, 3.046282150847280157, -5.395042867796339792 ) ) ;
#1007 = AXIS2_PLACEMENT_3D ( 'NONE', #320, #1188, #1864 ) ;
#1008 = VECTOR ( 'NONE', #1478, 1000.000000000000114 ) ;
#1009 = ORIENTED_EDGE ( 'NONE', *, *, #557, .T. ) ;
#1010 = CIRCLE ( 'NONE', #2457, 1.249999999999999334 ) ;
#1011 = ADVANCED_FACE ( 'NONE', ( #1385 ), #300, .F. ) ;
#1012 = DIRECTION ( 'NONE',  ( 0.000000000000000000, -3.154042683594195121E-16, 1.000000000000000000 ) ) ;
#1013 = VERTEX_POINT ( 'NONE', #2668 ) ;
#1014 = PLANE ( 'NONE',  #2221 ) ;
#1015 = FACE_OUTER_BOUND ( 'NONE', #844, .T. ) ;
#1016 = CARTESIAN_POINT ( 'NONE',  ( -18.89999999999999858, 0.5000000000000000000, 4.500000000000000000 ) ) ;
#1017 = FACE_OUTER_BOUND ( 'NONE', #895, .T. ) ;
#1018 = LINE ( 'NONE', #2548, #1949 ) ;
#1019 = ORIENTED_EDGE ( 'NONE', *, *, #1698, .F. ) ;
#1020 = DIRECTION ( 'NONE',  ( 0.000000000000000000, -1.000000000000000000, 0.000000000000000000 ) ) ;
#1021 = DIRECTION ( 'NONE',  ( 0.000000000000000000, -3.154042683594195121E-16, 1.000000000000000000 ) ) ;
#1022 = ORIENTED_EDGE ( 'NONE', *, *, #364, .T. ) ;
#1023 = CARTESIAN_POINT ( 'NONE',  ( -18.89999999999999858, 4.000000000000000000, 5.000000000000000000 ) ) ;
#1024 = DIRECTION ( 'NONE',  ( 0.000000000000000000, 1.000000000000000000, 0.000000000000000000 ) ) ;
#1025 = EDGE_LOOP ( 'NONE', ( #194, #1988, #1155 ) ) ;
#1026 = EDGE_CURVE ( 'NONE', #247, #2797, #1409, .T. ) ;
#1027 = VERTEX_POINT ( 'NONE', #1397 ) ;
#1028 = DIRECTION ( 'NONE',  ( 0.000000000000000000, 1.000000000000000000, 4.625929269271489858E-16 ) ) ;
#1029 = CARTESIAN_POINT ( 'NONE',  ( 4.000000000000000000, 0.5000000000000000000, 4.500000000000000000 ) ) ;
#1030 = ADVANCED_FACE ( 'NONE', ( #1621 ), #2686, .T. ) ;
#1031 = PLANE ( 'NONE',  #2807 ) ;
#1032 = FACE_OUTER_BOUND ( 'NONE', #1531, .T. ) ;
#1033 = DIRECTION ( 'NONE',  ( -0.6785983445458467767, -0.6785983445458487751, -0.2810846377148163988 ) ) ;
#1034 = CARTESIAN_POINT ( 'NONE',  ( -23.00000000000000000, 3.500000000000000000, -10.00000000000000000 ) ) ;
#1035 = EDGE_LOOP ( 'NONE', ( #2430, #1833, #730 ) ) ;
#1036 = CARTESIAN_POINT ( 'NONE',  ( -24.50000000000000000, -4.000000000000000000, 10.00000000000000000 ) ) ;
#1037 = ADVANCED_FACE ( 'NONE', ( #2227 ), #1181, .F. ) ;
#1038 = CARTESIAN_POINT ( 'NONE',  ( -0.1000000000000000056, 3.500000000000000000, -4.500000000000000000 ) ) ;
#1039 = VERTEX_POINT ( 'NONE', #1168 ) ;
#1040 = ORIENTED_EDGE ( 'NONE', *, *, #1710, .F. ) ;
#1041 = LINE ( 'NONE', #2542, #1095 ) ;
#1042 = CARTESIAN_POINT ( 'NONE',  ( -24.50000000000000000, 0.5000000000000000000, 4.500000000000000000 ) ) ;
#1043 = EDGE_CURVE ( 'NONE', #833, #2726, #2045, .T. ) ;
#1044 = VECTOR ( 'NONE', #2776, 1000.000000000000000 ) ;
#1045 = DIRECTION ( 'NONE',  ( 0.000000000000000000, 0.000000000000000000, -1.000000000000000000 ) ) ;
#1046 = LINE ( 'NONE', #1933, #2171 ) ;
#1047 = AXIS2_PLACEMENT_3D ( 'NONE', #2169, #270, #1976 ) ;
#1048 = EDGE_CURVE ( 'NONE', #1323, #795, #63, .T. ) ;
#1049 = CARTESIAN_POINT ( 'NONE',  ( -23.00000000000000000, -4.000000000000000000, 0.000000000000000000 ) ) ;
#1050 = CARTESIAN_POINT ( 'NONE',  ( -14.50000000000000000, -2.000000000000000000, -8.750000000000000000 ) ) ;
#1051 = DIRECTION ( 'NONE',  ( 1.000000000000000000, 0.000000000000000000, 0.000000000000000000 ) ) ;
#1052 = VECTOR ( 'NONE', #1639, 1000.000000000000000 ) ;
#1053 = VECTOR ( 'NONE', #201, 1000.000000000000000 ) ;
#1054 = AXIS2_PLACEMENT_3D ( 'NONE', #1811, #786, #2220 ) ;
#1055 = FACE_BOUND ( 'NONE', #91, .T. ) ;
#1056 = ORIENTED_EDGE ( 'NONE', *, *, #293, .F. ) ;
#1057 = EDGE_LOOP ( 'NONE', ( #221, #2124, #328, #940 ) ) ;
#1058 = EDGE_CURVE ( 'NONE', #481, #2512, #1127, .T. ) ;
#1059 = DIRECTION ( 'NONE',  ( 0.7071067811865600072, 3.066586833366695521E-16, -0.7071067811865350272 ) ) ;
#1060 = DIRECTION ( 'NONE',  ( -0.5773502691896257311, -0.5773502691896257311, -0.5773502691896257311 ) ) ;
#1061 = DIRECTION ( 'NONE',  ( 0.000000000000000000, 1.000000000000000000, 1.445602896647339903E-16 ) ) ;
#1062 = CARTESIAN_POINT ( 'NONE',  ( 0.000000000000000000, -3.899999999999999911, 0.000000000000000000 ) ) ;
#1063 = DIRECTION ( 'NONE',  ( 0.000000000000000000, -1.577021341797094849E-16, 1.000000000000000000 ) ) ;
#1064 = LINE ( 'NONE', #2567, #2551 ) ;
#1065 = EDGE_CURVE ( 'NONE', #495, #2158, #96, .T. ) ;
#1066 = ORIENTED_EDGE ( 'NONE', *, *, #978, .F. ) ;
#1067 = ORIENTED_EDGE ( 'NONE', *, *, #1635, .T. ) ;
#1068 = LINE ( 'NONE', #1299, #2041 ) ;
#1069 = CARTESIAN_POINT ( 'NONE',  ( -23.00000000000000000, -4.000000000000000000, 10.00000000000000000 ) ) ;
#1070 = FACE_OUTER_BOUND ( 'NONE', #2262, .T. ) ;
#1071 = LINE ( 'NONE', #2092, #782 ) ;
#1072 = CARTESIAN_POINT ( 'NONE',  ( 4.000000000000000000, -4.000000000000000000, 4.500000000000000000 ) ) ;
#1073 = CARTESIAN_POINT ( 'NONE',  ( -18.89999999999999858, -3.899999999999999911, -10.00000000000000000 ) ) ;
#1074 = CARTESIAN_POINT ( 'NONE',  ( -0.1000000000000000056, 3.500000000000000000, -4.500000000000000000 ) ) ;
#1075 = ADVANCED_FACE ( 'NONE', ( #2645 ), #1569, .F. ) ;
#1076 = DIRECTION ( 'NONE',  ( 0.000000000000000000, 0.000000000000000000, 1.000000000000000000 ) ) ;
#1077 = ADVANCED_FACE ( 'NONE', ( #1032 ), #1499, .T. ) ;
#1078 = DIRECTION ( 'NONE',  ( 0.000000000000000000, 1.445602896647339903E-16, -1.000000000000000000 ) ) ;
#1079 = VERTEX_POINT ( 'NONE', #2757 ) ;
#1080 = DIRECTION ( 'NONE',  ( 0.000000000000000000, 1.000000000000000000, 0.000000000000000000 ) ) ;
#1081 = DIRECTION ( 'NONE',  ( -1.000000000000000000, 0.000000000000000000, 0.000000000000000000 ) ) ;
#1082 = CARTESIAN_POINT ( 'NONE',  ( -19.00000000000000000, 3.500000000000000000, -4.500000000000000000 ) ) ;
#1083 = ORIENTED_EDGE ( 'NONE', *, *, #2254, .T. ) ;
#1084 = DIRECTION ( 'NONE',  ( 1.000000000000000000, 0.000000000000000000, 0.000000000000000000 ) ) ;
#1085 = CARTESIAN_POINT ( 'NONE',  ( -0.1000000000000030032, 4.000000000000000000, 9.900000000000000355 ) ) ;
#1086 = DIRECTION ( 'NONE',  ( 0.000000000000000000, 0.000000000000000000, 1.000000000000000000 ) ) ;
#1087 = VECTOR ( 'NONE', #1754, 1000.000000000000000 ) ;
#1088 = DIRECTION ( 'NONE',  ( 0.000000000000000000, -1.000000000000000000, 0.000000000000000000 ) ) ;
#1089 = VECTOR ( 'NONE', #1359, 1000.000000000000227 ) ;
#1090 = EDGE_CURVE ( 'NONE', #144, #80, #822, .T. ) ;
#1091 = DIRECTION ( 'NONE',  ( 0.000000000000000000, 0.000000000000000000, -1.000000000000000000 ) ) ;
#1092 = VECTOR ( 'NONE', #2561, 1000.000000000000000 ) ;
#1093 = VERTEX_POINT ( 'NONE', #143 ) ;
#1094 = EDGE_CURVE ( 'NONE', #916, #332, #1046, .T. ) ;
#1095 = VECTOR ( 'NONE', #604, 1000.000000000000000 ) ;
#1096 = CLOSED_SHELL ( 'NONE', ( #1889, #2413, #38, #1824, #2600, #2545, #403, #2758, #1912, #2025 ) ) ;
#1097 = VERTEX_POINT ( 'NONE', #375 ) ;
#1098 = VECTOR ( 'NONE', #713, 1000.000000000000114 ) ;
#1099 = EDGE_CURVE ( 'NONE', #992, #1079, #1018, .T. ) ;
#1100 = LINE ( 'NONE', #1941, #2044 ) ;
#1101 = CARTESIAN_POINT ( 'NONE',  ( -4.500000000000000000, -2.000000000000000000, -8.750000000000000000 ) ) ;
#1102 = VECTOR ( 'NONE', #2736, 1000.000000000000114 ) ;
#1103 = ORIENTED_EDGE ( 'NONE', *, *, #704, .T. ) ;
#1104 = LINE ( 'NONE', #228, #321 ) ;
#1105 = DIRECTION ( 'NONE',  ( 0.000000000000000000, 0.000000000000000000, -1.000000000000000000 ) ) ;
#1106 = CARTESIAN_POINT ( 'NONE',  ( -19.00000000000000000, 4.000000000000000000, -9.900000000000000355 ) ) ;
#1107 = EDGE_LOOP ( 'NONE', ( #2438, #2352, #2667, #1386 ) ) ;
#1108 = CARTESIAN_POINT ( 'NONE',  ( 0.000000000000000000, -4.000000000000000000, 4.500000000000000000 ) ) ;
#1109 = VERTEX_POINT ( 'NONE', #608 ) ;
#1110 = EDGE_CURVE ( 'NONE', #1743, #50, #389, .T. ) ;
#1111 = ORIENTED_EDGE ( 'NONE', *, *, #1700, .F. ) ;
#1112 = CARTESIAN_POINT ( 'NONE',  ( -4.500000000000000000, -2.000000000000000000, 7.500000000000000000 ) ) ;
#1113 = CARTESIAN_POINT ( 'NONE',  ( -19.00000000000000000, 0.5999999999999999778, 0.000000000000000000 ) ) ;
#1114 = EDGE_CURVE ( 'NONE', #519, #1565, #1290, .T. ) ;
#1115 = ORIENTED_EDGE ( 'NONE', *, *, #1595, .T. ) ;
#1116 = CARTESIAN_POINT ( 'NONE',  ( -14.50000000000000000, 4.000000000000000000, 8.750000000000000000 ) ) ;
#1117 = CARTESIAN_POINT ( 'NONE',  ( 1.299999999999967848, -2.600000000000000089, 8.599999999999999645 ) ) ;
#1118 = PLANE ( 'NONE',  #1998 ) ;
#1119 = ADVANCED_FACE ( 'NONE', ( #839 ), #1694, .T. ) ;
#1120 = CARTESIAN_POINT ( 'NONE',  ( 5.500000000000000000, -4.000000000000000000, -4.500000000000000000 ) ) ;
#1121 = ORIENTED_EDGE ( 'NONE', *, *, #152, .F. ) ;
#1122 = DIRECTION ( 'NONE',  ( 0.000000000000000000, -1.000000000000000000, 0.000000000000000000 ) ) ;
#1123 = EDGE_LOOP ( 'NONE', ( #929, #2068, #467, #1524 ) ) ;
#1124 = ORIENTED_EDGE ( 'NONE', *, *, #1534, .F. ) ;
#1125 = CARTESIAN_POINT ( 'NONE',  ( 0.000000000000000000, -3.899999999999999911, -9.900000000000000355 ) ) ;
#1126 = EDGE_CURVE ( 'NONE', #1975, #2509, #1071, .T. ) ;
#1127 = LINE ( 'NONE', #1986, #1814 ) ;
#1128 = ORIENTED_EDGE ( 'NONE', *, *, #890, .T. ) ;
#1129 = ADVANCED_FACE ( 'NONE', ( #2199 ), #1517, .F. ) ;
#1130 = DIRECTION ( 'NONE',  ( 1.000000000000000000, 0.000000000000000000, 0.000000000000000000 ) ) ;
#1131 = LINE ( 'NONE', #245, #1863 ) ;
#1132 = EDGE_CURVE ( 'NONE', #2204, #1780, #735, .T. ) ;
#1133 = VERTEX_POINT ( 'NONE', #1947 ) ;
#1134 = LINE ( 'NONE', #2410, #1686 ) ;
#1135 = EDGE_LOOP ( 'NONE', ( #2192, #428, #5, #2484 ) ) ;
#1136 = VECTOR ( 'NONE', #901, 1000.000000000000000 ) ;
#1137 = AXIS2_PLACEMENT_3D ( 'NONE', #2317, #862, #405 ) ;
#1138 = ORIENTED_EDGE ( 'NONE', *, *, #78, .F. ) ;
#1139 = AXIS2_PLACEMENT_3D ( 'NONE', #2689, #1822, #344 ) ;
#1140 = MECHANICAL_DESIGN_GEOMETRIC_PRESENTATION_REPRESENTATION (  '', ( #1362 ), #218 ) ;
#1141 = FACE_OUTER_BOUND ( 'NONE', #1633, .T. ) ;
#1142 = AXIS2_PLACEMENT_3D ( 'NONE', #1626, #756, #1613 ) ;
#1143 = ORIENTED_EDGE ( 'NONE', *, *, #2218, .T. ) ;
#1144 = VECTOR ( 'NONE', #1151, 1000.000000000000000 ) ;
#1145 = CARTESIAN_POINT ( 'NONE',  ( 0.000000000000000000, 3.500000000000000000, 10.00000000000000000 ) ) ;
#1146 = LINE ( 'NONE', #1612, #409 ) ;
#1147 = FACE_OUTER_BOUND ( 'NONE', #896, .T. ) ;
#1148 =( GEOMETRIC_REPRESENTATION_CONTEXT ( 3 ) GLOBAL_UNCERTAINTY_ASSIGNED_CONTEXT ( ( #425 ) ) GLOBAL_UNIT_ASSIGNED_CONTEXT ( ( #2796, #2523, #1939 ) ) REPRESENTATION_CONTEXT ( 'NONE', 'WORKASPACE' ) );
#1149 = LINE ( 'NONE', #1335, #871 ) ;
#1150 = ORIENTED_EDGE ( 'NONE', *, *, #1209, .F. ) ;
#1151 = DIRECTION ( 'NONE',  ( 0.000000000000000000, 0.000000000000000000, 1.000000000000000000 ) ) ;
#1152 = EDGE_CURVE ( 'NONE', #2158, #2094, #1737, .T. ) ;
#1153 = ORIENTED_EDGE ( 'NONE', *, *, #1428, .T. ) ;
#1154 = CARTESIAN_POINT ( 'NONE',  ( 0.000000000000000000, 0.000000000000000000, 0.000000000000000000 ) ) ;
#1155 = ORIENTED_EDGE ( 'NONE', *, *, #28, .T. ) ;
#1156 = CARTESIAN_POINT ( 'NONE',  ( 5.500000000000000000, 3.500000000000000000, -10.00000000000000000 ) ) ;
#1157 = ORIENTED_EDGE ( 'NONE', *, *, #1247, .T. ) ;
#1158 = EDGE_LOOP ( 'NONE', ( #1592, #1960, #1383, #108, #1412, #2679, #2452, #2423 ) ) ;
#1159 = DIRECTION ( 'NONE',  ( 0.7071067811865445751, 1.533293416683381287E-16, -0.7071067811865504593 ) ) ;
#1160 = CARTESIAN_POINT ( 'NONE',  ( 0.000000000000000000, 4.000000000000000000, -9.900000000000000355 ) ) ;
#1161 = FACE_OUTER_BOUND ( 'NONE', #2469, .T. ) ;
#1162 = ADVANCED_FACE ( 'NONE', ( #879 ), #2818, .F. ) ;
#1163 = EDGE_LOOP ( 'NONE', ( #2655, #2684, #544, #1320, #1221, #1170 ) ) ;
#1164 = PLANE ( 'NONE',  #602 ) ;
#1165 = ORIENTED_EDGE ( 'NONE', *, *, #437, .T. ) ;
#1166 = EDGE_CURVE ( 'NONE', #1981, #1356, #1104, .T. ) ;
#1167 = ORIENTED_EDGE ( 'NONE', *, *, #2607, .F. ) ;
#1168 = CARTESIAN_POINT ( 'NONE',  ( -0.09999999999999589773, -3.899999999999999911, 10.00000000000000000 ) ) ;
#1169 = ORIENTED_EDGE ( 'NONE', *, *, #753, .T. ) ;
#1170 = ORIENTED_EDGE ( 'NONE', *, *, #198, .F. ) ;
#1171 = CARTESIAN_POINT ( 'NONE',  ( -24.50000000000000000, -4.000000000000000000, -10.00000000000000000 ) ) ;
#1172 = LINE ( 'NONE', #2232, #34 ) ;
#1173 = CARTESIAN_POINT ( 'NONE',  ( 4.000000000000000000, 3.500000000000000000, 10.00000000000000000 ) ) ;
#1174 = CARTESIAN_POINT ( 'NONE',  ( -18.89999999999999858, -3.899999999999999911, 10.00000000000000000 ) ) ;
#1175 = ORIENTED_EDGE ( 'NONE', *, *, #2811, .F. ) ;
#1176 = DIRECTION ( 'NONE',  ( 1.000000000000000000, 0.000000000000000000, 0.000000000000000000 ) ) ;
#1177 = VERTEX_POINT ( 'NONE', #1145 ) ;
#1178 = VECTOR ( 'NONE', #2126, 1000.000000000000000 ) ;
#1179 = VERTEX_POINT ( 'NONE', #1966 ) ;
#1180 = VECTOR ( 'NONE', #484, 1000.000000000000000 ) ;
#1181 = PLANE ( 'NONE',  #2448 ) ;
#1182 = ORIENTED_EDGE ( 'NONE', *, *, #2109, .T. ) ;
#1183 = AXIS2_PLACEMENT_3D ( 'NONE', #66, #737, #502 ) ;
#1184 = VERTEX_POINT ( 'NONE', #1332 ) ;
#1185 = FACE_OUTER_BOUND ( 'NONE', #2434, .T. ) ;
#1186 = DIRECTION ( 'NONE',  ( 0.000000000000000000, -1.000000000000000000, -4.336808689942015271E-16 ) ) ;
#1187 = CIRCLE ( 'NONE', #1550, 1.250000000000000222 ) ;
#1188 = DIRECTION ( 'NONE',  ( 0.000000000000000000, -1.000000000000000000, 0.000000000000000000 ) ) ;
#1189 =( NAMED_UNIT ( * ) PLANE_ANGLE_UNIT ( ) SI_UNIT ( $, .RADIAN. ) );
#1190 = AXIS2_PLACEMENT_3D ( 'NONE', #2157, #1677, #1468 ) ;
#1191 = CONICAL_SURFACE ( 'NONE', #231, 1.250000000000000222, 1.029744258676652313 ) ;
#1192 = EDGE_LOOP ( 'NONE', ( #1103, #57, #663, #119, #2794, #893, #2519, #2371 ) ) ;
#1193 = DIRECTION ( 'NONE',  ( 0.000000000000000000, 0.000000000000000000, -1.000000000000000000 ) ) ;
#1194 = ORIENTED_EDGE ( 'NONE', *, *, #101, .F. ) ;
#1195 = ORIENTED_EDGE ( 'NONE', *, *, #1838, .F. ) ;
#1196 = ORIENTED_EDGE ( 'NONE', *, *, #241, .T. ) ;
#1197 = CARTESIAN_POINT ( 'NONE',  ( -18.89999999999999858, -4.000000000000000000, -10.00000000000000000 ) ) ;
#1198 = FACE_OUTER_BOUND ( 'NONE', #581, .T. ) ;
#1199 = EDGE_CURVE ( 'NONE', #869, #1744, #1719, .T. ) ;
#1200 = PRESENTATION_STYLE_ASSIGNMENT (( #2234 ) ) ;
#1201 = CARTESIAN_POINT ( 'NONE',  ( -14.50000000000000000, 4.000000000000000000, -7.500000000000000000 ) ) ;
#1202 = EDGE_CURVE ( 'NONE', #379, #317, #256, .T. ) ;
#1203 = VERTEX_POINT ( 'NONE', #1781 ) ;
#1204 = CARTESIAN_POINT ( 'NONE',  ( -0.1000000000000030032, -3.899999999999999911, -10.00000000000000000 ) ) ;
#1205 = ORIENTED_EDGE ( 'NONE', *, *, #1344, .F. ) ;
#1206 = FILL_AREA_STYLE_COLOUR ( '', #2638 ) ;
#1207 = VERTEX_POINT ( 'NONE', #1751 ) ;
#1208 = VERTEX_POINT ( 'NONE', #2592 ) ;
#1209 = EDGE_CURVE ( 'NONE', #317, #2198, #2217, .T. ) ;
#1210 = DIRECTION ( 'NONE',  ( -1.000000000000000000, 0.000000000000000000, 0.000000000000000000 ) ) ;
#1211 = CARTESIAN_POINT ( 'NONE',  ( -18.89999999999999858, -4.000000000000000000, 9.900000000000000355 ) ) ;
#1212 = CARTESIAN_POINT ( 'NONE',  ( -0.09999999999999589773, 4.000000000000000000, 10.00000000000000000 ) ) ;
#1213 = ORIENTED_EDGE ( 'NONE', *, *, #1043, .F. ) ;
#1214 = LINE ( 'NONE', #2532, #653 ) ;
#1215 = ADVANCED_FACE ( 'NONE', ( #2605 ), #697, .F. ) ;
#1216 = ORIENTED_EDGE ( 'NONE', *, *, #1090, .T. ) ;
#1217 = MANIFOLD_SOLID_BREP ( 'NONE', #2534 ) ;
#1218 = SURFACE_SIDE_STYLE ('',( #382 ) ) ;
#1219 = VECTOR ( 'NONE', #2247, 1000.000000000000000 ) ;
#1220 = AXIS2_PLACEMENT_3D ( 'NONE', #1201, #2731, #1904 ) ;
#1221 = ORIENTED_EDGE ( 'NONE', *, *, #1698, .T. ) ;
#1222 = CARTESIAN_POINT ( 'NONE',  ( 0.000000000000000000, 3.899999999999999911, 4.899999999999999467 ) ) ;
#1223 = DIRECTION ( 'NONE',  ( 0.000000000000000000, 1.000000000000000000, 4.336808689942015271E-16 ) ) ;
#1224 = CARTESIAN_POINT ( 'NONE',  ( -4.500000000000000000, -2.000000000000000000, 7.500000000000000000 ) ) ;
#1225 = VECTOR ( 'NONE', #35, 1000.000000000000000 ) ;
#1226 = ADVANCED_FACE ( 'NONE', ( #1572 ), #711, .F. ) ;
#1227 = PLANE ( 'NONE',  #220 ) ;
#1228 = VECTOR ( 'NONE', #19, 1000.000000000000000 ) ;
#1229 = CARTESIAN_POINT ( 'NONE',  ( -19.00000000000000000, -0.5707106781186649380, -0.5707106781186689348 ) ) ;
#1230 =( GEOMETRIC_REPRESENTATION_CONTEXT ( 3 ) GLOBAL_UNCERTAINTY_ASSIGNED_CONTEXT ( ( #2748 ) ) GLOBAL_UNIT_ASSIGNED_CONTEXT ( ( #2712, #1189, #987 ) ) REPRESENTATION_CONTEXT ( 'NONE', 'WORKASPACE' ) );
#1231 = ORIENTED_EDGE ( 'NONE', *, *, #2339, .F. ) ;
#1232 = CARTESIAN_POINT ( 'NONE',  ( 0.000000000000000000, -4.000000000000000000, 4.500000000000000000 ) ) ;
#1233 = VECTOR ( 'NONE', #447, 1000.000000000000000 ) ;
#1234 = CARTESIAN_POINT ( 'NONE',  ( -14.50000000000000000, -2.000000000000000000, -7.500000000000000000 ) ) ;
#1235 = AXIS2_PLACEMENT_3D ( 'NONE', #1786, #1351, #438 ) ;
#1236 = EDGE_CURVE ( 'NONE', #614, #2207, #779, .T. ) ;
#1237 = ORIENTED_EDGE ( 'NONE', *, *, #2607, .T. ) ;
#1238 = PRESENTATION_STYLE_ASSIGNMENT (( #2322 ) ) ;
#1239 = ORIENTED_EDGE ( 'NONE', *, *, #629, .F. ) ;
#1240 = ORIENTED_EDGE ( 'NONE', *, *, #1421, .T. ) ;
#1241 = CARTESIAN_POINT ( 'NONE',  ( -4.500000000000000000, 4.000000000000000000, -7.500000000000000000 ) ) ;
#1242 = CARTESIAN_POINT ( 'NONE',  ( -18.89999999999999858, 4.000000000000000000, -10.00000000000000000 ) ) ;
#1243 = DIRECTION ( 'NONE',  ( -1.000000000000000000, 0.000000000000000000, 0.000000000000000000 ) ) ;
#1244 = FACE_OUTER_BOUND ( 'NONE', #1579, .T. ) ;
#1245 = LINE ( 'NONE', #158, #2050 ) ;
#1246 = LINE ( 'NONE', #2791, #2441 ) ;
#1247 = EDGE_CURVE ( 'NONE', #1844, #1208, #1599, .T. ) ;
#1248 = LINE ( 'NONE', #2569, #2000 ) ;
#1249 = CARTESIAN_POINT ( 'NONE',  ( -19.00000000000000000, 4.000000000000000000, 9.900000000000000355 ) ) ;
#1250 = LINE ( 'NONE', #179, #1959 ) ;
#1251 = VERTEX_POINT ( 'NONE', #2473 ) ;
#1252 = EDGE_CURVE ( 'NONE', #1298, #2197, #547, .T. ) ;
#1253 = ORIENTED_EDGE ( 'NONE', *, *, #113, .T. ) ;
#1254 = LINE ( 'NONE', #1494, #2174 ) ;
#1255 = LINE ( 'NONE', #2526, #550 ) ;
#1256 = DIRECTION ( 'NONE',  ( 1.000000000000000000, 0.000000000000000000, 0.000000000000000000 ) ) ;
#1257 = LINE ( 'NONE', #2112, #1590 ) ;
#1258 = DIRECTION ( 'NONE',  ( 0.000000000000000000, -1.000000000000000000, 0.000000000000000000 ) ) ;
#1259 = FACE_OUTER_BOUND ( 'NONE', #529, .T. ) ;
#1260 = PLANE ( 'NONE',  #994 ) ;
#1261 = DIRECTION ( 'NONE',  ( 0.6785983445458467767, -0.6785983445458487751, -0.2810846377148163988 ) ) ;
#1262 = ORIENTED_EDGE ( 'NONE', *, *, #23, .T. ) ;
#1263 = ADVANCED_FACE ( 'NONE', ( #1794 ), #984, .F. ) ;
#1264 = CARTESIAN_POINT ( 'NONE',  ( -24.50000000000000000, 0.5000000000000000000, 4.500000000000000000 ) ) ;
#1265 = CARTESIAN_POINT ( 'NONE',  ( -19.00000000000000000, 2.146720301521299963E-15, -9.900000000000000355 ) ) ;
#1266 = ORIENTED_EDGE ( 'NONE', *, *, #1443, .F. ) ;
#1267 = ORIENTED_EDGE ( 'NONE', *, *, #803, .T. ) ;
#1268 = CARTESIAN_POINT ( 'NONE',  ( -14.50000000000000000, -2.000000000000000000, 6.250000000000000000 ) ) ;
#1269 = CARTESIAN_POINT ( 'NONE',  ( -1.533333333333334991, -0.9333333333333320159, 3.066666666666669983 ) ) ;
#1270 = FACE_OUTER_BOUND ( 'NONE', #910, .T. ) ;
#1271 = ADVANCED_FACE ( 'NONE', ( #1425 ), #2673, .T. ) ;
#1272 = VECTOR ( 'NONE', #2632, 1000.000000000000000 ) ;
#1273 = DIRECTION ( 'NONE',  ( 0.000000000000000000, 0.000000000000000000, 1.000000000000000000 ) ) ;
#1274 = AXIS2_PLACEMENT_3D ( 'NONE', #2417, #1555, #287 ) ;
#1275 = DIRECTION ( 'NONE',  ( -1.000000000000000000, 0.000000000000000000, 0.000000000000000000 ) ) ;
#1276 = FACE_OUTER_BOUND ( 'NONE', #1533, .T. ) ;
#1277 = LINE ( 'NONE', #1034, #1505 ) ;
#1278 = VECTOR ( 'NONE', #385, 1000.000000000000000 ) ;
#1279 = VECTOR ( 'NONE', #191, 1000.000000000000000 ) ;
#1280 = AXIS2_PLACEMENT_3D ( 'NONE', #2214, #13, #699 ) ;
#1281 = VERTEX_POINT ( 'NONE', #99 ) ;
#1282 = AXIS2_PLACEMENT_3D ( 'NONE', #402, #2374, #209 ) ;
#1283 = CARTESIAN_POINT ( 'NONE',  ( -14.50000000000000000, -2.000000000000000000, -7.500000000000000000 ) ) ;
#1284 = ORIENTED_EDGE ( 'NONE', *, *, #2007, .F. ) ;
#1285 = VERTEX_POINT ( 'NONE', #520 ) ;
#1286 = CARTESIAN_POINT ( 'NONE',  ( 5.500000000000000000, 3.500000000000000000, 10.00000000000000000 ) ) ;
#1287 = CARTESIAN_POINT ( 'NONE',  ( 4.000000000000000000, 3.500000000000000000, -10.00000000000000000 ) ) ;
#1288 = CARTESIAN_POINT ( 'NONE',  ( -19.00000000000000000, 3.500000000000000000, -4.500000000000000000 ) ) ;
#1289 = ADVANCED_FACE ( 'NONE', ( #2443 ), #2274, .F. ) ;
#1290 = LINE ( 'NONE', #2777, #222 ) ;
#1291 = CARTESIAN_POINT ( 'NONE',  ( 0.000000000000000000, 0.000000000000000000, -4.599999999999999645 ) ) ;
#1292 = CARTESIAN_POINT ( 'NONE',  ( -4.500000000000000000, 4.000000000000000000, 6.250000000000000000 ) ) ;
#1293 = CARTESIAN_POINT ( 'NONE',  ( 5.500000000000000000, -4.000000000000000000, 4.500000000000000000 ) ) ;
#1294 = EDGE_CURVE ( 'NONE', #1184, #151, #1376, .T. ) ;
#1295 = FACE_OUTER_BOUND ( 'NONE', #176, .T. ) ;
#1296 = VERTEX_POINT ( 'NONE', #1171 ) ;
#1297 = CARTESIAN_POINT ( 'NONE',  ( 5.500000000000000000, -4.000000000000000000, 10.00000000000000000 ) ) ;
#1298 = VERTEX_POINT ( 'NONE', #765 ) ;
#1299 = CARTESIAN_POINT ( 'NONE',  ( -19.00000000000000000, -4.293440603042599925E-15, 9.900000000000000355 ) ) ;
#1300 = DIRECTION ( 'NONE',  ( -1.000000000000000000, 0.000000000000000000, 0.000000000000000000 ) ) ;
#1301 = EDGE_CURVE ( 'NONE', #1251, #1975, #2244, .T. ) ;
#1302 = ORIENTED_EDGE ( 'NONE', *, *, #1618, .T. ) ;
#1303 = SURFACE_STYLE_FILL_AREA ( #1558 ) ;
#1304 = CARTESIAN_POINT ( 'NONE',  ( -23.00000000000000000, 2.168404344971010051E-15, -10.00000000000000000 ) ) ;
#1305 = LINE ( 'NONE', #852, #2176 ) ;
#1306 = LINE ( 'NONE', #1564, #368 ) ;
#1307 = EDGE_CURVE ( 'NONE', #1420, #461, #2051, .T. ) ;
#1308 = VERTEX_POINT ( 'NONE', #303 ) ;
#1309 = ORIENTED_EDGE ( 'NONE', *, *, #1926, .T. ) ;
#1310 = DIRECTION ( 'NONE',  ( 0.7071067811865480168, -0.7071067811865470176, -2.230244969721270219E-16 ) ) ;
#1311 = LINE ( 'NONE', #1343, #909 ) ;
#1312 = ORIENTED_EDGE ( 'NONE', *, *, #2669, .T. ) ;
#1313 = CARTESIAN_POINT ( 'NONE',  ( -14.50000000000000000, 4.000000000000000000, 7.500000000000000000 ) ) ;
#1314 = LINE ( 'NONE', #476, #2080 ) ;
#1315 = EDGE_CURVE ( 'NONE', #802, #2168, #1835, .T. ) ;
#1316 = PLANE ( 'NONE',  #2046 ) ;
#1317 =( GEOMETRIC_REPRESENTATION_CONTEXT ( 3 ) GLOBAL_UNCERTAINTY_ASSIGNED_CONTEXT ( ( #2581 ) ) GLOBAL_UNIT_ASSIGNED_CONTEXT ( ( #2035, #977, #770 ) ) REPRESENTATION_CONTEXT ( 'NONE', 'WORKASPACE' ) );
#1318 = CARTESIAN_POINT ( 'NONE',  ( -19.00000000000000000, -3.899999999999999911, 4.599999999999999645 ) ) ;
#1319 = VECTOR ( 'NONE', #334, 1000.000000000000000 ) ;
#1320 = ORIENTED_EDGE ( 'NONE', *, *, #978, .T. ) ;
#1321 = CARTESIAN_POINT ( 'NONE',  ( -0.1000000000000030032, -4.000000000000000000, 9.900000000000000355 ) ) ;
#1322 = AXIS2_PLACEMENT_3D ( 'NONE', #372, #2102, #345 ) ;
#1323 = VERTEX_POINT ( 'NONE', #2071 ) ;
#1324 = VECTOR ( 'NONE', #1704, 1000.000000000000000 ) ;
#1325 = EDGE_CURVE ( 'NONE', #1981, #1133, #1624, .T. ) ;
#1326 = EDGE_LOOP ( 'NONE', ( #456, #2641, #451, #1854, #1582 ) ) ;
#1327 = VECTOR ( 'NONE', #2566, 1000.000000000000000 ) ;
#1328 = CARTESIAN_POINT ( 'NONE',  ( -4.500000000000000000, -2.000000000000000000, -7.500000000000000000 ) ) ;
#1329 = LINE ( 'NONE', #21, #1545 ) ;
#1330 = VECTOR ( 'NONE', #675, 1000.000000000000000 ) ;
#1331 = ORIENTED_EDGE ( 'NONE', *, *, #1477, .T. ) ;
#1332 = CARTESIAN_POINT ( 'NONE',  ( -19.00000000000000000, 0.5999999999999999778, 4.599999999999999645 ) ) ;
#1333 = DIRECTION ( 'NONE',  ( 0.000000000000000000, -1.445602896647339903E-16, 1.000000000000000000 ) ) ;
#1334 = DIRECTION ( 'NONE',  ( 1.000000000000000000, 0.000000000000000000, 0.000000000000000000 ) ) ;
#1335 = CARTESIAN_POINT ( 'NONE',  ( -23.00000000000000000, 0.5000000000000000000, 4.500000000000000000 ) ) ;
#1336 = ORIENTED_EDGE ( 'NONE', *, *, #1407, .F. ) ;
#1337 = DIRECTION ( 'NONE',  ( -0.6785983445458483310, -0.6785983445458462215, -0.2810846377148190633 ) ) ;
#1338 = ORIENTED_EDGE ( 'NONE', *, *, #336, .F. ) ;
#1339 = ADVANCED_FACE ( 'NONE', ( #1185 ), #2660, .T. ) ;
#1340 = ORIENTED_EDGE ( 'NONE', *, *, #1294, .F. ) ;
#1341 = EDGE_CURVE ( 'NONE', #2027, #1538, #974, .T. ) ;
#1342 = LINE ( 'NONE', #7, #1228 ) ;
#1343 = CARTESIAN_POINT ( 'NONE',  ( 5.500000000000000000, 0.5000000000000000000, -4.500000000000000000 ) ) ;
#1344 = EDGE_CURVE ( 'NONE', #50, #1839, #1806, .T. ) ;
#1345 = ORIENTED_EDGE ( 'NONE', *, *, #518, .F. ) ;
#1346 = CARTESIAN_POINT ( 'NONE',  ( 4.000000000000000000, -4.000000000000000000, -10.00000000000000000 ) ) ;
#1347 = CARTESIAN_POINT ( 'NONE',  ( -23.00000000000000000, -4.000000000000000000, -10.00000000000000000 ) ) ;
#1348 = PLANE ( 'NONE',  #2408 ) ;
#1349 = FACE_OUTER_BOUND ( 'NONE', #1731, .T. ) ;
#1350 = ORIENTED_EDGE ( 'NONE', *, *, #2404, .F. ) ;
#1351 = DIRECTION ( 'NONE',  ( 0.000000000000000000, 1.000000000000000000, 0.000000000000000000 ) ) ;
#1352 = ORIENTED_EDGE ( 'NONE', *, *, #509, .T. ) ;
#1353 = EDGE_CURVE ( 'NONE', #2797, #789, #333, .T. ) ;
#1354 = EDGE_LOOP ( 'NONE', ( #254, #1476, #1672, #2272 ) ) ;
#1355 = DIRECTION ( 'NONE',  ( 0.000000000000000000, -0.7071067811865450192, -0.7071067811865500152 ) ) ;
#1356 = VERTEX_POINT ( 'NONE', #110 ) ;
#1357 = ORIENTED_EDGE ( 'NONE', *, *, #2424, .T. ) ;
#1358 = DIRECTION ( 'NONE',  ( 0.000000000000000000, 1.000000000000000000, 0.000000000000000000 ) ) ;
#1359 = DIRECTION ( 'NONE',  ( -0.5773502691896127414, 0.5773502691896317263, 0.5773502691896327255 ) ) ;
#1360 = EDGE_CURVE ( 'NONE', #2197, #1093, #2709, .T. ) ;
#1361 = LINE ( 'NONE', #1106, #1725 ) ;
#1362 = STYLED_ITEM ( 'NONE', ( #294 ), #278 ) ;
#1363 = ORIENTED_EDGE ( 'NONE', *, *, #2183, .T. ) ;
#1364 = DIRECTION ( 'NONE',  ( 0.000000000000000000, 1.000000000000000000, 0.000000000000000000 ) ) ;
#1365 = ORIENTED_EDGE ( 'NONE', *, *, #1202, .F. ) ;
#1366 = VECTOR ( 'NONE', #67, 1000.000000000000000 ) ;
#1367 = VECTOR ( 'NONE', #2799, 1000.000000000000000 ) ;
#1368 = ORIENTED_EDGE ( 'NONE', *, *, #2792, .F. ) ;
#1369 = AXIS2_PLACEMENT_3D ( 'NONE', #1241, #1690, #572 ) ;
#1370 = CLOSED_SHELL ( 'NONE', ( #1619, #856, #2127, #1872, #74, #149, #1215, #2020, #2460, #2722 ) ) ;
#1371 = CARTESIAN_POINT ( 'NONE',  ( 0.000000000000000000, 3.899999999999999911, 6.150383233008679967E-16 ) ) ;
#1372 = VECTOR ( 'NONE', #1515, 1000.000000000000000 ) ;
#1373 = ORIENTED_EDGE ( 'NONE', *, *, #761, .T. ) ;
#1374 = ORIENTED_EDGE ( 'NONE', *, *, #813, .F. ) ;
#1375 = AXIS2_PLACEMENT_3D ( 'NONE', #296, #492, #1193 ) ;
#1376 = LINE ( 'NONE', #959, #2357 ) ;
#1377 = DIRECTION ( 'NONE',  ( -0.5773502691896248429, 0.000000000000000000, 0.8164965809277267006 ) ) ;
#1378 = LINE ( 'NONE', #2446, #1954 ) ;
#1379 = SURFACE_SIDE_STYLE ('',( #566 ) ) ;
#1380 = ADVANCED_FACE ( 'NONE', ( #2294 ), #1014, .F. ) ;
#1381 = VERTEX_POINT ( 'NONE', #1861 ) ;
#1382 = LINE ( 'NONE', #58, #745 ) ;
#1383 = ORIENTED_EDGE ( 'NONE', *, *, #2571, .F. ) ;
#1384 = ORIENTED_EDGE ( 'NONE', *, *, #49, .T. ) ;
#1385 = FACE_OUTER_BOUND ( 'NONE', #979, .T. ) ;
#1386 = ORIENTED_EDGE ( 'NONE', *, *, #250, .F. ) ;
#1387 = DIRECTION ( 'NONE',  ( 0.000000000000000000, -1.000000000000000000, 0.000000000000000000 ) ) ;
#1388 = DIRECTION ( 'NONE',  ( 0.000000000000000000, 1.577021341797100025E-16, -1.000000000000000000 ) ) ;
#1389 = CARTESIAN_POINT ( 'NONE',  ( -19.00000000000000000, -3.899999999999999911, -9.900000000000000355 ) ) ;
#1390 = EDGE_CURVE ( 'NONE', #1298, #501, #2740, .T. ) ;
#1391 = DIRECTION ( 'NONE',  ( 1.000000000000000000, 0.000000000000000000, 0.000000000000000000 ) ) ;
#1392 = ORIENTED_EDGE ( 'NONE', *, *, #466, .T. ) ;
#1393 = DIRECTION ( 'NONE',  ( 0.000000000000000000, 1.000000000000000000, 0.000000000000000000 ) ) ;
#1394 = EDGE_LOOP ( 'NONE', ( #1940, #728, #1138, #267 ) ) ;
#1395 = EDGE_CURVE ( 'NONE', #1203, #491, #1435, .T. ) ;
#1396 = ORIENTED_EDGE ( 'NONE', *, *, #2529, .T. ) ;
#1397 = CARTESIAN_POINT ( 'NONE',  ( 5.500000000000000000, -4.000000000000000000, 10.00000000000000000 ) ) ;
#1398 = ORIENTED_EDGE ( 'NONE', *, *, #2358, .T. ) ;
#1399 = ORIENTED_EDGE ( 'NONE', *, *, #2012, .T. ) ;
#1400 = CARTESIAN_POINT ( 'NONE',  ( -6.399999999999580247, 10.29999999999978044, 3.600000000000000089 ) ) ;
#1401 = LINE ( 'NONE', #1807, #1089 ) ;
#1402 = DIRECTION ( 'NONE',  ( 0.000000000000000000, -1.000000000000000000, -4.336808689942015271E-16 ) ) ;
#1403 = CARTESIAN_POINT ( 'NONE',  ( -14.50000000000000000, 4.000000000000000000, -6.250000000000000000 ) ) ;
#1404 = ORIENTED_EDGE ( 'NONE', *, *, #2510, .T. ) ;
#1405 = DIRECTION ( 'NONE',  ( -0.5773502691896290617, 0.5773502691896240657, -0.5773502691896240657 ) ) ;
#1406 = ORIENTED_EDGE ( 'NONE', *, *, #2497, .T. ) ;
#1407 = EDGE_CURVE ( 'NONE', #1984, #50, #1653, .T. ) ;
#1408 = VECTOR ( 'NONE', #196, 1000.000000000000000 ) ;
#1409 = LINE ( 'NONE', #498, #868 ) ;
#1410 = ORIENTED_EDGE ( 'NONE', *, *, #963, .T. ) ;
#1411 = VECTOR ( 'NONE', #2101, 1000.000000000000000 ) ;
#1412 = ORIENTED_EDGE ( 'NONE', *, *, #1065, .F. ) ;
#1413 = DIRECTION ( 'NONE',  ( -0.5773502691896340577, 0.5773502691896140737, 0.5773502691896290617 ) ) ;
#1414 = LINE ( 'NONE', #946, #866 ) ;
#1415 = VECTOR ( 'NONE', #2184, 1000.000000000000000 ) ;
#1416 = CARTESIAN_POINT ( 'NONE',  ( -19.00000000000000000, 3.399999999999999911, 4.915049848600949161E-16 ) ) ;
#1417 = DIRECTION ( 'NONE',  ( 0.000000000000000000, 1.000000000000000000, 1.577021341797100025E-16 ) ) ;
#1418 = EDGE_LOOP ( 'NONE', ( #524, #995, #847, #969 ) ) ;
#1419 = DIRECTION ( 'NONE',  ( 0.000000000000000000, 0.000000000000000000, 1.000000000000000000 ) ) ;
#1420 = VERTEX_POINT ( 'NONE', #586 ) ;
#1421 = EDGE_CURVE ( 'NONE', #1743, #1251, #1254, .T. ) ;
#1422 = DIRECTION ( 'NONE',  ( -0.5773502691896267303, 0.5773502691896278405, 0.5773502691896227335 ) ) ;
#1423 = ORIENTED_EDGE ( 'NONE', *, *, #2468, .T. ) ;
#1424 = ORIENTED_EDGE ( 'NONE', *, *, #991, .F. ) ;
#1425 = FACE_OUTER_BOUND ( 'NONE', #917, .T. ) ;
#1426 = CYLINDRICAL_SURFACE ( 'NONE', #268, 1.249999999999999334 ) ;
#1427 = LINE ( 'NONE', #123, #92 ) ;
#1428 = EDGE_CURVE ( 'NONE', #379, #925, #1858, .T. ) ;
#1429 = ORIENTED_EDGE ( 'NONE', *, *, #2516, .T. ) ;
#1430 = DIRECTION ( 'NONE',  ( 0.000000000000000000, 0.000000000000000000, -1.000000000000000000 ) ) ;
#1431 = ORIENTED_EDGE ( 'NONE', *, *, #837, .T. ) ;
#1432 = EDGE_CURVE ( 'NONE', #1886, #1381, #2110, .T. ) ;
#1433 = LINE ( 'NONE', #351, #2685 ) ;
#1434 = ORIENTED_EDGE ( 'NONE', *, *, #398, .T. ) ;
#1435 = LINE ( 'NONE', #354, #1278 ) ;
#1436 = CARTESIAN_POINT ( 'NONE',  ( -19.00000000000000000, 3.500000000000000000, 4.500000000000000000 ) ) ;
#1437 = FACE_OUTER_BOUND ( 'NONE', #541, .T. ) ;
#1438 = ADVANCED_FACE ( 'NONE', ( #1448 ), #2326, .F. ) ;
#1439 = DIRECTION ( 'NONE',  ( 0.000000000000000000, 1.000000000000000000, 0.000000000000000000 ) ) ;
#1440 = ORIENTED_EDGE ( 'NONE', *, *, #1978, .T. ) ;
#1441 = DIRECTION ( 'NONE',  ( 0.000000000000000000, 1.000000000000000000, 0.000000000000000000 ) ) ;
#1442 = CARTESIAN_POINT ( 'NONE',  ( -4.500000000000000000, -2.000000000000000000, 7.500000000000000000 ) ) ;
#1443 = EDGE_CURVE ( 'NONE', #1801, #869, #1041, .T. ) ;
#1444 = EDGE_LOOP ( 'NONE', ( #931, #703, #399, #289, #2715 ) ) ;
#1445 = LINE ( 'NONE', #2750, #2226 ) ;
#1446 = EDGE_LOOP ( 'NONE', ( #2601, #2242, #2467, #1182 ) ) ;
#1447 = VECTOR ( 'NONE', #1045, 1000.000000000000000 ) ;
#1448 = FACE_OUTER_BOUND ( 'NONE', #1997, .T. ) ;
#1449 = DIRECTION ( 'NONE',  ( 0.000000000000000000, -1.000000000000000000, -2.168404344971010101E-16 ) ) ;
#1450 = FACE_OUTER_BOUND ( 'NONE', #2024, .T. ) ;
#1451 = VECTOR ( 'NONE', #1974, 1000.000000000000000 ) ;
#1452 = EDGE_CURVE ( 'NONE', #1109, #379, #2560, .T. ) ;
#1453 = CARTESIAN_POINT ( 'NONE',  ( -19.00000000000000000, 3.899999999999999911, -10.00000000000000000 ) ) ;
#1454 = AXIS2_PLACEMENT_3D ( 'NONE', #490, #259, #2216 ) ;
#1455 = DIRECTION ( 'NONE',  ( 0.000000000000000000, 0.000000000000000000, 1.000000000000000000 ) ) ;
#1456 = VECTOR ( 'NONE', #986, 1000.000000000000000 ) ;
#1457 = EDGE_CURVE ( 'NONE', #2354, #1005, #2355, .T. ) ;
#1458 = CARTESIAN_POINT ( 'NONE',  ( -4.500000000000000000, 4.000000000000000000, -6.250000000000000000 ) ) ;
#1459 = MECHANICAL_DESIGN_GEOMETRIC_PRESENTATION_REPRESENTATION (  '', ( #1553 ), #2269 ) ;
#1460 = LINE ( 'NONE', #2793, #1958 ) ;
#1461 = ADVANCED_FACE ( 'NONE', ( #2771 ), #834, .F. ) ;
#1462 = ORIENTED_EDGE ( 'NONE', *, *, #1961, .F. ) ;
#1463 = DIRECTION ( 'NONE',  ( -1.000000000000000000, 0.000000000000000000, 0.000000000000000000 ) ) ;
#1464 = DIRECTION ( 'NONE',  ( 0.000000000000000000, -1.000000000000000000, -2.168404344971010101E-16 ) ) ;
#1465 = VERTEX_POINT ( 'NONE', #1222 ) ;
#1466 = CARTESIAN_POINT ( 'NONE',  ( -14.50000000000000000, -2.000000000000000000, 7.500000000000000000 ) ) ;
#1467 = DIRECTION ( 'NONE',  ( -2.168404344971030069E-16, -1.000000000000000000, 0.000000000000000000 ) ) ;
#1468 = DIRECTION ( 'NONE',  ( 0.000000000000000000, 1.000000000000000000, 0.000000000000000000 ) ) ;
#1469 = LINE ( 'NONE', #2577, #1447 ) ;
#1470 = DIRECTION ( 'NONE',  ( 0.000000000000000000, -0.7071067811865500152, 0.7071067811865450192 ) ) ;
#1471 = ADVANCED_FACE ( 'NONE', ( #417 ), #2513, .F. ) ;
#1472 = LINE ( 'NONE', #1049, #1233 ) ;
#1473 = DIRECTION ( 'NONE',  ( 0.000000000000000000, -1.000000000000000000, 0.000000000000000000 ) ) ;
#1474 = CARTESIAN_POINT ( 'NONE',  ( -19.00000000000000000, -3.899999999999999911, -1.230076646601739938E-15 ) ) ;
#1475 = LINE ( 'NONE', #2764, #1644 ) ;
#1476 = ORIENTED_EDGE ( 'NONE', *, *, #1815, .F. ) ;
#1477 = EDGE_CURVE ( 'NONE', #2809, #80, #139, .T. ) ;
#1478 = DIRECTION ( 'NONE',  ( -0.6785983445458475538, -0.6785983445458465546, 0.2810846377148198960 ) ) ;
#1479 = CARTESIAN_POINT ( 'NONE',  ( -4.500000000000000000, 4.000000000000000000, -7.500000000000000000 ) ) ;
#1480 = ORIENTED_EDGE ( 'NONE', *, *, #1961, .T. ) ;
#1481 = ORIENTED_EDGE ( 'NONE', *, *, #2426, .F. ) ;
#1482 = DIRECTION ( 'NONE',  ( -0.5773502691896257311, -0.5773502691896257311, 0.5773502691896257311 ) ) ;
#1483 = FACE_OUTER_BOUND ( 'NONE', #2243, .T. ) ;
#1484 = PLANE ( 'NONE',  #1282 ) ;
#1485 = PLANE ( 'NONE',  #1992 ) ;
#1486 = DIRECTION ( 'NONE',  ( 0.5773502691896258421, 0.8164965809277260345, 0.000000000000000000 ) ) ;
#1487 = DIRECTION ( 'NONE',  ( 0.000000000000000000, 0.000000000000000000, 1.000000000000000000 ) ) ;
#1488 = CARTESIAN_POINT ( 'NONE',  ( -18.89999999999999858, -4.000000000000000000, 4.500000000000000000 ) ) ;
#1489 = CARTESIAN_POINT ( 'NONE',  ( -23.00000000000000000, 0.5000000000000000000, 0.000000000000000000 ) ) ;
#1490 = DIRECTION ( 'NONE',  ( -0.000000000000000000, 1.000000000000000000, 0.000000000000000000 ) ) ;
#1491 = ORIENTED_EDGE ( 'NONE', *, *, #1094, .F. ) ;
#1492 = EDGE_CURVE ( 'NONE', #80, #1356, #2341, .T. ) ;
#1493 = ORIENTED_EDGE ( 'NONE', *, *, #2254, .F. ) ;
#1494 = CARTESIAN_POINT ( 'NONE',  ( -18.89999999999999858, -4.000000000000000000, -10.00000000000000000 ) ) ;
#1495 = CARTESIAN_POINT ( 'NONE',  ( -18.89999999999999858, -4.000000000000000000, -10.00000000000000000 ) ) ;
#1496 = VECTOR ( 'NONE', #1130, 1000.000000000000000 ) ;
#1497 = EDGE_CURVE ( 'NONE', #1109, #925, #400, .T. ) ;
#1498 = DIRECTION ( 'NONE',  ( 0.000000000000000000, 0.000000000000000000, -1.000000000000000000 ) ) ;
#1499 = PLANE ( 'NONE',  #1137 ) ;
#1500 = CARTESIAN_POINT ( 'NONE',  ( 0.000000000000000000, 3.399999999999999911, 4.500000000000000000 ) ) ;
#1501 = VECTOR ( 'NONE', #919, 1000.000000000000000 ) ;
#1502 = CARTESIAN_POINT ( 'NONE',  ( -19.00000000000000000, 3.399999999999999911, -4.541421356237309581 ) ) ;
#1503 = DIRECTION ( 'NONE',  ( 0.000000000000000000, -1.000000000000000000, 0.000000000000000000 ) ) ;
#1504 = AXIS2_PLACEMENT_3D ( 'NONE', #1918, #166, #2754 ) ;
#1505 = VECTOR ( 'NONE', #362, 1000.000000000000000 ) ;
#1506 = UNCERTAINTY_MEASURE_WITH_UNIT (LENGTH_MEASURE( 1.000000000000000082E-05 ), #993, 'distance_accuracy_value', 'NONE');
#1507 = AXIS2_PLACEMENT_3D ( 'NONE', #2385, #1310, #2165 ) ;
#1508 = ORIENTED_EDGE ( 'NONE', *, *, #2387, .T. ) ;
#1509 = VECTOR ( 'NONE', #2236, 1000.000000000000000 ) ;
#1510 = EDGE_CURVE ( 'NONE', #282, #1736, #848, .T. ) ;
#1511 = VECTOR ( 'NONE', #1909, 1000.000000000000000 ) ;
#1512 = ORIENTED_EDGE ( 'NONE', *, *, #794, .F. ) ;
#1513 = DIRECTION ( 'NONE',  ( 0.000000000000000000, 3.154042683594195121E-16, -1.000000000000000000 ) ) ;
#1514 = PLANE ( 'NONE',  #2082 ) ;
#1515 = DIRECTION ( 'NONE',  ( 0.000000000000000000, 0.000000000000000000, 1.000000000000000000 ) ) ;
#1516 = DIRECTION ( 'NONE',  ( 1.000000000000000000, 0.000000000000000000, 0.000000000000000000 ) ) ;
#1517 = PLANE ( 'NONE',  #1047 ) ;
#1518 = LINE ( 'NONE', #2606, #2713 ) ;
#1519 = EDGE_CURVE ( 'NONE', #802, #1465, #2574, .T. ) ;
#1520 = CARTESIAN_POINT ( 'NONE',  ( -14.50000000000000000, 4.000000000000000000, 7.500000000000000000 ) ) ;
#1521 = DIRECTION ( 'NONE',  ( 0.000000000000000000, 1.000000000000000000, 1.577021341797100025E-16 ) ) ;
#1522 = DIRECTION ( 'NONE',  ( 0.000000000000000000, 1.000000000000000000, 0.000000000000000000 ) ) ;
#1523 = VERTEX_POINT ( 'NONE', #2194 ) ;
#1524 = ORIENTED_EDGE ( 'NONE', *, *, #60, .T. ) ;
#1525 = PLANE ( 'NONE',  #1507 ) ;
#1526 = CARTESIAN_POINT ( 'NONE',  ( -23.00000000000000000, -4.000000000000000000, 10.00000000000000000 ) ) ;
#1527 = DIRECTION ( 'NONE',  ( -1.000000000000000000, 0.000000000000000000, 0.000000000000000000 ) ) ;
#1528 = DIRECTION ( 'NONE',  ( -1.000000000000000000, 0.000000000000000000, 0.000000000000000000 ) ) ;
#1529 = CARTESIAN_POINT ( 'NONE',  ( -4.500000000000000000, -2.000000000000000000, 6.250000000000000000 ) ) ;
#1530 = ADVANCED_FACE ( 'NONE', ( #1760 ), #2397, .F. ) ;
#1531 = EDGE_LOOP ( 'NONE', ( #1019, #2612, #785, #1552, #280, #1284 ) ) ;
#1532 = CARTESIAN_POINT ( 'NONE',  ( 4.000000000000000000, 0.5000000000000000000, 4.500000000000000000 ) ) ;
#1533 = EDGE_LOOP ( 'NONE', ( #31, #855, #1083, #532 ) ) ;
#1534 = EDGE_CURVE ( 'NONE', #2179, #1207, #1554, .T. ) ;
#1535 = ORIENTED_EDGE ( 'NONE', *, *, #437, .F. ) ;
#1536 = LINE ( 'NONE', #472, #2084 ) ;
#1537 = DIRECTION ( 'NONE',  ( 3.154042683594299645E-16, 0.000000000000000000, -1.000000000000000000 ) ) ;
#1538 = VERTEX_POINT ( 'NONE', #1125 ) ;
#1539 = SURFACE_STYLE_USAGE ( .BOTH. , #682 ) ;
#1540 = DIRECTION ( 'NONE',  ( 0.7071067811865475727, 0.000000000000000000, 0.7071067811865475727 ) ) ;
#1541 = DIRECTION ( 'NONE',  ( 0.000000000000000000, 0.7071067811865500152, -0.7071067811865450192 ) ) ;
#1542 = AXIS2_PLACEMENT_3D ( 'NONE', #1867, #2549, #2518 ) ;
#1543 = ADVANCED_FACE ( 'NONE', ( #207 ), #553, .F. ) ;
#1544 = FACE_OUTER_BOUND ( 'NONE', #1107, .T. ) ;
#1545 = VECTOR ( 'NONE', #1748, 1000.000000000000000 ) ;
#1546 = EDGE_CURVE ( 'NONE', #1972, #570, #706, .T. ) ;
#1547 = ORIENTED_EDGE ( 'NONE', *, *, #542, .T. ) ;
#1548 = DIRECTION ( 'NONE',  ( 0.000000000000000000, 1.000000000000000000, 1.577021341797100025E-16 ) ) ;
#1549 = VERTEX_POINT ( 'NONE', #1973 ) ;
#1550 = AXIS2_PLACEMENT_3D ( 'NONE', #2774, #836, #1692 ) ;
#1551 = EDGE_CURVE ( 'NONE', #571, #832, #1536, .T. ) ;
#1552 = ORIENTED_EDGE ( 'NONE', *, *, #652, .T. ) ;
#1553 = STYLED_ITEM ( 'NONE', ( #1238 ), #2150 ) ;
#1554 = LINE ( 'NONE', #2427, #2814 ) ;
#1555 = DIRECTION ( 'NONE',  ( 0.000000000000000000, 0.000000000000000000, -1.000000000000000000 ) ) ;
#1556 = VECTOR ( 'NONE', #716, 1000.000000000000000 ) ;
#1557 = ORIENTED_EDGE ( 'NONE', *, *, #213, .F. ) ;
#1558 = FILL_AREA_STYLE ('',( #24 ) ) ;
#1559 = CARTESIAN_POINT ( 'NONE',  ( 4.000000000000000000, -4.000000000000000000, 4.500000000000000000 ) ) ;
#1560 = DIRECTION ( 'NONE',  ( 0.000000000000000000, -1.000000000000000000, 0.000000000000000000 ) ) ;
#1561 = DIRECTION ( 'NONE',  ( 0.000000000000000000, -0.7071067811865600072, -0.7071067811865350272 ) ) ;
#1562 = ADVANCED_FACE ( 'NONE', ( #1746 ), #1593, .F. ) ;
#1563 = EDGE_LOOP ( 'NONE', ( #1429, #1121, #1899, #1860 ) ) ;
#1564 = CARTESIAN_POINT ( 'NONE',  ( -23.00000000000000000, 0.000000000000000000, 4.500000000000000000 ) ) ;
#1565 = VERTEX_POINT ( 'NONE', #483 ) ;
#1566 = ORIENTED_EDGE ( 'NONE', *, *, #629, .T. ) ;
#1567 = EDGE_CURVE ( 'NONE', #2297, #789, #1342, .T. ) ;
#1568 = DIRECTION ( 'NONE',  ( 0.000000000000000000, 0.000000000000000000, 1.000000000000000000 ) ) ;
#1569 = CYLINDRICAL_SURFACE ( 'NONE', #2678, 1.249999999999999334 ) ;
#1570 = EDGE_LOOP ( 'NONE', ( #944, #982, #2643, #578, #1649, #1843 ) ) ;
#1571 = ORIENTED_EDGE ( 'NONE', *, *, #1058, .F. ) ;
#1572 = FACE_OUTER_BOUND ( 'NONE', #1874, .T. ) ;
#1573 = DIRECTION ( 'NONE',  ( 0.5773502691896270633, 0.5773502691896280625, -0.5773502691896220673 ) ) ;
#1574 = DIRECTION ( 'NONE',  ( -1.000000000000000000, 0.000000000000000000, 0.000000000000000000 ) ) ;
#1575 = DIRECTION ( 'NONE',  ( 1.000000000000000000, 0.000000000000000000, 0.000000000000000000 ) ) ;
#1576 = ORIENTED_EDGE ( 'NONE', *, *, #668, .T. ) ;
#1577 = CARTESIAN_POINT ( 'NONE',  ( 0.000000000000000000, 0.5000000000000000000, 4.500000000000000000 ) ) ;
#1578 = ORIENTED_EDGE ( 'NONE', *, *, #2642, .F. ) ;
#1579 = EDGE_LOOP ( 'NONE', ( #631, #1946, #2251, #887, #2766 ) ) ;
#1580 = CARTESIAN_POINT ( 'NONE',  ( 4.000000000000000000, -4.000000000000000000, -4.500000000000000000 ) ) ;
#1581 = EDGE_CURVE ( 'NONE', #2472, #1298, #1100, .T. ) ;
#1582 = ORIENTED_EDGE ( 'NONE', *, *, #707, .F. ) ;
#1583 = CARTESIAN_POINT ( 'NONE',  ( -19.00000000000000000, -3.899999999999999911, 10.00000000000000000 ) ) ;
#1584 = LINE ( 'NONE', #386, #1671 ) ;
#1585 = CARTESIAN_POINT ( 'NONE',  ( 4.000000000000000000, -4.000000000000000000, 10.00000000000000000 ) ) ;
#1586 = EDGE_CURVE ( 'NONE', #2206, #397, #363, .T. ) ;
#1587 = ORIENTED_EDGE ( 'NONE', *, *, #2218, .F. ) ;
#1588 = CARTESIAN_POINT ( 'NONE',  ( -18.89999999999999858, 0.5000000000000000000, 4.500000000000000000 ) ) ;
#1589 = ORIENTED_EDGE ( 'NONE', *, *, #576, .T. ) ;
#1590 = VECTOR ( 'NONE', #142, 1000.000000000000000 ) ;
#1591 = VECTOR ( 'NONE', #1733, 1000.000000000000000 ) ;
#1592 = ORIENTED_EDGE ( 'NONE', *, *, #1236, .F. ) ;
#1593 = CONICAL_SURFACE ( 'NONE', #90, 1.250000000000000222, 1.029744258676652313 ) ;
#1594 = AXIS2_PLACEMENT_3D ( 'NONE', #1489, #2747, #2533 ) ;
#1595 = EDGE_CURVE ( 'NONE', #94, #491, #1068, .T. ) ;
#1596 = CARTESIAN_POINT ( 'NONE',  ( -6.333333333333189152, -10.23333333333320105, 3.666666666666594576 ) ) ;
#1597 = VECTOR ( 'NONE', #624, 1000.000000000000000 ) ;
#1598 = EDGE_LOOP ( 'NONE', ( #1576, #1424, #2291, #538 ) ) ;
#1599 = LINE ( 'NONE', #2699, #1952 ) ;
#1600 = CARTESIAN_POINT ( 'NONE',  ( -14.50000000000000000, -2.000000000000000000, -6.250000000000000000 ) ) ;
#1601 = CARTESIAN_POINT ( 'NONE',  ( 5.500000000000000000, -4.000000000000000000, -4.500000000000000000 ) ) ;
#1602 = VECTOR ( 'NONE', #2539, 1000.000000000000000 ) ;
#1603 = CARTESIAN_POINT ( 'NONE',  ( -20.73333333333334849, -2.166666666666710483, -6.333333333333289517 ) ) ;
#1604 = FILL_AREA_STYLE ('',( #743 ) ) ;
#1605 = EDGE_CURVE ( 'NONE', #968, #1975, #2798, .T. ) ;
#1606 = VERTEX_POINT ( 'NONE', #1714 ) ;
#1607 = DIRECTION ( 'NONE',  ( 0.000000000000000000, 1.000000000000000000, 4.336808689942015271E-16 ) ) ;
#1608 = VERTEX_POINT ( 'NONE', #252 ) ;
#1609 = CARTESIAN_POINT ( 'NONE',  ( 5.500000000000000000, -4.000000000000000000, 10.00000000000000000 ) ) ;
#1610 = VERTEX_POINT ( 'NONE', #897 ) ;
#1611 = CARTESIAN_POINT ( 'NONE',  ( -23.00000000000000000, -4.000000000000000000, 4.500000000000000000 ) ) ;
#1612 = CARTESIAN_POINT ( 'NONE',  ( -18.89999999999999858, -4.000000000000000000, 10.00000000000000000 ) ) ;
#1613 = DIRECTION ( 'NONE',  ( 0.000000000000000000, -1.000000000000000000, 0.000000000000000000 ) ) ;
#1614 = SHAPE_DEFINITION_REPRESENTATION ( #2598, #558 ) ;
#1615 = LINE ( 'NONE', #2464, #951 ) ;
#1616 = ORIENTED_EDGE ( 'NONE', *, *, #890, .F. ) ;
#1617 = CARTESIAN_POINT ( 'NONE',  ( -0.1000000000000030032, -4.000000000000000000, 9.900000000000000355 ) ) ;
#1618 = EDGE_CURVE ( 'NONE', #2235, #1203, #2613, .T. ) ;
#1619 = ADVANCED_FACE ( 'NONE', ( #2155 ), #2812, .F. ) ;
#1620 = ORIENTED_EDGE ( 'NONE', *, *, #2065, .F. ) ;
#1621 = FACE_OUTER_BOUND ( 'NONE', #1444, .T. ) ;
#1622 = ORIENTED_EDGE ( 'NONE', *, *, #2586, .T. ) ;
#1623 = ORIENTED_EDGE ( 'NONE', *, *, #9, .F. ) ;
#1624 = LINE ( 'NONE', #533, #1996 ) ;
#1625 = CARTESIAN_POINT ( 'NONE',  ( -23.00000000000000000, -4.000000000000000000, 4.500000000000000000 ) ) ;
#1626 = CARTESIAN_POINT ( 'NONE',  ( 4.000000000000000000, 0.5000000000000000000, -4.500000000000000000 ) ) ;
#1627 = CARTESIAN_POINT ( 'NONE',  ( -19.00000000000000000, 3.899999999999999911, 10.00000000000000000 ) ) ;
#1628 = ADVANCED_FACE ( 'NONE', ( #1732 ), #649, .T. ) ;
#1629 = ORIENTED_EDGE ( 'NONE', *, *, #377, .F. ) ;
#1630 = DIRECTION ( 'NONE',  ( 0.000000000000000000, 0.000000000000000000, -1.000000000000000000 ) ) ;
#1631 = ADVANCED_FACE ( 'NONE', ( #664 ), #1525, .T. ) ;
#1632 = VECTOR ( 'NONE', #654, 1000.000000000000000 ) ;
#1633 = EDGE_LOOP ( 'NONE', ( #192, #210, #1143, #815 ) ) ;
#1634 = AXIS2_PLACEMENT_3D ( 'NONE', #573, #355, #1877 ) ;
#1635 = EDGE_CURVE ( 'NONE', #52, #2726, #678, .T. ) ;
#1636 = DIRECTION ( 'NONE',  ( 1.000000000000000000, 0.000000000000000000, 0.000000000000000000 ) ) ;
#1637 = ORIENTED_EDGE ( 'NONE', *, *, #613, .T. ) ;
#1638 = EDGE_LOOP ( 'NONE', ( #1345, #1646, #10, #2222 ) ) ;
#1639 = DIRECTION ( 'NONE',  ( 1.000000000000000000, 0.000000000000000000, 0.000000000000000000 ) ) ;
#1640 = CARTESIAN_POINT ( 'NONE',  ( 4.000000000000000000, -4.000000000000000000, -4.500000000000000000 ) ) ;
#1641 = VECTOR ( 'NONE', #726, 1000.000000000000000 ) ;
#1642 = PLANE ( 'NONE',  #2770 ) ;
#1643 = FILL_AREA_STYLE_COLOUR ( '', #2815 ) ;
#1644 = VECTOR ( 'NONE', #1261, 1000.000000000000227 ) ;
#1645 = AXIS2_PLACEMENT_3D ( 'NONE', #2153, #2139, #2769 ) ;
#1646 = ORIENTED_EDGE ( 'NONE', *, *, #851, .T. ) ;
#1647 = DIRECTION ( 'NONE',  ( 0.000000000000000000, 0.000000000000000000, 1.000000000000000000 ) ) ;
#1648 = ADVANCED_FACE ( 'NONE', ( #1729 ), #441, .T. ) ;
#1649 = ORIENTED_EDGE ( 'NONE', *, *, #2196, .F. ) ;
#1650 = DIRECTION ( 'NONE',  ( 0.000000000000000000, 2.168404344971010101E-16, -1.000000000000000000 ) ) ;
#1651 = VERTEX_POINT ( 'NONE', #577 ) ;
#1652 = EDGE_CURVE ( 'NONE', #255, #2230, #2113, .T. ) ;
#1653 = LINE ( 'NONE', #1675, #2718 ) ;
#1654 = CARTESIAN_POINT ( 'NONE',  ( -19.00000000000000000, 0.000000000000000000, 0.000000000000000000 ) ) ;
#1655 = CARTESIAN_POINT ( 'NONE',  ( 0.000000000000000000, -3.899999999999999911, -4.599999999999999645 ) ) ;
#1656 = ORIENTED_EDGE ( 'NONE', *, *, #2416, .F. ) ;
#1657 = CARTESIAN_POINT ( 'NONE',  ( -23.00000000000000000, 0.000000000000000000, 0.000000000000000000 ) ) ;
#1658 = ORIENTED_EDGE ( 'NONE', *, *, #1114, .T. ) ;
#1659 = LINE ( 'NONE', #1249, #2773 ) ;
#1660 = DIRECTION ( 'NONE',  ( 0.000000000000000000, 1.000000000000000000, 0.000000000000000000 ) ) ;
#1661 = EDGE_LOOP ( 'NONE', ( #734, #569, #2039, #2720 ) ) ;
#1662 = ORIENTED_EDGE ( 'NONE', *, *, #1126, .F. ) ;
#1663 = CARTESIAN_POINT ( 'NONE',  ( -18.89999999999999858, -4.000000000000000000, 4.500000000000000000 ) ) ;
#1664 = DIRECTION ( 'NONE',  ( -1.000000000000000000, 0.000000000000000000, 0.000000000000000000 ) ) ;
#1665 = CARTESIAN_POINT ( 'NONE',  ( 5.500000000000000000, -4.000000000000000000, 10.00000000000000000 ) ) ;
#1666 = DIRECTION ( 'NONE',  ( 0.000000000000000000, 0.000000000000000000, 1.000000000000000000 ) ) ;
#1667 = DIRECTION ( 'NONE',  ( 0.000000000000000000, 0.000000000000000000, 1.000000000000000000 ) ) ;
#1668 = ORIENTED_EDGE ( 'NONE', *, *, #2320, .F. ) ;
#1669 = DIRECTION ( 'NONE',  ( 0.5773502691896267303, -0.5773502691896278405, -0.5773502691896227335 ) ) ;
#1670 = EDGE_LOOP ( 'NONE', ( #1067, #1213, #748, #164 ) ) ;
#1671 = VECTOR ( 'NONE', #1223, 1000.000000000000000 ) ;
#1672 = ORIENTED_EDGE ( 'NONE', *, *, #2387, .F. ) ;
#1673 = AXIS2_PLACEMENT_3D ( 'NONE', #1888, #1862, #1467 ) ;
#1674 = EDGE_CURVE ( 'NONE', #461, #802, #2330, .T. ) ;
#1675 = CARTESIAN_POINT ( 'NONE',  ( -18.93333333333335133, -3.966666666666664565, -9.933333333333330017 ) ) ;
#1676 = LINE ( 'NONE', #1436, #1178 ) ;
#1677 = DIRECTION ( 'NONE',  ( 1.000000000000000000, 0.000000000000000000, 0.000000000000000000 ) ) ;
#1678 = VECTOR ( 'NONE', #2087, 1000.000000000000000 ) ;
#1679 = CARTESIAN_POINT ( 'NONE',  ( -14.50000000000000000, 4.000000000000000000, 8.750000000000000000 ) ) ;
#1680 = AXIS2_PLACEMENT_3D ( 'NONE', #1962, #223, #1568 ) ;
#1681 = LINE ( 'NONE', #591, #2627 ) ;
#1682 = CARTESIAN_POINT ( 'NONE',  ( 5.500000000000000000, 0.5000000000000000000, 4.500000000000000000 ) ) ;
#1683 = CARTESIAN_POINT ( 'NONE',  ( -4.500000000000000000, -2.751075773784454892, 7.500000000000000000 ) ) ;
#1684 = AXIS2_PLACEMENT_3D ( 'NONE', #2527, #976, #2286 ) ;
#1685 = EDGE_CURVE ( 'NONE', #1381, #144, #2594, .T. ) ;
#1686 = VECTOR ( 'NONE', #1337, 1000.000000000000114 ) ;
#1687 = LINE ( 'NONE', #2307, #2093 ) ;
#1688 = ORIENTED_EDGE ( 'NONE', *, *, #2811, .T. ) ;
#1689 = ORIENTED_EDGE ( 'NONE', *, *, #2795, .F. ) ;
#1690 = DIRECTION ( 'NONE',  ( 0.000000000000000000, 1.000000000000000000, 0.000000000000000000 ) ) ;
#1691 = LINE ( 'NONE', #835, #1092 ) ;
#1692 = DIRECTION ( 'NONE',  ( 0.000000000000000000, 0.000000000000000000, 1.000000000000000000 ) ) ;
#1693 = FACE_OUTER_BOUND ( 'NONE', #1326, .T. ) ;
#1694 = PLANE ( 'NONE',  #2810 ) ;
#1695 = DIRECTION ( 'NONE',  ( 0.7071067811865350272, 0.000000000000000000, -0.7071067811865600072 ) ) ;
#1696 = CARTESIAN_POINT ( 'NONE',  ( 4.000000000000000000, 0.5000000000000000000, 4.500000000000000000 ) ) ;
#1697 = FACE_OUTER_BOUND ( 'NONE', #1446, .T. ) ;
#1698 = EDGE_CURVE ( 'NONE', #1285, #1039, #2345, .T. ) ;
#1699 = ORIENTED_EDGE ( 'NONE', *, *, #1957, .F. ) ;
#1700 = EDGE_CURVE ( 'NONE', #2198, #317, #915, .T. ) ;
#1701 = CARTESIAN_POINT ( 'NONE',  ( -14.50000000000000000, -2.000000000000000000, 7.500000000000000000 ) ) ;
#1702 = ORIENTED_EDGE ( 'NONE', *, *, #2635, .F. ) ;
#1703 = ORIENTED_EDGE ( 'NONE', *, *, #2437, .T. ) ;
#1704 = DIRECTION ( 'NONE',  ( 0.000000000000000000, 0.000000000000000000, 1.000000000000000000 ) ) ;
#1705 = DIRECTION ( 'NONE',  ( -1.000000000000000000, 0.000000000000000000, 0.000000000000000000 ) ) ;
#1706 = CARTESIAN_POINT ( 'NONE',  ( -4.500000000000000000, 4.000000000000000000, 8.750000000000000000 ) ) ;
#1707 = CARTESIAN_POINT ( 'NONE',  ( 0.000000000000000000, 3.899999999999999911, -5.000000000000000000 ) ) ;
#1708 = DIRECTION ( 'NONE',  ( 0.7071067811865350272, 0.000000000000000000, 0.7071067811865600072 ) ) ;
#1709 = ORIENTED_EDGE ( 'NONE', *, *, #1132, .T. ) ;
#1710 = EDGE_CURVE ( 'NONE', #1779, #2681, #1891, .T. ) ;
#1711 = ORIENTED_EDGE ( 'NONE', *, *, #1301, .F. ) ;
#1712 = VERTEX_POINT ( 'NONE', #406 ) ;
#1713 = ADVANCED_FACE ( 'NONE', ( #2379 ), #1316, .F. ) ;
#1715 = CIRCLE ( 'NONE', #1454, 1.250000000000000222 ) ;
#1714 = CARTESIAN_POINT ( 'NONE',  ( -18.89999999999999858, 4.000000000000000000, -5.000000000000000000 ) ) ;
#1716 = DIRECTION ( 'NONE',  ( 1.000000000000000000, 0.000000000000000000, 0.000000000000000000 ) ) ;
#1717 = VECTOR ( 'NONE', #1782, 1000.000000000000000 ) ;
#1718 = PLANE ( 'NONE',  #2119 ) ;
#1719 = LINE ( 'NONE', #2212, #2264 ) ;
#1720 = DIRECTION ( 'NONE',  ( -0.000000000000000000, 1.000000000000000000, 0.000000000000000000 ) ) ;
#1721 = AXIS2_PLACEMENT_3D ( 'NONE', #1580, #914, #76 ) ;
#1722 = CARTESIAN_POINT ( 'NONE',  ( 0.000000000000000000, -4.000000000000000000, 10.00000000000000000 ) ) ;
#1723 =( GEOMETRIC_REPRESENTATION_CONTEXT ( 3 ) GLOBAL_UNCERTAINTY_ASSIGNED_CONTEXT ( ( #2238 ) ) GLOBAL_UNIT_ASSIGNED_CONTEXT ( ( #2389, #1763, #475 ) ) REPRESENTATION_CONTEXT ( 'NONE', 'WORKASPACE' ) );
#1724 = VECTOR ( 'NONE', #1417, 1000.000000000000000 ) ;
#1725 = VECTOR ( 'NONE', #2675, 1000.000000000000000 ) ;
#1726 = CARTESIAN_POINT ( 'NONE',  ( -24.50000000000000000, 3.500000000000000000, -10.00000000000000000 ) ) ;
#1727 = ORIENTED_EDGE ( 'NONE', *, *, #1883, .T. ) ;
#1728 = VECTOR ( 'NONE', #1607, 1000.000000000000000 ) ;
#1729 = FACE_OUTER_BOUND ( 'NONE', #511, .T. ) ;
#1730 = AXIS2_PLACEMENT_3D ( 'NONE', #2077, #2733, #1473 ) ;
#1731 = EDGE_LOOP ( 'NONE', ( #717, #701, #1009, #2490 ) ) ;
#1732 = FACE_OUTER_BOUND ( 'NONE', #899, .T. ) ;
#1733 = DIRECTION ( 'NONE',  ( 0.000000000000000000, 0.000000000000000000, 1.000000000000000000 ) ) ;
#1734 = ADVANCED_FACE ( 'NONE', ( #2391 ), #1950, .T. ) ;
#1735 = EDGE_CURVE ( 'NONE', #519, #2623, #2608, .T. ) ;
#1736 = VERTEX_POINT ( 'NONE', #435 ) ;
#1737 = LINE ( 'NONE', #11, #1855 ) ;
#1738 = LINE ( 'NONE', #2362, #689 ) ;
#1739 = CARTESIAN_POINT ( 'NONE',  ( -0.1000000000000030032, -4.000000000000000000, -4.500000000000000000 ) ) ;
#1740 = FACE_OUTER_BOUND ( 'NONE', #474, .T. ) ;
#1741 = DIRECTION ( 'NONE',  ( -1.000000000000000000, 0.000000000000000000, 0.000000000000000000 ) ) ;
#1742 = DIRECTION ( 'NONE',  ( 0.000000000000000000, -1.000000000000000000, 0.000000000000000000 ) ) ;
#1743 = VERTEX_POINT ( 'NONE', #1073 ) ;
#1744 = VERTEX_POINT ( 'NONE', #2160 ) ;
#1745 = APPLICATION_CONTEXT ( 'automotive_design' ) ;
#1746 = FACE_OUTER_BOUND ( 'NONE', #617, .T. ) ;
#1747 = EDGE_CURVE ( 'NONE', #2225, #719, #610, .T. ) ;
#1748 = DIRECTION ( 'NONE',  ( 0.000000000000000000, 3.154042683594195121E-16, -1.000000000000000000 ) ) ;
#1749 = ORIENTED_EDGE ( 'NONE', *, *, #827, .F. ) ;
#1750 = EDGE_CURVE ( 'NONE', #2168, #1013, #2172, .T. ) ;
#1751 = CARTESIAN_POINT ( 'NONE',  ( -19.00000000000000000, 3.500000000000000000, -10.00000000000000000 ) ) ;
#1752 = FACE_OUTER_BOUND ( 'NONE', #2066, .T. ) ;
#1753 = CARTESIAN_POINT ( 'NONE',  ( -19.00000000000000000, 0.000000000000000000, 4.500000000000000000 ) ) ;
#1754 = DIRECTION ( 'NONE',  ( 0.000000000000000000, 1.000000000000000000, 4.625929269271489858E-16 ) ) ;
#1755 = EDGE_CURVE ( 'NONE', #2117, #927, #1472, .T. ) ;
#1756 = ORIENTED_EDGE ( 'NONE', *, *, #1710, .T. ) ;
#1757 = CARTESIAN_POINT ( 'NONE',  ( 5.500000000000000000, 3.500000000000000000, 10.00000000000000000 ) ) ;
#1758 = ORIENTED_EDGE ( 'NONE', *, *, #1652, .F. ) ;
#1759 = EDGE_LOOP ( 'NONE', ( #1128, #2122, #365, #676 ) ) ;
#1760 = FACE_OUTER_BOUND ( 'NONE', #2654, .T. ) ;
#1761 = FACE_OUTER_BOUND ( 'NONE', #339, .T. ) ;
#1762 = ORIENTED_EDGE ( 'NONE', *, *, #2349, .T. ) ;
#1763 =( NAMED_UNIT ( * ) PLANE_ANGLE_UNIT ( ) SI_UNIT ( $, .RADIAN. ) );
#1764 = LINE ( 'NONE', #2200, #1272 ) ;
#1765 = DIRECTION ( 'NONE',  ( 0.000000000000000000, 3.154042683594195121E-16, -1.000000000000000000 ) ) ;
#1766 = VECTOR ( 'NONE', #636, 1000.000000000000000 ) ;
#1767 = LINE ( 'NONE', #1120, #412 ) ;
#1768 = AXIS2_PLACEMENT_3D ( 'NONE', #444, #2588, #1537 ) ;
#1769 = ORIENTED_EDGE ( 'NONE', *, *, #851, .F. ) ;
#1770 = CARTESIAN_POINT ( 'NONE',  ( -19.00000000000000000, -4.000000000000000000, -9.900000000000000355 ) ) ;
#1771 = VECTOR ( 'NONE', #2787, 999.9999999999998863 ) ;
#1772 = EDGE_CURVE ( 'NONE', #1177, #64, #1305, .T. ) ;
#1773 = ORIENTED_EDGE ( 'NONE', *, *, #2404, .T. ) ;
#1774 = AXIS2_PLACEMENT_3D ( 'NONE', #2602, #430, #1777 ) ;
#1775 = EDGE_LOOP ( 'NONE', ( #153, #2016, #1350, #1789 ) ) ;
#1776 = PRESENTATION_LAYER_ASSIGNMENT (  '', '', ( #1553 ) ) ;
#1777 = DIRECTION ( 'NONE',  ( 1.445602896647341875E-16, 0.000000000000000000, -1.000000000000000000 ) ) ;
#1778 = DIRECTION ( 'NONE',  ( 0.000000000000000000, 0.000000000000000000, -1.000000000000000000 ) ) ;
#1779 = VERTEX_POINT ( 'NONE', #1908 ) ;
#1780 = VERTEX_POINT ( 'NONE', #1292 ) ;
#1781 = CARTESIAN_POINT ( 'NONE',  ( -18.95000000000000284, 3.950000000000000178, 9.950000000000001066 ) ) ;
#1782 = DIRECTION ( 'NONE',  ( 0.000000000000000000, 1.000000000000000000, 0.000000000000000000 ) ) ;
#1783 = DIRECTION ( 'NONE',  ( 0.000000000000000000, -3.154042683594195121E-16, 1.000000000000000000 ) ) ;
#1784 = PLANE ( 'NONE',  #1953 ) ;
#1785 = ORIENTED_EDGE ( 'NONE', *, *, #1199, .F. ) ;
#1786 = CARTESIAN_POINT ( 'NONE',  ( -14.50000000000000000, -2.000000000000000000, 7.500000000000000000 ) ) ;
#1787 = ORIENTED_EDGE ( 'NONE', *, *, #922, .T. ) ;
#1788 = EDGE_CURVE ( 'NONE', #1651, #992, #2778, .T. ) ;
#1789 = ORIENTED_EDGE ( 'NONE', *, *, #2416, .T. ) ;
#1790 = EDGE_CURVE ( 'NONE', #88, #1079, #2759, .T. ) ;
#1791 = DIRECTION ( 'NONE',  ( -1.000000000000000000, 0.000000000000000000, 0.000000000000000000 ) ) ;
#1792 = VERTEX_POINT ( 'NONE', #1502 ) ;
#1793 = ORIENTED_EDGE ( 'NONE', *, *, #613, .F. ) ;
#1794 = FACE_OUTER_BOUND ( 'NONE', #2611, .T. ) ;
#1795 = DIRECTION ( 'NONE',  ( 0.000000000000000000, 0.000000000000000000, 1.000000000000000000 ) ) ;
#1796 = LINE ( 'NONE', #2432, #1641 ) ;
#1797 = LINE ( 'NONE', #2433, #784 ) ;
#1798 = ORIENTED_EDGE ( 'NONE', *, *, #398, .F. ) ;
#1799 = LINE ( 'NONE', #1617, #1144 ) ;
#1800 = ORIENTED_EDGE ( 'NONE', *, *, #2335, .F. ) ;
#1801 = VERTEX_POINT ( 'NONE', #2363 ) ;
#1802 = DIRECTION ( 'NONE',  ( 0.000000000000000000, 1.000000000000000000, 0.000000000000000000 ) ) ;
#1803 = ORIENTED_EDGE ( 'NONE', *, *, #2554, .F. ) ;
#1804 = EDGE_CURVE ( 'NONE', #1013, #1203, #2147, .T. ) ;
#1805 = ORIENTED_EDGE ( 'NONE', *, *, #62, .F. ) ;
#1806 = LINE ( 'NONE', #1197, #2451 ) ;
#1807 = CARTESIAN_POINT ( 'NONE',  ( 1.299999999999981837, 2.599999999999964562, 8.599999999999999645 ) ) ;
#1808 = CARTESIAN_POINT ( 'NONE',  ( 0.000000000000000000, 3.399999999999999911, 4.400000000000000355 ) ) ;
#1809 = VECTOR ( 'NONE', #1391, 1000.000000000000000 ) ;
#1810 = ORIENTED_EDGE ( 'NONE', *, *, #2239, .F. ) ;
#1811 = CARTESIAN_POINT ( 'NONE',  ( -14.50000000000000000, -2.000000000000000000, -7.500000000000000000 ) ) ;
#1812 = ORIENTED_EDGE ( 'NONE', *, *, #632, .F. ) ;
#1813 = VECTOR ( 'NONE', #1333, 1000.000000000000000 ) ;
#1814 = VECTOR ( 'NONE', #1802, 1000.000000000000000 ) ;
#1815 = EDGE_CURVE ( 'NONE', #1792, #2672, #2463, .T. ) ;
#1816 = ORIENTED_EDGE ( 'NONE', *, *, #2141, .T. ) ;
#1817 = VECTOR ( 'NONE', #1210, 1000.000000000000000 ) ;
#1818 = DIRECTION ( 'NONE',  ( 1.000000000000000000, 0.000000000000000000, 0.000000000000000000 ) ) ;
#1819 = VECTOR ( 'NONE', #858, 1000.000000000000114 ) ;
#1820 = ORIENTED_EDGE ( 'NONE', *, *, #1605, .F. ) ;
#1821 = AXIS2_PLACEMENT_3D ( 'NONE', #1588, #772, #1630 ) ;
#1822 = DIRECTION ( 'NONE',  ( 0.000000000000000000, -4.336808689942015271E-16, 1.000000000000000000 ) ) ;
#1823 = CARTESIAN_POINT ( 'NONE',  ( 4.000000000000000000, 3.500000000000000000, 10.00000000000000000 ) ) ;
#1824 = ADVANCED_FACE ( 'NONE', ( #1161 ), #1348, .F. ) ;
#1825 = CARTESIAN_POINT ( 'NONE',  ( -18.89999999999999858, -4.000000000000000000, 4.500000000000000000 ) ) ;
#1826 = CIRCLE ( 'NONE', #2318, 1.250000000000000222 ) ;
#1827 = FILL_AREA_STYLE ('',( #757 ) ) ;
#1828 = EDGE_CURVE ( 'NONE', #570, #64, #947, .T. ) ;
#1829 = VERTEX_POINT ( 'NONE', #2649 ) ;
#1830 = LINE ( 'NONE', #2279, #279 ) ;
#1831 = EDGE_LOOP ( 'NONE', ( #1066, #1481, #1785, #1266, #2521 ) ) ;
#1832 = FACE_BOUND ( 'NONE', #2507, .T. ) ;
#1833 = ORIENTED_EDGE ( 'NONE', *, *, #147, .T. ) ;
#1834 = EDGE_CURVE ( 'NONE', #1323, #571, #1967, .T. ) ;
#1835 = LINE ( 'NONE', #754, #1817 ) ;
#1836 = LINE ( 'NONE', #1823, #592 ) ;
#1837 = PLANE ( 'NONE',  #1142 ) ;
#1838 = EDGE_CURVE ( 'NONE', #151, #94, #1796, .T. ) ;
#1839 = VERTEX_POINT ( 'NONE', #1389 ) ;
#1840 = PLANE ( 'NONE',  #1375 ) ;
#1841 = EDGE_CURVE ( 'NONE', #800, #2061, #258, .T. ) ;
#1842 =( NAMED_UNIT ( * ) PLANE_ANGLE_UNIT ( ) SI_UNIT ( $, .RADIAN. ) );
#1843 = ORIENTED_EDGE ( 'NONE', *, *, #1421, .F. ) ;
#1844 = VERTEX_POINT ( 'NONE', #1808 ) ;
#1845 = CARTESIAN_POINT ( 'NONE',  ( 0.000000000000000000, 2.146720301521299963E-15, -9.900000000000000355 ) ) ;
#1846 = LINE ( 'NONE', #2690, #1319 ) ;
#1847 = LINE ( 'NONE', #1825, #276 ) ;
#1848 = EDGE_CURVE ( 'NONE', #1712, #302, #1361, .T. ) ;
#1849 = ORIENTED_EDGE ( 'NONE', *, *, #1126, .T. ) ;
#1850 = CARTESIAN_POINT ( 'NONE',  ( 4.000000000000000000, -4.000000000000000000, 4.500000000000000000 ) ) ;
#1851 = VECTOR ( 'NONE', #146, 1000.000000000000000 ) ;
#1852 = EDGE_CURVE ( 'NONE', #925, #2198, #26, .T. ) ;
#1853 = AXIS2_PLACEMENT_3D ( 'NONE', #820, #2590, #2091 ) ;
#1854 = ORIENTED_EDGE ( 'NONE', *, *, #652, .F. ) ;
#1855 = VECTOR ( 'NONE', #2187, 1000.000000000000000 ) ;
#1856 = CARTESIAN_POINT ( 'NONE',  ( 5.500000000000000000, -4.000000000000000000, -10.00000000000000000 ) ) ;
#1857 = ORIENTED_EDGE ( 'NONE', *, *, #62, .T. ) ;
#1858 = CIRCLE ( 'NONE', #41, 1.249999999999999334 ) ;
#1859 = VECTOR ( 'NONE', #1051, 1000.000000000000000 ) ;
#1860 = ORIENTED_EDGE ( 'NONE', *, *, #827, .T. ) ;
#1861 = CARTESIAN_POINT ( 'NONE',  ( -0.1000000000000030032, -4.000000000000000000, -9.900000000000000355 ) ) ;
#1862 = DIRECTION ( 'NONE',  ( 0.7071067811865445751, -1.533293416683382766E-16, 0.7071067811865504593 ) ) ;
#1863 = VECTOR ( 'NONE', #2420, 1000.000000000000227 ) ;
#1864 = DIRECTION ( 'NONE',  ( 0.000000000000000000, 0.000000000000000000, -1.000000000000000000 ) ) ;
#1865 = AXIS2_PLACEMENT_3D ( 'NONE', #2250, #1393, #1647 ) ;
#1866 =( NAMED_UNIT ( * ) SI_UNIT ( $, .STERADIAN. ) SOLID_ANGLE_UNIT ( ) );
#1867 = CARTESIAN_POINT ( 'NONE',  ( -19.00000000000000000, -4.000000000000000000, -9.900000000000000355 ) ) ;
#1868 = VECTOR ( 'NONE', #1430, 1000.000000000000000 ) ;
#1869 = ORIENTED_EDGE ( 'NONE', *, *, #1341, .T. ) ;
#1870 = CARTESIAN_POINT ( 'NONE',  ( 4.000000000000000000, -4.000000000000000000, 10.00000000000000000 ) ) ;
#1871 = ORIENTED_EDGE ( 'NONE', *, *, #540, .F. ) ;
#1872 = ADVANCED_FACE ( 'NONE', ( #902 ), #741, .F. ) ;
#1873 = CARTESIAN_POINT ( 'NONE',  ( -14.50000000000000000, 4.000000000000000000, -8.750000000000000000 ) ) ;
#1874 = EDGE_LOOP ( 'NONE', ( #1535, #2735, #2570, #958 ) ) ;
#1875 = EDGE_CURVE ( 'NONE', #531, #1779, #274, .T. ) ;
#1876 = DIRECTION ( 'NONE',  ( 0.000000000000000000, 0.000000000000000000, -1.000000000000000000 ) ) ;
#1877 = DIRECTION ( 'NONE',  ( 0.000000000000000000, 3.154042683594195121E-16, -1.000000000000000000 ) ) ;
#1878 = PLANE ( 'NONE',  #2683 ) ;
#1879 = LINE ( 'NONE', #1288, #1632 ) ;
#1880 = FACE_OUTER_BOUND ( 'NONE', #1158, .T. ) ;
#1881 = CARTESIAN_POINT ( 'NONE',  ( -18.95000000000000284, -3.950000000000000178, -9.950000000000001066 ) ) ;
#1882 = ORIENTED_EDGE ( 'NONE', *, *, #528, .F. ) ;
#1883 = EDGE_CURVE ( 'NONE', #1356, #1744, #2405, .T. ) ;
#1884 = CARTESIAN_POINT ( 'NONE',  ( 5.500000000000000000, -4.000000000000000000, -4.500000000000000000 ) ) ;
#1885 = PLANE ( 'NONE',  #2136 ) ;
#1886 = VERTEX_POINT ( 'NONE', #934 ) ;
#1887 = DIRECTION ( 'NONE',  ( -0.5773502691896387207, 0.5773502691896197359, -0.5773502691896187367 ) ) ;
#1888 = CARTESIAN_POINT ( 'NONE',  ( -18.89999999999999858, -4.000000000000000000, -10.00000000000000000 ) ) ;
#1889 = ADVANCED_FACE ( 'NONE', ( #1147 ), #489, .F. ) ;
#1890 = PLANE ( 'NONE',  #2762 ) ;
#1891 = LINE ( 'NONE', #422, #556 ) ;
#1892 = DIRECTION ( 'NONE',  ( 0.000000000000000000, -1.000000000000000000, 0.000000000000000000 ) ) ;
#1893 = ORIENTED_EDGE ( 'NONE', *, *, #2175, .F. ) ;
#1894 = PRODUCT_RELATED_PRODUCT_CATEGORY ( 'part', '', ( #657 ) ) ;
#1895 = CARTESIAN_POINT ( 'NONE',  ( -18.89999999999999858, 3.899999999999999911, 10.00000000000000000 ) ) ;
#1896 = AXIS2_PLACEMENT_3D ( 'NONE', #1062, #1922, #1498 ) ;
#1897 = PLANE ( 'NONE',  #2055 ) ;
#1898 = VECTOR ( 'NONE', #1439, 1000.000000000000000 ) ;
#1899 = ORIENTED_EDGE ( 'NONE', *, *, #704, .F. ) ;
#1900 = DIRECTION ( 'NONE',  ( 0.000000000000000000, 0.5150380749100549327, 0.8571673007021118895 ) ) ;
#1901 = CARTESIAN_POINT ( 'NONE',  ( -19.00000000000000000, -4.000000000000000000, -10.00000000000000000 ) ) ;
#1902 = CARTESIAN_POINT ( 'NONE',  ( -23.00000000000000000, 0.5000000000000000000, -4.500000000000000000 ) ) ;
#1903 = VECTOR ( 'NONE', #2086, 1000.000000000000000 ) ;
#1904 = DIRECTION ( 'NONE',  ( 0.000000000000000000, 0.000000000000000000, 1.000000000000000000 ) ) ;
#1905 = VECTOR ( 'NONE', #565, 1000.000000000000000 ) ;
#1906 = EDGE_CURVE ( 'NONE', #1538, #1886, #1131, .T. ) ;
#1907 = CARTESIAN_POINT ( 'NONE',  ( -19.00000000000000000, -4.000000000000000000, -9.900000000000000355 ) ) ;
#1908 = CARTESIAN_POINT ( 'NONE',  ( -19.00000000000000000, -4.000000000000000000, 4.500000000000000000 ) ) ;
#1909 = DIRECTION ( 'NONE',  ( 0.000000000000000000, 1.000000000000000000, 0.000000000000000000 ) ) ;
#1910 = AXIS2_PLACEMENT_3D ( 'NONE', #203, #2716, #1364 ) ;
#1911 = CARTESIAN_POINT ( 'NONE',  ( -24.50000000000000000, 3.500000000000000000, -10.00000000000000000 ) ) ;
#1912 = ADVANCED_FACE ( 'NONE', ( #2006 ), #1118, .F. ) ;
#1913 = ORIENTED_EDGE ( 'NONE', *, *, #963, .F. ) ;
#1914 = AXIS2_PLACEMENT_3D ( 'NONE', #2134, #611, #391 ) ;
#1915 = PLANE ( 'NONE',  #1645 ) ;
#1916 = EDGE_LOOP ( 'NONE', ( #1336, #1769, #647, #1983, #1205 ) ) ;
#1917 = ORIENTED_EDGE ( 'NONE', *, *, #2320, .T. ) ;
#1918 = CARTESIAN_POINT ( 'NONE',  ( -19.00000000000000000, 3.500000000000000000, 4.500000000000000000 ) ) ;
#1919 = DIRECTION ( 'NONE',  ( 0.000000000000000000, -1.577021341797100025E-16, 1.000000000000000000 ) ) ;
#1920 = CARTESIAN_POINT ( 'NONE',  ( -4.500000000000000000, -2.000000000000000000, 6.250000000000000000 ) ) ;
#1921 = EDGE_CURVE ( 'NONE', #2582, #1981, #1378, .T. ) ;
#1922 = DIRECTION ( 'NONE',  ( 0.7071067811865475727, -0.7071067811865475727, 0.000000000000000000 ) ) ;
#1923 = CARTESIAN_POINT ( 'NONE',  ( 5.500000000000000000, -4.000000000000000000, -4.500000000000000000 ) ) ;
#1924 = LINE ( 'NONE', #2114, #2502 ) ;
#1925 = FACE_OUTER_BOUND ( 'NONE', #297, .T. ) ;
#1926 = EDGE_CURVE ( 'NONE', #2027, #144, #2662, .T. ) ;
#1927 = ORIENTED_EDGE ( 'NONE', *, *, #1099, .F. ) ;
#1928 = CARTESIAN_POINT ( 'NONE',  ( -18.95000000000000284, -3.950000000000000178, 9.950000000000001066 ) ) ;
#1929 = ORIENTED_EDGE ( 'NONE', *, *, #2300, .T. ) ;
#1930 = DIRECTION ( 'NONE',  ( 0.000000000000000000, 1.000000000000000000, 4.336808689942015271E-16 ) ) ;
#1931 = CARTESIAN_POINT ( 'NONE',  ( 0.000000000000000000, -3.899999999999999911, 4.599999999999999645 ) ) ;
#1932 = PLANE ( 'NONE',  #907 ) ;
#1933 = CARTESIAN_POINT ( 'NONE',  ( -23.00000000000000000, 3.500000000000000000, 0.000000000000000000 ) ) ;
#1934 = CARTESIAN_POINT ( 'NONE',  ( 4.000000000000000000, 3.500000000000000000, -10.00000000000000000 ) ) ;
#1935 = EDGE_CURVE ( 'NONE', #884, #2558, #2233, .T. ) ;
#1936 = CARTESIAN_POINT ( 'NONE',  ( -18.93333333333335133, 3.966666666666664565, 9.933333333333340676 ) ) ;
#1937 = LINE ( 'NONE', #1770, #1330 ) ;
#1938 = EDGE_CURVE ( 'NONE', #2512, #2411, #68, .T. ) ;
#1939 =( NAMED_UNIT ( * ) SI_UNIT ( $, .STERADIAN. ) SOLID_ANGLE_UNIT ( ) );
#1940 = ORIENTED_EDGE ( 'NONE', *, *, #237, .T. ) ;
#1942 = COLOUR_RGB ( '',0.7921568627450980005, 0.8196078431372548767, 0.9333333333333333481 ) ;
#1941 = CARTESIAN_POINT ( 'NONE',  ( 4.000000000000000000, -4.000000000000000000, -4.500000000000000000 ) ) ;
#1943 = CARTESIAN_POINT ( 'NONE',  ( -14.50000000000000000, -2.751075773784450007, -7.500000000000000000 ) ) ;
#1944 = DIRECTION ( 'NONE',  ( 0.000000000000000000, 1.445602896647339903E-16, -1.000000000000000000 ) ) ;
#1945 = VECTOR ( 'NONE', #1388, 1000.000000000000000 ) ;
#1946 = ORIENTED_EDGE ( 'NONE', *, *, #758, .F. ) ;
#1947 = CARTESIAN_POINT ( 'NONE',  ( -18.89999999999999858, 0.5000000000000000000, -4.500000000000000000 ) ) ;
#1948 = CARTESIAN_POINT ( 'NONE',  ( -18.89999999999999858, 4.000000000000000000, 4.500000000000000000 ) ) ;
#1949 = VECTOR ( 'NONE', #1470, 1000.000000000000000 ) ;
#1950 = PLANE ( 'NONE',  #2267 ) ;
#1951 = CARTESIAN_POINT ( 'NONE',  ( -19.00000000000000000, -3.899999999999999911, 9.900000000000000355 ) ) ;
#1952 = VECTOR ( 'NONE', #2461, 999.9999999999998863 ) ;
#1953 = AXIS2_PLACEMENT_3D ( 'NONE', #2609, #671, #2650 ) ;
#1954 = VECTOR ( 'NONE', #477, 1000.000000000000000 ) ;
#1955 = DIRECTION ( 'NONE',  ( 1.000000000000000000, 0.000000000000000000, 0.000000000000000000 ) ) ;
#1956 = ORIENTED_EDGE ( 'NONE', *, *, #93, .T. ) ;
#1957 = EDGE_CURVE ( 'NONE', #151, #2582, #1847, .T. ) ;
#1958 = VECTOR ( 'NONE', #1669, 1000.000000000000114 ) ;
#1959 = VECTOR ( 'NONE', #163, 1000.000000000000000 ) ;
#1960 = ORIENTED_EDGE ( 'NONE', *, *, #113, .F. ) ;
#1961 = EDGE_CURVE ( 'NONE', #1097, #519, #335, .T. ) ;
#1962 = CARTESIAN_POINT ( 'NONE',  ( -14.50000000000000000, 4.000000000000000000, -7.500000000000000000 ) ) ;
#1963 = LINE ( 'NONE', #2399, #1451 ) ;
#1964 = ADVANCED_FACE ( 'NONE', ( #2064 ), #1837, .F. ) ;
#1965 = ORIENTED_EDGE ( 'NONE', *, *, #2196, .T. ) ;
#1966 = CARTESIAN_POINT ( 'NONE',  ( -23.00000000000000000, -4.000000000000000000, -10.00000000000000000 ) ) ;
#1967 = LINE ( 'NONE', #891, #2453 ) ;
#1968 = CARTESIAN_POINT ( 'NONE',  ( -23.00000000000000000, 3.500000000000000000, 10.00000000000000000 ) ) ;
#1969 = ORIENTED_EDGE ( 'NONE', *, *, #93, .F. ) ;
#1970 = DIRECTION ( 'NONE',  ( 0.000000000000000000, 3.154042683594195121E-16, -1.000000000000000000 ) ) ;
#1971 = ORIENTED_EDGE ( 'NONE', *, *, #2624, .T. ) ;
#1972 = VERTEX_POINT ( 'NONE', #1173 ) ;
#1973 = CARTESIAN_POINT ( 'NONE',  ( 5.500000000000000000, -4.000000000000000000, -10.00000000000000000 ) ) ;
#1974 = DIRECTION ( 'NONE',  ( -0.5773502691896190697, -0.5773502691896190697, 0.5773502691896390537 ) ) ;
#1975 = VERTEX_POINT ( 'NONE', #305 ) ;
#1976 = DIRECTION ( 'NONE',  ( -1.000000000000000000, 0.000000000000000000, 0.000000000000000000 ) ) ;
#1977 = FACE_OUTER_BOUND ( 'NONE', #2621, .T. ) ;
#1978 = EDGE_CURVE ( 'NONE', #2219, #1801, #962, .T. ) ;
#1979 = DIRECTION ( 'NONE',  ( 0.000000000000000000, 2.312964634635744929E-16, -1.000000000000000000 ) ) ;
#1980 = CARTESIAN_POINT ( 'NONE',  ( -4.500000000000000000, -2.000000000000000000, 8.750000000000000000 ) ) ;
#1981 = VERTEX_POINT ( 'NONE', #1016 ) ;
#1982 = CARTESIAN_POINT ( 'NONE',  ( -24.50000000000000000, -4.000000000000000000, -4.500000000000000000 ) ) ;
#1983 = ORIENTED_EDGE ( 'NONE', *, *, #14, .F. ) ;
#1984 = VERTEX_POINT ( 'NONE', #102 ) ;
#1985 = DIRECTION ( 'NONE',  ( 0.000000000000000000, 0.000000000000000000, 1.000000000000000000 ) ) ;
#1986 = CARTESIAN_POINT ( 'NONE',  ( 4.000000000000000000, -4.000000000000000000, 4.500000000000000000 ) ) ;
#1987 = ORIENTED_EDGE ( 'NONE', *, *, #1360, .T. ) ;
#1988 = ORIENTED_EDGE ( 'NONE', *, *, #2795, .T. ) ;
#1989 = DIRECTION ( 'NONE',  ( -0.5773502691896257311, -0.5773502691896257311, -0.5773502691896257311 ) ) ;
#1990 = LINE ( 'NONE', #1559, #818 ) ;
#1991 = CARTESIAN_POINT ( 'NONE',  ( -0.1000000000000030032, -4.000000000000000000, 4.500000000000000000 ) ) ;
#1992 = AXIS2_PLACEMENT_3D ( 'NONE', #1453, #2343, #1243 ) ;
#1993 = AXIS2_PLACEMENT_3D ( 'NONE', #1371, #2483, #2255 ) ;
#1994 = ORIENTED_EDGE ( 'NONE', *, *, #574, .F. ) ;
#1995 = FACE_OUTER_BOUND ( 'NONE', #1123, .T. ) ;
#1996 = VECTOR ( 'NONE', #2284, 1000.000000000000000 ) ;
#1997 = EDGE_LOOP ( 'NONE', ( #73, #324, #148, #262, #1302, #234 ) ) ;
#1998 = AXIS2_PLACEMENT_3D ( 'NONE', #55, #1979, #43 ) ;
#1999 = ORIENTED_EDGE ( 'NONE', *, *, #2098, .F. ) ;
#2000 = VECTOR ( 'NONE', #2302, 1000.000000000000000 ) ;
#2001 = CARTESIAN_POINT ( 'NONE',  ( -0.04999999999999909378, 3.950000000000000178, -9.950000000000001066 ) ) ;
#2002 = AXIS2_PLACEMENT_3D ( 'NONE', #1283, #1660, #2557 ) ;
#2003 = EDGE_LOOP ( 'NONE', ( #1056, #2154 ) ) ;
#2004 = DIRECTION ( 'NONE',  ( 0.000000000000000000, 1.000000000000000000, 0.000000000000000000 ) ) ;
#2005 = CARTESIAN_POINT ( 'NONE',  ( 4.000000000000000000, -4.000000000000000000, 10.00000000000000000 ) ) ;
#2006 = FACE_OUTER_BOUND ( 'NONE', #1598, .T. ) ;
#2007 = EDGE_CURVE ( 'NONE', #1039, #746, #798, .T. ) ;
#2008 = CARTESIAN_POINT ( 'NONE',  ( -14.50000000000000000, 4.000000000000000000, -7.500000000000000000 ) ) ;
#2009 = ORIENTED_EDGE ( 'NONE', *, *, #336, .T. ) ;
#2010 = FACE_OUTER_BOUND ( 'NONE', #996, .T. ) ;
#2011 = ORIENTED_EDGE ( 'NONE', *, *, #928, .T. ) ;
#2012 = EDGE_CURVE ( 'NONE', #1606, #2625, #1427, .T. ) ;
#2013 = ORIENTED_EDGE ( 'NONE', *, *, #1828, .F. ) ;
#2014 = DIRECTION ( 'NONE',  ( -1.000000000000000000, 0.000000000000000000, 0.000000000000000000 ) ) ;
#2015 = ORIENTED_EDGE ( 'NONE', *, *, #198, .T. ) ;
#2016 = ORIENTED_EDGE ( 'NONE', *, *, #466, .F. ) ;
#2017 = DIRECTION ( 'NONE',  ( 0.000000000000000000, -1.000000000000000000, -2.168404344971010101E-16 ) ) ;
#2018 = CARTESIAN_POINT ( 'NONE',  ( -0.1000000000000000056, 4.000000000000000000, -9.900000000000000355 ) ) ;
#2019 = DIRECTION ( 'NONE',  ( 1.049727191138618079E-16, 0.5150380749100560429, -0.8571673007021111124 ) ) ;
#2020 = ADVANCED_FACE ( 'NONE', ( #1450 ), #1878, .F. ) ;
#2021 = ORIENTED_EDGE ( 'NONE', *, *, #2047, .F. ) ;
#2022 = CARTESIAN_POINT ( 'NONE',  ( 4.000000000000000000, -4.000000000000000000, 10.00000000000000000 ) ) ;
#2023 = ORIENTED_EDGE ( 'NONE', *, *, #2743, .F. ) ;
#2024 = EDGE_LOOP ( 'NONE', ( #1373, #414, #1871, #1262 ) ) ;
#2025 = ADVANCED_FACE ( 'NONE', ( #112 ), #2487, .F. ) ;
#2026 = DIRECTION ( 'NONE',  ( 0.000000000000000000, 1.577021341797094849E-16, -1.000000000000000000 ) ) ;
#2027 = VERTEX_POINT ( 'NONE', #1655 ) ;
#2028 = ADVANCED_FACE ( 'NONE', ( #2259 ), #549, .F. ) ;
#2029 = ORIENTED_EDGE ( 'NONE', *, *, #1852, .T. ) ;
#2030 = CARTESIAN_POINT ( 'NONE',  ( 4.000000000000000000, -4.000000000000000000, -10.00000000000000000 ) ) ;
#2031 = DIRECTION ( 'NONE',  ( -0.5773502691896288397, 0.000000000000000000, 0.8164965809277238140 ) ) ;
#2032 = FACE_OUTER_BOUND ( 'NONE', #310, .T. ) ;
#2033 = PRODUCT_CONTEXT ( 'NONE', #1745, 'mechanical' ) ;
#2034 = SURFACE_STYLE_FILL_AREA ( #1827 ) ;
#2035 =( LENGTH_UNIT ( ) NAMED_UNIT ( * ) SI_UNIT ( .MILLI., .METRE. ) );
#2036 = VECTOR ( 'NONE', #2474, 1000.000000000000000 ) ;
#2037 = ORIENTED_EDGE ( 'NONE', *, *, #1452, .F. ) ;
#2038 = FACE_OUTER_BOUND ( 'NONE', #445, .T. ) ;
#2039 = ORIENTED_EDGE ( 'NONE', *, *, #1202, .T. ) ;
#2040 = VECTOR ( 'NONE', #679, 1000.000000000000114 ) ;
#2041 = VECTOR ( 'NONE', #1930, 1000.000000000000000 ) ;
#2042 = ORIENTED_EDGE ( 'NONE', *, *, #1443, .T. ) ;
#2043 = EDGE_CURVE ( 'NONE', #2436, #1792, #346, .T. ) ;
#2044 = VECTOR ( 'NONE', #1513, 1000.000000000000000 ) ;
#2045 = LINE ( 'NONE', #1156, #37 ) ;
#2046 = AXIS2_PLACEMENT_3D ( 'NONE', #840, #1695, #2550 ) ;
#2047 = EDGE_CURVE ( 'NONE', #2421, #493, #2515, .T. ) ;
#2048 = ORIENTED_EDGE ( 'NONE', *, *, #1497, .F. ) ;
#2049 = ORIENTED_EDGE ( 'NONE', *, *, #1828, .T. ) ;
#2050 = VECTOR ( 'NONE', #172, 1000.000000000000000 ) ;
#2051 = LINE ( 'NONE', #1400, #323 ) ;
#2052 = DIRECTION ( 'NONE',  ( 1.000000000000000000, 0.000000000000000000, 0.000000000000000000 ) ) ;
#2053 = CARTESIAN_POINT ( 'NONE',  ( 0.000000000000000000, 0.5000000000000000000, -4.500000000000000000 ) ) ;
#2054 = ADVANCED_FACE ( 'NONE', ( #2711 ), #648, .F. ) ;
#2055 = AXIS2_PLACEMENT_3D ( 'NONE', #1297, #1490, #2121 ) ;
#2056 = SURFACE_STYLE_USAGE ( .BOTH. , #2488 ) ;
#2057 = ORIENTED_EDGE ( 'NONE', *, *, #2624, .F. ) ;
#2058 = CARTESIAN_POINT ( 'NONE',  ( 4.000000000000000000, -4.000000000000000000, -4.500000000000000000 ) ) ;
#2059 = ORIENTED_EDGE ( 'NONE', *, *, #574, .T. ) ;
#2060 = ADVANCED_FACE ( 'NONE', ( #1437 ), #1642, .F. ) ;
#2061 = VERTEX_POINT ( 'NONE', #2742 ) ;
#2062 = DIRECTION ( 'NONE',  ( 0.5773502691896327255, -0.5773502691896117422, -0.5773502691896327255 ) ) ;
#2063 = CARTESIAN_POINT ( 'NONE',  ( -19.00000000000000000, -4.000000000000000000, -4.500000000000000000 ) ) ;
#2064 = FACE_OUTER_BOUND ( 'NONE', #771, .T. ) ;
#2065 = EDGE_CURVE ( 'NONE', #1027, #1097, #808, .T. ) ;
#2066 = EDGE_LOOP ( 'NONE', ( #2482, #36, #2454, #2049 ) ) ;
#2067 = CARTESIAN_POINT ( 'NONE',  ( -1.333333333333336146, -2.666666666666674956, -11.23333333333331829 ) ) ;
#2068 = ORIENTED_EDGE ( 'NONE', *, *, #2497, .F. ) ;
#2069 = ORIENTED_EDGE ( 'NONE', *, *, #753, .F. ) ;
#2070 = ORIENTED_EDGE ( 'NONE', *, *, #1114, .F. ) ;
#2071 = CARTESIAN_POINT ( 'NONE',  ( -24.50000000000000000, 3.500000000000000000, 10.00000000000000000 ) ) ;
#2072 = PLANE ( 'NONE',  #1673 ) ;
#2073 = CARTESIAN_POINT ( 'NONE',  ( 0.000000000000000000, -4.000000000000000000, 9.900000000000000355 ) ) ;
#2074 = DIRECTION ( 'NONE',  ( 0.000000000000000000, 0.7071067811865450192, 0.7071067811865500152 ) ) ;
#2075 = DIRECTION ( 'NONE',  ( 0.000000000000000000, 0.000000000000000000, -1.000000000000000000 ) ) ;
#2076 = ORIENTED_EDGE ( 'NONE', *, *, #2293, .F. ) ;
#2077 = CARTESIAN_POINT ( 'NONE',  ( 5.500000000000000000, 0.5000000000000000000, -4.500000000000000000 ) ) ;
#2078 = ADVANCED_FACE ( 'NONE', ( #2032 ), #83, .T. ) ;
#2079 = CLOSED_SHELL ( 'NONE', ( #2651, #1648, #774, #316, #413, #739, #2288, #2028, #1037, #1011 ) ) ;
#2080 = VECTOR ( 'NONE', #1105, 1000.000000000000000 ) ;
#2081 = EDGE_CURVE ( 'NONE', #968, #1651, #197, .T. ) ;
#2082 = AXIS2_PLACEMENT_3D ( 'NONE', #431, #1300, #208 ) ;
#2083 = CARTESIAN_POINT ( 'NONE',  ( 0.000000000000000000, -4.000000000000000000, -10.00000000000000000 ) ) ;
#2084 = VECTOR ( 'NONE', #885, 1000.000000000000000 ) ;
#2085 = AXIS2_PLACEMENT_3D ( 'NONE', #2203, #1088, #306 ) ;
#2086 = DIRECTION ( 'NONE',  ( -1.000000000000000000, 0.000000000000000000, 0.000000000000000000 ) ) ;
#2087 = DIRECTION ( 'NONE',  ( 0.000000000000000000, 0.000000000000000000, -1.000000000000000000 ) ) ;
#2088 = VECTOR ( 'NONE', #1256, 1000.000000000000000 ) ;
#2089 = CARTESIAN_POINT ( 'NONE',  ( -23.00000000000000000, 2.168404344971010051E-15, -10.00000000000000000 ) ) ;
#2090 = VECTOR ( 'NONE', #2723, 1000.000000000000000 ) ;
#2091 = DIRECTION ( 'NONE',  ( 1.000000000000000000, 0.000000000000000000, 0.000000000000000000 ) ) ;
#2092 = CARTESIAN_POINT ( 'NONE',  ( -0.1000000000000030032, -4.000000000000000000, -10.00000000000000000 ) ) ;
#2093 = VECTOR ( 'NONE', #646, 999.9999999999998863 ) ;
#2094 = VERTEX_POINT ( 'NONE', #387 ) ;
#2095 = DIRECTION ( 'NONE',  ( -0.000000000000000000, 1.000000000000000000, 0.000000000000000000 ) ) ;
#2096 = CARTESIAN_POINT ( 'NONE',  ( 4.000000000000000000, -4.000000000000000000, -10.00000000000000000 ) ) ;
#2097 = EDGE_LOOP ( 'NONE', ( #1587, #688, #311, #2395, #2299, #2249 ) ) ;
#2098 = EDGE_CURVE ( 'NONE', #833, #2354, #860, .T. ) ;
#2099 = ORIENTED_EDGE ( 'NONE', *, *, #147, .F. ) ;
#2100 = ORIENTED_EDGE ( 'NONE', *, *, #758, .T. ) ;
#2101 = DIRECTION ( 'NONE',  ( 0.000000000000000000, 0.000000000000000000, 1.000000000000000000 ) ) ;
#2102 = DIRECTION ( 'NONE',  ( 0.000000000000000000, 0.000000000000000000, 1.000000000000000000 ) ) ;
#2103 = PLANE ( 'NONE',  #1853 ) ;
#2104 = PLANE ( 'NONE',  #2167 ) ;
#2105 = DIRECTION ( 'NONE',  ( 0.000000000000000000, 0.000000000000000000, 1.000000000000000000 ) ) ;
#2106 = ORIENTED_EDGE ( 'NONE', *, *, #497, .F. ) ;
#2107 = CARTESIAN_POINT ( 'NONE',  ( -19.00000000000000000, 3.899999999999999911, 6.150383233008679967E-16 ) ) ;
#2108 = DIRECTION ( 'NONE',  ( 0.000000000000000000, 0.000000000000000000, 1.000000000000000000 ) ) ;
#2109 = EDGE_CURVE ( 'NONE', #282, #2321, #2562, .T. ) ;
#2110 = LINE ( 'NONE', #806, #783 ) ;
#2111 = LINE ( 'NONE', #1042, #2123 ) ;
#2112 = CARTESIAN_POINT ( 'NONE',  ( 5.500000000000000000, 0.5000000000000000000, -4.500000000000000000 ) ) ;
#2113 = LINE ( 'NONE', #881, #2131 ) ;
#2114 = CARTESIAN_POINT ( 'NONE',  ( -23.00000000000000000, 0.5000000000000000000, -4.500000000000000000 ) ) ;
#2115 = DIRECTION ( 'NONE',  ( 0.000000000000000000, -1.000000000000000000, -4.625929269271489858E-16 ) ) ;
#2116 = FACE_OUTER_BOUND ( 'NONE', #1638, .T. ) ;
#2117 = VERTEX_POINT ( 'NONE', #635 ) ;
#2118 = PLANE ( 'NONE',  #46 ) ;
#2119 = AXIS2_PLACEMENT_3D ( 'NONE', #2360, #2745, #2130 ) ;
#2120 = EDGE_CURVE ( 'NONE', #1610, #337, #1187, .T. ) ;
#2121 = DIRECTION ( 'NONE',  ( 1.000000000000000000, 0.000000000000000000, 0.000000000000000000 ) ) ;
#2122 = ORIENTED_EDGE ( 'NONE', *, *, #1252, .F. ) ;
#2123 = VECTOR ( 'NONE', #2729, 1000.000000000000000 ) ;
#2124 = ORIENTED_EDGE ( 'NONE', *, *, #1325, .F. ) ;
#2125 = DIRECTION ( 'NONE',  ( 0.000000000000000000, 1.000000000000000000, 2.168404344971010101E-16 ) ) ;
#2126 = DIRECTION ( 'NONE',  ( 1.000000000000000000, 0.000000000000000000, 0.000000000000000000 ) ) ;
#2127 = ADVANCED_FACE ( 'NONE', ( #621 ), #1484, .F. ) ;
#2128 = PLANE ( 'NONE',  #2181 ) ;
#2129 = COLOUR_RGB ( '',0.7921568627450980005, 0.8196078431372548767, 0.9333333333333333481 ) ;
#2130 = DIRECTION ( 'NONE',  ( 0.000000000000000000, 1.577021341797094849E-16, -1.000000000000000000 ) ) ;
#2131 = VECTOR ( 'NONE', #1086, 1000.000000000000000 ) ;
#2132 = ADVANCED_FACE ( 'NONE', ( #1270 ), #2128, .T. ) ;
#2133 = DIRECTION ( 'NONE',  ( 0.7071067811865475727, 0.000000000000000000, -0.7071067811865475727 ) ) ;
#2134 = CARTESIAN_POINT ( 'NONE',  ( -19.00000000000000000, 0.5000000000000000000, 4.500000000000000000 ) ) ;
#2135 = VECTOR ( 'NONE', #1122, 1000.000000000000000 ) ;
#2136 = AXIS2_PLACEMENT_3D ( 'NONE', #2572, #845, #2808 ) ;
#2137 = ORIENTED_EDGE ( 'NONE', *, *, #1432, .T. ) ;
#2138 = DIRECTION ( 'NONE',  ( 0.000000000000000000, 1.000000000000000000, 4.625929269271489858E-16 ) ) ;
#2139 = DIRECTION ( 'NONE',  ( 0.000000000000000000, 4.336808689942015271E-16, -1.000000000000000000 ) ) ;
#2140 = ORIENTED_EDGE ( 'NONE', *, *, #1252, .T. ) ;
#2141 = EDGE_CURVE ( 'NONE', #2559, #160, #373, .T. ) ;
#2142 = DIRECTION ( 'NONE',  ( 0.000000000000000000, 1.000000000000000000, 0.000000000000000000 ) ) ;
#2143 = CARTESIAN_POINT ( 'NONE',  ( 4.000000000000000000, 3.500000000000000000, 10.00000000000000000 ) ) ;
#2144 = CARTESIAN_POINT ( 'NONE',  ( 4.000000000000000000, -4.000000000000000000, 10.00000000000000000 ) ) ;
#2145 = DIRECTION ( 'NONE',  ( 0.000000000000000000, 0.000000000000000000, -1.000000000000000000 ) ) ;
#2146 = CARTESIAN_POINT ( 'NONE',  ( 4.000000000000000000, -4.000000000000000000, 10.00000000000000000 ) ) ;
#2147 = LINE ( 'NONE', #1936, #742 ) ;
#2148 = PLANE ( 'NONE',  #1594 ) ;
#2149 = ADVANCED_FACE ( 'NONE', ( #2707 ), #2118, .T. ) ;
#2150 = MANIFOLD_SOLID_BREP ( 'NONE', #2494 ) ;
#2151 = PLANE ( 'NONE',  #1910 ) ;
#2152 = ORIENTED_EDGE ( 'NONE', *, *, #2705, .T. ) ;
#2153 = CARTESIAN_POINT ( 'NONE',  ( -23.00000000000000000, -4.336808689942020103E-15, 10.00000000000000000 ) ) ;
#2154 = ORIENTED_EDGE ( 'NONE', *, *, #1586, .F. ) ;
#2155 = FACE_OUTER_BOUND ( 'NONE', #2652, .T. ) ;
#2156 = DIRECTION ( 'NONE',  ( 0.000000000000000000, 0.000000000000000000, -1.000000000000000000 ) ) ;
#2157 = CARTESIAN_POINT ( 'NONE',  ( 4.000000000000000000, 0.000000000000000000, 0.000000000000000000 ) ) ;
#2158 = VERTEX_POINT ( 'NONE', #178 ) ;
#2159 = CARTESIAN_POINT ( 'NONE',  ( -19.00000000000000000, 0.000000000000000000, -4.500000000000000000 ) ) ;
#2160 = CARTESIAN_POINT ( 'NONE',  ( -0.1000000000000030032, -4.000000000000000000, 4.500000000000000000 ) ) ;
#2161 = DIRECTION ( 'NONE',  ( 1.000000000000000000, 0.000000000000000000, 0.000000000000000000 ) ) ;
#2162 = CARTESIAN_POINT ( 'NONE',  ( -24.50000000000000000, 0.5000000000000000000, -4.500000000000000000 ) ) ;
#2163 = ORIENTED_EDGE ( 'NONE', *, *, #219, .T. ) ;
#2164 = ORIENTED_EDGE ( 'NONE', *, *, #2394, .F. ) ;
#2165 = DIRECTION ( 'NONE',  ( 0.000000000000000000, 3.154042683594195121E-16, -1.000000000000000000 ) ) ;
#2166 = CARTESIAN_POINT ( 'NONE',  ( -18.89999999999999858, 4.000000000000000000, -10.00000000000000000 ) ) ;
#2167 = AXIS2_PLACEMENT_3D ( 'NONE', #1948, #434, #2390 ) ;
#2168 = VERTEX_POINT ( 'NONE', #1023 ) ;
#2169 = CARTESIAN_POINT ( 'NONE',  ( -19.00000000000000000, -3.899999999999999911, 10.00000000000000000 ) ) ;
#2170 = LINE ( 'NONE', #2159, #1717 ) ;
#2171 = VECTOR ( 'NONE', #2344, 1000.000000000000000 ) ;
#2172 = LINE ( 'NONE', #189, #2496 ) ;
#2173 = CYLINDRICAL_SURFACE ( 'NONE', #505, 1.250000000000000222 ) ;
#2174 = VECTOR ( 'NONE', #2125, 1000.000000000000000 ) ;
#2175 = EDGE_CURVE ( 'NONE', #1549, #52, #2522, .T. ) ;
#2176 = VECTOR ( 'NONE', #230, 1000.000000000000000 ) ;
#2177 = ORIENTED_EDGE ( 'NONE', *, *, #250, .T. ) ;
#2178 = LINE ( 'NONE', #883, #831 ) ;
#2179 = VERTEX_POINT ( 'NONE', #582 ) ;
#2180 = APPLICATION_CONTEXT ( 'automotive_design' ) ;
#2181 = AXIS2_PLACEMENT_3D ( 'NONE', #1082, #1061, #1944 ) ;
#2182 = EDGE_LOOP ( 'NONE', ( #350, #1423, #2639, #263, #1557, #1157 ) ) ;
#2183 = EDGE_CURVE ( 'NONE', #1093, #1177, #560, .T. ) ;
#2184 = DIRECTION ( 'NONE',  ( -0.5773502691896190697, 0.5773502691896190697, -0.5773502691896390537 ) ) ;
#2185 = CARTESIAN_POINT ( 'NONE',  ( 0.000000000000000000, -4.000000000000000000, 10.00000000000000000 ) ) ;
#2186 = EDGE_LOOP ( 'NONE', ( #1508, #2292, #939, #567 ) ) ;
#2187 = DIRECTION ( 'NONE',  ( 0.000000000000000000, 1.000000000000000000, 0.000000000000000000 ) ) ;
#2188 = DIRECTION ( 'NONE',  ( 0.000000000000000000, 1.000000000000000000, 3.154042683594195121E-16 ) ) ;
#2189 = DIRECTION ( 'NONE',  ( 0.000000000000000000, 0.000000000000000000, 1.000000000000000000 ) ) ;
#2190 = ORIENTED_EDGE ( 'NONE', *, *, #1747, .T. ) ;
#2191 = LINE ( 'NONE', #867, #2135 ) ;
#2192 = ORIENTED_EDGE ( 'NONE', *, *, #2642, .T. ) ;
#2193 = VERTEX_POINT ( 'NONE', #2306 ) ;
#2194 = CARTESIAN_POINT ( 'NONE',  ( -19.00000000000000000, -3.899999999999999911, -4.599999999999999645 ) ) ;
#2195 = PLANE ( 'NONE',  #1768 ) ;
#2196 = EDGE_CURVE ( 'NONE', #1251, #2338, #1433, .T. ) ;
#2197 = VERTEX_POINT ( 'NONE', #2083 ) ;
#2198 = VERTEX_POINT ( 'NONE', #136 ) ;
#2199 = FACE_OUTER_BOUND ( 'NONE', #1163, .T. ) ;
#2200 = CARTESIAN_POINT ( 'NONE',  ( -19.00000000000000000, -3.899999999999999911, -10.00000000000000000 ) ) ;
#2201 = DIRECTION ( 'NONE',  ( 0.000000000000000000, 1.000000000000000000, 1.577021341797100025E-16 ) ) ;
#2202 = EDGE_CURVE ( 'NONE', #1179, #1829, #1445, .T. ) ;
#2203 = CARTESIAN_POINT ( 'NONE',  ( -19.00000000000000000, -4.000000000000000000, 4.500000000000000000 ) ) ;
#2204 = VERTEX_POINT ( 'NONE', #615 ) ;
#2205 = DIRECTION ( 'NONE',  ( 0.000000000000000000, 3.154042683594195121E-16, -1.000000000000000000 ) ) ;
#2206 = VERTEX_POINT ( 'NONE', #1873 ) ;
#2207 = VERTEX_POINT ( 'NONE', #2336 ) ;
#2208 = EDGE_CURVE ( 'NONE', #2664, #2436, #804, .T. ) ;
#2209 = DIRECTION ( 'NONE',  ( -0.000000000000000000, 1.000000000000000000, 0.000000000000000000 ) ) ;
#2210 = VERTEX_POINT ( 'NONE', #776 ) ;
#2211 = ORIENTED_EDGE ( 'NONE', *, *, #1841, .T. ) ;
#2212 = CARTESIAN_POINT ( 'NONE',  ( -1.533333333333334991, -5.433333333333330017, 3.066666666666669983 ) ) ;
#2213 = LINE ( 'NONE', #960, #2036 ) ;
#2214 = CARTESIAN_POINT ( 'NONE',  ( -23.00000000000000000, 0.000000000000000000, 4.500000000000000000 ) ) ;
#2215 = AXIS2_PLACEMENT_3D ( 'NONE', #2329, #376, #170 ) ;
#2216 = DIRECTION ( 'NONE',  ( 0.000000000000000000, 0.000000000000000000, 1.000000000000000000 ) ) ;
#2217 = CIRCLE ( 'NONE', #595, 1.249999999999999334 ) ;
#2218 = EDGE_CURVE ( 'NONE', #1013, #461, #1659, .T. ) ;
#2219 = VERTEX_POINT ( 'NONE', #2538 ) ;
#2220 = DIRECTION ( 'NONE',  ( 0.000000000000000000, 0.000000000000000000, 1.000000000000000000 ) ) ;
#2221 = AXIS2_PLACEMENT_3D ( 'NONE', #1663, #2525, #1876 ) ;
#2222 = ORIENTED_EDGE ( 'NONE', *, *, #1685, .T. ) ;
#2223 = VECTOR ( 'NONE', #1021, 1000.000000000000000 ) ;
#2224 = VECTOR ( 'NONE', #535, 1000.000000000000000 ) ;
#2225 = VERTEX_POINT ( 'NONE', #1884 ) ;
#2226 = VECTOR ( 'NONE', #1012, 1000.000000000000000 ) ;
#2227 = FACE_OUTER_BOUND ( 'NONE', #950, .T. ) ;
#2228 = VECTOR ( 'NONE', #1078, 1000.000000000000000 ) ;
#2229 = EDGE_CURVE ( 'NONE', #2672, #2604, #600, .T. ) ;
#2230 = VERTEX_POINT ( 'NONE', #1036 ) ;
#2231 = CARTESIAN_POINT ( 'NONE',  ( -19.00000000000000000, 3.899999999999999911, -10.00000000000000000 ) ) ;
#2232 = CARTESIAN_POINT ( 'NONE',  ( 4.000000000000000000, 0.5000000000000000000, -4.500000000000000000 ) ) ;
#2233 = LINE ( 'NONE', #292, #694 ) ;
#2234 = SURFACE_STYLE_USAGE ( .BOTH. , #85 ) ;
#2235 = VERTEX_POINT ( 'NONE', #1895 ) ;
#2236 = DIRECTION ( 'NONE',  ( 0.000000000000000000, 0.000000000000000000, -1.000000000000000000 ) ) ;
#2237 = EDGE_CURVE ( 'NONE', #2168, #2210, #341, .T. ) ;
#2238 = UNCERTAINTY_MEASURE_WITH_UNIT (LENGTH_MEASURE( 1.000000000000000082E-05 ), #2389, 'distance_accuracy_value', 'NONE');
#2239 = EDGE_CURVE ( 'NONE', #295, #384, #395, .T. ) ;
#2240 = VERTEX_POINT ( 'NONE', #580 ) ;
#2241 = LINE ( 'NONE', #1596, #1180 ) ;
#2242 = ORIENTED_EDGE ( 'NONE', *, *, #49, .F. ) ;
#2243 = EDGE_LOOP ( 'NONE', ( #1363, #1374, #1800, #1787 ) ) ;
#2244 = LINE ( 'NONE', #2231, #1052 ) ;
#2245 = PLANE ( 'NONE',  #264 ) ;
#2246 = DIRECTION ( 'NONE',  ( 0.000000000000000000, -1.000000000000000000, 0.000000000000000000 ) ) ;
#2247 = DIRECTION ( 'NONE',  ( -1.000000000000000000, 0.000000000000000000, 0.000000000000000000 ) ) ;
#2248 = EDGE_CURVE ( 'NONE', #1712, #968, #1460, .T. ) ;
#2249 = ORIENTED_EDGE ( 'NONE', *, *, #1307, .T. ) ;
#2250 = CARTESIAN_POINT ( 'NONE',  ( -14.50000000000000000, -2.000000000000000000, 7.500000000000000000 ) ) ;
#2251 = ORIENTED_EDGE ( 'NONE', *, *, #1395, .F. ) ;
#2252 = EDGE_CURVE ( 'NONE', #2625, #992, #1475, .T. ) ;
#2253 = ORIENTED_EDGE ( 'NONE', *, *, #2751, .T. ) ;
#2254 = EDGE_CURVE ( 'NONE', #1133, #80, #1248, .T. ) ;
#2255 = DIRECTION ( 'NONE',  ( 0.000000000000000000, 1.577021341797100025E-16, -1.000000000000000000 ) ) ;
#2256 = ORIENTED_EDGE ( 'NONE', *, *, #1551, .T. ) ;
#2257 = DIRECTION ( 'NONE',  ( 0.000000000000000000, 1.000000000000000000, 0.000000000000000000 ) ) ;
#2258 = DIRECTION ( 'NONE',  ( 0.5773502691896257311, -0.5773502691896058581, 0.5773502691896457151 ) ) ;
#2259 = FACE_OUTER_BOUND ( 'NONE', #562, .T. ) ;
#2260 = DIRECTION ( 'NONE',  ( 0.000000000000000000, 1.000000000000000000, 1.577021341797100025E-16 ) ) ;
#2261 = VECTOR ( 'NONE', #25, 1000.000000000000000 ) ;
#2262 = EDGE_LOOP ( 'NONE', ( #2163, #217, #1462, #1857 ) ) ;
#2263 = DIRECTION ( 'NONE',  ( -0.000000000000000000, 1.000000000000000000, 0.000000000000000000 ) ) ;
#2264 = VECTOR ( 'NONE', #1989, 1000.000000000000114 ) ;
#2265 = AXIS2_PLACEMENT_3D ( 'NONE', #487, #1358, #433 ) ;
#2266 = ORIENTED_EDGE ( 'NONE', *, *, #1755, .F. ) ;
#2267 = AXIS2_PLACEMENT_3D ( 'NONE', #864, #2133, #1258 ) ;
#2268 = DIRECTION ( 'NONE',  ( 0.000000000000000000, 4.625929269271489858E-16, -1.000000000000000000 ) ) ;
#2269 =( GEOMETRIC_REPRESENTATION_CONTEXT ( 3 ) GLOBAL_UNCERTAINTY_ASSIGNED_CONTEXT ( ( #1506 ) ) GLOBAL_UNIT_ASSIGNED_CONTEXT ( ( #993, #1842, #118 ) ) REPRESENTATION_CONTEXT ( 'NONE', 'WORKASPACE' ) );
#2270 = ORIENTED_EDGE ( 'NONE', *, *, #2468, .F. ) ;
#2271 = ADVANCED_FACE ( 'NONE', ( #2116 ), #2782, .T. ) ;
#2272 = ORIENTED_EDGE ( 'NONE', *, *, #2734, .F. ) ;
#2273 = CONICAL_SURFACE ( 'NONE', #284, 1.249999999999999334, 1.029744258676653645 ) ;
#2274 = CYLINDRICAL_SURFACE ( 'NONE', #132, 1.249999999999999334 ) ;
#2275 = PLANE ( 'NONE',  #953 ) ;
#2276 = DIRECTION ( 'NONE',  ( 0.5773502691896390537, -0.5773502691896190697, -0.5773502691896190697 ) ) ;
#2277 = LINE ( 'NONE', #1001, #1809 ) ;
#2278 = VERTEX_POINT ( 'NONE', #1108 ) ;
#2279 = CARTESIAN_POINT ( 'NONE',  ( -24.50000000000000000, -4.000000000000000000, -10.00000000000000000 ) ) ;
#2280 = ORIENTED_EDGE ( 'NONE', *, *, #1294, .T. ) ;
#2281 = CARTESIAN_POINT ( 'NONE',  ( -20.07110771620335044, 2.328892283796670348, 4.985088699051200223 ) ) ;
#2282 = VERTEX_POINT ( 'NONE', #2162 ) ;
#2283 = ORIENTED_EDGE ( 'NONE', *, *, #1497, .T. ) ;
#2284 = DIRECTION ( 'NONE',  ( 0.000000000000000000, 0.000000000000000000, -1.000000000000000000 ) ) ;
#2285 = CARTESIAN_POINT ( 'NONE',  ( -14.50000000000000000, 4.000000000000000000, 7.500000000000000000 ) ) ;
#2286 = DIRECTION ( 'NONE',  ( 0.000000000000000000, 0.000000000000000000, -1.000000000000000000 ) ) ;
#2287 = SURFACE_STYLE_USAGE ( .BOTH. , #1379 ) ;
#2288 = ADVANCED_FACE ( 'NONE', ( #1995 ), #2610, .F. ) ;
#2289 = ORIENTED_EDGE ( 'NONE', *, *, #1236, .T. ) ;
#2290 = CARTESIAN_POINT ( 'NONE',  ( -19.00000000000000000, 3.899999999999999911, -10.00000000000000000 ) ) ;
#2291 = ORIENTED_EDGE ( 'NONE', *, *, #2358, .F. ) ;
#2292 = ORIENTED_EDGE ( 'NONE', *, *, #2043, .F. ) ;
#2293 = EDGE_CURVE ( 'NONE', #925, #379, #2412, .T. ) ;
#2294 = FACE_OUTER_BOUND ( 'NONE', #2384, .T. ) ;
#2295 = DIRECTION ( 'NONE',  ( 0.000000000000000000, -1.577021341797094849E-16, 1.000000000000000000 ) ) ;
#2296 = CARTESIAN_POINT ( 'NONE',  ( 4.000000000000000000, 0.5000000000000000000, 4.500000000000000000 ) ) ;
#2297 = VERTEX_POINT ( 'NONE', #1321 ) ;
#2298 = CARTESIAN_POINT ( 'NONE',  ( -19.00000000000000000, 3.899999999999999911, -9.900000000000000355 ) ) ;
#2299 = ORIENTED_EDGE ( 'NONE', *, *, #936, .F. ) ;
#2300 = EDGE_CURVE ( 'NONE', #719, #52, #2178, .T. ) ;
#2301 = AXIS2_PLACEMENT_3D ( 'NONE', #1442, #2568, #2332 ) ;
#2302 = DIRECTION ( 'NONE',  ( 1.000000000000000000, 0.000000000000000000, 0.000000000000000000 ) ) ;
#2303 = VECTOR ( 'NONE', #111, 1000.000000000000000 ) ;
#2304 = EDGE_LOOP ( 'NONE', ( #1309, #715, #517, #442, #353 ) ) ;
#2305 = AXIS2_PLACEMENT_3D ( 'NONE', #463, #2004, #211 ) ;
#2306 = CARTESIAN_POINT ( 'NONE',  ( 4.000000000000000000, -4.000000000000000000, 4.500000000000000000 ) ) ;
#2307 = CARTESIAN_POINT ( 'NONE',  ( -4.500000000000000000, -2.000000000000000000, 8.750000000000000000 ) ) ;
#2308 = ORIENTED_EDGE ( 'NONE', *, *, #2237, .F. ) ;
#2309 = AXIS2_PLACEMENT_3D ( 'NONE', #1845, #1159, #2017 ) ;
#2310 = VECTOR ( 'NONE', #2074, 1000.000000000000000 ) ;
#2311 = CARTESIAN_POINT ( 'NONE',  ( -18.89999999999999858, -4.000000000000000000, 10.00000000000000000 ) ) ;
#2312 = DIRECTION ( 'NONE',  ( 0.000000000000000000, 1.000000000000000000, 0.000000000000000000 ) ) ;
#2313 = VECTOR ( 'NONE', #637, 1000.000000000000114 ) ;
#2314 = CARTESIAN_POINT ( 'NONE',  ( 1.300000000000000044, 2.600000000000000089, -8.599999999999999645 ) ) ;
#2315 = AXIS2_PLACEMENT_3D ( 'NONE', #2466, #2263, #938 ) ;
#2316 = CARTESIAN_POINT ( 'NONE',  ( -14.50000000000000000, -2.000000000000000000, 8.750000000000000000 ) ) ;
#2317 = CARTESIAN_POINT ( 'NONE',  ( 0.000000000000000000, -4.293440603042599925E-15, 9.900000000000000355 ) ) ;
#2318 = AXIS2_PLACEMENT_3D ( 'NONE', #1479, #2337, #396 ) ;
#2319 = DIRECTION ( 'NONE',  ( 0.000000000000000000, 1.445602896647339903E-16, -1.000000000000000000 ) ) ;
#2320 = EDGE_CURVE ( 'NONE', #2623, #242, #661, .T. ) ;
#2321 = VERTEX_POINT ( 'NONE', #2435 ) ;
#2322 = SURFACE_STYLE_USAGE ( .BOTH. , #1218 ) ;
#2323 = EDGE_CURVE ( 'NONE', #1984, #1381, #1937, .T. ) ;
#2324 = FACE_OUTER_BOUND ( 'NONE', #77, .T. ) ;
#2325 = ORIENTED_EDGE ( 'NONE', *, *, #1926, .F. ) ;
#2326 = PLANE ( 'NONE',  #2541 ) ;
#2327 = DIRECTION ( 'NONE',  ( 0.000000000000000000, 1.577021341797100025E-16, -1.000000000000000000 ) ) ;
#2328 = CARTESIAN_POINT ( 'NONE',  ( 0.000000000000000000, 0.5999999999999999778, 0.000000000000000000 ) ) ;
#2329 = CARTESIAN_POINT ( 'NONE',  ( -4.500000000000000000, -2.000000000000000000, 7.500000000000000000 ) ) ;
#2330 = LINE ( 'NONE', #390, #1327 ) ;
#2331 = CARTESIAN_POINT ( 'NONE',  ( 4.000000000000000000, 0.5000000000000000000, -4.500000000000000000 ) ) ;
#2332 = DIRECTION ( 'NONE',  ( 0.000000000000000000, 0.000000000000000000, 1.000000000000000000 ) ) ;
#2333 = ADVANCED_FACE ( 'NONE', ( #248 ), #1191, .F. ) ;
#2334 = EDGE_LOOP ( 'NONE', ( #1756, #1749, #2266, #695 ) ) ;
#2335 = EDGE_CURVE ( 'NONE', #501, #1972, #468, .T. ) ;
#2336 = CARTESIAN_POINT ( 'NONE',  ( -23.00000000000000000, -4.000000000000000000, 10.00000000000000000 ) ) ;
#2337 = DIRECTION ( 'NONE',  ( 0.000000000000000000, 1.000000000000000000, 0.000000000000000000 ) ) ;
#2338 = VERTEX_POINT ( 'NONE', #216 ) ;
#2339 = EDGE_CURVE ( 'NONE', #1736, #2117, #1306, .T. ) ;
#2340 = ORIENTED_EDGE ( 'NONE', *, *, #1048, .F. ) ;
#2341 = LINE ( 'NONE', #371, #1411 ) ;
#2342 = PLANE ( 'NONE',  #457 ) ;
#2343 = DIRECTION ( 'NONE',  ( 0.000000000000000000, -0.7071067811865445751, 0.7071067811865504593 ) ) ;
#2344 = DIRECTION ( 'NONE',  ( 0.000000000000000000, 0.000000000000000000, -1.000000000000000000 ) ) ;
#2345 = LINE ( 'NONE', #2820, #1597 ) ;
#2346 = DIRECTION ( 'NONE',  ( 0.7071067811865470176, -0.7071067811865480168, -1.022195611122250535E-16 ) ) ;
#2347 = LINE ( 'NONE', #812, #1279 ) ;
#2348 = EDGE_LOOP ( 'NONE', ( #1493, #1312, #988, #1216 ) ) ;
#2349 = EDGE_CURVE ( 'NONE', #1184, #1981, #48, .T. ) ;
#2350 = VECTOR ( 'NONE', #534, 1000.000000000000000 ) ;
#2351 = FACE_OUTER_BOUND ( 'NONE', #482, .T. ) ;
#2352 = ORIENTED_EDGE ( 'NONE', *, *, #277, .T. ) ;
#2353 = AXIS2_PLACEMENT_3D ( 'NONE', #1346, #53, #888 ) ;
#2354 = VERTEX_POINT ( 'NONE', #16 ) ;
#2355 = LINE ( 'NONE', #1286, #1903 ) ;
#2356 = FACE_OUTER_BOUND ( 'NONE', #1192, .T. ) ;
#2357 = VECTOR ( 'NONE', #1387, 1000.000000000000000 ) ;
#2358 = EDGE_CURVE ( 'NONE', #2354, #1027, #894, .T. ) ;
#2359 = AXIS2_PLACEMENT_3D ( 'NONE', #700, #1561, #478 ) ;
#2360 = CARTESIAN_POINT ( 'NONE',  ( 0.000000000000000000, 3.899999999999999911, 6.150383233008670107E-16 ) ) ;
#2361 = VECTOR ( 'NONE', #1560, 1000.000000000000000 ) ;
#2362 = CARTESIAN_POINT ( 'NONE',  ( -19.00000000000000000, -4.000000000000000000, -4.500000000000000000 ) ) ;
#2363 = CARTESIAN_POINT ( 'NONE',  ( 0.000000000000000000, -3.899999999999999911, 9.900000000000000355 ) ) ;
#2364 = LINE ( 'NONE', #1265, #2727 ) ;
#2365 = VECTOR ( 'NONE', #30, 1000.000000000000000 ) ;
#2366 = LINE ( 'NONE', #173, #1859 ) ;
#2367 = AXIS2_PLACEMENT_3D ( 'NONE', #1657, #2746, #1667 ) ;
#2368 = ORIENTED_EDGE ( 'NONE', *, *, #471, .F. ) ;
#2369 = CARTESIAN_POINT ( 'NONE',  ( 4.000000000000000000, -4.000000000000000000, -10.00000000000000000 ) ) ;
#2370 = FACE_OUTER_BOUND ( 'NONE', #1563, .T. ) ;
#2371 = ORIENTED_EDGE ( 'NONE', *, *, #1755, .T. ) ;
#2372 = CARTESIAN_POINT ( 'NONE',  ( -19.00000000000000000, 4.000000000000000000, 9.900000000000000355 ) ) ;
#2373 = CARTESIAN_POINT ( 'NONE',  ( 5.500000000000000000, 3.500000000000000000, -10.00000000000000000 ) ) ;
#2374 = DIRECTION ( 'NONE',  ( -0.000000000000000000, 1.000000000000000000, 0.000000000000000000 ) ) ;
#2375 = VERTEX_POINT ( 'NONE', #2640 ) ;
#2376 = EDGE_CURVE ( 'NONE', #1179, #800, #2622, .T. ) ;
#2377 = DIRECTION ( 'NONE',  ( 0.000000000000000000, -1.000000000000000000, -2.168404344971010101E-16 ) ) ;
#2378 = DIRECTION ( 'NONE',  ( 0.000000000000000000, -1.000000000000000000, 0.000000000000000000 ) ) ;
#2379 = FACE_OUTER_BOUND ( 'NONE', #1394, .T. ) ;
#2380 = CARTESIAN_POINT ( 'NONE',  ( -24.50000000000000000, -4.000000000000000000, 10.00000000000000000 ) ) ;
#2381 = EDGE_CURVE ( 'NONE', #337, #2388, #2804, .T. ) ;
#2382 = DIRECTION ( 'NONE',  ( 0.000000000000000000, 0.000000000000000000, 1.000000000000000000 ) ) ;
#2383 = ORIENTED_EDGE ( 'NONE', *, *, #1492, .F. ) ;
#2384 = EDGE_LOOP ( 'NONE', ( #2702, #1195, #47, #17, #981 ) ) ;
#2385 = CARTESIAN_POINT ( 'NONE',  ( 0.000000000000000000, -3.899999999999999911, -1.230076646601735993E-15 ) ) ;
#2386 = LINE ( 'NONE', #1101, #2040 ) ;
#2387 = EDGE_CURVE ( 'NONE', #1281, #1792, #1134, .T. ) ;
#2388 = VERTEX_POINT ( 'NONE', #480 ) ;
#2389 =( LENGTH_UNIT ( ) NAMED_UNIT ( * ) SI_UNIT ( .MILLI., .METRE. ) );
#2390 = DIRECTION ( 'NONE',  ( 0.000000000000000000, 1.577021341797094849E-16, -1.000000000000000000 ) ) ;
#2391 = FACE_OUTER_BOUND ( 'NONE', #1418, .T. ) ;
#2392 = ORIENTED_EDGE ( 'NONE', *, *, #1132, .F. ) ;
#2393 = CARTESIAN_POINT ( 'NONE',  ( -19.00000000000000000, -4.000000000000000000, -10.00000000000000000 ) ) ;
#2394 = EDGE_CURVE ( 'NONE', #2809, #2027, #2191, .T. ) ;
#2395 = ORIENTED_EDGE ( 'NONE', *, *, #241, .F. ) ;
#2396 = ORIENTED_EDGE ( 'NONE', *, *, #1841, .F. ) ;
#2398 = VECTOR ( 'NONE', #1060, 1000.000000000000114 ) ;
#2397 = CYLINDRICAL_SURFACE ( 'NONE', #272, 1.250000000000000222 ) ;
#2399 = CARTESIAN_POINT ( 'NONE',  ( -1.333333333333302173, 2.666666666666694940, 11.23333333333333961 ) ) ;
#2400 = AXIS2_PLACEMENT_3D ( 'NONE', #751, #265, #2026 ) ;
#2401 = ORIENTED_EDGE ( 'NONE', *, *, #2183, .F. ) ;
#2402 = LINE ( 'NONE', #2801, #359 ) ;
#2403 = VECTOR ( 'NONE', #2062, 1000.000000000000227 ) ;
#2404 = EDGE_CURVE ( 'NONE', #2375, #2282, #926, .T. ) ;
#2405 = LINE ( 'NONE', #1991, #2361 ) ;
#2406 = DIRECTION ( 'NONE',  ( 0.000000000000000000, 0.000000000000000000, 1.000000000000000000 ) ) ;
#2407 = VECTOR ( 'NONE', #156, 1000.000000000000227 ) ;
#2408 = AXIS2_PLACEMENT_3D ( 'NONE', #1601, #2188, #1765 ) ;
#2409 = ORIENTED_EDGE ( 'NONE', *, *, #542, .F. ) ;
#2410 = CARTESIAN_POINT ( 'NONE',  ( -18.89999999999999858, 3.500000000000000000, -4.500000000000000000 ) ) ;
#2411 = VERTEX_POINT ( 'NONE', #1577 ) ;
#2412 = CIRCLE ( 'NONE', #1235, 1.249999999999999334 ) ;
#2413 = ADVANCED_FACE ( 'NONE', ( #1295 ), #2151, .T. ) ;
#2414 = ORIENTED_EDGE ( 'NONE', *, *, #471, .T. ) ;
#2415 = CARTESIAN_POINT ( 'NONE',  ( 4.000000000000000000, 3.500000000000000000, 10.00000000000000000 ) ) ;
#2416 = EDGE_CURVE ( 'NONE', #2375, #2158, #105, .T. ) ;
#2417 = CARTESIAN_POINT ( 'NONE',  ( -19.00000000000000000, -4.000000000000000000, 4.500000000000000000 ) ) ;
#2418 = EDGE_LOOP ( 'NONE', ( #2465, #2478, #2308, #2270 ) ) ;
#2419 = CARTESIAN_POINT ( 'NONE',  ( -19.00000000000000000, 3.899999999999999911, 9.900000000000000355 ) ) ;
#2420 = DIRECTION ( 'NONE',  ( -0.5773502691896270633, -0.5773502691896280625, -0.5773502691896220673 ) ) ;
#2421 = VERTEX_POINT ( 'NONE', #980 ) ;
#2422 = CARTESIAN_POINT ( 'NONE',  ( -4.500000000000000000, 4.000000000000000000, -8.750000000000000000 ) ) ;
#2423 = ORIENTED_EDGE ( 'NONE', *, *, #429, .F. ) ;
#2424 = EDGE_CURVE ( 'NONE', #603, #2558, #696, .T. ) ;
#2425 = ORIENTED_EDGE ( 'NONE', *, *, #2065, .T. ) ;
#2426 = EDGE_CURVE ( 'NONE', #1744, #2297, #1799, .T. ) ;
#2427 = CARTESIAN_POINT ( 'NONE',  ( -19.00000000000000000, 3.500000000000000000, 0.000000000000000000 ) ) ;
#2428 = DIRECTION ( 'NONE',  ( -1.000000000000000000, 0.000000000000000000, 0.000000000000000000 ) ) ;
#2429 = ADVANCED_FACE ( 'NONE', ( #2010 ), #2724, .F. ) ;
#2430 = ORIENTED_EDGE ( 'NONE', *, *, #928, .F. ) ;
#2431 = LINE ( 'NONE', #712, #84 ) ;
#2432 = CARTESIAN_POINT ( 'NONE',  ( -19.00000000000000000, -3.899999999999999911, 0.000000000000000000 ) ) ;
#2433 = CARTESIAN_POINT ( 'NONE',  ( 4.000000000000000000, 3.500000000000000000, -10.00000000000000000 ) ) ;
#2434 = EDGE_LOOP ( 'NONE', ( #1239, #2599, #1404, #1662, #1820, #732 ) ) ;
#2435 = CARTESIAN_POINT ( 'NONE',  ( -19.00000000000000000, 0.5000000000000000000, -4.500000000000000000 ) ) ;
#2436 = VERTEX_POINT ( 'NONE', #2680 ) ;
#2437 = EDGE_CURVE ( 'NONE', #570, #481, #949, .T. ) ;
#2438 = ORIENTED_EDGE ( 'NONE', *, *, #109, .F. ) ;
#2439 = CARTESIAN_POINT ( 'NONE',  ( -24.50000000000000000, -4.000000000000000000, 4.500000000000000000 ) ) ;
#2440 = ORIENTED_EDGE ( 'NONE', *, *, #1090, .F. ) ;
#2441 = VECTOR ( 'NONE', #842, 1000.000000000000000 ) ;
#2442 = ORIENTED_EDGE ( 'NONE', *, *, #991, .T. ) ;
#2443 = FACE_OUTER_BOUND ( 'NONE', #2659, .T. ) ;
#2444 = CARTESIAN_POINT ( 'NONE',  ( -24.50000000000000000, 0.5000000000000000000, -4.500000000000000000 ) ) ;
#2445 = EDGE_CURVE ( 'NONE', #1549, #833, #2479, .T. ) ;
#2446 = CARTESIAN_POINT ( 'NONE',  ( -18.89999999999999858, -4.000000000000000000, 4.500000000000000000 ) ) ;
#2447 = PRESENTATION_LAYER_ASSIGNMENT (  '', '', ( #589 ) ) ;
#2448 = AXIS2_PLACEMENT_3D ( 'NONE', #516, #2268, #2428 ) ;
#2449 = ORIENTED_EDGE ( 'NONE', *, *, #1772, .F. ) ;
#2450 = FACE_OUTER_BOUND ( 'NONE', #2555, .T. ) ;
#2451 = VECTOR ( 'NONE', #1413, 1000.000000000000000 ) ;
#2452 = ORIENTED_EDGE ( 'NONE', *, *, #1551, .F. ) ;
#2453 = VECTOR ( 'NONE', #522, 1000.000000000000000 ) ;
#2454 = ORIENTED_EDGE ( 'NONE', *, *, #2437, .F. ) ;
#2455 = VECTOR ( 'NONE', #2703, 1000.000000000000000 ) ;
#2456 = CARTESIAN_POINT ( 'NONE',  ( -24.50000000000000000, -4.000000000000000000, 10.00000000000000000 ) ) ;
#2457 = AXIS2_PLACEMENT_3D ( 'NONE', #2520, #593, #1455 ) ;
#2458 = ORIENTED_EDGE ( 'NONE', *, *, #2516, .F. ) ;
#2459 = EDGE_LOOP ( 'NONE', ( #2688, #1994, #2069, #408 ) ) ;
#2460 = ADVANCED_FACE ( 'NONE', ( #2038 ), #1840, .F. ) ;
#2461 = DIRECTION ( 'NONE',  ( -0.5773502691896250649, 0.5773502691896241767, 0.5773502691896281735 ) ) ;
#2462 = DIRECTION ( 'NONE',  ( -0.7071067811865481278, 0.4999999999999998890, -0.4999999999999992228 ) ) ;
#2463 = LINE ( 'NONE', #506, #599 ) ;
#2464 = CARTESIAN_POINT ( 'NONE',  ( 4.000000000000000000, -4.000000000000000000, 4.500000000000000000 ) ) ;
#2465 = ORIENTED_EDGE ( 'NONE', *, *, #2208, .T. ) ;
#2466 = CARTESIAN_POINT ( 'NONE',  ( 5.500000000000000000, 0.5000000000000000000, 4.500000000000000000 ) ) ;
#2467 = ORIENTED_EDGE ( 'NONE', *, *, #1510, .F. ) ;
#2468 = EDGE_CURVE ( 'NONE', #2664, #2168, #2665, .T. ) ;
#2469 = EDGE_LOOP ( 'NONE', ( #1929, #1893, #1194, #2190 ) ) ;
#2470 = CARTESIAN_POINT ( 'NONE',  ( 0.000000000000000000, 3.899999999999999911, -5.041421356237310469 ) ) ;
#2471 = VERTEX_POINT ( 'NONE', #89 ) ;
#2472 = VERTEX_POINT ( 'NONE', #2058 ) ;
#2473 = CARTESIAN_POINT ( 'NONE',  ( -18.89999999999999858, 3.899999999999999911, -10.00000000000000000 ) ) ;
#2474 = DIRECTION ( 'NONE',  ( 0.000000000000000000, -1.000000000000000000, 0.000000000000000000 ) ) ;
#2475 = DIRECTION ( 'NONE',  ( 0.000000000000000000, -2.168404344971010101E-16, 1.000000000000000000 ) ) ;
#2476 = PRODUCT_DEFINITION ( 'UNKNOWN', '', #2779, #773 ) ;
#2477 = CARTESIAN_POINT ( 'NONE',  ( 4.000000000000000000, 0.5000000000000000000, -4.500000000000000000 ) ) ;
#2478 = ORIENTED_EDGE ( 'NONE', *, *, #990, .F. ) ;
#2479 = LINE ( 'NONE', #989, #2546 ) ;
#2480 = ADVANCED_FACE ( 'NONE', ( #309 ), #747, .F. ) ;
#2481 = DIRECTION ( 'NONE',  ( 0.000000000000000000, 0.000000000000000000, 1.000000000000000000 ) ) ;
#2482 = ORIENTED_EDGE ( 'NONE', *, *, #941, .T. ) ;
#2483 = DIRECTION ( 'NONE',  ( 0.7071067811865480168, 0.7071067811865470176, 1.115122484860636835E-16 ) ) ;
#2484 = ORIENTED_EDGE ( 'NONE', *, *, #874, .T. ) ;
#2485 = DIRECTION ( 'NONE',  ( 0.000000000000000000, 3.154042683594195121E-16, -1.000000000000000000 ) ) ;
#2486 = LINE ( 'NONE', #2018, #1945 ) ;
#2487 = PLANE ( 'NONE',  #1684 ) ;
#2488 = SURFACE_SIDE_STYLE ('',( #86 ) ) ;
#2489 = AXIS2_PLACEMENT_3D ( 'NONE', #2146, #1720, #40 ) ;
#2490 = ORIENTED_EDGE ( 'NONE', *, *, #2426, .T. ) ;
#2491 = CARTESIAN_POINT ( 'NONE',  ( -24.50000000000000000, -4.000000000000000000, -4.500000000000000000 ) ) ;
#2492 = VECTOR ( 'NONE', #240, 1000.000000000000000 ) ;
#2493 = VECTOR ( 'NONE', #563, 1000.000000000000000 ) ;
#2494 = CLOSED_SHELL ( 'NONE', ( #440, #627, #2553, #1119, #731, #1380, #2704, #2480, #1713, #843, #1030, #672, #1628, #329, #1631, #526, #298, #1734, #381, #340, #1339, #791, #421, #1129, #1077, #1438, #188, #1530, #2803, #1263, #2333, #1289, #1543, #768, #2429, #2060, #1461, #665, #744, #1271, #204, #955, #2692, #596, #2271, #2149, #2738, #2132, #970, #2714, #1075, #2054, #1226, #1562, #1471, #20, #116 ) ) ;
#2495 = EDGE_LOOP ( 'NONE', ( #2280, #2753, #1115, #2100, #2573, #2536, #546, #618, #2152, #685, #1622, #1431 ) ) ;
#2496 = VECTOR ( 'NONE', #1063, 1000.000000000000000 ) ;
#2497 = EDGE_CURVE ( 'NONE', #1296, #495, #1830, .T. ) ;
#2498 = VECTOR ( 'NONE', #792, 1000.000000000000000 ) ;
#2499 = ORIENTED_EDGE ( 'NONE', *, *, #874, .F. ) ;
#2500 = ADVANCED_FACE ( 'NONE', ( #2450 ), #72, .F. ) ;
#2501 = ORIENTED_EDGE ( 'NONE', *, *, #277, .F. ) ;
#2502 = VECTOR ( 'NONE', #2105, 1000.000000000000000 ) ;
#2503 = CARTESIAN_POINT ( 'NONE',  ( 0.000000000000000000, -4.000000000000000000, -10.00000000000000000 ) ) ;
#2504 = PLANE ( 'NONE',  #824 ) ;
#2505 = CARTESIAN_POINT ( 'NONE',  ( -19.00000000000000000, 4.000000000000000000, -5.000000000000000000 ) ) ;
#2506 = LINE ( 'NONE', #2677, #2310 ) ;
#2507 = EDGE_LOOP ( 'NONE', ( #1150, #1111 ) ) ;
#2508 = DIRECTION ( 'NONE',  ( 0.5773502691896267303, 0.5773502691896278405, 0.5773502691896227335 ) ) ;
#2509 = VERTEX_POINT ( 'NONE', #1204 ) ;
#2510 = EDGE_CURVE ( 'NONE', #1886, #2509, #338, .T. ) ;
#2511 = FILL_AREA_STYLE ('',( #1206 ) ) ;
#2512 = VERTEX_POINT ( 'NONE', #512 ) ;
#2513 = CYLINDRICAL_SURFACE ( 'NONE', #1369, 1.250000000000000222 ) ;
#2514 = DIRECTION ( 'NONE',  ( 0.7071067811865480168, -0.7071067811865470176, -1.115122484860636835E-16 ) ) ;
#2515 = LINE ( 'NONE', #2053, #1456 ) ;
#2516 = EDGE_CURVE ( 'NONE', #2681, #2179, #525, .T. ) ;
#2517 = DIRECTION ( 'NONE',  ( 0.000000000000000000, 0.000000000000000000, 1.000000000000000000 ) ) ;
#2518 = DIRECTION ( 'NONE',  ( 1.000000000000000000, 0.000000000000000000, 0.000000000000000000 ) ) ;
#2519 = ORIENTED_EDGE ( 'NONE', *, *, #2339, .T. ) ;
#2520 = CARTESIAN_POINT ( 'NONE',  ( -4.500000000000000000, 4.000000000000000000, 7.500000000000000000 ) ) ;
#2521 = ORIENTED_EDGE ( 'NONE', *, *, #537, .F. ) ;
#2522 = LINE ( 'NONE', #1856, #2090 ) ;
#2523 =( NAMED_UNIT ( * ) PLANE_ANGLE_UNIT ( ) SI_UNIT ( $, .RADIAN. ) );
#2524 = EDGE_LOOP ( 'NONE', ( #2615, #2383, #513, #1338 ) ) ;
#2525 = DIRECTION ( 'NONE',  ( 0.7071067811865350272, 0.7071067811865600072, 0.000000000000000000 ) ) ;
#2526 = CARTESIAN_POINT ( 'NONE',  ( -19.00000000000000000, 2.168404344971010051E-15, -10.00000000000000000 ) ) ;
#2527 = CARTESIAN_POINT ( 'NONE',  ( 5.500000000000000000, 3.500000000000000000, -10.00000000000000000 ) ) ;
#2528 = CARTESIAN_POINT ( 'NONE',  ( -19.00000000000000000, 0.5000000000000000000, 0.000000000000000000 ) ) ;
#2529 = EDGE_CURVE ( 'NONE', #165, #2472, #1382, .T. ) ;
#2530 = CARTESIAN_POINT ( 'NONE',  ( -14.50000000000000000, 4.000000000000000000, 7.500000000000000000 ) ) ;
#2531 = DIRECTION ( 'NONE',  ( 0.000000000000000000, -1.000000000000000000, 0.000000000000000000 ) ) ;
#2532 = CARTESIAN_POINT ( 'NONE',  ( -19.00000000000000000, 0.000000000000000000, -4.599999999999999645 ) ) ;
#2533 = DIRECTION ( 'NONE',  ( 1.000000000000000000, 0.000000000000000000, 0.000000000000000000 ) ) ;
#2534 = CLOSED_SHELL ( 'NONE', ( #312, #2078, #809, #1162, #1004, #1964, #2620, #2500, #450, #455 ) ) ;
#2535 = AXIS2_PLACEMENT_3D ( 'NONE', #2063, #1795, #2052 ) ;
#2536 = ORIENTED_EDGE ( 'NONE', *, *, #2043, .T. ) ;
#2537 = VECTOR ( 'NONE', #1705, 1000.000000000000000 ) ;
#2538 = CARTESIAN_POINT ( 'NONE',  ( 0.000000000000000000, 3.899999999999999911, 9.900000000000000355 ) ) ;
#2539 = DIRECTION ( 'NONE',  ( 0.000000000000000000, 0.5150380749100557098, 0.8571673007021114454 ) ) ;
#2540 = ORIENTED_EDGE ( 'NONE', *, *, #2376, .T. ) ;
#2541 = AXIS2_PLACEMENT_3D ( 'NONE', #2311, #1059, #816 ) ;
#2542 = CARTESIAN_POINT ( 'NONE',  ( 0.000000000000000000, -3.899999999999999911, 4.500000000000000000 ) ) ;
#2543 = PLANE ( 'NONE',  #1634 ) ;
#2544 = VECTOR ( 'NONE', #2701, 1000.000000000000000 ) ;
#2545 = ADVANCED_FACE ( 'NONE', ( #115 ), #760, .F. ) ;
#2546 = VECTOR ( 'NONE', #281, 1000.000000000000000 ) ;
#2547 = CARTESIAN_POINT ( 'NONE',  ( 0.000000000000000000, 0.000000000000000000, 0.000000000000000000 ) ) ;
#2548 = CARTESIAN_POINT ( 'NONE',  ( 0.000000000000000000, 3.429289321881344943, -4.570710678118650172 ) ) ;
#2549 = DIRECTION ( 'NONE',  ( -0.000000000000000000, 0.7071067811865475727, 0.7071067811865475727 ) ) ;
#2550 = DIRECTION ( 'NONE',  ( 0.000000000000000000, -1.000000000000000000, 0.000000000000000000 ) ) ;
#2551 = VECTOR ( 'NONE', #1892, 1000.000000000000000 ) ;
#2552 = PLANE ( 'NONE',  #1914 ) ;
#2553 = ADVANCED_FACE ( 'NONE', ( #325 ), #1164, .F. ) ;
#2554 = EDGE_CURVE ( 'NONE', #1296, #2375, #1245, .T. ) ;
#2555 = EDGE_LOOP ( 'NONE', ( #1237, #6, #1571, #667 ) ) ;
#2556 = DIRECTION ( 'NONE',  ( -0.6785983445458478869, -0.6785983445458458885, 0.2810846377148209507 ) ) ;
#2557 = DIRECTION ( 'NONE',  ( 0.000000000000000000, 0.000000000000000000, 1.000000000000000000 ) ) ;
#2558 = VERTEX_POINT ( 'NONE', #1050 ) ;
#2559 = VERTEX_POINT ( 'NONE', #1683 ) ;
#2560 = LINE ( 'NONE', #796, #1002 ) ;
#2561 = DIRECTION ( 'NONE',  ( 0.000000000000000000, -1.445602896647339903E-16, 1.000000000000000000 ) ) ;
#2562 = LINE ( 'NONE', #1902, #2088 ) ;
#2563 = LINE ( 'NONE', #1706, #1044 ) ;
#2564 = CARTESIAN_POINT ( 'NONE',  ( -0.1000000000000030032, 0.5000000000000000000, -4.500000000000000000 ) ) ;
#2565 = EDGE_CURVE ( 'NONE', #789, #2582, #349, .T. ) ;
#2566 = DIRECTION ( 'NONE',  ( 0.000000000000000000, 1.577021341797094849E-16, -1.000000000000000000 ) ) ;
#2567 = CARTESIAN_POINT ( 'NONE',  ( -18.89999999999999858, -4.000000000000000000, -4.500000000000000000 ) ) ;
#2568 = DIRECTION ( 'NONE',  ( 0.000000000000000000, 1.000000000000000000, 0.000000000000000000 ) ) ;
#2569 = CARTESIAN_POINT ( 'NONE',  ( -19.00000000000000000, 0.5000000000000000000, -4.500000000000000000 ) ) ;
#2570 = ORIENTED_EDGE ( 'NONE', *, *, #2656, .T. ) ;
#2571 = EDGE_CURVE ( 'NONE', #2094, #384, #1924, .T. ) ;
#2572 = CARTESIAN_POINT ( 'NONE',  ( -19.00000000000000000, 4.000000000000000000, -10.00000000000000000 ) ) ;
#2573 = ORIENTED_EDGE ( 'NONE', *, *, #990, .T. ) ;
#2574 = LINE ( 'NONE', #997, #460 ) ;
#2575 = LINE ( 'NONE', #886, #1408 ) ;
#2576 = CARTESIAN_POINT ( 'NONE',  ( 5.500000000000000000, 3.500000000000000000, -10.00000000000000000 ) ) ;
#2577 = CARTESIAN_POINT ( 'NONE',  ( 0.000000000000000000, 0.5999999999999999778, -4.500000000000000000 ) ) ;
#2578 = DIRECTION ( 'NONE',  ( 0.000000000000000000, 1.000000000000000000, 0.000000000000000000 ) ) ;
#2579 = CARTESIAN_POINT ( 'NONE',  ( 1.071107716203355986, 2.328892283796645035, -4.985088699051210881 ) ) ;
#2580 = FACE_OUTER_BOUND ( 'NONE', #1670, .T. ) ;
#2581 = UNCERTAINTY_MEASURE_WITH_UNIT (LENGTH_MEASURE( 1.000000000000000082E-05 ), #2035, 'distance_accuracy_value', 'NONE');
#2582 = VERTEX_POINT ( 'NONE', #1488 ) ;
#2583 = VECTOR ( 'NONE', #126, 1000.000000000000227 ) ;
#2584 = CIRCLE ( 'NONE', #778, 1.250000000000000222 ) ;
#2585 = VERTEX_POINT ( 'NONE', #1870 ) ;
#2586 = EDGE_CURVE ( 'NONE', #1523, #1608, #1214, .T. ) ;
#2587 = DIRECTION ( 'NONE',  ( 0.000000000000000000, -1.000000000000000000, -2.312964634635744929E-16 ) ) ;
#2588 = DIRECTION ( 'NONE',  ( 0.7071067811865361374, 0.7071067811865590080, 2.230244969721309662E-16 ) ) ;
#2589 = AXIS2_PLACEMENT_3D ( 'NONE', #1234, #159, #392 ) ;
#2590 = DIRECTION ( 'NONE',  ( -0.000000000000000000, 1.000000000000000000, 0.000000000000000000 ) ) ;
#2591 = AXIS2_PLACEMENT_3D ( 'NONE', #1224, #2730, #575 ) ;
#2592 = CARTESIAN_POINT ( 'NONE',  ( -0.1000000000000000056, 3.500000000000000000, 4.500000000000000000 ) ) ;
#2593 = DIRECTION ( 'NONE',  ( 1.000000000000000000, 0.000000000000000000, 0.000000000000000000 ) ) ;
#2594 = LINE ( 'NONE', #1739, #1053 ) ;
#2595 = VECTOR ( 'NONE', #729, 1000.000000000000000 ) ;
#2596 = LINE ( 'NONE', #1293, #273 ) ;
#2597 = DIRECTION ( 'NONE',  ( 0.000000000000000000, 0.000000000000000000, 1.000000000000000000 ) ) ;
#2598 = PRODUCT_DEFINITION_SHAPE ( 'NONE', 'NONE',  #2476 ) ;
#2599 = ORIENTED_EDGE ( 'NONE', *, *, #1906, .T. ) ;
#2600 = ADVANCED_FACE ( 'NONE', ( #2790 ), #361, .F. ) ;
#2601 = ORIENTED_EDGE ( 'NONE', *, *, #377, .T. ) ;
#2602 = CARTESIAN_POINT ( 'NONE',  ( 0.000000000000000000, 3.399999999999999911, 4.915049848600949161E-16 ) ) ;
#2603 = LINE ( 'NONE', #2143, #1367 ) ;
#2604 = VERTEX_POINT ( 'NONE', #2298 ) ;
#2605 = FACE_OUTER_BOUND ( 'NONE', #479, .T. ) ;
#2606 = CARTESIAN_POINT ( 'NONE',  ( -24.50000000000000000, 0.5000000000000000000, -4.500000000000000000 ) ) ;
#2607 = EDGE_CURVE ( 'NONE', #2278, #2411, #801, .T. ) ;
#2608 = LINE ( 'NONE', #1682, #415 ) ;
#2609 = CARTESIAN_POINT ( 'NONE',  ( -23.00000000000000000, 0.000000000000000000, -4.500000000000000000 ) ) ;
#2610 = PLANE ( 'NONE',  #788 ) ;
#2611 = EDGE_LOOP ( 'NONE', ( #138, #937, #1956, #642 ) ) ;
#2612 = ORIENTED_EDGE ( 'NONE', *, *, #537, .T. ) ;
#2613 = LINE ( 'NONE', #2372, #1415 ) ;
#2614 = LINE ( 'NONE', #849, #2537 ) ;
#2615 = ORIENTED_EDGE ( 'NONE', *, *, #718, .T. ) ;
#2616 = DIRECTION ( 'NONE',  ( 0.000000000000000000, 3.154042683594195121E-16, -1.000000000000000000 ) ) ;
#2617 = PLANE ( 'NONE',  #496 ) ;
#2618 = CARTESIAN_POINT ( 'NONE',  ( 4.000000000000000000, 0.000000000000000000, 0.000000000000000000 ) ) ;
#2619 = CARTESIAN_POINT ( 'NONE',  ( 4.000000000000000000, 0.5000000000000000000, -4.500000000000000000 ) ) ;
#2620 = ADVANCED_FACE ( 'NONE', ( #190 ), #2780, .F. ) ;
#2621 = EDGE_LOOP ( 'NONE', ( #2783, #2013, #2647, #71 ) ) ;
#2622 = LINE ( 'NONE', #702, #327 ) ;
#2623 = VERTEX_POINT ( 'NONE', #1696 ) ;
#2624 = EDGE_CURVE ( 'NONE', #2338, #302, #568, .T. ) ;
#2625 = VERTEX_POINT ( 'NONE', #625 ) ;
#2627 = VECTOR ( 'NONE', #609, 1000.000000000000000 ) ;
#2626 = DIRECTION ( 'NONE',  ( 0.5773502691896117422, -0.5773502691896307271, -0.5773502691896347239 ) ) ;
#2628 = LINE ( 'NONE', #2813, #87 ) ;
#2629 = VECTOR ( 'NONE', #1716, 1000.000000000000000 ) ;
#2630 = ORIENTED_EDGE ( 'NONE', *, *, #668, .F. ) ;
#2631 = DIRECTION ( 'NONE',  ( 0.000000000000000000, 0.000000000000000000, 1.000000000000000000 ) ) ;
#2632 = DIRECTION ( 'NONE',  ( -1.000000000000000000, 0.000000000000000000, 0.000000000000000000 ) ) ;
#2633 = VECTOR ( 'NONE', #1482, 1000.000000000000114 ) ;
#2634 = CARTESIAN_POINT ( 'NONE',  ( -19.00000000000000000, -4.000000000000000000, -1.261617073437679823E-15 ) ) ;
#2635 = EDGE_CURVE ( 'NONE', #1606, #2672, #407, .T. ) ;
#2636 = CARTESIAN_POINT ( 'NONE',  ( -4.500000000000000000, -2.000000000000000000, -6.250000000000000000 ) ) ;
#2637 = VECTOR ( 'NONE', #1574, 1000.000000000000000 ) ;
#2638 = COLOUR_RGB ( '',0.7921568627450980005, 0.8196078431372548767, 0.9333333333333333481 ) ;
#2639 = ORIENTED_EDGE ( 'NONE', *, *, #1315, .F. ) ;
#2640 = CARTESIAN_POINT ( 'NONE',  ( -24.50000000000000000, -4.000000000000000000, -4.500000000000000000 ) ) ;
#2641 = ORIENTED_EDGE ( 'NONE', *, *, #1674, .F. ) ;
#2642 = EDGE_CURVE ( 'NONE', #242, #719, #145, .T. ) ;
#2643 = ORIENTED_EDGE ( 'NONE', *, *, #2705, .F. ) ;
#2644 = CARTESIAN_POINT ( 'NONE',  ( -14.50000000000000000, 4.000000000000000000, -7.500000000000000000 ) ) ;
#2645 = FACE_OUTER_BOUND ( 'NONE', #904, .T. ) ;
#2646 = ORIENTED_EDGE ( 'NONE', *, *, #1834, .F. ) ;
#2647 = ORIENTED_EDGE ( 'NONE', *, *, #1546, .F. ) ;
#2648 = CARTESIAN_POINT ( 'NONE',  ( 0.000000000000000000, -4.000000000000000000, -4.500000000000000000 ) ) ;
#2649 = CARTESIAN_POINT ( 'NONE',  ( -23.00000000000000000, -4.000000000000000000, -4.500000000000000000 ) ) ;
#2650 = DIRECTION ( 'NONE',  ( 0.000000000000000000, -1.000000000000000000, 0.000000000000000000 ) ) ;
#2651 = ADVANCED_FACE ( 'NONE', ( #1880 ), #841, .F. ) ;
#2652 = EDGE_LOOP ( 'NONE', ( #2458, #1040, #129, #1629, #2737, #2396, #117, #1124 ) ) ;
#2653 = CARTESIAN_POINT ( 'NONE',  ( 4.000000000000000000, 3.500000000000000000, -10.00000000000000000 ) ) ;
#2654 = EDGE_LOOP ( 'NONE', ( #2501, #752, #2177, #872 ) ) ;
#2655 = ORIENTED_EDGE ( 'NONE', *, *, #1026, .T. ) ;
#2656 = EDGE_CURVE ( 'NONE', #1780, #2204, #1010, .T. ) ;
#2657 = LINE ( 'NONE', #2456, #500 ) ;
#2658 = ORIENTED_EDGE ( 'NONE', *, *, #2229, .F. ) ;
#2659 = EDGE_LOOP ( 'NONE', ( #411, #956, #2695, #1709 ) ) ;
#2660 = PLANE ( 'NONE',  #2309 ) ;
#2661 = DIRECTION ( 'NONE',  ( 0.000000000000000000, 0.000000000000000000, 1.000000000000000000 ) ) ;
#2662 = LINE ( 'NONE', #921, #1098 ) ;
#2663 = CARTESIAN_POINT ( 'NONE',  ( -14.50000000000000000, 4.000000000000000000, -8.750000000000000000 ) ) ;
#2664 = VERTEX_POINT ( 'NONE', #378 ) ;
#2665 = LINE ( 'NONE', #967, #2455 ) ;
#2666 = ORIENTED_EDGE ( 'NONE', *, *, #283, .T. ) ;
#2667 = ORIENTED_EDGE ( 'NONE', *, *, #1586, .T. ) ;
#2668 = CARTESIAN_POINT ( 'NONE',  ( -18.89999999999999858, 4.000000000000000000, 9.900000000000000355 ) ) ;
#2669 = EDGE_CURVE ( 'NONE', #1133, #2471, #1064, .T. ) ;
#2670 = EDGE_LOOP ( 'NONE', ( #1812, #2658, #1702, #2698, #2057 ) ) ;
#2671 = PRESENTATION_LAYER_ASSIGNMENT (  '', '', ( #2682 ) ) ;
#2672 = VERTEX_POINT ( 'NONE', #2760 ) ;
#2673 = PLANE ( 'NONE',  #1139 ) ;
#2674 = PLANE ( 'NONE',  #2676 ) ;
#2675 = DIRECTION ( 'NONE',  ( -1.000000000000000000, 0.000000000000000000, 0.000000000000000000 ) ) ;
#2676 = AXIS2_PLACEMENT_3D ( 'NONE', #755, #54, #738 ) ;
#2677 = CARTESIAN_POINT ( 'NONE',  ( 0.000000000000000000, 3.500000000000000000, 4.500000000000000000 ) ) ;
#2678 = AXIS2_PLACEMENT_3D ( 'NONE', #2530, #2578, #2517 ) ;
#2679 = ORIENTED_EDGE ( 'NONE', *, *, #561, .F. ) ;
#2680 = CARTESIAN_POINT ( 'NONE',  ( -19.00000000000000000, 3.399999999999999911, 4.541421356237309581 ) ) ;
#2681 = VERTEX_POINT ( 'NONE', #826 ) ;
#2682 = STYLED_ITEM ( 'NONE', ( #1200 ), #266 ) ;
#2683 = AXIS2_PLACEMENT_3D ( 'NONE', #2089, #2475, #781 ) ;
#2684 = ORIENTED_EDGE ( 'NONE', *, *, #1353, .T. ) ;
#2685 = VECTOR ( 'NONE', #1422, 1000.000000000000114 ) ;
#2686 = PLANE ( 'NONE',  #1993 ) ;
#2687 = ORIENTED_EDGE ( 'NONE', *, *, #2293, .T. ) ;
#2688 = ORIENTED_EDGE ( 'NONE', *, *, #528, .T. ) ;
#2689 = CARTESIAN_POINT ( 'NONE',  ( -19.00000000000000000, -4.000000000000000000, 10.00000000000000000 ) ) ;
#2690 = CARTESIAN_POINT ( 'NONE',  ( -4.500000000000000000, 4.000000000000000000, 6.250000000000000000 ) ) ;
#2691 = DIRECTION ( 'NONE',  ( 0.000000000000000000, 1.000000000000000000, 4.336808689942015271E-16 ) ) ;
#2692 = ADVANCED_FACE ( 'NONE', ( #1276 ), #2552, .T. ) ;
#2693 = EDGE_LOOP ( 'NONE', ( #2037, #2283, #2687 ) ) ;
#2694 = CARTESIAN_POINT ( 'NONE',  ( -19.00000000000000000, -4.336808689942020103E-15, 10.00000000000000000 ) ) ;
#2695 = ORIENTED_EDGE ( 'NONE', *, *, #307, .T. ) ;
#2696 = FACE_OUTER_BOUND ( 'NONE', #1759, .T. ) ;
#2697 = ORIENTED_EDGE ( 'NONE', *, *, #2335, .T. ) ;
#2698 = ORIENTED_EDGE ( 'NONE', *, *, #908, .F. ) ;
#2699 = CARTESIAN_POINT ( 'NONE',  ( 1.466666666666670116, 1.933333333333329795, 2.933333333333320248 ) ) ;
#2700 = LINE ( 'NONE', #2444, #2350 ) ;
#2701 = DIRECTION ( 'NONE',  ( 0.000000000000000000, 1.000000000000000000, 0.000000000000000000 ) ) ;
#2702 = ORIENTED_EDGE ( 'NONE', *, *, #687, .F. ) ;
#2703 = DIRECTION ( 'NONE',  ( 0.000000000000000000, 0.7071067811865450192, 0.7071067811865500152 ) ) ;
#2704 = ADVANCED_FACE ( 'NONE', ( #1259 ), #639, .F. ) ;
#2705 = EDGE_CURVE ( 'NONE', #2604, #1839, #2364, .T. ) ;
#2706 = EDGE_LOOP ( 'NONE', ( #527, #182, #1231, #1384 ) ) ;
#2707 = FACE_OUTER_BOUND ( 'NONE', #343, .T. ) ;
#2708 = ORIENTED_EDGE ( 'NONE', *, *, #922, .F. ) ;
#2709 = LINE ( 'NONE', #2503, #2493 ) ;
#2710 = FACE_OUTER_BOUND ( 'NONE', #2670, .T. ) ;
#2711 = FACE_OUTER_BOUND ( 'NONE', #59, .T. ) ;
#2712 =( LENGTH_UNIT ( ) NAMED_UNIT ( * ) SI_UNIT ( .MILLI., .METRE. ) );
#2713 = VECTOR ( 'NONE', #889, 1000.000000000000000 ) ;
#2714 = ADVANCED_FACE ( 'NONE', ( #383 ), #2273, .F. ) ;
#2715 = ORIENTED_EDGE ( 'NONE', *, *, #2081, .F. ) ;
#2716 = DIRECTION ( 'NONE',  ( 1.000000000000000000, 0.000000000000000000, 0.000000000000000000 ) ) ;
#2717 = VECTOR ( 'NONE', #1355, 1000.000000000000000 ) ;
#2718 = VECTOR ( 'NONE', #1887, 1000.000000000000227 ) ;
#2719 = COLOUR_RGB ( '',0.7921568627450980005, 0.8196078431372548767, 0.9333333333333333481 ) ;
#2720 = ORIENTED_EDGE ( 'NONE', *, *, #1209, .T. ) ;
#2721 = VECTOR ( 'NONE', #1402, 1000.000000000000000 ) ;
#2722 = ADVANCED_FACE ( 'NONE', ( #2370 ), #1915, .F. ) ;
#2723 = DIRECTION ( 'NONE',  ( -1.000000000000000000, 0.000000000000000000, 0.000000000000000000 ) ) ;
#2724 = CONICAL_SURFACE ( 'NONE', #1865, 1.249999999999999334, 1.029744258676653645 ) ;
#2725 = ORIENTED_EDGE ( 'NONE', *, *, #1452, .T. ) ;
#2726 = VERTEX_POINT ( 'NONE', #630 ) ;
#2727 = VECTOR ( 'NONE', #1464, 1000.000000000000000 ) ;
#2728 = DIRECTION ( 'NONE',  ( -0.5773502691896250649, -0.5773502691896260641, 0.5773502691896260641 ) ) ;
#2729 = DIRECTION ( 'NONE',  ( 0.000000000000000000, -1.000000000000000000, 0.000000000000000000 ) ) ;
#2730 = DIRECTION ( 'NONE',  ( 0.000000000000000000, 1.000000000000000000, 0.000000000000000000 ) ) ;
#2731 = DIRECTION ( 'NONE',  ( 0.000000000000000000, 1.000000000000000000, 0.000000000000000000 ) ) ;
#2732 = ORIENTED_EDGE ( 'NONE', *, *, #2510, .F. ) ;
#2733 = DIRECTION ( 'NONE',  ( 0.000000000000000000, 0.000000000000000000, -1.000000000000000000 ) ) ;
#2734 = EDGE_CURVE ( 'NONE', #1606, #1281, #1250, .T. ) ;
#2735 = ORIENTED_EDGE ( 'NONE', *, *, #680, .T. ) ;
#2736 = DIRECTION ( 'NONE',  ( 1.049727191138618079E-16, 0.5150380749100560429, -0.8571673007021111124 ) ) ;
#2737 = ORIENTED_EDGE ( 'NONE', *, *, #485, .F. ) ;
#2738 = ADVANCED_FACE ( 'NONE', ( #1055, #427, #601 ), #1885, .T. ) ;
#2739 = ORIENTED_EDGE ( 'NONE', *, *, #941, .F. ) ;
#2740 = LINE ( 'NONE', #154, #961 ) ;
#2741 = LINE ( 'NONE', #605, #453 ) ;
#2742 = CARTESIAN_POINT ( 'NONE',  ( -19.00000000000000000, -4.000000000000000000, -4.500000000000000000 ) ) ;
#2743 = EDGE_CURVE ( 'NONE', #1208, #88, #583, .T. ) ;
#2744 =( LENGTH_UNIT ( ) NAMED_UNIT ( * ) SI_UNIT ( .MILLI., .METRE. ) );
#2745 = DIRECTION ( 'NONE',  ( 0.7071067811865590080, 0.7071067811865361374, 1.115122484860616127E-16 ) ) ;
#2746 = DIRECTION ( 'NONE',  ( -1.000000000000000000, 0.000000000000000000, 0.000000000000000000 ) ) ;
#2747 = DIRECTION ( 'NONE',  ( -0.000000000000000000, 1.000000000000000000, 0.000000000000000000 ) ) ;
#2748 = UNCERTAINTY_MEASURE_WITH_UNIT (LENGTH_MEASURE( 1.000000000000000082E-05 ), #2712, 'distance_accuracy_value', 'NONE');
#2749 = ORIENTED_EDGE ( 'NONE', *, *, #1099, .T. ) ;
#2750 = CARTESIAN_POINT ( 'NONE',  ( -23.00000000000000000, -4.000000000000000000, -1.261617073437679823E-15 ) ) ;
#2751 = EDGE_CURVE ( 'NONE', #884, #603, #2752, .T. ) ;
#2752 = LINE ( 'NONE', #2784, #1602 ) ;
#2753 = ORIENTED_EDGE ( 'NONE', *, *, #1838, .T. ) ;
#2754 = DIRECTION ( 'NONE',  ( -1.000000000000000000, 0.000000000000000000, 0.000000000000000000 ) ) ;
#2755 = FACE_OUTER_BOUND ( 'NONE', #1570, .T. ) ;
#2756 = FACE_OUTER_BOUND ( 'NONE', #793, .T. ) ;
#2757 = CARTESIAN_POINT ( 'NONE',  ( 0.000000000000000000, 3.399999999999999911, -4.541421356237309581 ) ) ;
#2758 = ADVANCED_FACE ( 'NONE', ( #2324 ), #1897, .F. ) ;
#2759 = LINE ( 'NONE', #2579, #2313 ) ;
#2760 = CARTESIAN_POINT ( 'NONE',  ( -19.00000000000000000, 3.899999999999999911, -5.041421356237299811 ) ) ;
#2761 = EDGE_LOOP ( 'NONE', ( #878, #1656, #1803, #1406 ) ) ;
#2762 = AXIS2_PLACEMENT_3D ( 'NONE', #2328, #850, #157 ) ;
#2763 = EDGE_LOOP ( 'NONE', ( #2392, #762 ) ) ;
#2764 = CARTESIAN_POINT ( 'NONE',  ( 1.205983787898279980, 2.694016212101719709, -5.540956197186839738 ) ) ;
#2765 = VECTOR ( 'NONE', #1778, 1000.000000000000000 ) ;
#2766 = ORIENTED_EDGE ( 'NONE', *, *, #1750, .F. ) ;
#2767 = MECHANICAL_DESIGN_GEOMETRIC_PRESENTATION_REPRESENTATION (  '', ( #911 ), #1723 ) ;
#2768 = CARTESIAN_POINT ( 'NONE',  ( -20.20598378789825134, 2.694016212101755237, 5.540956197186849508 ) ) ;
#2769 = DIRECTION ( 'NONE',  ( -1.000000000000000000, 0.000000000000000000, 0.000000000000000000 ) ) ;
#2770 = AXIS2_PLACEMENT_3D ( 'NONE', #2505, #356, #141 ) ;
#2771 = FACE_OUTER_BOUND ( 'NONE', #2182, .T. ) ;
#2772 = CARTESIAN_POINT ( 'NONE',  ( -0.1000000000000030032, 4.000000000000000000, 5.000000000000000000 ) ) ;
#2773 = VECTOR ( 'NONE', #1636, 1000.000000000000000 ) ;
#2774 = CARTESIAN_POINT ( 'NONE',  ( -4.500000000000000000, -2.000000000000000000, -7.500000000000000000 ) ) ;
#2775 = VECTOR ( 'NONE', #162, 1000.000000000000000 ) ;
#2776 = DIRECTION ( 'NONE',  ( 0.000000000000000000, 1.000000000000000000, 1.577021341797100025E-16 ) ) ;
#2777 = CARTESIAN_POINT ( 'NONE',  ( 5.500000000000000000, 0.5000000000000000000, 4.500000000000000000 ) ) ;
#2778 = LINE ( 'NONE', #1707, #787 ) ;
#2779 = PRODUCT_DEFINITION_FORMATION_WITH_SPECIFIED_SOURCE ( 'ANY', '', #657, .NOT_KNOWN. ) ;
#2780 = PLANE ( 'NONE',  #790 ) ;
#2781 = DIRECTION ( 'NONE',  ( -1.000000000000000000, 0.000000000000000000, 0.000000000000000000 ) ) ;
#2782 = PLANE ( 'NONE',  #510 ) ;
#2783 = ORIENTED_EDGE ( 'NONE', *, *, #1772, .T. ) ;
#2784 = CARTESIAN_POINT ( 'NONE',  ( -14.50000000000000000, -2.000000000000000000, -6.250000000000000000 ) ) ;
#2785 = ORIENTED_EDGE ( 'NONE', *, *, #2012, .F. ) ;
#2786 = ORIENTED_EDGE ( 'NONE', *, *, #161, .F. ) ;
#2787 = DIRECTION ( 'NONE',  ( 1.049727191138617833E-16, 0.5150380749100549327, -0.8571673007021118895 ) ) ;
#2788 = LINE ( 'NONE', #1069, #2629 ) ;
#2789 = CARTESIAN_POINT ( 'NONE',  ( -24.50000000000000000, 0.5000000000000000000, 4.500000000000000000 ) ) ;
#2790 = FACE_OUTER_BOUND ( 'NONE', #1135, .T. ) ;
#2791 = CARTESIAN_POINT ( 'NONE',  ( 4.000000000000000000, -4.000000000000000000, -4.500000000000000000 ) ) ;
#2792 = EDGE_CURVE ( 'NONE', #337, #1610, #186, .T. ) ;
#2793 = CARTESIAN_POINT ( 'NONE',  ( -6.333333333333349913, 10.23333333333335915, -3.666666666666684726 ) ) ;
#2794 = ORIENTED_EDGE ( 'NONE', *, *, #497, .T. ) ;
#2795 = EDGE_CURVE ( 'NONE', #2559, #180, #1687, .T. ) ;
#2796 =( LENGTH_UNIT ( ) NAMED_UNIT ( * ) SI_UNIT ( .MILLI., .METRE. ) );
#2797 = VERTEX_POINT ( 'NONE', #1928 ) ;
#2798 = LINE ( 'NONE', #239, #1819 ) ;
#2799 = DIRECTION ( 'NONE',  ( -1.000000000000000000, 0.000000000000000000, 0.000000000000000000 ) ) ;
#2800 = CARTESIAN_POINT ( 'NONE',  ( 5.500000000000000000, -4.000000000000000000, 4.500000000000000000 ) ) ;
#2801 = CARTESIAN_POINT ( 'NONE',  ( -23.00000000000000000, -4.000000000000000000, -4.500000000000000000 ) ) ;
#2802 = LINE ( 'NONE', #1474, #2223 ) ;
#2803 = ADVANCED_FACE ( 'NONE', ( #2351 ), #923, .F. ) ;
#2804 = LINE ( 'NONE', #2422, #95 ) ;
#2805 = ORIENTED_EDGE ( 'NONE', *, *, #908, .T. ) ;
#2806 = VECTOR ( 'NONE', #2260, 1000.000000000000000 ) ;
#2807 = AXIS2_PLACEMENT_3D ( 'NONE', #2547, #622, #590 ) ;
#2808 = DIRECTION ( 'NONE',  ( 0.000000000000000000, 1.577021341797100025E-16, -1.000000000000000000 ) ) ;
#2809 = VERTEX_POINT ( 'NONE', #616 ) ;
#2810 = AXIS2_PLACEMENT_3D ( 'NONE', #1229, #623, #1486 ) ;
#2811 = EDGE_CURVE ( 'NONE', #2388, #2240, #1826, .T. ) ;
#2812 = PLANE ( 'NONE',  #829 ) ;
#2813 = CARTESIAN_POINT ( 'NONE',  ( -24.50000000000000000, 3.500000000000000000, -10.00000000000000000 ) ) ;
#2814 = VECTOR ( 'NONE', #458, 1000.000000000000000 ) ;
#2815 = COLOUR_RGB ( '',0.7921568627450980005, 0.8196078431372548767, 0.9333333333333333481 ) ;
#2816 = EDGE_LOOP ( 'NONE', ( #2449, #2401, #662, #1616, #2021, #1882, #1167, #2739 ) ) ;
#2817 = AXIS2_PLACEMENT_3D ( 'NONE', #660, #1741, #673 ) ;
#2818 = PLANE ( 'NONE',  #2353 ) ;
#2819 = DIRECTION ( 'NONE',  ( 0.000000000000000000, 2.312964634635744929E-16, -1.000000000000000000 ) ) ;
#2820 = CARTESIAN_POINT ( 'NONE',  ( -1.333333333333302173, -2.666666666666699825, 11.23333333333333961 ) ) ;
ENDSEC;
END-ISO-10303-21;
