ISO-10303-21;
HEADER;
FILE_DESCRIPTION (( 'STEP AP214' ),
    '1' );
FILE_NAME ('Slide Switch.STEP',
    '2026-02-17T16:09:11',
    ( '' ),
    ( '' ),
    'SwSTEP 2.0',
    'SolidWorks 2025',
    '' );
FILE_SCHEMA (( 'AUTOMOTIVE_DESIGN' ));
ENDSEC;

DATA;
#1 = DIRECTION ( 'NONE',  ( 0.000000000000000000, 0.000000000000000000, 1.000000000000000000 ) ) ;
#2 = DIRECTION ( 'NONE',  ( -1.000000000000000000, 0.000000000000000000, 0.000000000000000000 ) ) ;
#3 = EDGE_LOOP ( 'NONE', ( #5893, #2641, #4002, #1627, #1350, #5860 ) ) ;
#4 = CARTESIAN_POINT ( 'NONE',  ( -3.924999999999999822, 1.425000000000000044, 3.174999999999999822 ) ) ;
#5 = ADVANCED_FACE ( 'NONE', ( #1678 ), #1218, .F. ) ;
#6 = CARTESIAN_POINT ( 'NONE',  ( -4.049999999999999822, 1.525020244306000139, 0.2500269999999999992 ) ) ;
#7 = AXIS2_PLACEMENT_3D ( 'NONE', #4094, #3633, #5921 ) ;
#8 = DIRECTION ( 'NONE',  ( 1.000000000000000000, 0.000000000000000000, 0.000000000000000000 ) ) ;
#9 = VECTOR ( 'NONE', #1892, 1000.000000000000000 ) ;
#10 = DIRECTION ( 'NONE',  ( 1.000000000000000000, 0.000000000000000000, 0.000000000000000000 ) ) ;
#11 = ORIENTED_EDGE ( 'NONE', *, *, #5048, .T. ) ;
#12 = ORIENTED_EDGE ( 'NONE', *, *, #4979, .T. ) ;
#13 = LINE ( 'NONE', #3773, #9 ) ;
#14 = DIRECTION ( 'NONE',  ( 0.000000000000000000, 0.000000000000000000, 1.000000000000000000 ) ) ;
#15 = DIRECTION ( 'NONE',  ( 0.000000000000000000, 0.000000000000000000, 1.000000000000000000 ) ) ;
#16 = EDGE_LOOP ( 'NONE', ( #4205, #490, #2922, #2162 ) ) ;
#17 = ORIENTED_EDGE ( 'NONE', *, *, #5495, .T. ) ;
#18 = PLANE ( 'NONE',  #2532 ) ;
#19 = DIRECTION ( 'NONE',  ( -1.000000000000000000, 0.000000000000000000, 0.000000000000000000 ) ) ;
#20 = DIRECTION ( 'NONE',  ( 1.000000000000000000, 0.000000000000000000, 0.000000000000000000 ) ) ;
#21 = DIRECTION ( 'NONE',  ( 1.000000000000000000, 0.000000000000000000, 0.000000000000000000 ) ) ;
#22 = ORIENTED_EDGE ( 'NONE', *, *, #5782, .T. ) ;
#23 = EDGE_CURVE ( 'NONE', #1681, #1868, #5138, .T. ) ;
#24 = CARTESIAN_POINT ( 'NONE',  ( 4.011969606392999488, 1.486319999999999864, 3.240583116454000212 ) ) ;
#25 = DIRECTION ( 'NONE',  ( 0.000000000000000000, 0.000000000000000000, 1.000000000000000000 ) ) ;
#26 = CARTESIAN_POINT ( 'NONE',  ( 4.023051892887999692, -1.414669861261000028, 3.252531413543000127 ) ) ;
#27 = ADVANCED_FACE ( 'NONE', ( #3639 ), #3727, .T. ) ;
#28 = VERTEX_POINT ( 'NONE', #1876 ) ;
#29 = DIRECTION ( 'NONE',  ( -1.000000000000000000, 0.000000000000000000, 0.000000000000000000 ) ) ;
#30 = VECTOR ( 'NONE', #3798, 1000.000000000000000 ) ;
#31 = CARTESIAN_POINT ( 'NONE',  ( -0.4441860000000000253, -1.550000000000000044, 0.7982930000000000303 ) ) ;
#32 = ADVANCED_FACE ( 'NONE', ( #5956 ), #3152, .F. ) ;
#33 = ORIENTED_EDGE ( 'NONE', *, *, #2120, .F. ) ;
#34 = LINE ( 'NONE', #1884, #519 ) ;
#35 = CARTESIAN_POINT ( 'NONE',  ( -2.217499999999999805, -1.550000000000000044, 0.1207000000000000017 ) ) ;
#36 = EDGE_CURVE ( 'NONE', #3720, #1363, #967, .T. ) ;
#37 = EDGE_CURVE ( 'NONE', #4583, #5328, #4152, .T. ) ;
#38 = VECTOR ( 'NONE', #3157, 1000.000000000000000 ) ;
#39 = CARTESIAN_POINT ( 'NONE',  ( 2.228499999999999925, -1.550000000000000044, 0.6690000000000000391 ) ) ;
#40 = DIRECTION ( 'NONE',  ( 0.000000000000000000, 0.000000000000000000, 1.000000000000000000 ) ) ;
#41 = ORIENTED_EDGE ( 'NONE', *, *, #410, .F. ) ;
#42 = ORIENTED_EDGE ( 'NONE', *, *, #5782, .F. ) ;
#43 = CARTESIAN_POINT ( 'NONE',  ( 2.250000000000000000, 0.9499999999999999556, 0.2000000000000000111 ) ) ;
#44 = DIRECTION ( 'NONE',  ( 0.000000000000000000, 1.000000000000000000, 0.000000000000000000 ) ) ;
#45 = EDGE_CURVE ( 'NONE', #2352, #5292, #425, .T. ) ;
#46 = CARTESIAN_POINT ( 'NONE',  ( -4.250000000000000000, -1.750000000000000000, 0.7982930000000000303 ) ) ;
#47 = DIRECTION ( 'NONE',  ( 1.000000000000000000, 0.000000000000000000, 0.000000000000000000 ) ) ;
#48 = ORIENTED_EDGE ( 'NONE', *, *, #3190, .F. ) ;
#49 = ORIENTED_EDGE ( 'NONE', *, *, #1064, .F. ) ;
#50 = LINE ( 'NONE', #1870, #3594 ) ;
#51 = DIRECTION ( 'NONE',  ( 0.000000000000000000, -1.000000000000000000, 2.200000000000000003E-16 ) ) ;
#52 = FACE_OUTER_BOUND ( 'NONE', #668, .T. ) ;
#53 = DIRECTION ( 'NONE',  ( 0.000000000000000000, 0.000000000000000000, -1.000000000000000000 ) ) ;
#54 = VERTEX_POINT ( 'NONE', #5981 ) ;
#55 = DIRECTION ( 'NONE',  ( 1.000000000000000000, 0.000000000000000000, 0.000000000000000000 ) ) ;
#56 = CYLINDRICAL_SURFACE ( 'NONE', #2317, 0.2000000000000000944 ) ;
#57 = DIRECTION ( 'NONE',  ( 1.000000000000000000, 0.000000000000000000, 0.000000000000000000 ) ) ;
#58 = VERTEX_POINT ( 'NONE', #1391 ) ;
#59 = CARTESIAN_POINT ( 'NONE',  ( -3.874960644835999890, 1.522701579944000239, 3.253040835906000350 ) ) ;
#60 = DIRECTION ( 'NONE',  ( 1.000000000000000000, 0.000000000000000000, 0.000000000000000000 ) ) ;
#61 = CARTESIAN_POINT ( 'NONE',  ( 3.984144000000000130, 0.05683999999999999470, 0.7982930000000000303 ) ) ;
#62 = CARTESIAN_POINT ( 'NONE',  ( 2.229423999999999850, 0.9499999999999999556, 0.2000000000000000111 ) ) ;
#63 = EDGE_CURVE ( 'NONE', #2713, #328, #3664, .T. ) ;
#64 = VECTOR ( 'NONE', #3171, 1000.000000000000000 ) ;
#65 = LINE ( 'NONE', #3570, #3384 ) ;
#66 = CARTESIAN_POINT ( 'NONE',  ( 1.800000000000000044, 0.8249999999999999556, 3.299999999999999822 ) ) ;
#67 = EDGE_CURVE ( 'NONE', #1718, #1821, #452, .T. ) ;
#68 = ORIENTED_EDGE ( 'NONE', *, *, #1215, .F. ) ;
#69 = EDGE_LOOP ( 'NONE', ( #101, #5085, #2671, #4602, #5078 ) ) ;
#70 = LINE ( 'NONE', #559, #3716 ) ;
#71 = CIRCLE ( 'NONE', #3466, 0.1250000000000001110 ) ;
#72 = B_SPLINE_CURVE_WITH_KNOTS ( 'NONE', 7,
 ( #2779, #5524, #4098, #848, #5034, #1362, #879, #2726, #4181, #5493, #2754, #3263, #2666, #5953, #1873, #2267, #4613, #449, #5555, #5089, #5583, #929, #4640, #3607, #478, #2328 ),
 .UNSPECIFIED., .F., .F.,
 ( 8, 6, 6, 6, 8 ),
 ( 0.000000000000000000, 0.1523904731320000205, 0.3321959127079999741, 0.7620035508239999533, 1.000000000000000000 ),
 .UNSPECIFIED. ) ;
#73 = VERTEX_POINT ( 'NONE', #5010 ) ;
#74 = ADVANCED_FACE ( 'NONE', ( #5038 ), #5065, .T. ) ;
#75 = CARTESIAN_POINT ( 'NONE',  ( 3.829898468072999940, -1.466351475870000032, 3.293073504373999594 ) ) ;
#76 = CARTESIAN_POINT ( 'NONE',  ( 4.014119561366000788, 1.389590408933999877, 3.262782584530000030 ) ) ;
#77 = VERTEX_POINT ( 'NONE', #4643 ) ;
#78 = ORIENTED_EDGE ( 'NONE', *, *, #4572, .T. ) ;
#79 = DIRECTION ( 'NONE',  ( 0.000000000000000000, -1.000000000000000000, 0.000000000000000000 ) ) ;
#80 = CARTESIAN_POINT ( 'NONE',  ( -1.730900000000000105, 0.06972049999999999081, 0.7982930000000000303 ) ) ;
#81 = VECTOR ( 'NONE', #1948, 1000.000000000000000 ) ;
#82 = PLANE ( 'NONE',  #772 ) ;
#83 = VECTOR ( 'NONE', #2607, 1000.000000000000000 ) ;
#84 = DIRECTION ( 'NONE',  ( 1.000000000000000000, 0.000000000000000000, 0.000000000000000000 ) ) ;
#85 = VERTEX_POINT ( 'NONE', #906 ) ;
#86 = FACE_OUTER_BOUND ( 'NONE', #1281, .T. ) ;
#87 = CARTESIAN_POINT ( 'NONE',  ( 3.925399999999999778, 1.436262999999999845, -0.2999999999999999889 ) ) ;
#88 = VECTOR ( 'NONE', #1344, 1000.000000000000000 ) ;
#89 = VECTOR ( 'NONE', #4791, 1000.000000000000000 ) ;
#90 = EDGE_LOOP ( 'NONE', ( #1684, #5305, #4324, #2767 ) ) ;
#91 = CARTESIAN_POINT ( 'NONE',  ( 3.976092287450000207, 1.522547456825000145, 3.234278174046000043 ) ) ;
#92 = CARTESIAN_POINT ( 'NONE',  ( 3.848344209621000100, 1.500000000000000000, 3.500000000000000000 ) ) ;
#93 = COLOUR_RGB ( '',0.7921568627450980005, 0.8196078431372548767, 0.9333333333333333481 ) ;
#94 = CARTESIAN_POINT ( 'NONE',  ( -3.230900000000000105, -1.550000000000000044, 0.7982930000000000303 ) ) ;
#95 = VECTOR ( 'NONE', #10, 1000.000000000000000 ) ;
#96 = CARTESIAN_POINT ( 'NONE',  ( 1.791398999999999964, 2.000000000000000000, 0.2500269999999999992 ) ) ;
#97 = LINE ( 'NONE', #1518, #3089 ) ;
#98 = VECTOR ( 'NONE', #1816, 1000.000000000000000 ) ;
#99 = DIRECTION ( 'NONE',  ( 1.000000000000000000, 0.000000000000000000, 0.000000000000000000 ) ) ;
#100 = DIRECTION ( 'NONE',  ( -0.000000000000000000, -0.000000000000000000, -1.000000000000000000 ) ) ;
#101 = ORIENTED_EDGE ( 'NONE', *, *, #5309, .F. ) ;
#102 = ORIENTED_EDGE ( 'NONE', *, *, #3147, .T. ) ;
#103 = VECTOR ( 'NONE', #1478, 1000.000000000000000 ) ;
#104 = EDGE_CURVE ( 'NONE', #1070, #2832, #2695, .T. ) ;
#105 = CARTESIAN_POINT ( 'NONE',  ( -1.791414999999999980, 2.000000000000000000, 0.7982930000000000303 ) ) ;
#106 = DIRECTION ( 'NONE',  ( 0.000000000000000000, -2.200000000000000003E-16, -1.000000000000000000 ) ) ;
#107 = AXIS2_PLACEMENT_3D ( 'NONE', #3934, #5268, #3381 ) ;
#108 = AXIS2_PLACEMENT_3D ( 'NONE', #4262, #5640, #3743 ) ;
#109 = VERTEX_POINT ( 'NONE', #1422 ) ;
#110 = LINE ( 'NONE', #2350, #6004 ) ;
#111 = LINE ( 'NONE', #630, #2809 ) ;
#112 = EDGE_LOOP ( 'NONE', ( #3291, #5961, #946, #4295 ) ) ;
#113 = ORIENTED_EDGE ( 'NONE', *, *, #5264, .F. ) ;
#114 = EDGE_CURVE ( 'NONE', #4445, #4260, #3209, .T. ) ;
#115 = LINE ( 'NONE', #1991, #2909 ) ;
#116 = FACE_OUTER_BOUND ( 'NONE', #1380, .T. ) ;
#117 = DIRECTION ( 'NONE',  ( 1.000000000000000000, -2.100000000000000104E-16, 3.999999999999999916E-16 ) ) ;
#118 = CARTESIAN_POINT ( 'NONE',  ( -4.250000000000000000, 1.750000000000000000, 0.7982930000000000303 ) ) ;
#119 = ORIENTED_EDGE ( 'NONE', *, *, #2078, .T. ) ;
#120 = CARTESIAN_POINT ( 'NONE',  ( -3.230900000000000105, -1.489999999999999991, 0.06912600000000000688 ) ) ;
#121 = VERTEX_POINT ( 'NONE', #2270 ) ;
#122 = DIRECTION ( 'NONE',  ( -0.000000000000000000, 1.000000000000000000, 0.000000000000000000 ) ) ;
#123 = CARTESIAN_POINT ( 'NONE',  ( -3.825400000000000134, 1.436262999999999845, 3.299491545218999899 ) ) ;
#124 = DIRECTION ( 'NONE',  ( 0.000000000000000000, 0.000000000000000000, 1.000000000000000000 ) ) ;
#125 = DIRECTION ( 'NONE',  ( 1.000000000000000000, 0.000000000000000000, 0.000000000000000000 ) ) ;
#126 = ORIENTED_EDGE ( 'NONE', *, *, #3286, .T. ) ;
#127 = CARTESIAN_POINT ( 'NONE',  ( -4.023051892887999692, 1.414669861261000028, 3.252531413543000127 ) ) ;
#128 = CARTESIAN_POINT ( 'NONE',  ( 4.011969606392999488, 1.486319999999999864, 3.499713292642999907 ) ) ;
#129 = ORIENTED_EDGE ( 'NONE', *, *, #2818, .T. ) ;
#130 = VERTEX_POINT ( 'NONE', #3266 ) ;
#131 = CARTESIAN_POINT ( 'NONE',  ( 3.984144000000000130, -1.535122601059000003, 0.7982930000000000303 ) ) ;
#132 = VECTOR ( 'NONE', #4595, 1000.000000000000000 ) ;
#133 = EDGE_CURVE ( 'NONE', #5815, #4261, #5634, .T. ) ;
#134 = ORIENTED_EDGE ( 'NONE', *, *, #4597, .T. ) ;
#135 = EDGE_CURVE ( 'NONE', #2061, #5546, #4213, .T. ) ;
#136 = FACE_OUTER_BOUND ( 'NONE', #4851, .T. ) ;
#137 = DIRECTION ( 'NONE',  ( 0.000000000000000000, -1.000000000000000000, 0.000000000000000000 ) ) ;
#138 = ORIENTED_EDGE ( 'NONE', *, *, #784, .F. ) ;
#139 = ORIENTED_EDGE ( 'NONE', *, *, #1331, .T. ) ;
#140 = ADVANCED_FACE ( 'NONE', ( #2729 ), #56, .T. ) ;
#141 = DIRECTION ( 'NONE',  ( 1.000000000000000000, 0.000000000000000000, 0.000000000000000000 ) ) ;
#142 = CARTESIAN_POINT ( 'NONE',  ( 3.925399999999999778, -1.436262999999999845, 3.648400000000000087 ) ) ;
#143 = EDGE_CURVE ( 'NONE', #4587, #1659, #4616, .T. ) ;
#144 = DIRECTION ( 'NONE',  ( 1.000000000000000000, 0.000000000000000000, 0.000000000000000000 ) ) ;
#145 = CARTESIAN_POINT ( 'NONE',  ( -2.217499999999999805, -1.550000000000000044, 0.1207000000000000017 ) ) ;
#146 = ORIENTED_EDGE ( 'NONE', *, *, #5937, .T. ) ;
#147 = DIRECTION ( 'NONE',  ( 1.000000000000000000, 0.000000000000000000, 0.000000000000000000 ) ) ;
#148 = ORIENTED_EDGE ( 'NONE', *, *, #4425, .T. ) ;
#149 = EDGE_CURVE ( 'NONE', #1565, #28, #1309, .T. ) ;
#150 = EDGE_CURVE ( 'NONE', #1898, #1531, #586, .T. ) ;
#151 = CARTESIAN_POINT ( 'NONE',  ( 0.4811624057520000330, 1.601023145937999992, 1.641000000000000014 ) ) ;
#152 = EDGE_CURVE ( 'NONE', #573, #1802, #1459, .T. ) ;
#153 = CARTESIAN_POINT ( 'NONE',  ( -4.011969606392999488, 1.486319999999999864, 3.240583116455000301 ) ) ;
#154 = EDGE_CURVE ( 'NONE', #5839, #1370, #540, .T. ) ;
#155 = CARTESIAN_POINT ( 'NONE',  ( 3.984144000000000130, 1.517189772232999889, 3.499408323298999868 ) ) ;
#156 = LINE ( 'NONE', #5747, #1285 ) ;
#157 = CARTESIAN_POINT ( 'NONE',  ( -1.750000000000000000, -0.7500000000000000000, 3.210705999999999616 ) ) ;
#158 = LINE ( 'NONE', #1552, #3849 ) ;
#159 = CARTESIAN_POINT ( 'NONE',  ( -3.930246173831000167, 1.536154271917000047, 3.231955747275999880 ) ) ;
#160 = EDGE_LOOP ( 'NONE', ( #3656, #3405, #2829, #4115, #5844, #4860 ) ) ;
#161 = VERTEX_POINT ( 'NONE', #1025 ) ;
#162 = PLANE ( 'NONE',  #4987 ) ;
#163 = CARTESIAN_POINT ( 'NONE',  ( 2.228499999999999925, 1.425000000000000044, 0.3250000000000000111 ) ) ;
#164 = VECTOR ( 'NONE', #3753, 1000.000000000000000 ) ;
#165 = VERTEX_POINT ( 'NONE', #1970 ) ;
#166 = CARTESIAN_POINT ( 'NONE',  ( -4.024176171037000316, -1.420511724536000164, 3.251088060659000245 ) ) ;
#167 = LINE ( 'NONE', #2981, #5146 ) ;
#168 = ORIENTED_EDGE ( 'NONE', *, *, #154, .T. ) ;
#169 = EDGE_LOOP ( 'NONE', ( #1924, #3760, #1201, #2669, #2600, #1307 ) ) ;
#170 = CARTESIAN_POINT ( 'NONE',  ( 3.984144000000000130, -1.425000000000000044, 3.174999999999999822 ) ) ;
#171 = AXIS2_PLACEMENT_3D ( 'NONE', #1063, #4895, #4441 ) ;
#172 =( NAMED_UNIT ( * ) PLANE_ANGLE_UNIT ( ) SI_UNIT ( $, .RADIAN. ) );
#173 = DIRECTION ( 'NONE',  ( 0.000000000000000000, 0.000000000000000000, 1.000000000000000000 ) ) ;
#174 = EDGE_LOOP ( 'NONE', ( #3650, #1399, #4124, #2411 ) ) ;
#175 = DIRECTION ( 'NONE',  ( 0.000000000000000000, 0.7071067811865475727, -0.7071067811865475727 ) ) ;
#176 = CARTESIAN_POINT ( 'NONE',  ( -2.920707499999999790, -1.550000000000000044, 0.7982930000000000303 ) ) ;
#177 = VERTEX_POINT ( 'NONE', #2482 ) ;
#178 = EDGE_CURVE ( 'NONE', #121, #2805, #4376, .T. ) ;
#179 = CARTESIAN_POINT ( 'NONE',  ( 2.229423999999999850, -1.425000000000000044, 0.3250000000000000111 ) ) ;
#180 = ORIENTED_EDGE ( 'NONE', *, *, #5114, .F. ) ;
#181 = CARTESIAN_POINT ( 'NONE',  ( 3.857423888475999707, 1.510977012262999963, 3.500000000000000000 ) ) ;
#182 = CARTESIAN_POINT ( 'NONE',  ( -3.984144000000000130, 1.886319999999999997, 3.648434999999999651 ) ) ;
#183 = VECTOR ( 'NONE', #1994, 1000.000000000000000 ) ;
#184 = AXIS2_PLACEMENT_3D ( 'NONE', #1355, #816, #4580 ) ;
#185 = ADVANCED_FACE ( 'NONE', ( #2904 ), #1512, .F. ) ;
#186 = CARTESIAN_POINT ( 'NONE',  ( -4.257242999999999888, 1.550000000000000044, 0.7982930000000000303 ) ) ;
#187 = EDGE_CURVE ( 'NONE', #1054, #818, #2452, .T. ) ;
#188 = CARTESIAN_POINT ( 'NONE',  ( -0.9676375000000000393, -1.750000000000000000, 0.3537500000000000089 ) ) ;
#189 = EDGE_CURVE ( 'NONE', #3996, #3060, #3302, .T. ) ;
#190 = VECTOR ( 'NONE', #4720, 1000.000000000000000 ) ;
#191 = CARTESIAN_POINT ( 'NONE',  ( -4.023930581114998795, 1.419034264580000038, 3.251407743299000064 ) ) ;
#192 = DIRECTION ( 'NONE',  ( -0.000000000000000000, 0.000000000000000000, 1.000000000000000000 ) ) ;
#193 = VECTOR ( 'NONE', #4212, 1000.000000000000000 ) ;
#194 = ORIENTED_EDGE ( 'NONE', *, *, #1680, .F. ) ;
#195 = ORIENTED_EDGE ( 'NONE', *, *, #3357, .T. ) ;
#196 = CARTESIAN_POINT ( 'NONE',  ( 3.161627999999999883, 1.550000000000000044, 0.3250000000000000111 ) ) ;
#197 = DIRECTION ( 'NONE',  ( 0.000000000000000000, 0.000000000000000000, 1.000000000000000000 ) ) ;
#198 = VECTOR ( 'NONE', #4200, 1000.000000000000000 ) ;
#199 = ORIENTED_EDGE ( 'NONE', *, *, #2735, .F. ) ;
#200 = LINE ( 'NONE', #3022, #3492 ) ;
#201 = CARTESIAN_POINT ( 'NONE',  ( -4.024763699764998925, 1.425000000000000044, 3.250314037264999900 ) ) ;
#202 = ORIENTED_EDGE ( 'NONE', *, *, #4014, .T. ) ;
#203 = ORIENTED_EDGE ( 'NONE', *, *, #1189, .F. ) ;
#204 = VECTOR ( 'NONE', #3459, 1000.000000000000000 ) ;
#205 = LINE ( 'NONE', #2932, #5242 ) ;
#206 = AXIS2_PLACEMENT_3D ( 'NONE', #2751, #1726, #3203 ) ;
#207 = CARTESIAN_POINT ( 'NONE',  ( -3.826036300235000187, 1.425000000000000044, 3.299999999999999822 ) ) ;
#208 = VERTEX_POINT ( 'NONE', #1998 ) ;
#209 = EDGE_LOOP ( 'NONE', ( #5449, #2144, #5907, #4816 ) ) ;
#210 = DIRECTION ( 'NONE',  ( 1.000000000000000000, 0.000000000000000000, 0.000000000000000000 ) ) ;
#211 = CARTESIAN_POINT ( 'NONE',  ( 4.024763699764998925, 1.425000000000000044, 3.250314037264999900 ) ) ;
#212 = ORIENTED_EDGE ( 'NONE', *, *, #607, .F. ) ;
#213 = LINE ( 'NONE', #2998, #3823 ) ;
#214 = EDGE_CURVE ( 'NONE', #4809, #5648, #3744, .T. ) ;
#215 = ORIENTED_EDGE ( 'NONE', *, *, #3014, .F. ) ;
#216 = FACE_OUTER_BOUND ( 'NONE', #4566, .T. ) ;
#217 = EDGE_CURVE ( 'NONE', #1257, #5403, #1438, .T. ) ;
#218 = CARTESIAN_POINT ( 'NONE',  ( -4.049999999999999822, 1.550000000000000044, 0.3250000000000000111 ) ) ;
#219 = EDGE_CURVE ( 'NONE', #533, #130, #5694, .T. ) ;
#220 = DIRECTION ( 'NONE',  ( 0.000000000000000000, -1.000000000000000000, 0.000000000000000000 ) ) ;
#221 = PLANE ( 'NONE',  #5605 ) ;
#222 = B_SPLINE_CURVE_WITH_KNOTS ( 'NONE', 5,
 ( #3369, #5226, #1068, #1007, #2432, #4289, #3403, #3892, #2072, #2919, #554, #4773, #1953, #159, #5257, #4712, #1092, #3923 ),
 .UNSPECIFIED., .F., .F.,
 ( 6, 4, 4, 4, 6 ),
 ( 0.000000000000000000, 0.2091574965710000233, 0.5758753595710000006, 0.8754470434309999938, 1.000000000000000000 ),
 .UNSPECIFIED. ) ;
#223 = ORIENTED_EDGE ( 'NONE', *, *, #150, .F. ) ;
#224 = CARTESIAN_POINT ( 'NONE',  ( -4.000000000000000000, -1.369668405625000140, 3.500000000000000000 ) ) ;
#225 = PLANE ( 'NONE',  #2900 ) ;
#226 = ORIENTED_EDGE ( 'NONE', *, *, #5970, .F. ) ;
#227 = EDGE_CURVE ( 'NONE', #1320, #5773, #1527, .T. ) ;
#228 = FACE_OUTER_BOUND ( 'NONE', #2426, .T. ) ;
#229 = CARTESIAN_POINT ( 'NONE',  ( 2.228499999999999925, 1.550000000000000044, 0.6690000000000000391 ) ) ;
#230 = EDGE_CURVE ( 'NONE', #73, #130, #1893, .T. ) ;
#231 = CARTESIAN_POINT ( 'NONE',  ( -4.021506749141999570, -1.408138539149000001, 3.254468194336999964 ) ) ;
#232 = CARTESIAN_POINT ( 'NONE',  ( -1.791414999999999980, -1.550000000000000044, 0.7982930000000000303 ) ) ;
#233 = EDGE_CURVE ( 'NONE', #1604, #3942, #5108, .T. ) ;
#234 = ORIENTED_EDGE ( 'NONE', *, *, #5871, .F. ) ;
#235 = VERTEX_POINT ( 'NONE', #4294 ) ;
#236 = VECTOR ( 'NONE', #4833, 1000.000000000000000 ) ;
#237 = PLANE ( 'NONE',  #3012 ) ;
#238 = VECTOR ( 'NONE', #1641, 1000.000000000000000 ) ;
#239 = LINE ( 'NONE', #5399, #1158 ) ;
#240 = DIRECTION ( 'NONE',  ( 0.000000000000000000, -2.299999999999999903E-16, -1.000000000000000000 ) ) ;
#241 = ORIENTED_EDGE ( 'NONE', *, *, #1753, .T. ) ;
#242 = ORIENTED_EDGE ( 'NONE', *, *, #5006, .T. ) ;
#243 = CARTESIAN_POINT ( 'NONE',  ( -1.791414999999999980, 2.000000000000000000, 0.7982930000000000303 ) ) ;
#244 = ORIENTED_EDGE ( 'NONE', *, *, #5843, .T. ) ;
#245 = LINE ( 'NONE', #3824, #1788 ) ;
#246 = ORIENTED_EDGE ( 'NONE', *, *, #2105, .T. ) ;
#247 = CARTESIAN_POINT ( 'NONE',  ( -1.791414999999999980, -1.550000000000000044, 0.6690000000000000391 ) ) ;
#248 = CARTESIAN_POINT ( 'NONE',  ( -3.863614994243000034, -1.515463044601999876, 3.261626352871999757 ) ) ;
#249 = CARTESIAN_POINT ( 'NONE',  ( 4.451598000000000610, -0.9499999999999999556, -0.6626299999999999413 ) ) ;
#250 = CARTESIAN_POINT ( 'NONE',  ( -3.984144000000000130, 1.517189772232999889, 3.648434999999999651 ) ) ;
#251 = DIRECTION ( 'NONE',  ( 0.000000000000000000, 1.000000000000000000, 0.000000000000000000 ) ) ;
#252 = DIRECTION ( 'NONE',  ( -1.000000000000000000, 0.000000000000000000, 0.000000000000000000 ) ) ;
#253 = ORIENTED_EDGE ( 'NONE', *, *, #5567, .T. ) ;
#254 = PLANE ( 'NONE',  #426 ) ;
#255 = DIRECTION ( 'NONE',  ( 1.000000000000000000, 0.000000000000000000, 0.000000000000000000 ) ) ;
#256 = EDGE_CURVE ( 'NONE', #2169, #2535, #1958, .T. ) ;
#257 = DIRECTION ( 'NONE',  ( -1.000000000000000000, 0.000000000000000000, 0.000000000000000000 ) ) ;
#258 = EDGE_LOOP ( 'NONE', ( #226, #2725, #5611, #4390, #1844, #48, #1973, #831, #311 ) ) ;
#259 = CARTESIAN_POINT ( 'NONE',  ( 1.791398999999999964, 2.000000000000000000, 0.2500269999999999992 ) ) ;
#260 = CARTESIAN_POINT ( 'NONE',  ( -4.025107760502001142, 1.447500099527000206, 3.246879739410000187 ) ) ;
#261 = ORIENTED_EDGE ( 'NONE', *, *, #4389, .F. ) ;
#262 = VERTEX_POINT ( 'NONE', #1012 ) ;
#263 = DIRECTION ( 'NONE',  ( 1.000000000000000000, 0.000000000000000000, 0.000000000000000000 ) ) ;
#264 = EDGE_CURVE ( 'NONE', #269, #4357, #3098, .T. ) ;
#265 = DIRECTION ( 'NONE',  ( 1.000000000000000000, 0.000000000000000000, 0.000000000000000000 ) ) ;
#266 = DIRECTION ( 'NONE',  ( 0.1022884097150042471, 0.9947547844760413760, 0.000000000000000000 ) ) ;
#267 = AXIS2_PLACEMENT_3D ( 'NONE', #4612, #3722, #51 ) ;
#268 = ORIENTED_EDGE ( 'NONE', *, *, #5048, .F. ) ;
#269 = VERTEX_POINT ( 'NONE', #3283 ) ;
#270 = CARTESIAN_POINT ( 'NONE',  ( 3.161627999999999883, 1.489999999999999991, 0.2000000000000000111 ) ) ;
#271 = PLANE ( 'NONE',  #1491 ) ;
#272 = LINE ( 'NONE', #330, #2106 ) ;
#273 = DIRECTION ( 'NONE',  ( 1.000000000000000000, 0.000000000000000000, 0.000000000000000000 ) ) ;
#274 = LINE ( 'NONE', #4011, #807 ) ;
#275 = CARTESIAN_POINT ( 'NONE',  ( -2.750000000000000000, 0.1499999999999999944, 0.2100000000000000200 ) ) ;
#276 = VECTOR ( 'NONE', #4159, 1000.000000000000000 ) ;
#277 = PLANE ( 'NONE',  #5823 ) ;
#278 = AXIS2_PLACEMENT_3D ( 'NONE', #5099, #3799, #4251 ) ;
#279 = LINE ( 'NONE', #2616, #3981 ) ;
#280 = AXIS2_PLACEMENT_3D ( 'NONE', #1843, #4523, #4555 ) ;
#281 = ORIENTED_EDGE ( 'NONE', *, *, #3260, .F. ) ;
#282 = LINE ( 'NONE', #1286, #3427 ) ;
#283 = PLANE ( 'NONE',  #878 ) ;
#284 = FACE_OUTER_BOUND ( 'NONE', #5564, .T. ) ;
#285 = AXIS2_PLACEMENT_3D ( 'NONE', #5738, #3353, #3298 ) ;
#286 = ORIENTED_EDGE ( 'NONE', *, *, #4417, .F. ) ;
#287 = EDGE_CURVE ( 'NONE', #3622, #4161, #3375, .T. ) ;
#288 = PLANE ( 'NONE',  #292 ) ;
#289 = ORIENTED_EDGE ( 'NONE', *, *, #4077, .F. ) ;
#290 = ORIENTED_EDGE ( 'NONE', *, *, #1229, .T. ) ;
#291 = VECTOR ( 'NONE', #1282, 1000.000000000000000 ) ;
#292 = AXIS2_PLACEMENT_3D ( 'NONE', #4905, #3411, #2928 ) ;
#293 = LINE ( 'NONE', #1601, #1369 ) ;
#294 = B_SPLINE_CURVE_WITH_KNOTS ( 'NONE', 6,
 ( #4009, #5406, #712, #4438, #3547, #4034, #5378, #2094, #2551, #4889, #1214, #2578 ),
 .UNSPECIFIED., .F., .F.,
 ( 7, 5, 7 ),
 ( 0.000000000000000000, 0.5831796168249999690, 1.000000000000000000 ),
 .UNSPECIFIED. ) ;
#295 =( GEOMETRIC_REPRESENTATION_CONTEXT ( 3 ) GLOBAL_UNCERTAINTY_ASSIGNED_CONTEXT ( ( #3680 ) ) GLOBAL_UNIT_ASSIGNED_CONTEXT ( ( #1151, #615, #5351 ) ) REPRESENTATION_CONTEXT ( 'NONE', 'WORKASPACE' ) );
#296 = SURFACE_STYLE_USAGE ( .BOTH. , #1571 ) ;
#297 = EDGE_CURVE ( 'NONE', #1084, #3689, #3498, .T. ) ;
#298 = CARTESIAN_POINT ( 'NONE',  ( 4.000000000000000000, 1.369668405625000140, 3.500000000000000000 ) ) ;
#299 = DIRECTION ( 'NONE',  ( 1.000000000000000000, 0.000000000000000000, 0.000000000000000000 ) ) ;
#300 = ORIENTED_EDGE ( 'NONE', *, *, #135, .T. ) ;
#301 = VERTEX_POINT ( 'NONE', #499 ) ;
#302 = CARTESIAN_POINT ( 'NONE',  ( -3.172874999999999890, 1.750000000000000000, 0.2500000000000000000 ) ) ;
#303 = VECTOR ( 'NONE', #4235, 1000.000000000000000 ) ;
#304 = DIRECTION ( 'NONE',  ( 1.000000000000000000, 0.000000000000000000, 0.000000000000000000 ) ) ;
#305 = EDGE_CURVE ( 'NONE', #5852, #354, #5337, .T. ) ;
#306 = LINE ( 'NONE', #5437, #761 ) ;
#307 = VECTOR ( 'NONE', #4997, 1000.000000000000000 ) ;
#308 = LINE ( 'NONE', #2155, #2407 ) ;
#309 = EDGE_LOOP ( 'NONE', ( #5481, #5313, #4768, #5228 ) ) ;
#310 = LINE ( 'NONE', #5867, #5632 ) ;
#311 = ORIENTED_EDGE ( 'NONE', *, *, #3114, .F. ) ;
#312 = DIRECTION ( 'NONE',  ( -0.000000000000000000, 1.000000000000000000, 0.000000000000000000 ) ) ;
#313 = ORIENTED_EDGE ( 'NONE', *, *, #1023, .F. ) ;
#314 = DIRECTION ( 'NONE',  ( 0.000000000000000000, -1.000000000000000000, 0.000000000000000000 ) ) ;
#315 = LINE ( 'NONE', #5448, #877 ) ;
#316 = ORIENTED_EDGE ( 'NONE', *, *, #5483, .F. ) ;
#317 = CARTESIAN_POINT ( 'NONE',  ( 4.011969606392999488, -1.486319999999999864, 3.499713292642999907 ) ) ;
#318 = CARTESIAN_POINT ( 'NONE',  ( 3.825400000000000134, 1.436262999999999845, 3.299491545218999899 ) ) ;
#319 = CARTESIAN_POINT ( 'NONE',  ( -4.011969606392999488, -1.486319999999999864, -0.2999999999999999889 ) ) ;
#320 = CARTESIAN_POINT ( 'NONE',  ( -2.217499999999999805, -1.525020244306000139, 0.2500269999999999992 ) ) ;
#321 = ORIENTED_EDGE ( 'NONE', *, *, #23, .F. ) ;
#322 = ORIENTED_EDGE ( 'NONE', *, *, #3816, .T. ) ;
#323 = CARTESIAN_POINT ( 'NONE',  ( -4.250000000000000000, -1.750000000000000000, 0.2000000000000000111 ) ) ;
#324 = EDGE_CURVE ( 'NONE', #503, #1429, #1041, .T. ) ;
#325 = CARTESIAN_POINT ( 'NONE',  ( -3.924999999999999822, 1.336263800002999824, 3.299999999999999822 ) ) ;
#326 = CARTESIAN_POINT ( 'NONE',  ( -3.924999999999999822, -1.536262199996999867, 3.231971245833999973 ) ) ;
#327 = CARTESIAN_POINT ( 'NONE',  ( -3.984144000000000130, 1.500000000000000000, 3.250000000000000000 ) ) ;
#328 = VERTEX_POINT ( 'NONE', #1985 ) ;
#329 = VERTEX_POINT ( 'NONE', #2887 ) ;
#330 = CARTESIAN_POINT ( 'NONE',  ( -4.250000000000000000, 1.750000000000000000, 0.7982930000000000303 ) ) ;
#331 = EDGE_CURVE ( 'NONE', #5810, #2090, #4104, .T. ) ;
#332 = VECTOR ( 'NONE', #1181, 1000.000000000000000 ) ;
#333 = ADVANCED_FACE ( 'NONE', ( #1197 ), #283, .F. ) ;
#334 = EDGE_CURVE ( 'NONE', #2805, #4486, #4928, .T. ) ;
#335 = CARTESIAN_POINT ( 'NONE',  ( -0.5666666666669999408, -0.4333333333330000037, 6.327372666667000267 ) ) ;
#336 = ORIENTED_EDGE ( 'NONE', *, *, #2732, .F. ) ;
#337 = DIRECTION ( 'NONE',  ( 0.000000000000000000, -1.000000000000000000, 0.000000000000000000 ) ) ;
#338 = ORIENTED_EDGE ( 'NONE', *, *, #4787, .T. ) ;
#339 = LINE ( 'NONE', #3153, #561 ) ;
#340 = VERTEX_POINT ( 'NONE', #3045 ) ;
#341 = CARTESIAN_POINT ( 'NONE',  ( -0.5441859999999999475, 1.750000000000000000, 0.7982930000000000303 ) ) ;
#342 = LINE ( 'NONE', #3590, #5826 ) ;
#343 = ORIENTED_EDGE ( 'NONE', *, *, #4497, .T. ) ;
#344 = CARTESIAN_POINT ( 'NONE',  ( -4.023581325558000188, -1.411690773069999905, 3.498891973764000074 ) ) ;
#345 = DIRECTION ( 'NONE',  ( 0.000000000000000000, -1.000000000000000000, 0.000000000000000000 ) ) ;
#346 = ORIENTED_EDGE ( 'NONE', *, *, #1591, .T. ) ;
#347 = DIRECTION ( 'NONE',  ( 0.000000000000000000, 1.000000000000000000, 0.000000000000000000 ) ) ;
#348 = EDGE_LOOP ( 'NONE', ( #2590, #129, #2966, #439 ) ) ;
#349 = ORIENTED_EDGE ( 'NONE', *, *, #143, .T. ) ;
#350 = DIRECTION ( 'NONE',  ( 0.000000000000000000, 0.000000000000000000, -1.000000000000000000 ) ) ;
#351 = DIRECTION ( 'NONE',  ( 0.000000000000000000, 0.000000000000000000, -1.000000000000000000 ) ) ;
#352 = CARTESIAN_POINT ( 'NONE',  ( 0.000000000000000000, 0.1499999999999999944, -3.195100000000000051 ) ) ;
#353 = ORIENTED_EDGE ( 'NONE', *, *, #4072, .F. ) ;
#354 = VERTEX_POINT ( 'NONE', #3898 ) ;
#355 = FACE_OUTER_BOUND ( 'NONE', #3030, .T. ) ;
#356 = CARTESIAN_POINT ( 'NONE',  ( 1.800000000000000044, -0.8249999999999999556, 3.299999999999999822 ) ) ;
#357 = B_SPLINE_CURVE_WITH_KNOTS ( 'NONE', 4,
 ( #3955, #3833, #5227, #5359, #3924, #2012, #2558, #1523 ),
 .UNSPECIFIED., .F., .F.,
 ( 5, 3, 5 ),
 ( 0.000000000000000000, 0.4772337917290000453, 1.000000000000000000 ),
 .UNSPECIFIED. ) ;
#358 = CYLINDRICAL_SURFACE ( 'NONE', #5523, 0.2500000000000000000 ) ;
#359 = EDGE_LOOP ( 'NONE', ( #3909, #1273, #2565, #2937 ) ) ;
#360 = EDGE_CURVE ( 'NONE', #3567, #3424, #2232, .T. ) ;
#361 = CARTESIAN_POINT ( 'NONE',  ( 1.800000000000000044, -0.8249999999999999556, 2.661262999999999934 ) ) ;
#362 = VERTEX_POINT ( 'NONE', #655 ) ;
#363 = ADVANCED_FACE ( 'NONE', ( #2499 ), #2619, .T. ) ;
#364 = CIRCLE ( 'NONE', #1336, 0.1250000000000001110 ) ;
#365 = CARTESIAN_POINT ( 'NONE',  ( 3.925399999999999778, 1.436262999999999845, 3.299999999999999822 ) ) ;
#366 = VERTEX_POINT ( 'NONE', #692 ) ;
#367 = LINE ( 'NONE', #2557, #579 ) ;
#368 = CARTESIAN_POINT ( 'NONE',  ( -4.049999999999999822, -1.425000000000000044, 3.174999999999999822 ) ) ;
#369 = EDGE_CURVE ( 'NONE', #1540, #4373, #3991, .T. ) ;
#370 = EDGE_CURVE ( 'NONE', #3092, #1790, #2016, .T. ) ;
#371 = ORIENTED_EDGE ( 'NONE', *, *, #331, .F. ) ;
#372 = LINE ( 'NONE', #1798, #2261 ) ;
#373 = EDGE_CURVE ( 'NONE', #4608, #109, #3958, .T. ) ;
#374 = VECTOR ( 'NONE', #1820, 1000.000000000000000 ) ;
#375 = VECTOR ( 'NONE', #3614, 1000.000000000000000 ) ;
#376 = DIRECTION ( 'NONE',  ( 0.000000000000000000, 0.000000000000000000, 1.000000000000000000 ) ) ;
#377 = VERTEX_POINT ( 'NONE', #1228 ) ;
#378 = ORIENTED_EDGE ( 'NONE', *, *, #5682, .T. ) ;
#379 = LINE ( 'NONE', #5511, #4575 ) ;
#380 = CIRCLE ( 'NONE', #1445, 0.2000000000000000944 ) ;
#381 = VECTOR ( 'NONE', #1782, 1000.000000000000000 ) ;
#382 = AXIS2_PLACEMENT_3D ( 'NONE', #3970, #1861, #2628 ) ;
#383 = CARTESIAN_POINT ( 'NONE',  ( -3.925399999999999778, -1.436262999999999845, 3.299999999999999822 ) ) ;
#384 = AXIS2_PLACEMENT_3D ( 'NONE', #46, #14, #1866 ) ;
#385 = CARTESIAN_POINT ( 'NONE',  ( -0.2500000000000000000, -0.7500000000000000000, 6.010705999999999882 ) ) ;
#386 = DIRECTION ( 'NONE',  ( 0.000000000000000000, 0.000000000000000000, -1.000000000000000000 ) ) ;
#387 = ORIENTED_EDGE ( 'NONE', *, *, #5256, .T. ) ;
#388 = ORIENTED_EDGE ( 'NONE', *, *, #4529, .T. ) ;
#389 = LINE ( 'NONE', #4977, #2425 ) ;
#390 = VECTOR ( 'NONE', #1334, 1000.000000000000000 ) ;
#391 = CARTESIAN_POINT ( 'NONE',  ( 4.025400000000000311, 1.445061541462000054, 3.498706332850999523 ) ) ;
#392 = VECTOR ( 'NONE', #4991, 1000.000000000000000 ) ;
#393 = VECTOR ( 'NONE', #5390, 1000.000000000000000 ) ;
#394 = ORIENTED_EDGE ( 'NONE', *, *, #1915, .T. ) ;
#395 = CYLINDRICAL_SURFACE ( 'NONE', #4739, 0.1250000000000001110 ) ;
#396 = ORIENTED_EDGE ( 'NONE', *, *, #1373, .T. ) ;
#397 = VECTOR ( 'NONE', #5488, 1000.000000000000000 ) ;
#398 = CARTESIAN_POINT ( 'NONE',  ( 1.730900000000000105, 1.550000000000000044, 0.7982930000000000303 ) ) ;
#399 = DIRECTION ( 'NONE',  ( 0.000000000000000000, 0.000000000000000000, -1.000000000000000000 ) ) ;
#400 = AXIS2_PLACEMENT_3D ( 'NONE', #3290, #5084, #1927 ) ;
#401 = DIRECTION ( 'NONE',  ( 0.000000000000000000, -1.000000000000000000, 2.200000000000000003E-16 ) ) ;
#402 = CIRCLE ( 'NONE', #3394, 0.1250000000000001110 ) ;
#403 = EDGE_CURVE ( 'NONE', #5350, #354, #3927, .T. ) ;
#404 = DIRECTION ( 'NONE',  ( -1.000000000000000000, 0.000000000000000000, 0.000000000000000000 ) ) ;
#405 = EDGE_CURVE ( 'NONE', #2222, #208, #5755, .T. ) ;
#406 = DIRECTION ( 'NONE',  ( 0.000000000000000000, 0.000000000000000000, 1.000000000000000000 ) ) ;
#407 = EDGE_LOOP ( 'NONE', ( #2531, #1055, #5342, #3320 ) ) ;
#408 = CARTESIAN_POINT ( 'NONE',  ( -3.826036300235000187, -1.425000000000000044, 3.299999999999999822 ) ) ;
#409 = LINE ( 'NONE', #1774, #1453 ) ;
#410 = EDGE_CURVE ( 'NONE', #1759, #2737, #2586, .T. ) ;
#411 = ORIENTED_EDGE ( 'NONE', *, *, #4350, .T. ) ;
#412 = ORIENTED_EDGE ( 'NONE', *, *, #5483, .T. ) ;
#413 = DIRECTION ( 'NONE',  ( -1.000000000000000000, 0.000000000000000000, 0.000000000000000000 ) ) ;
#414 = EDGE_CURVE ( 'NONE', #1688, #4161, #778, .T. ) ;
#415 = EDGE_CURVE ( 'NONE', #2750, #2592, #3864, .T. ) ;
#416 = CARTESIAN_POINT ( 'NONE',  ( -3.230900000000000105, 1.489999999999999991, 0.2000000000000000111 ) ) ;
#417 = VERTEX_POINT ( 'NONE', #2076 ) ;
#418 = VERTEX_POINT ( 'NONE', #3437 ) ;
#419 = CARTESIAN_POINT ( 'NONE',  ( 0.9676375000000000393, -1.750000000000000000, 1.641000000000000014 ) ) ;
#420 = DIRECTION ( 'NONE',  ( 0.000000000000000000, 0.000000000000000000, 1.000000000000000000 ) ) ;
#421 = ORIENTED_EDGE ( 'NONE', *, *, #2987, .T. ) ;
#422 = CARTESIAN_POINT ( 'NONE',  ( 3.924999999999999822, 1.425000000000000044, 0.2000000000000000111 ) ) ;
#423 = ORIENTED_EDGE ( 'NONE', *, *, #4855, .T. ) ;
#424 = DIRECTION ( 'NONE',  ( 0.000000000000000000, 0.000000000000000000, 1.000000000000000000 ) ) ;
#425 = LINE ( 'NONE', #482, #2523 ) ;
#426 = AXIS2_PLACEMENT_3D ( 'NONE', #3374, #5816, #1984 ) ;
#427 = B_SPLINE_CURVE_WITH_KNOTS ( 'NONE', 7,
 ( #4681, #520, #3337, #4413, #2095, #3008, #5218, #4736, #2429, #4798, #4862, #5193, #4287, #248, #2969, #1060, #3461, #2877, #5661, #4346, #3829, #1088, #1153, #1033, #5316, #580 ),
 .UNSPECIFIED., .F., .F.,
 ( 8, 6, 6, 6, 8 ),
 ( 0.000000000000000000, 0.1523904731680000013, 0.3321959127859999694, 0.7620035509889999670, 1.000000000000000000 ),
 .UNSPECIFIED. ) ;
#428 = DIRECTION ( 'NONE',  ( 1.000000000000000000, 0.000000000000000000, 0.000000000000000000 ) ) ;
#429 = AXIS2_PLACEMENT_3D ( 'NONE', #707, #5189, #57 ) ;
#430 = EDGE_LOOP ( 'NONE', ( #3537, #4933, #753, #4513 ) ) ;
#431 = CARTESIAN_POINT ( 'NONE',  ( -3.172874999999999890, -1.750000000000000000, 0.2500000000000000000 ) ) ;
#432 = FACE_OUTER_BOUND ( 'NONE', #2714, .T. ) ;
#433 = ORIENTED_EDGE ( 'NONE', *, *, #2216, .T. ) ;
#434 = CARTESIAN_POINT ( 'NONE',  ( -3.925399999999999778, -1.436262999999999845, 3.500000000000000000 ) ) ;
#435 = CIRCLE ( 'NONE', #3825, 0.2500000000000000000 ) ;
#436 = VERTEX_POINT ( 'NONE', #5291 ) ;
#437 = LINE ( 'NONE', #5569, #1651 ) ;
#438 = ORIENTED_EDGE ( 'NONE', *, *, #4572, .F. ) ;
#439 = ORIENTED_EDGE ( 'NONE', *, *, #5067, .F. ) ;
#440 = EDGE_CURVE ( 'NONE', #4420, #470, #1129, .T. ) ;
#441 = PLANE ( 'NONE',  #1564 ) ;
#442 = LINE ( 'NONE', #2284, #381 ) ;
#443 = LINE ( 'NONE', #4298, #4574 ) ;
#444 = ORIENTED_EDGE ( 'NONE', *, *, #3079, .T. ) ;
#445 = ORIENTED_EDGE ( 'NONE', *, *, #4153, .T. ) ;
#446 = LINE ( 'NONE', #2661, #397 ) ;
#447 = CARTESIAN_POINT ( 'NONE',  ( 4.250000000000000000, -1.486319999999999864, 3.250000000000000000 ) ) ;
#448 = EDGE_CURVE ( 'NONE', #2677, #3342, #2701, .T. ) ;
#449 = CARTESIAN_POINT ( 'NONE',  ( 3.838915121023999788, 1.487775655382999940, 3.283708205656999723 ) ) ;
#450 = EDGE_LOOP ( 'NONE', ( #1300, #5250, #5385, #168 ) ) ;
#451 = DIRECTION ( 'NONE',  ( 0.000000000000000000, 0.000000000000000000, 1.000000000000000000 ) ) ;
#452 = LINE ( 'NONE', #3178, #3287 ) ;
#453 = DIRECTION ( 'NONE',  ( -1.000000000000000000, 0.000000000000000000, 0.000000000000000000 ) ) ;
#454 = ORIENTED_EDGE ( 'NONE', *, *, #3735, .T. ) ;
#455 = CARTESIAN_POINT ( 'NONE',  ( -4.236450000000000493, 0.9499999999999999556, 0.2000000000000000111 ) ) ;
#456 = FACE_OUTER_BOUND ( 'NONE', #1690, .T. ) ;
#457 = VECTOR ( 'NONE', #1979, 1000.000000000000000 ) ;
#458 = ORIENTED_EDGE ( 'NONE', *, *, #2735, .T. ) ;
#459 = DIRECTION ( 'NONE',  ( -0.000000000000000000, -0.000000000000000000, -1.000000000000000000 ) ) ;
#460 = LINE ( 'NONE', #2825, #955 ) ;
#461 = CARTESIAN_POINT ( 'NONE',  ( 4.250000000000000000, -1.550000000000000044, 0.7982930000000000303 ) ) ;
#462 = VERTEX_POINT ( 'NONE', #4422 ) ;
#463 = VERTEX_POINT ( 'NONE', #4395 ) ;
#464 = DIRECTION ( 'NONE',  ( 1.000000000000000000, 0.000000000000000000, 0.000000000000000000 ) ) ;
#465 = CIRCLE ( 'NONE', #5420, 0.1101226010589999166 ) ;
#466 = EDGE_CURVE ( 'NONE', #1703, #5742, #4170, .T. ) ;
#467 = DIRECTION ( 'NONE',  ( 1.000000000000000000, 0.000000000000000000, 0.000000000000000000 ) ) ;
#468 = CARTESIAN_POINT ( 'NONE',  ( -4.049999999999999822, -1.550000000000000044, 0.2000000000000000111 ) ) ;
#469 = EDGE_LOOP ( 'NONE', ( #241, #3713, #5063, #3551 ) ) ;
#470 = VERTEX_POINT ( 'NONE', #1656 ) ;
#471 = VECTOR ( 'NONE', #5687, 1000.000000000000000 ) ;
#472 = AXIS2_PLACEMENT_3D ( 'NONE', #3326, #5120, #4240 ) ;
#473 = CARTESIAN_POINT ( 'NONE',  ( -4.250000000000000000, 1.750000000000000000, 0.7982930000000000303 ) ) ;
#474 = DIRECTION ( 'NONE',  ( 1.000000000000000000, 0.000000000000000000, 0.000000000000000000 ) ) ;
#475 = VECTOR ( 'NONE', #2043, 1000.000000000000000 ) ;
#476 = CIRCLE ( 'NONE', #1262, 0.2500000000000000000 ) ;
#477 = EDGE_CURVE ( 'NONE', #818, #873, #5362, .T. ) ;
#478 = CARTESIAN_POINT ( 'NONE',  ( 3.825400000000000134, 1.441361728595000002, 3.299030253008000013 ) ) ;
#479 = VERTEX_POINT ( 'NONE', #5936 ) ;
#480 = ADVANCED_FACE ( 'NONE', ( #4537 ), #5540, .T. ) ;
#481 = DIRECTION ( 'NONE',  ( -1.000000000000000000, 0.000000000000000000, 0.000000000000000000 ) ) ;
#482 = CARTESIAN_POINT ( 'NONE',  ( 0.000000000000000000, 1.650500000000000078, 0.7075000000000000178 ) ) ;
#483 = EDGE_CURVE ( 'NONE', #4591, #2792, #4355, .T. ) ;
#484 = AXIS2_PLACEMENT_3D ( 'NONE', #4806, #3471, #1164 ) ;
#485 = CARTESIAN_POINT ( 'NONE',  ( 4.014119561368000966, -1.389590408937999788, 3.262782584527999852 ) ) ;
#487 = VERTEX_POINT ( 'NONE', #2167 ) ;
#486 = AXIS2_PLACEMENT_3D ( 'NONE', #5317, #2490, #2943 ) ;
#488 = LINE ( 'NONE', #3730, #4469 ) ;
#489 = CARTESIAN_POINT ( 'NONE',  ( 1.800000000000000044, 0.8249999999999999556, 2.661262999999999934 ) ) ;
#490 = ORIENTED_EDGE ( 'NONE', *, *, #2069, .T. ) ;
#491 = FACE_OUTER_BOUND ( 'NONE', #2543, .T. ) ;
#492 = DIRECTION ( 'NONE',  ( 0.000000000000000000, -1.000000000000000000, 2.200000000000000003E-16 ) ) ;
#493 = AXIS2_PLACEMENT_3D ( 'NONE', #1136, #1204, #4430 ) ;
#494 = CARTESIAN_POINT ( 'NONE',  ( -3.936829623545000434, 1.336216481129999911, 3.299999999999999822 ) ) ;
#495 = CARTESIAN_POINT ( 'NONE',  ( -2.217499999999999805, 1.000000000000000000, 0.2500269999999999992 ) ) ;
#496 = EDGE_LOOP ( 'NONE', ( #5525, #1010, #5397, #4679, #5692, #5195, #2045, #1918 ) ) ;
#497 = ORIENTED_EDGE ( 'NONE', *, *, #1449, .T. ) ;
#498 = LINE ( 'NONE', #4747, #4962 ) ;
#499 = CARTESIAN_POINT ( 'NONE',  ( -1.791414999999999980, 1.750000000000000000, 0.2500269999999999992 ) ) ;
#500 = CYLINDRICAL_SURFACE ( 'NONE', #5132, 0.2000000000000000944 ) ;
#501 = CARTESIAN_POINT ( 'NONE',  ( 3.970373759823999649, 1.345174679084000235, 3.292757086382000153 ) ) ;
#502 = ORIENTED_EDGE ( 'NONE', *, *, #1260, .T. ) ;
#503 = VERTEX_POINT ( 'NONE', #4021 ) ;
#504 = DIRECTION ( 'NONE',  ( 1.000000000000000000, 0.000000000000000000, 0.000000000000000000 ) ) ;
#505 = CIRCLE ( 'NONE', #2345, 0.1250000000000001110 ) ;
#506 = DIRECTION ( 'NONE',  ( 0.000000000000000000, 1.000000000000000000, -2.200000000000000003E-16 ) ) ;
#507 = CARTESIAN_POINT ( 'NONE',  ( -3.936077135320999787, -1.536249565899000080, 3.497357977745000124 ) ) ;
#508 = CARTESIAN_POINT ( 'NONE',  ( 1.800000000000000044, -0.8249999999999999556, 2.661262999999999934 ) ) ;
#509 = VERTEX_POINT ( 'NONE', #5505 ) ;
#510 = DIRECTION ( 'NONE',  ( 0.000000000000000000, 0.000000000000000000, -1.000000000000000000 ) ) ;
#511 = CARTESIAN_POINT ( 'NONE',  ( -4.000000000000000000, -1.750000000000000000, 3.250000000000000000 ) ) ;
#512 = EDGE_CURVE ( 'NONE', #705, #4057, #4964, .T. ) ;
#513 = EDGE_CURVE ( 'NONE', #5366, #769, #809, .T. ) ;
#514 = CARTESIAN_POINT ( 'NONE',  ( 4.021506749142999659, -1.408138539151000179, 3.254468194335999875 ) ) ;
#515 = EDGE_CURVE ( 'NONE', #4784, #3341, #5729, .T. ) ;
#516 = EDGE_CURVE ( 'NONE', #4968, #2632, #5904, .T. ) ;
#517 = ORIENTED_EDGE ( 'NONE', *, *, #3359, .T. ) ;
#518 = CARTESIAN_POINT ( 'NONE',  ( 1.791398999999999964, 2.000000000000000000, 0.2500269999999999992 ) ) ;
#519 = VECTOR ( 'NONE', #2824, 1000.000000000000000 ) ;
#520 = CARTESIAN_POINT ( 'NONE',  ( -3.920920838333999736, -1.536245907696999868, 3.232003063942999965 ) ) ;
#521 = CARTESIAN_POINT ( 'NONE',  ( 3.750000000000000000, -1.574999999999999956, 0.7982930000000000303 ) ) ;
#522 = CARTESIAN_POINT ( 'NONE',  ( -4.250000000000000000, 1.486319999999999864, 0.7982930000000000303 ) ) ;
#523 = VECTOR ( 'NONE', #1117, 1000.000000000000000 ) ;
#524 = FACE_OUTER_BOUND ( 'NONE', #112, .T. ) ;
#525 = DIRECTION ( 'NONE',  ( -1.000000000000000000, 0.000000000000000000, 0.000000000000000000 ) ) ;
#526 = VERTEX_POINT ( 'NONE', #4571 ) ;
#527 = ORIENTED_EDGE ( 'NONE', *, *, #5595, .T. ) ;
#528 = DIRECTION ( 'NONE',  ( 0.000000000000000000, 1.000000000000000000, 0.000000000000000000 ) ) ;
#529 = VERTEX_POINT ( 'NONE', #1773 ) ;
#530 = DIRECTION ( 'NONE',  ( 0.000000000000000000, -1.000000000000000000, 2.200000000000000003E-16 ) ) ;
#531 = CARTESIAN_POINT ( 'NONE',  ( 3.990656745882999790, 1.358783255485999986, 3.282301465090999848 ) ) ;
#532 = ORIENTED_EDGE ( 'NONE', *, *, #558, .T. ) ;
#533 = VERTEX_POINT ( 'NONE', #3618 ) ;
#534 = DIRECTION ( 'NONE',  ( -0.000000000000000000, 1.000000000000000000, 0.000000000000000000 ) ) ;
#535 = LINE ( 'NONE', #1900, #3752 ) ;
#536 = CARTESIAN_POINT ( 'NONE',  ( -4.000000000000000000, -1.399999999999999911, 0.7982930000000000303 ) ) ;
#537 = DIRECTION ( 'NONE',  ( 1.000000000000000000, 0.000000000000000000, 0.000000000000000000 ) ) ;
#538 = ORIENTED_EDGE ( 'NONE', *, *, #1064, .T. ) ;
#539 = CARTESIAN_POINT ( 'NONE',  ( 4.049999999999999822, -1.425000000000000044, 3.174999999999999822 ) ) ;
#540 = LINE ( 'NONE', #2514, #5727 ) ;
#541 = DIRECTION ( 'NONE',  ( 0.000000000000000000, 0.000000000000000000, 1.000000000000000000 ) ) ;
#542 = EDGE_CURVE ( 'NONE', #4599, #2535, #380, .T. ) ;
#543 = EDGE_LOOP ( 'NONE', ( #2645, #2087, #2463, #3218, #5675, #5992, #3895, #1243 ) ) ;
#544 = CARTESIAN_POINT ( 'NONE',  ( -4.049999999999999822, 1.550000000000000044, 0.2000000000000000111 ) ) ;
#545 = ADVANCED_FACE ( 'NONE', ( #4109 ), #5963, .T. ) ;
#546 = CARTESIAN_POINT ( 'NONE',  ( -3.172874999999999890, 1.500000000000000000, 0.2500000000000000000 ) ) ;
#547 = CARTESIAN_POINT ( 'NONE',  ( 4.049999999999999822, 1.750000000000000000, 0.7982930000000000303 ) ) ;
#548 = ADVANCED_BREP_SHAPE_REPRESENTATION ( 'Slide Switch', ( #1027, #958 ), #295 ) ;
#549 = CARTESIAN_POINT ( 'NONE',  ( 3.868578711117999891, -1.520642917159999996, 3.499422101418999898 ) ) ;
#550 = CARTESIAN_POINT ( 'NONE',  ( -4.250000000000000000, 1.750000000000000000, 0.7982930000000000303 ) ) ;
#551 = EDGE_CURVE ( 'NONE', #4870, #4038, #1493, .T. ) ;
#552 = EDGE_CURVE ( 'NONE', #2918, #1257, #5623, .T. ) ;
#553 = VECTOR ( 'NONE', #1231, 1000.000000000000000 ) ;
#554 = CARTESIAN_POINT ( 'NONE',  ( -3.941227157471000275, 1.535088545280000050, 3.232089300631000306 ) ) ;
#555 = DIRECTION ( 'NONE',  ( 1.000000000000000000, 0.000000000000000000, 0.000000000000000000 ) ) ;
#556 = ORIENTED_EDGE ( 'NONE', *, *, #5293, .F. ) ;
#557 = ORIENTED_EDGE ( 'NONE', *, *, #2379, .T. ) ;
#558 = EDGE_CURVE ( 'NONE', #2805, #945, #460, .T. ) ;
#559 = CARTESIAN_POINT ( 'NONE',  ( 3.161627999999999883, 1.489999999999999991, 0.4337095000000000256 ) ) ;
#560 = CARTESIAN_POINT ( 'NONE',  ( -3.024999999999999911, 0.8249999999999999556, 3.500000000000000000 ) ) ;
#561 = VECTOR ( 'NONE', #2189, 1000.000000000000000 ) ;
#562 = ORIENTED_EDGE ( 'NONE', *, *, #2190, .F. ) ;
#563 = CARTESIAN_POINT ( 'NONE',  ( 3.889674776993000016, -1.529825588358000088, 3.243179937724999906 ) ) ;
#564 = CARTESIAN_POINT ( 'NONE',  ( 4.011741103575999112, 1.385436141890000084, 3.265118614530000407 ) ) ;
#565 = ORIENTED_EDGE ( 'NONE', *, *, #1925, .F. ) ;
#566 = ORIENTED_EDGE ( 'NONE', *, *, #4896, .F. ) ;
#567 = LINE ( 'NONE', #1506, #1072 ) ;
#568 = CARTESIAN_POINT ( 'NONE',  ( -4.250000000000000000, -1.486319999999999864, 0.7982930000000000303 ) ) ;
#569 = AXIS2_PLACEMENT_3D ( 'NONE', #937, #4649, #2396 ) ;
#570 = CARTESIAN_POINT ( 'NONE',  ( 1.791398999999999964, -1.550000000000000044, 0.7982930000000000303 ) ) ;
#571 = VECTOR ( 'NONE', #800, 1000.000000000000000 ) ;
#572 = LINE ( 'NONE', #1021, #1647 ) ;
#573 = VERTEX_POINT ( 'NONE', #582 ) ;
#574 = DIRECTION ( 'NONE',  ( 1.000000000000000000, 0.000000000000000000, 0.000000000000000000 ) ) ;
#575 = CARTESIAN_POINT ( 'NONE',  ( -2.750000000000000000, 0.9499999999999999556, 0.2000000000000000111 ) ) ;
#576 = ORIENTED_EDGE ( 'NONE', *, *, #4820, .F. ) ;
#577 = CARTESIAN_POINT ( 'NONE',  ( 3.848344209621000100, 1.500000000000000000, 3.500000000000000000 ) ) ;
#578 = CARTESIAN_POINT ( 'NONE',  ( -3.912921632551999984, 1.535640494107999965, 3.233184741356000202 ) ) ;
#579 = VECTOR ( 'NONE', #2163, 1000.000000000000000 ) ;
#580 = CARTESIAN_POINT ( 'NONE',  ( -3.825400000000000134, -1.436262999999999845, 3.299491545218999899 ) ) ;
#581 = AXIS2_PLACEMENT_3D ( 'NONE', #1468, #100, #525 ) ;
#582 = CARTESIAN_POINT ( 'NONE',  ( -4.049999999999999822, -1.425000000000000044, 0.7982930000000000303 ) ) ;
#583 = EDGE_CURVE ( 'NONE', #4445, #5350, #4163, .T. ) ;
#584 = VECTOR ( 'NONE', #3529, 1000.000000000000000 ) ;
#585 = ADVANCED_FACE ( 'NONE', ( #2879 ), #2307, .F. ) ;
#586 = CIRCLE ( 'NONE', #2423, 0.1250000000000001110 ) ;
#587 = EDGE_CURVE ( 'NONE', #262, #4260, #97, .T. ) ;
#588 = DIRECTION ( 'NONE',  ( 0.000000000000000000, 1.200000000000000024E-16, 1.000000000000000000 ) ) ;
#589 = FACE_OUTER_BOUND ( 'NONE', #5881, .T. ) ;
#590 = EDGE_LOOP ( 'NONE', ( #1955, #865, #3207, #253 ) ) ;
#591 = VERTEX_POINT ( 'NONE', #2853 ) ;
#592 = CIRCLE ( 'NONE', #5445, 0.1250000000000001110 ) ;
#593 = FACE_OUTER_BOUND ( 'NONE', #2118, .T. ) ;
#594 = DIRECTION ( 'NONE',  ( 1.000000000000000000, 0.000000000000000000, 0.000000000000000000 ) ) ;
#595 = EDGE_CURVE ( 'NONE', #3281, #377, #3241, .T. ) ;
#596 = EDGE_CURVE ( 'NONE', #4751, #5022, #3766, .T. ) ;
#597 = CIRCLE ( 'NONE', #108, 0.1250000000000001110 ) ;
#598 = ORIENTED_EDGE ( 'NONE', *, *, #1223, .T. ) ;
#599 = EDGE_CURVE ( 'NONE', #5094, #4601, #3706, .T. ) ;
#600 = ADVANCED_FACE ( 'NONE', ( #3274 ), #1978, .T. ) ;
#601 = LINE ( 'NONE', #4692, #3186 ) ;
#602 = FACE_OUTER_BOUND ( 'NONE', #2860, .T. ) ;
#603 = VERTEX_POINT ( 'NONE', #62 ) ;
#604 = ORIENTED_EDGE ( 'NONE', *, *, #599, .F. ) ;
#605 = CARTESIAN_POINT ( 'NONE',  ( 1.800000000000000044, 0.8249999999999999556, 3.500000000000000000 ) ) ;
#606 = DIRECTION ( 'NONE',  ( -1.000000000000000000, 0.000000000000000000, 0.000000000000000000 ) ) ;
#607 = EDGE_CURVE ( 'NONE', #3820, #5332, #1401, .T. ) ;
#608 = DIRECTION ( 'NONE',  ( 0.000000000000000000, 0.000000000000000000, 1.000000000000000000 ) ) ;
#609 = CARTESIAN_POINT ( 'NONE',  ( -3.740450000000000053, 1.489999999999999991, 0.2000000000000000111 ) ) ;
#610 = ORIENTED_EDGE ( 'NONE', *, *, #4538, .T. ) ;
#611 = CARTESIAN_POINT ( 'NONE',  ( -4.049999999999999822, -1.550000000000000044, 0.2000000000000000111 ) ) ;
#612 = DIRECTION ( 'NONE',  ( 0.000000000000000000, -2.200000000000000003E-16, -1.000000000000000000 ) ) ;
#613 = ORIENTED_EDGE ( 'NONE', *, *, #4530, .F. ) ;
#614 = CARTESIAN_POINT ( 'NONE',  ( -0.2500000000000000000, -0.7500000000000000000, 3.285203000000000095 ) ) ;
#615 =( NAMED_UNIT ( * ) PLANE_ANGLE_UNIT ( ) SI_UNIT ( $, .RADIAN. ) );
#616 = CARTESIAN_POINT ( 'NONE',  ( -3.849507433863000205, 1.502719201952000150, 3.273733093024000063 ) ) ;
#617 = CARTESIAN_POINT ( 'NONE',  ( -2.217499999999999805, 1.425000000000000044, 0.3250000000000000111 ) ) ;
#618 = PLANE ( 'NONE',  #5911 ) ;
#619 = CARTESIAN_POINT ( 'NONE',  ( -4.250000000000000000, -1.750000000000000000, 0.2000000000000000111 ) ) ;
#620 = APPLICATION_CONTEXT ( 'automotive_design' ) ;
#621 = CARTESIAN_POINT ( 'NONE',  ( -4.016305637535999118, 1.393941511028000013, 3.260496662946999802 ) ) ;
#622 = FACE_OUTER_BOUND ( 'NONE', #2569, .T. ) ;
#623 = VERTEX_POINT ( 'NONE', #522 ) ;
#624 = ORIENTED_EDGE ( 'NONE', *, *, #331, .T. ) ;
#625 = CARTESIAN_POINT ( 'NONE',  ( 4.049999999999999822, 1.750000000000000000, 0.7982930000000000303 ) ) ;
#626 = CARTESIAN_POINT ( 'NONE',  ( -3.966397840716000101, -1.528446571603999882, 3.233222305776000116 ) ) ;
#627 = VECTOR ( 'NONE', #1526, 1000.000000000000000 ) ;
#628 = EDGE_CURVE ( 'NONE', #3182, #1616, #941, .T. ) ;
#629 = CARTESIAN_POINT ( 'NONE',  ( -4.049999999999999822, -1.550000000000000044, 0.3250000000000000111 ) ) ;
#630 = CARTESIAN_POINT ( 'NONE',  ( -2.250000000000000000, 0.9499999999999999556, 0.2000000000000000111 ) ) ;
#631 = ORIENTED_EDGE ( 'NONE', *, *, #1268, .F. ) ;
#632 = VERTEX_POINT ( 'NONE', #1062 ) ;
#633 = PLANE ( 'NONE',  #4661 ) ;
#634 = CARTESIAN_POINT ( 'NONE',  ( 3.925399999999999778, 1.436262999999999845, -0.2999999999999999889 ) ) ;
#635 = EDGE_CURVE ( 'NONE', #4854, #208, #1950, .T. ) ;
#636 = LINE ( 'NONE', #145, #3767 ) ;
#637 = ORIENTED_EDGE ( 'NONE', *, *, #5301, .F. ) ;
#638 = FACE_OUTER_BOUND ( 'NONE', #2014, .T. ) ;
#639 = CARTESIAN_POINT ( 'NONE',  ( -2.218206999999999596, 0.9499999999999999556, 0.2000000000000000111 ) ) ;
#640 = ORIENTED_EDGE ( 'NONE', *, *, #1449, .F. ) ;
#641 = EDGE_CURVE ( 'NONE', #5852, #329, #2342, .T. ) ;
#642 = LINE ( 'NONE', #5004, #1494 ) ;
#643 = ADVANCED_FACE ( 'NONE', ( #1465 ), #5135, .F. ) ;
#644 = ORIENTED_EDGE ( 'NONE', *, *, #5411, .T. ) ;
#645 = LINE ( 'NONE', #2004, #4837 ) ;
#646 = CARTESIAN_POINT ( 'NONE',  ( -3.827212095255000168, 1.456533634686999923, 3.296176428594000285 ) ) ;
#647 = DIRECTION ( 'NONE',  ( 0.000000000000000000, 0.000000000000000000, 1.000000000000000000 ) ) ;
#648 = DIRECTION ( 'NONE',  ( 0.000000000000000000, 0.000000000000000000, 1.000000000000000000 ) ) ;
#649 = PLANE ( 'NONE',  #938 ) ;
#650 = CARTESIAN_POINT ( 'NONE',  ( -3.925399999999999778, 1.436262999999999845, 3.500000000000000000 ) ) ;
#651 = DIRECTION ( 'NONE',  ( 1.000000000000000000, 0.000000000000000000, 0.000000000000000000 ) ) ;
#652 = ORIENTED_EDGE ( 'NONE', *, *, #233, .T. ) ;
#653 = VERTEX_POINT ( 'NONE', #1004 ) ;
#654 = DIRECTION ( 'NONE',  ( -0.9947547844760413760, 0.1022884097150042471, 0.000000000000000000 ) ) ;
#655 = CARTESIAN_POINT ( 'NONE',  ( 3.984144000000000130, -1.750000000000000000, 0.7982930000000000303 ) ) ;
#656 = VECTOR ( 'NONE', #1387, 1000.000000000000000 ) ;
#657 = ORIENTED_EDGE ( 'NONE', *, *, #3519, .T. ) ;
#658 = CARTESIAN_POINT ( 'NONE',  ( -4.024763699764998925, -1.425000000000000044, 3.250314037264999900 ) ) ;
#659 = LINE ( 'NONE', #3869, #5127 ) ;
#660 = EDGE_LOOP ( 'NONE', ( #598, #5940, #3791, #3662 ) ) ;
#661 = ORIENTED_EDGE ( 'NONE', *, *, #2873, .F. ) ;
#662 = LINE ( 'NONE', #5763, #1851 ) ;
#663 = AXIS2_PLACEMENT_3D ( 'NONE', #1337, #853, #3127 ) ;
#664 = EDGE_CURVE ( 'NONE', #3567, #4512, #4710, .T. ) ;
#665 = EDGE_CURVE ( 'NONE', #4854, #1070, #5326, .T. ) ;
#666 = DIRECTION ( 'NONE',  ( 0.000000000000000000, -2.299999999999999903E-16, -1.000000000000000000 ) ) ;
#667 = EDGE_LOOP ( 'NONE', ( #5861, #1144, #2667, #1864, #1252, #5732, #2749, #4841 ) ) ;
#668 = EDGE_LOOP ( 'NONE', ( #4923, #4342, #2152, #2874 ) ) ;
#669 = DIRECTION ( 'NONE',  ( 0.000000000000000000, 0.000000000000000000, -1.000000000000000000 ) ) ;
#670 = FACE_OUTER_BOUND ( 'NONE', #5159, .T. ) ;
#671 = CARTESIAN_POINT ( 'NONE',  ( -3.924999999999999822, -1.425000000000000044, 0.7982930000000000303 ) ) ;
#672 = VERTEX_POINT ( 'NONE', #1156 ) ;
#673 = DIRECTION ( 'NONE',  ( 0.9947547844760413760, -0.1022884097150042471, -2.000000000000085808E-17 ) ) ;
#674 = PRODUCT_RELATED_PRODUCT_CATEGORY ( 'part', '', ( #5237 ) ) ;
#675 = EDGE_CURVE ( 'NONE', #1435, #2056, #1551, .T. ) ;
#676 = ORIENTED_EDGE ( 'NONE', *, *, #989, .F. ) ;
#677 = EDGE_CURVE ( 'NONE', #3720, #4569, #3950, .T. ) ;
#678 = CARTESIAN_POINT ( 'NONE',  ( -4.250000000000000000, -1.750000000000000000, 0.2500000000000000000 ) ) ;
#679 = DIRECTION ( 'NONE',  ( 0.000000000000000000, -1.000000000000000000, 0.000000000000000000 ) ) ;
#680 = AXIS2_PLACEMENT_3D ( 'NONE', #4834, #2534, #2561 ) ;
#681 = VECTOR ( 'NONE', #4881, 1000.000000000000000 ) ;
#682 = DIRECTION ( 'NONE',  ( 0.1022884097150042471, -0.9947547844760413760, 0.000000000000000000 ) ) ;
#683 = FACE_OUTER_BOUND ( 'NONE', #2140, .T. ) ;
#684 = CIRCLE ( 'NONE', #4858, 0.2000000000000000944 ) ;
#685 = ADVANCED_FACE ( 'NONE', ( #4826 ), #4864, .F. ) ;
#686 = EDGE_CURVE ( 'NONE', #3414, #1814, #5355, .T. ) ;
#687 = AXIS2_PLACEMENT_3D ( 'NONE', #5880, #834, #5906 ) ;
#688 = CARTESIAN_POINT ( 'NONE',  ( -4.020020426449000261, 1.403220536090000081, 3.256276370864999770 ) ) ;
#689 = DIRECTION ( 'NONE',  ( 0.000000000000000000, 1.000000000000000000, 0.000000000000000000 ) ) ;
#690 = ORIENTED_EDGE ( 'NONE', *, *, #5490, .T. ) ;
#691 = DIRECTION ( 'NONE',  ( 0.000000000000000000, 0.000000000000000000, 1.000000000000000000 ) ) ;
#692 = CARTESIAN_POINT ( 'NONE',  ( -3.230900000000000105, 1.550000000000000044, 0.7982930000000000303 ) ) ;
#693 = VECTOR ( 'NONE', #2786, 1000.000000000000000 ) ;
#694 = VECTOR ( 'NONE', #1335, 1000.000000000000000 ) ;
#695 = ORIENTED_EDGE ( 'NONE', *, *, #4965, .T. ) ;
#696 = DIRECTION ( 'NONE',  ( 0.000000000000000000, 1.000000000000000000, -2.299999999999999903E-16 ) ) ;
#697 = CARTESIAN_POINT ( 'NONE',  ( 3.230900000000000105, -1.489999999999999991, 0.2000000000000000111 ) ) ;
#698 = ORIENTED_EDGE ( 'NONE', *, *, #5938, .T. ) ;
#699 = ORIENTED_EDGE ( 'NONE', *, *, #2843, .F. ) ;
#700 = VECTOR ( 'NONE', #2748, 1000.000000000000000 ) ;
#701 = DIRECTION ( 'NONE',  ( 1.000000000000000000, 0.000000000000000000, 0.000000000000000000 ) ) ;
#702 = AXIS2_PLACEMENT_3D ( 'NONE', #4946, #5436, #3120 ) ;
#703 = DIRECTION ( 'NONE',  ( 0.000000000000000000, 1.000000000000000000, 0.000000000000000000 ) ) ;
#704 = DIRECTION ( 'NONE',  ( 0.000000000000000000, 1.000000000000000000, -2.299999999999999903E-16 ) ) ;
#705 = VERTEX_POINT ( 'NONE', #1089 ) ;
#706 = ORIENTED_EDGE ( 'NONE', *, *, #154, .F. ) ;
#707 = CARTESIAN_POINT ( 'NONE',  ( 3.924999999999999822, -1.550000000000000044, 3.174999999999999822 ) ) ;
#708 = ORIENTED_EDGE ( 'NONE', *, *, #4454, .F. ) ;
#709 = CARTESIAN_POINT ( 'NONE',  ( -2.218206999999999596, -1.525020244306000139, 0.2500269999999999992 ) ) ;
#710 = ORIENTED_EDGE ( 'NONE', *, *, #3355, .T. ) ;
#711 = CARTESIAN_POINT ( 'NONE',  ( -4.049999999999999822, 1.425000000000000044, 0.3250000000000000111 ) ) ;
#712 = CARTESIAN_POINT ( 'NONE',  ( 4.014678137882000009, -1.388652331402999929, 3.499699877615999988 ) ) ;
#713 = EDGE_CURVE ( 'NONE', #762, #5204, #1122, .T. ) ;
#714 = CARTESIAN_POINT ( 'NONE',  ( -3.825400000000000134, 1.436262999999999845, 3.500000000000000000 ) ) ;
#715 = DIRECTION ( 'NONE',  ( 0.000000000000000000, 0.000000000000000000, -1.000000000000000000 ) ) ;
#716 = CARTESIAN_POINT ( 'NONE',  ( -3.172874999999999890, -1.550000000000000044, 0.3250000000000000111 ) ) ;
#717 = VECTOR ( 'NONE', #1248, 1000.000000000000000 ) ;
#718 = EDGE_CURVE ( 'NONE', #5270, #5742, #4799, .T. ) ;
#719 = ADVANCED_FACE ( 'NONE', ( #2039 ), #3399, .T. ) ;
#720 = ORIENTED_EDGE ( 'NONE', *, *, #410, .T. ) ;
#721 = CARTESIAN_POINT ( 'NONE',  ( -4.250000000000000000, -1.750000000000000000, 0.000000000000000000 ) ) ;
#722 = DIRECTION ( 'NONE',  ( 1.000000000000000000, 0.000000000000000000, 0.000000000000000000 ) ) ;
#723 = ORIENTED_EDGE ( 'NONE', *, *, #2079, .T. ) ;
#724 = CARTESIAN_POINT ( 'NONE',  ( -3.172874999999999890, -0.9499999999999999556, -0.4726099999999999746 ) ) ;
#725 = DIRECTION ( 'NONE',  ( 0.000000000000000000, 0.000000000000000000, 1.000000000000000000 ) ) ;
#726 = LINE ( 'NONE', #3929, #4440 ) ;
#727 = VERTEX_POINT ( 'NONE', #2525 ) ;
#728 = CARTESIAN_POINT ( 'NONE',  ( -4.011741103576999201, -1.385436141890999950, 3.265118614529000318 ) ) ;
#729 = CARTESIAN_POINT ( 'NONE',  ( -4.025365217978000842, 1.432119516068000031, 3.249240045271000188 ) ) ;
#730 = ORIENTED_EDGE ( 'NONE', *, *, #104, .F. ) ;
#731 = VERTEX_POINT ( 'NONE', #1581 ) ;
#732 = AXIS2_PLACEMENT_3D ( 'NONE', #1685, #749, #2166 ) ;
#733 = DIRECTION ( 'NONE',  ( 1.000000000000000000, -6.000000000000000121E-17, 0.000000000000000000 ) ) ;
#734 = CIRCLE ( 'NONE', #4890, 0.1250000000000001110 ) ;
#735 = CARTESIAN_POINT ( 'NONE',  ( 1.730900000000000105, 1.489999999999999991, 0.06912600000000000688 ) ) ;
#736 = CARTESIAN_POINT ( 'NONE',  ( 3.965928812713999996, 1.527836401939999922, 3.233334924709999836 ) ) ;
#737 = EDGE_LOOP ( 'NONE', ( #2796, #3642, #841, #1135, #4229, #5887 ) ) ;
#738 = ORIENTED_EDGE ( 'NONE', *, *, #854, .F. ) ;
#739 = CARTESIAN_POINT ( 'NONE',  ( 3.161627999999999883, 0.1250000000000000000, 0.000000000000000000 ) ) ;
#740 = CARTESIAN_POINT ( 'NONE',  ( 4.016288849478000245, 1.478850212081999960, 3.499506256650000147 ) ) ;
#741 = PLANE ( 'NONE',  #3660 ) ;
#742 = CARTESIAN_POINT ( 'NONE',  ( 2.750000000000000000, 0.1499999999999999944, -3.195100000000000051 ) ) ;
#743 = DIRECTION ( 'NONE',  ( 1.000000000000000000, 0.000000000000000000, 0.000000000000000000 ) ) ;
#744 = EDGE_CURVE ( 'NONE', #2677, #366, #3038, .T. ) ;
#745 = EDGE_LOOP ( 'NONE', ( #2027, #2057, #3862, #532 ) ) ;
#746 = DIRECTION ( 'NONE',  ( 0.000000000000000000, 0.000000000000000000, 1.000000000000000000 ) ) ;
#747 = CARTESIAN_POINT ( 'NONE',  ( -3.020707499999999879, -1.750000000000000000, 0.7982930000000000303 ) ) ;
#748 = ORIENTED_EDGE ( 'NONE', *, *, #4008, .T. ) ;
#749 = DIRECTION ( 'NONE',  ( 0.000000000000000000, 0.000000000000000000, 1.000000000000000000 ) ) ;
#750 = CARTESIAN_POINT ( 'NONE',  ( -4.049999999999999822, 1.550000000000000044, 0.3250000000000000111 ) ) ;
#751 = DIRECTION ( 'NONE',  ( 1.000000000000000000, 0.000000000000000000, 0.000000000000000000 ) ) ;
#752 = EDGE_CURVE ( 'NONE', #3003, #4357, #4852, .T. ) ;
#753 = ORIENTED_EDGE ( 'NONE', *, *, #5423, .F. ) ;
#754 = EDGE_CURVE ( 'NONE', #2377, #418, #2913, .T. ) ;
#755 = CARTESIAN_POINT ( 'NONE',  ( -3.936829623545000434, -1.336216481129999911, 3.299999999999999822 ) ) ;
#756 = ORIENTED_EDGE ( 'NONE', *, *, #2665, .T. ) ;
#757 = ORIENTED_EDGE ( 'NONE', *, *, #3998, .T. ) ;
#758 = CARTESIAN_POINT ( 'NONE',  ( -4.424314999999999998, 1.486319999999999864, 0.7982930000000000303 ) ) ;
#759 = DIRECTION ( 'NONE',  ( 0.000000000000000000, 0.000000000000000000, 1.000000000000000000 ) ) ;
#760 = DIRECTION ( 'NONE',  ( -1.200000000000000024E-16, 0.000000000000000000, 1.000000000000000000 ) ) ;
#761 = VECTOR ( 'NONE', #3033, 1000.000000000000000 ) ;
#762 = VERTEX_POINT ( 'NONE', #5808 ) ;
#763 = VERTEX_POINT ( 'NONE', #2970 ) ;
#764 = DIRECTION ( 'NONE',  ( 1.000000000000000000, 0.000000000000000000, 0.000000000000000000 ) ) ;
#765 = DIRECTION ( 'NONE',  ( 0.000000000000000000, -1.000000000000000000, 2.200000000000000003E-16 ) ) ;
#766 = DIRECTION ( 'NONE',  ( 0.000000000000000000, 1.000000000000000000, 0.000000000000000000 ) ) ;
#767 = ORIENTED_EDGE ( 'NONE', *, *, #5116, .F. ) ;
#768 = DIRECTION ( 'NONE',  ( 1.000000000000000000, 0.000000000000000000, 0.000000000000000000 ) ) ;
#769 = VERTEX_POINT ( 'NONE', #2461 ) ;
#770 = DIRECTION ( 'NONE',  ( 0.000000000000000000, 0.000000000000000000, -1.000000000000000000 ) ) ;
#771 = DIRECTION ( 'NONE',  ( -1.000000000000000000, 0.000000000000000000, 0.000000000000000000 ) ) ;
#772 = AXIS2_PLACEMENT_3D ( 'NONE', #2419, #608, #5652 ) ;
#773 = CARTESIAN_POINT ( 'NONE',  ( -4.023581325558000188, 1.411690773069999905, 3.498891973764000074 ) ) ;
#774 = CIRCLE ( 'NONE', #4156, 0.09999999999999982514 ) ;
#775 = ORIENTED_EDGE ( 'NONE', *, *, #2038, .T. ) ;
#776 = ADVANCED_FACE ( 'NONE', ( #1648 ), #4894, .F. ) ;
#777 = CARTESIAN_POINT ( 'NONE',  ( -3.825400000000000134, -1.433446622544999993, 3.299746348540999907 ) ) ;
#778 = LINE ( 'NONE', #4483, #5042 ) ;
#779 = DIRECTION ( 'NONE',  ( 0.000000000000000000, -1.000000000000000000, 2.200000000000000003E-16 ) ) ;
#780 = AXIS2_PLACEMENT_3D ( 'NONE', #2228, #4600, #2170 ) ;
#781 = UNCERTAINTY_MEASURE_WITH_UNIT (LENGTH_MEASURE( 1.000000000000000082E-05 ), #5828, 'distance_accuracy_value', 'NONE');
#782 = CARTESIAN_POINT ( 'NONE',  ( -4.011969606392999488, -1.486319999999999864, 3.240583116454000212 ) ) ;
#783 = ORIENTED_EDGE ( 'NONE', *, *, #3741, .F. ) ;
#785 = VERTEX_POINT ( 'NONE', #3462 ) ;
#784 = EDGE_CURVE ( 'NONE', #4777, #3174, #2067, .T. ) ;
#786 = VECTOR ( 'NONE', #3467, 1000.000000000000000 ) ;
#787 = DIRECTION ( 'NONE',  ( 1.000000000000000000, 0.000000000000000000, 0.000000000000000000 ) ) ;
#788 = ADVANCED_FACE ( 'NONE', ( #4771 ), #618, .F. ) ;
#789 = EDGE_CURVE ( 'NONE', #54, #3543, #4728, .T. ) ;
#790 = AXIS2_PLACEMENT_3D ( 'NONE', #4510, #345, #4048 ) ;
#791 = CARTESIAN_POINT ( 'NONE',  ( -1.750000000000000000, -0.7500000000000000000, 3.210705999999999616 ) ) ;
#792 = CARTESIAN_POINT ( 'NONE',  ( -0.2500000000000000000, 0.7500000000000000000, 3.210705999999999616 ) ) ;
#793 = CARTESIAN_POINT ( 'NONE',  ( -3.750000000000000000, 1.399999999999999911, 3.285203000000000095 ) ) ;
#794 = ORIENTED_EDGE ( 'NONE', *, *, #2035, .T. ) ;
#795 = EDGE_LOOP ( 'NONE', ( #2584, #5998, #5516, #4838 ) ) ;
#796 = DIRECTION ( 'NONE',  ( 0.000000000000000000, -2.299999999999999903E-16, -1.000000000000000000 ) ) ;
#797 = AXIS2_PLACEMENT_3D ( 'NONE', #3026, #4845, #263 ) ;
#798 = CARTESIAN_POINT ( 'NONE',  ( 4.023581325558000188, 1.411690773069999905, 3.498891973764000074 ) ) ;
#799 = AXIS2_PLACEMENT_3D ( 'NONE', #1174, #733, #3966 ) ;
#800 = DIRECTION ( 'NONE',  ( 0.000000000000000000, -1.000000000000000000, 2.200000000000000003E-16 ) ) ;
#801 = CARTESIAN_POINT ( 'NONE',  ( 1.791398999999999964, -1.550000000000000044, 0.2500269999999999992 ) ) ;
#802 = ORIENTED_EDGE ( 'NONE', *, *, #360, .T. ) ;
#803 = DIRECTION ( 'NONE',  ( 1.000000000000000000, 0.000000000000000000, 0.000000000000000000 ) ) ;
#804 = FACE_OUTER_BOUND ( 'NONE', #1226, .T. ) ;
#805 = DIRECTION ( 'NONE',  ( 0.000000000000000000, 0.000000000000000000, 1.000000000000000000 ) ) ;
#806 = ORIENTED_EDGE ( 'NONE', *, *, #187, .T. ) ;
#807 = VECTOR ( 'NONE', #2158, 1000.000000000000000 ) ;
#808 = CARTESIAN_POINT ( 'NONE',  ( -3.825505760075999628, -1.430627155102000003, 3.299915783332000085 ) ) ;
#809 = LINE ( 'NONE', #4596, #88 ) ;
#810 = CARTESIAN_POINT ( 'NONE',  ( -3.910549298403999785, 1.536281876845999816, 3.497353240892000059 ) ) ;
#811 = ORIENTED_EDGE ( 'NONE', *, *, #854, .T. ) ;
#812 = VERTEX_POINT ( 'NONE', #963 ) ;
#813 = DIRECTION ( 'NONE',  ( -0.9947547844760413760, -0.1022884097150042471, 2.000000000000085808E-17 ) ) ;
#814 = EDGE_CURVE ( 'NONE', #4206, #5647, #4349, .T. ) ;
#815 = CYLINDRICAL_SURFACE ( 'NONE', #4069, 0.2499999999999997780 ) ;
#816 = DIRECTION ( 'NONE',  ( 1.000000000000000000, 0.000000000000000000, 0.000000000000000000 ) ) ;
#817 = ORIENTED_EDGE ( 'NONE', *, *, #4704, .T. ) ;
#818 = VERTEX_POINT ( 'NONE', #570 ) ;
#819 = LINE ( 'NONE', #4584, #4381 ) ;
#820 = CARTESIAN_POINT ( 'NONE',  ( -4.250000000000000000, -1.750000000000000000, 0.2000000000000000111 ) ) ;
#821 = VECTOR ( 'NONE', #6011, 1000.000000000000000 ) ;
#822 = ADVANCED_FACE ( 'NONE', ( #5702, #5157 ), #2357, .T. ) ;
#823 = EDGE_CURVE ( 'NONE', #329, #4057, #991, .T. ) ;
#824 = CARTESIAN_POINT ( 'NONE',  ( 3.161627999999999883, 1.750000000000000000, 0.7982930000000000303 ) ) ;
#825 = CARTESIAN_POINT ( 'NONE',  ( -1.791414999999999980, 1.550000000000000044, 0.7982930000000000303 ) ) ;
#826 = VERTEX_POINT ( 'NONE', #5243 ) ;
#827 = LINE ( 'NONE', #3552, #5312 ) ;
#828 = ORIENTED_EDGE ( 'NONE', *, *, #922, .T. ) ;
#829 = LINE ( 'NONE', #4478, #2316 ) ;
#830 = CARTESIAN_POINT ( 'NONE',  ( -4.019971976142000081, 1.399814630597000065, 3.499261041073000289 ) ) ;
#831 = ORIENTED_EDGE ( 'NONE', *, *, #5713, .T. ) ;
#832 = CARTESIAN_POINT ( 'NONE',  ( -0.9676375000000000393, 1.750000000000000000, 1.641000000000000014 ) ) ;
#833 = CARTESIAN_POINT ( 'NONE',  ( 3.825717800512999922, 1.427809847352000006, 3.299999999999999822 ) ) ;
#834 = DIRECTION ( 'NONE',  ( 1.000000000000000000, 0.000000000000000000, 0.000000000000000000 ) ) ;
#835 = VERTEX_POINT ( 'NONE', #1081 ) ;
#836 = ORIENTED_EDGE ( 'NONE', *, *, #675, .F. ) ;
#837 = CARTESIAN_POINT ( 'NONE',  ( -3.984144000000000130, -1.517189772232999889, -0.2999999999999999889 ) ) ;
#838 = DIRECTION ( 'NONE',  ( 0.000000000000000000, 1.000000000000000000, 0.000000000000000000 ) ) ;
#839 = DIRECTION ( 'NONE',  ( 0.000000000000000000, -1.000000000000000000, 0.000000000000000000 ) ) ;
#840 = CARTESIAN_POINT ( 'NONE',  ( -4.049999999999999822, -1.550000000000000044, 0.7982930000000000303 ) ) ;
#841 = ORIENTED_EDGE ( 'NONE', *, *, #3489, .F. ) ;
#842 = VERTEX_POINT ( 'NONE', #5210 ) ;
#843 = LINE ( 'NONE', #2634, #4276 ) ;
#844 = EDGE_CURVE ( 'NONE', #5781, #4292, #5219, .T. ) ;
#845 = LINE ( 'NONE', #3057, #2203 ) ;
#846 = EDGE_CURVE ( 'NONE', #4951, #4796, #2933, .T. ) ;
#847 = AXIS2_PLACEMENT_3D ( 'NONE', #5785, #4873, #4930 ) ;
#848 = CARTESIAN_POINT ( 'NONE',  ( 3.912921632551999984, 1.535640494107999965, 3.233184741356000202 ) ) ;
#849 = FACE_BOUND ( 'NONE', #900, .T. ) ;
#850 = DIRECTION ( 'NONE',  ( -1.000000000000000000, 0.000000000000000000, 0.000000000000000000 ) ) ;
#851 = EDGE_CURVE ( 'NONE', #3150, #866, #3723, .T. ) ;
#852 = VECTOR ( 'NONE', #1250, 1000.000000000000000 ) ;
#853 = DIRECTION ( 'NONE',  ( 0.7071067811865475727, 0.000000000000000000, -0.7071067811865475727 ) ) ;
#854 = EDGE_CURVE ( 'NONE', #3136, #463, #1020, .T. ) ;
#855 = ADVANCED_FACE ( 'NONE', ( #5678 ), #82, .F. ) ;
#856 = ORIENTED_EDGE ( 'NONE', *, *, #1544, .F. ) ;
#857 = DIRECTION ( 'NONE',  ( 0.000000000000000000, 0.000000000000000000, 1.000000000000000000 ) ) ;
#858 = FACE_OUTER_BOUND ( 'NONE', #359, .T. ) ;
#859 = ORIENTED_EDGE ( 'NONE', *, *, #3785, .T. ) ;
#860 = DIRECTION ( 'NONE',  ( 0.000000000000000000, -1.000000000000000000, 0.000000000000000000 ) ) ;
#861 = DIRECTION ( 'NONE',  ( 0.000000000000000000, -1.000000000000000000, 0.000000000000000000 ) ) ;
#862 = EDGE_CURVE ( 'NONE', #362, #5742, #4669, .T. ) ;
#863 = AXIS2_PLACEMENT_3D ( 'NONE', #2761, #5628, #2 ) ;
#864 = LINE ( 'NONE', #3595, #1159 ) ;
#865 = ORIENTED_EDGE ( 'NONE', *, *, #369, .F. ) ;
#866 = VERTEX_POINT ( 'NONE', #5582 ) ;
#867 = DIRECTION ( 'NONE',  ( 1.000000000000000000, 0.000000000000000000, 0.000000000000000000 ) ) ;
#868 = VECTOR ( 'NONE', #1614, 1000.000000000000000 ) ;
#869 = AXIS2_PLACEMENT_3D ( 'NONE', #4091, #839, #1297 ) ;
#870 = AXIS2_PLACEMENT_3D ( 'NONE', #5549, #5202, #2771 ) ;
#871 = CARTESIAN_POINT ( 'NONE',  ( 3.916894071509000597, -1.536035445191000104, 3.232413537130999881 ) ) ;
#872 = CARTESIAN_POINT ( 'NONE',  ( -4.025606393227000979, -1.432434354979999824, 3.249197775003999755 ) ) ;
#873 = VERTEX_POINT ( 'NONE', #4304 ) ;
#874 = ORIENTED_EDGE ( 'NONE', *, *, #4332, .T. ) ;
#875 = CARTESIAN_POINT ( 'NONE',  ( 4.000000000000000000, 1.486319999999999864, 3.250000000000000000 ) ) ;
#876 = DIRECTION ( 'NONE',  ( 0.000000000000000000, 0.000000000000000000, 1.000000000000000000 ) ) ;
#877 = VECTOR ( 'NONE', #3615, 1000.000000000000000 ) ;
#878 = AXIS2_PLACEMENT_3D ( 'NONE', #4359, #2135, #1098 ) ;
#879 = CARTESIAN_POINT ( 'NONE',  ( 3.901469443028999784, 1.533427734450000024, 3.237228367421999931 ) ) ;
#880 = ORIENTED_EDGE ( 'NONE', *, *, #4446, .F. ) ;
#881 = LINE ( 'NONE', #1366, #3300 ) ;
#882 = DIRECTION ( 'NONE',  ( -1.000000000000000000, 0.000000000000000000, 0.000000000000000000 ) ) ;
#883 = FACE_OUTER_BOUND ( 'NONE', #982, .T. ) ;
#884 = CIRCLE ( 'NONE', #1665, 0.1250000000000001110 ) ;
#885 = ORIENTED_EDGE ( 'NONE', *, *, #3367, .F. ) ;
#886 = CARTESIAN_POINT ( 'NONE',  ( 3.230900000000000105, -1.619999999999999885, 0.7982930000000000303 ) ) ;
#887 = LINE ( 'NONE', #31, #81 ) ;
#888 = ORIENTED_EDGE ( 'NONE', *, *, #264, .F. ) ;
#889 = LINE ( 'NONE', #521, #132 ) ;
#890 = PRODUCT_DEFINITION_CONTEXT ( 'detailed design', #5266, 'design' ) ;
#891 = CARTESIAN_POINT ( 'NONE',  ( -3.984144000000000130, 1.517189772232999889, 3.499408323298999868 ) ) ;
#892 = EDGE_CURVE ( 'NONE', #5546, #5198, #2867, .T. ) ;
#893 = ORIENTED_EDGE ( 'NONE', *, *, #3708, .T. ) ;
#894 = ORIENTED_EDGE ( 'NONE', *, *, #2801, .T. ) ;
#895 = CARTESIAN_POINT ( 'NONE',  ( -1.791414999999999980, -1.550000000000000044, 0.3250000000000000111 ) ) ;
#896 = EDGE_CURVE ( 'NONE', #5373, #5097, #3578, .T. ) ;
#897 = CARTESIAN_POINT ( 'NONE',  ( -3.925399999999999778, 1.436262999999999845, 3.500000000000000000 ) ) ;
#898 = CARTESIAN_POINT ( 'NONE',  ( 4.009186226334000125, 1.381476901652999967, 3.267469360299000147 ) ) ;
#899 = ORIENTED_EDGE ( 'NONE', *, *, #3783, .F. ) ;
#900 = EDGE_LOOP ( 'NONE', ( #2343, #4913, #3837, #4700 ) ) ;
#901 = PLANE ( 'NONE',  #1761 ) ;
#902 = CARTESIAN_POINT ( 'NONE',  ( 3.230900000000000105, 0.1299999999999999767, 0.2000000000000000111 ) ) ;
#903 = PLANE ( 'NONE',  #2124 ) ;
#904 = ORIENTED_EDGE ( 'NONE', *, *, #2524, .F. ) ;
#905 = CARTESIAN_POINT ( 'NONE',  ( 3.161627999999999883, 1.500000000000000000, 0.2500000000000000000 ) ) ;
#906 = CARTESIAN_POINT ( 'NONE',  ( -4.011969606392999488, 1.486319999999999864, 3.240583116455000301 ) ) ;
#907 = VECTOR ( 'NONE', #2858, 1000.000000000000000 ) ;
#908 = CARTESIAN_POINT ( 'NONE',  ( -0.2500000000000000000, -0.1499999999999999944, -3.195100000000000051 ) ) ;
#909 = VERTEX_POINT ( 'NONE', #4209 ) ;
#910 = DIRECTION ( 'NONE',  ( 0.000000000000000000, 0.000000000000000000, -1.000000000000000000 ) ) ;
#911 = LINE ( 'NONE', #3702, #374 ) ;
#912 = B_SPLINE_CURVE_WITH_KNOTS ( 'NONE', 6,
 ( #201, #4840, #2051, #729, #2567, #4427, #260, #3963, #2109, #2064, #2125, #153 ),
 .UNSPECIFIED., .F., .F.,
 ( 7, 5, 7 ),
 ( 0.000000000000000000, 0.2241564600189999978, 1.000000000000000000 ),
 .UNSPECIFIED. ) ;
#913 = ORIENTED_EDGE ( 'NONE', *, *, #2818, .F. ) ;
#914 = FACE_OUTER_BOUND ( 'NONE', #3084, .T. ) ;
#915 = ADVANCED_FACE ( 'NONE', ( #52 ), #1454, .F. ) ;
#916 = ORIENTED_EDGE ( 'NONE', *, *, #516, .F. ) ;
#917 = CARTESIAN_POINT ( 'NONE',  ( 3.925399999999999778, -1.436262999999999845, 3.648400000000000087 ) ) ;
#918 = ORIENTED_EDGE ( 'NONE', *, *, #3822, .T. ) ;
#919 = ORIENTED_EDGE ( 'NONE', *, *, #3827, .T. ) ;
#920 = CARTESIAN_POINT ( 'NONE',  ( 1.791398999999999964, 1.550000000000000044, 0.2500269999999999992 ) ) ;
#921 = EDGE_CURVE ( 'NONE', #5773, #5094, #2507, .T. ) ;
#922 = EDGE_CURVE ( 'NONE', #4206, #5270, #961, .T. ) ;
#923 = DIRECTION ( 'NONE',  ( 0.000000000000000000, 1.000000000000000000, 0.000000000000000000 ) ) ;
#924 = CARTESIAN_POINT ( 'NONE',  ( -3.925399999999999778, 1.436262999999999845, 3.648434999999999651 ) ) ;
#925 = ORIENTED_EDGE ( 'NONE', *, *, #4865, .F. ) ;
#926 = ORIENTED_EDGE ( 'NONE', *, *, #3928, .F. ) ;
#927 = CARTESIAN_POINT ( 'NONE',  ( -3.750000000000000000, 1.399999999999999911, 0.7852030000000000953 ) ) ;
#928 = CYLINDRICAL_SURFACE ( 'NONE', #5015, 0.2500000000000000000 ) ;
#929 = CARTESIAN_POINT ( 'NONE',  ( 3.827212095254000079, 1.456533634683999878, 3.296176428595000374 ) ) ;
#930 = ORIENTED_EDGE ( 'NONE', *, *, #5967, .T. ) ;
#931 = CARTESIAN_POINT ( 'NONE',  ( 4.016088054397999763, 1.479197471227000182, 3.241781194048000359 ) ) ;
#932 = CARTESIAN_POINT ( 'NONE',  ( -2.750000000000000000, -0.1499999999999999944, 0.2100000000000000200 ) ) ;
#933 = CARTESIAN_POINT ( 'NONE',  ( 3.980905650031999254, -1.351178743106999924, 3.288052940221999787 ) ) ;
#934 = VECTOR ( 'NONE', #3258, 1000.000000000000000 ) ;
#935 = ORIENTED_EDGE ( 'NONE', *, *, #5937, .F. ) ;
#936 = DIRECTION ( 'NONE',  ( 0.000000000000000000, 0.000000000000000000, 1.000000000000000000 ) ) ;
#937 = CARTESIAN_POINT ( 'NONE',  ( 3.924999999999999822, 1.425000000000000044, 3.174999999999999822 ) ) ;
#938 = AXIS2_PLACEMENT_3D ( 'NONE', #4387, #3400, #5255 ) ;
#939 = EDGE_LOOP ( 'NONE', ( #5296, #4030, #2608 ) ) ;
#940 = LINE ( 'NONE', #3307, #30 ) ;
#941 = LINE ( 'NONE', #35, #1154 ) ;
#942 = CARTESIAN_POINT ( 'NONE',  ( -1.730900000000000105, 1.489999999999999991, 0.7982930000000000303 ) ) ;
#943 = EDGE_CURVE ( 'NONE', #3246, #985, #3448, .T. ) ;
#944 = DIRECTION ( 'NONE',  ( 0.000000000000000000, 1.000000000000000000, -2.200000000000000003E-16 ) ) ;
#945 = VERTEX_POINT ( 'NONE', #5300 ) ;
#946 = ORIENTED_EDGE ( 'NONE', *, *, #5575, .F. ) ;
#947 = DIRECTION ( 'NONE',  ( 1.000000000000000000, 0.000000000000000000, 0.000000000000000000 ) ) ;
#948 = DIRECTION ( 'NONE',  ( -1.000000000000000000, 0.000000000000000000, 0.000000000000000000 ) ) ;
#949 = EDGE_CURVE ( 'NONE', #1807, #1540, #3027, .T. ) ;
#950 = PRODUCT_DEFINITION ( 'UNKNOWN', '', #3296, #890 ) ;
#951 = LINE ( 'NONE', #3809, #3096 ) ;
#952 = FACE_OUTER_BOUND ( 'NONE', #169, .T. ) ;
#953 = ORIENTED_EDGE ( 'NONE', *, *, #5719, .T. ) ;
#954 = ORIENTED_EDGE ( 'NONE', *, *, #2334, .T. ) ;
#955 = VECTOR ( 'NONE', #1885, 1000.000000000000000 ) ;
#956 = AXIS2_PLACEMENT_3D ( 'NONE', #2086, #704, #240 ) ;
#957 = CARTESIAN_POINT ( 'NONE',  ( -4.049999999999999822, 1.750000000000000000, 0.7982930000000000303 ) ) ;
#958 = AXIS2_PLACEMENT_3D ( 'NONE', #2033, #3886, #3058 ) ;
#959 = EDGE_CURVE ( 'NONE', #1141, #3964, #2024, .T. ) ;
#960 = CARTESIAN_POINT ( 'NONE',  ( 3.984144000000000130, -1.535122601059000003, 0.2000000000000000111 ) ) ;
#961 = CIRCLE ( 'NONE', #3095, 0.2500000000000000000 ) ;
#962 = CIRCLE ( 'NONE', #780, 0.2500000000000000000 ) ;
#963 = CARTESIAN_POINT ( 'NONE',  ( -0.2500000000000000000, 0.1499999999999999944, -3.195100000000000051 ) ) ;
#964 = CARTESIAN_POINT ( 'NONE',  ( 2.750000000000000000, 0.1499999999999999944, -3.195100000000000051 ) ) ;
#965 = ORIENTED_EDGE ( 'NONE', *, *, #2549, .F. ) ;
#966 = FACE_BOUND ( 'NONE', #5139, .T. ) ;
#967 = LINE ( 'NONE', #5497, #98 ) ;
#968 = AXIS2_PLACEMENT_3D ( 'NONE', #4128, #2782, #2817 ) ;
#969 = CYLINDRICAL_SURFACE ( 'NONE', #3624, 0.09999999999999982514 ) ;
#970 = VERTEX_POINT ( 'NONE', #207 ) ;
#971 = DIRECTION ( 'NONE',  ( 0.000000000000000000, 0.000000000000000000, -1.000000000000000000 ) ) ;
#972 = AXIS2_PLACEMENT_3D ( 'NONE', #4231, #1383, #3225 ) ;
#973 = DIRECTION ( 'NONE',  ( 0.000000000000000000, 1.000000000000000000, 0.000000000000000000 ) ) ;
#974 = DIRECTION ( 'NONE',  ( -1.000000000000000000, 0.000000000000000000, 0.000000000000000000 ) ) ;
#975 = CARTESIAN_POINT ( 'NONE',  ( -4.464485999999999954, 2.000000000000000000, 0.7982930000000000303 ) ) ;
#976 = CIRCLE ( 'NONE', #702, 0.1250000000000001110 ) ;
#977 = CARTESIAN_POINT ( 'NONE',  ( -3.984144000000000130, 1.517189772232999889, 3.499408323298999868 ) ) ;
#978 = DIRECTION ( 'NONE',  ( 0.000000000000000000, 0.000000000000000000, 1.000000000000000000 ) ) ;
#979 = ORIENTED_EDGE ( 'NONE', *, *, #3736, .F. ) ;
#980 = VERTEX_POINT ( 'NONE', #5339 ) ;
#981 = DIRECTION ( 'NONE',  ( 1.000000000000000000, 0.000000000000000000, 0.000000000000000000 ) ) ;
#982 = EDGE_LOOP ( 'NONE', ( #2003, #1785, #3588, #4107 ) ) ;
#983 = CARTESIAN_POINT ( 'NONE',  ( 3.984144000000000130, 1.517189772232999889, -0.2999999999999999889 ) ) ;
#984 = FACE_OUTER_BOUND ( 'NONE', #1593, .T. ) ;
#985 = VERTEX_POINT ( 'NONE', #1176 ) ;
#986 = ORIENTED_EDGE ( 'NONE', *, *, #2147, .T. ) ;
#987 = DIRECTION ( 'NONE',  ( 1.000000000000000000, 0.000000000000000000, 0.000000000000000000 ) ) ;
#988 = CARTESIAN_POINT ( 'NONE',  ( -3.172874999999999890, -1.489999999999999991, 0.2182292174799999873 ) ) ;
#989 = EDGE_CURVE ( 'NONE', #3024, #4066, #239, .T. ) ;
#990 = EDGE_CURVE ( 'NONE', #2061, #503, #5737, .T. ) ;
#991 = LINE ( 'NONE', #5184, #3865 ) ;
#992 = CARTESIAN_POINT ( 'NONE',  ( -4.033925927124999866, -1.486319999999999864, 0.7982930000000000303 ) ) ;
#993 = VERTEX_POINT ( 'NONE', #5765 ) ;
#994 = CARTESIAN_POINT ( 'NONE',  ( 2.229423999999999850, -0.9499999999999999556, -0.2063014999999999988 ) ) ;
#995 = CARTESIAN_POINT ( 'NONE',  ( 4.011741103577999290, -1.385436141892000039, 3.265118614528000229 ) ) ;
#996 = EDGE_CURVE ( 'NONE', #5097, #1070, #3417, .T. ) ;
#997 = ADVANCED_FACE ( 'NONE', ( #2055 ), #3876, .F. ) ;
#998 = EDGE_CURVE ( 'NONE', #5821, #2352, #2596, .T. ) ;
#999 = VERTEX_POINT ( 'NONE', #5794 ) ;
#1000 = CARTESIAN_POINT ( 'NONE',  ( 3.881518001641000026, 1.528326527769999998, 3.498522030289999751 ) ) ;
#1001 = VECTOR ( 'NONE', #691, 1000.000000000000000 ) ;
#1002 = CARTESIAN_POINT ( 'NONE',  ( -3.924999999999999822, 1.425000000000000044, 0.7982930000000000303 ) ) ;
#1003 = DIRECTION ( 'NONE',  ( 1.000000000000000000, 0.000000000000000000, 0.000000000000000000 ) ) ;
#1004 = CARTESIAN_POINT ( 'NONE',  ( -2.250000000000000000, 0.1499999999999999944, -3.195100000000000051 ) ) ;
#1005 = AXIS2_PLACEMENT_3D ( 'NONE', #5531, #3330, #4154 ) ;
#1006 = EDGE_LOOP ( 'NONE', ( #1857, #3894, #817, #223 ) ) ;
#1007 = CARTESIAN_POINT ( 'NONE',  ( -3.976092287451000296, 1.522547456824000056, 3.234278174046000043 ) ) ;
#1008 = CARTESIAN_POINT ( 'NONE',  ( -0.8750000000000000000, 0.1499999999999999944, 0.2000000000000000111 ) ) ;
#1009 = ORIENTED_EDGE ( 'NONE', *, *, #5495, .F. ) ;
#1010 = ORIENTED_EDGE ( 'NONE', *, *, #3072, .T. ) ;
#1011 = LINE ( 'NONE', #3343, #1583 ) ;
#1012 = CARTESIAN_POINT ( 'NONE',  ( 1.791398999999999964, 1.750000000000000000, 0.7982930000000000303 ) ) ;
#1013 = ORIENTED_EDGE ( 'NONE', *, *, #5071, .T. ) ;
#1014 = CARTESIAN_POINT ( 'NONE',  ( 3.826308328426999861, -1.451516922795999864, 3.297372080940999872 ) ) ;
#1015 = CARTESIAN_POINT ( 'NONE',  ( 3.999254065828000027, 1.367727773556999926, 3.276003139990999902 ) ) ;
#1016 = VERTEX_POINT ( 'NONE', #1602 ) ;
#1017 = ORIENTED_EDGE ( 'NONE', *, *, #256, .F. ) ;
#1018 = CARTESIAN_POINT ( 'NONE',  ( -3.172874999999999890, -1.550000000000000044, -0.04129499999999999837 ) ) ;
#1019 = CARTESIAN_POINT ( 'NONE',  ( -3.984144000000000130, -1.750000000000000000, 3.250000000000000000 ) ) ;
#1020 = LINE ( 'NONE', #2388, #4645 ) ;
#1021 = CARTESIAN_POINT ( 'NONE',  ( -4.049999999999999822, -1.750000000000000000, 0.2000000000000000111 ) ) ;
#1022 = ORIENTED_EDGE ( 'NONE', *, *, #4759, .F. ) ;
#1023 = EDGE_CURVE ( 'NONE', #2312, #2828, #4848, .T. ) ;
#1024 = PLANE ( 'NONE',  #3090 ) ;
#1025 = CARTESIAN_POINT ( 'NONE',  ( 3.161627999999999883, -1.550000000000000044, 0.3250000000000000111 ) ) ;
#1026 = EDGE_CURVE ( 'NONE', #177, #4958, #2115, .T. ) ;
#1027 = MANIFOLD_SOLID_BREP ( 'SS12D00[1]', #3778 ) ;
#1028 = LINE ( 'NONE', #3759, #821 ) ;
#1029 = EDGE_CURVE ( 'NONE', #3017, #1898, #4559, .T. ) ;
#1030 = VERTEX_POINT ( 'NONE', #3278 ) ;
#1031 = CARTESIAN_POINT ( 'NONE',  ( 3.934744285316000401, 1.535876338168999933, 3.231979115643999645 ) ) ;
#1032 = CARTESIAN_POINT ( 'NONE',  ( -3.889674776990000193, 1.529825588358000088, 3.243179937727000084 ) ) ;
#1033 = CARTESIAN_POINT ( 'NONE',  ( -3.825703288041000238, -1.446453104564999981, 3.298323991413000034 ) ) ;
#1034 = DIRECTION ( 'NONE',  ( 0.000000000000000000, -1.000000000000000000, 0.000000000000000000 ) ) ;
#1035 = EDGE_CURVE ( 'NONE', #5332, #1486, #5429, .T. ) ;
#1036 = CARTESIAN_POINT ( 'NONE',  ( 3.924999999999999822, -1.536262199996999867, 3.231971245833999973 ) ) ;
#1037 = LINE ( 'NONE', #1008, #95 ) ;
#1038 = ORIENTED_EDGE ( 'NONE', *, *, #2959, .T. ) ;
#1039 = ORIENTED_EDGE ( 'NONE', *, *, #1452, .T. ) ;
#1040 = DIRECTION ( 'NONE',  ( 1.000000000000000000, 0.000000000000000000, 0.000000000000000000 ) ) ;
#1041 = LINE ( 'NONE', #2924, #3387 ) ;
#1042 = EDGE_CURVE ( 'NONE', #909, #3128, #65, .T. ) ;
#1043 = VERTEX_POINT ( 'NONE', #977 ) ;
#1044 = DIRECTION ( 'NONE',  ( 0.000000000000000000, -1.000000000000000000, 0.000000000000000000 ) ) ;
#1045 = FACE_OUTER_BOUND ( 'NONE', #5974, .T. ) ;
#1046 = ORIENTED_EDGE ( 'NONE', *, *, #4153, .F. ) ;
#1047 = ORIENTED_EDGE ( 'NONE', *, *, #217, .T. ) ;
#1048 = CARTESIAN_POINT ( 'NONE',  ( -2.218206999999999596, 1.425000000000000044, 0.3250000000000000111 ) ) ;
#1049 = VECTOR ( 'NONE', #2395, 1000.000000000000000 ) ;
#1050 = DIRECTION ( 'NONE',  ( 1.000000000000000000, 0.000000000000000000, 0.000000000000000000 ) ) ;
#1051 = AXIS2_PLACEMENT_3D ( 'NONE', #3352, #3388, #20 ) ;
#1052 = CARTESIAN_POINT ( 'NONE',  ( 2.228499999999999925, 3.100000000000000083E-16, 0.3948499999999999788 ) ) ;
#1053 = PLANE ( 'NONE',  #472 ) ;
#1054 = VERTEX_POINT ( 'NONE', #1404 ) ;
#1055 = ORIENTED_EDGE ( 'NONE', *, *, #949, .T. ) ;
#1056 = CARTESIAN_POINT ( 'NONE',  ( -4.033925927124999866, 1.486319999999999864, 3.174999999999999822 ) ) ;
#1057 = AXIS2_PLACEMENT_3D ( 'NONE', #4305, #2479, #53 ) ;
#1058 = CARTESIAN_POINT ( 'NONE',  ( -3.916894071509000597, 1.536035445191000104, 3.232413537130999881 ) ) ;
#1059 = VECTOR ( 'NONE', #4648, 1000.000000000000000 ) ;
#1060 = CARTESIAN_POINT ( 'NONE',  ( -3.849507433863000205, -1.502719201952000150, 3.273733093022999974 ) ) ;
#1061 = AXIS2_PLACEMENT_3D ( 'NONE', #2741, #4485, #347 ) ;
#1062 = CARTESIAN_POINT ( 'NONE',  ( -4.250000000000000000, -1.550000000000000044, 0.7982930000000000303 ) ) ;
#1063 = CARTESIAN_POINT ( 'NONE',  ( -3.925399999999999778, -1.436262999999999845, -0.2999999999999999889 ) ) ;
#1064 = EDGE_CURVE ( 'NONE', #1370, #1054, #4490, .T. ) ;
#1065 = AXIS2_PLACEMENT_3D ( 'NONE', #2438, #4717, #948 ) ;
#1066 = AXIS2_PLACEMENT_3D ( 'NONE', #5330, #3902, #1170 ) ;
#1067 = ORIENTED_EDGE ( 'NONE', *, *, #2369, .F. ) ;
#1068 = CARTESIAN_POINT ( 'NONE',  ( -3.978806684032000884, 1.520898839757000021, 3.234572618772999952 ) ) ;
#1069 = CARTESIAN_POINT ( 'NONE',  ( 2.229423999999999850, 1.500000000000000000, 0.2500000000000000000 ) ) ;
#1070 = VERTEX_POINT ( 'NONE', #1432 ) ;
#1071 = VERTEX_POINT ( 'NONE', #39 ) ;
#1072 = VECTOR ( 'NONE', #2415, 1000.000000000000000 ) ;
#1073 = CARTESIAN_POINT ( 'NONE',  ( -3.825400000000000134, 1.433446622544999993, 3.299746348540999907 ) ) ;
#1074 = DIRECTION ( 'NONE',  ( 1.000000000000000000, 0.000000000000000000, 0.000000000000000000 ) ) ;
#1075 = VECTOR ( 'NONE', #5335, 1000.000000000000000 ) ;
#1076 = CARTESIAN_POINT ( 'NONE',  ( -3.980905650031999254, -1.351178743106999924, 3.288052940221999787 ) ) ;
#1077 = DIRECTION ( 'NONE',  ( 1.000000000000000000, 0.000000000000000000, 0.000000000000000000 ) ) ;
#1078 = EDGE_LOOP ( 'NONE', ( #4828, #5571, #4003, #4944, #5591, #371 ) ) ;
#1079 = EDGE_LOOP ( 'NONE', ( #4182, #5538, #4405, #203, #4401 ) ) ;
#1080 = LINE ( 'NONE', #3937, #1168 ) ;
#1081 = CARTESIAN_POINT ( 'NONE',  ( -3.825400000000000134, -1.436262999999999845, 3.299491545218999899 ) ) ;
#1082 = LINE ( 'NONE', #118, #1831 ) ;
#1083 = ORIENTED_EDGE ( 'NONE', *, *, #4215, .F. ) ;
#1084 = VERTEX_POINT ( 'NONE', #1888 ) ;
#1085 = DIRECTION ( 'NONE',  ( 1.000000000000000000, 0.000000000000000000, 0.000000000000000000 ) ) ;
#1086 = APPLICATION_PROTOCOL_DEFINITION ( 'draft international standard', 'automotive_design', 1998, #5266 ) ;
#1087 = DIRECTION ( 'NONE',  ( 0.000000000000000000, 1.000000000000000000, 0.000000000000000000 ) ) ;
#1088 = CARTESIAN_POINT ( 'NONE',  ( -3.827212095255000168, -1.456533634689000101, 3.296176428594000285 ) ) ;
#1089 = CARTESIAN_POINT ( 'NONE',  ( 1.791398999999999964, 1.550000000000000044, 0.3250000000000000111 ) ) ;
#1090 = LINE ( 'NONE', #2944, #5506 ) ;
#1091 = ORIENTED_EDGE ( 'NONE', *, *, #1596, .F. ) ;
#1092 = CARTESIAN_POINT ( 'NONE',  ( -3.926310007377999955, 1.536267440068000090, 3.231961012218000473 ) ) ;
#1093 = DIRECTION ( 'NONE',  ( 1.000000000000000000, -1.100000000000000002E-16, 1.100000000000000002E-16 ) ) ;
#1094 = ORIENTED_EDGE ( 'NONE', *, *, #2360, .T. ) ;
#1095 = EDGE_LOOP ( 'NONE', ( #2733, #4932, #3596, #5002, #2864, #5680 ) ) ;
#1096 = EDGE_CURVE ( 'NONE', #1706, #4512, #2310, .T. ) ;
#1097 = CYLINDRICAL_SURFACE ( 'NONE', #4201, 0.1250000000000001110 ) ;
#1098 = DIRECTION ( 'NONE',  ( 0.000000000000000000, -1.000000000000000000, -2.200000000000000003E-16 ) ) ;
#1099 = VECTOR ( 'NONE', #5047, 1000.000000000000000 ) ;
#1100 = EDGE_CURVE ( 'NONE', #3846, #623, #4544, .T. ) ;
#1101 = DIRECTION ( 'NONE',  ( 1.000000000000000000, 0.000000000000000000, 0.000000000000000000 ) ) ;
#1102 = DIRECTION ( 'NONE',  ( 0.000000000000000000, 0.000000000000000000, 1.000000000000000000 ) ) ;
#1103 = ORIENTED_EDGE ( 'NONE', *, *, #3409, .T. ) ;
#1104 = ORIENTED_EDGE ( 'NONE', *, *, #3035, .F. ) ;
#1105 = EDGE_CURVE ( 'NONE', #4655, #1179, #1755, .T. ) ;
#1106 = CARTESIAN_POINT ( 'NONE',  ( -4.250000000000000000, 1.486319999999999864, 3.250000000000000000 ) ) ;
#1107 = ADVANCED_FACE ( 'NONE', ( #4224 ), #1467, .T. ) ;
#1108 = EDGE_CURVE ( 'NONE', #177, #436, #3776, .T. ) ;
#1109 = FILL_AREA_STYLE ('',( #2478 ) ) ;
#1110 = ORIENTED_EDGE ( 'NONE', *, *, #1780, .T. ) ;
#1111 = ORIENTED_EDGE ( 'NONE', *, *, #1734, .T. ) ;
#1112 = PLANE ( 'NONE',  #1825 ) ;
#1113 = FACE_OUTER_BOUND ( 'NONE', #3255, .T. ) ;
#1114 = DIRECTION ( 'NONE',  ( 1.000000000000000000, 0.000000000000000000, 0.000000000000000000 ) ) ;
#1115 = ORIENTED_EDGE ( 'NONE', *, *, #1913, .T. ) ;
#1116 = ADVANCED_FACE ( 'NONE', ( #524 ), #3142, .F. ) ;
#1117 = DIRECTION ( 'NONE',  ( 1.000000000000000000, 0.000000000000000000, 0.000000000000000000 ) ) ;
#1118 = ORIENTED_EDGE ( 'NONE', *, *, #2161, .F. ) ;
#1119 = DIRECTION ( 'NONE',  ( 0.000000000000000000, 0.000000000000000000, -1.000000000000000000 ) ) ;
#1120 = CARTESIAN_POINT ( 'NONE',  ( -3.838915121023999788, 1.487775655383999807, 3.283708205656999723 ) ) ;
#1121 = DIRECTION ( 'NONE',  ( 1.000000000000000000, 0.000000000000000000, 0.000000000000000000 ) ) ;
#1122 = LINE ( 'NONE', #5777, #2219 ) ;
#1123 = LINE ( 'NONE', #4319, #3360 ) ;
#1124 = ORIENTED_EDGE ( 'NONE', *, *, #607, .T. ) ;
#1125 = LINE ( 'NONE', #2011, #475 ) ;
#1126 = CARTESIAN_POINT ( 'NONE',  ( -3.924999999999999822, 1.486319999999999864, 3.174999999999999822 ) ) ;
#1127 = ORIENTED_EDGE ( 'NONE', *, *, #1738, .T. ) ;
#1128 = CARTESIAN_POINT ( 'NONE',  ( -4.049999999999999822, -1.425000000000000044, 0.3250000000000000111 ) ) ;
#1129 = LINE ( 'NONE', #2978, #1535 ) ;
#1130 = VECTOR ( 'NONE', #4667, 1000.000000000000000 ) ;
#1131 = ORIENTED_EDGE ( 'NONE', *, *, #3294, .T. ) ;
#1132 = CARTESIAN_POINT ( 'NONE',  ( -4.023051892887999692, -1.414669861261000028, 3.252531413543000127 ) ) ;
#1133 = CARTESIAN_POINT ( 'NONE',  ( -4.250000000000000000, 1.750000000000000000, 0.2000000000000000111 ) ) ;
#1134 = ORIENTED_EDGE ( 'NONE', *, *, #5542, .T. ) ;
#1135 = ORIENTED_EDGE ( 'NONE', *, *, #5007, .F. ) ;
#1136 = CARTESIAN_POINT ( 'NONE',  ( 3.924999999999999822, 1.425000000000000044, 0.2000000000000000111 ) ) ;
#1137 = VECTOR ( 'NONE', #4029, 1000.000000000000000 ) ;
#1138 = ADVANCED_FACE ( 'NONE', ( #2826 ), #5102, .F. ) ;
#1139 = DIRECTION ( 'NONE',  ( 0.000000000000000000, 1.000000000000000000, 0.000000000000000000 ) ) ;
#1140 = CARTESIAN_POINT ( 'NONE',  ( 3.927619652508000048, 1.536251226543999815, 3.231955020132999845 ) ) ;
#1141 = VERTEX_POINT ( 'NONE', #4684 ) ;
#1142 = VERTEX_POINT ( 'NONE', #942 ) ;
#1143 = CARTESIAN_POINT ( 'NONE',  ( 3.924999999999999822, 1.550000000000000044, 0.7982930000000000303 ) ) ;
#1144 = ORIENTED_EDGE ( 'NONE', *, *, #2847, .T. ) ;
#1145 = ADVANCED_FACE ( 'NONE', ( #3600 ), #815, .T. ) ;
#1146 = CARTESIAN_POINT ( 'NONE',  ( 3.161627999999999883, 1.550000000000000044, 0.4991464999999999375 ) ) ;
#1147 = CARTESIAN_POINT ( 'NONE',  ( -1.125000000000000000, -0.8249999999999999556, 3.299999999999999822 ) ) ;
#1148 = AXIS2_PLACEMENT_3D ( 'NONE', #3238, #1463, #3306 ) ;
#1149 = AXIS2_PLACEMENT_3D ( 'NONE', #2065, #3948, #273 ) ;
#1150 = ORIENTED_EDGE ( 'NONE', *, *, #4530, .T. ) ;
#1151 =( LENGTH_UNIT ( ) NAMED_UNIT ( * ) SI_UNIT ( .MILLI., .METRE. ) );
#1152 = FACE_OUTER_BOUND ( 'NONE', #1768, .T. ) ;
#1153 = CARTESIAN_POINT ( 'NONE',  ( -3.826308328426999861, -1.451516922795999864, 3.297372080940999872 ) ) ;
#1154 = VECTOR ( 'NONE', #3830, 1000.000000000000000 ) ;
#1155 = VECTOR ( 'NONE', #759, 1000.000000000000000 ) ;
#1156 = CARTESIAN_POINT ( 'NONE',  ( 4.000000000000000000, -1.369668405625000140, 3.500000000000000000 ) ) ;
#1157 = DIRECTION ( 'NONE',  ( 0.000000000000000000, 0.000000000000000000, -1.000000000000000000 ) ) ;
#1158 = VECTOR ( 'NONE', #3939, 1000.000000000000000 ) ;
#1159 = VECTOR ( 'NONE', #2712, 1000.000000000000000 ) ;
#1160 = CARTESIAN_POINT ( 'NONE',  ( 4.250000000000000000, 1.486319999999999864, 0.7982930000000000303 ) ) ;
#1161 = DIRECTION ( 'NONE',  ( 1.000000000000000000, 0.000000000000000000, 0.000000000000000000 ) ) ;
#1162 = EDGE_LOOP ( 'NONE', ( #438, #4690, #4120, #2304 ) ) ;
#1163 = LINE ( 'NONE', #5754, #236 ) ;
#1164 = DIRECTION ( 'NONE',  ( 0.000000000000000000, 1.000000000000000000, 0.000000000000000000 ) ) ;
#1165 = AXIS2_PLACEMENT_3D ( 'NONE', #4078, #3155, #1255 ) ;
#1166 = VECTOR ( 'NONE', #882, 1000.000000000000000 ) ;
#1167 = CARTESIAN_POINT ( 'NONE',  ( -2.218206999999999596, 1.875000000000000000, 0.2000000000000000111 ) ) ;
#1168 = VECTOR ( 'NONE', #2984, 1000.000000000000000 ) ;
#1169 = CARTESIAN_POINT ( 'NONE',  ( -4.009186226333000036, -1.381476901651000233, 3.267469360300000236 ) ) ;
#1170 = DIRECTION ( 'NONE',  ( 0.000000000000000000, -1.000000000000000000, 2.200000000000000003E-16 ) ) ;
#1171 = ORIENTED_EDGE ( 'NONE', *, *, #1411, .F. ) ;
#1172 = VERTEX_POINT ( 'NONE', #2793 ) ;
#1173 = VECTOR ( 'NONE', #4328, 1000.000000000000000 ) ;
#1174 = CARTESIAN_POINT ( 'NONE',  ( -3.924999999999999822, -1.425000000000000044, 3.174999999999999822 ) ) ;
#1175 = VECTOR ( 'NONE', #350, 1000.000000000000000 ) ;
#1176 = CARTESIAN_POINT ( 'NONE',  ( -1.730900000000000105, 1.550000000000000044, 0.7982930000000000303 ) ) ;
#1177 = PLANE ( 'NONE',  #4936 ) ;
#1178 = ORIENTED_EDGE ( 'NONE', *, *, #2444, .T. ) ;
#1179 = VERTEX_POINT ( 'NONE', #5598 ) ;
#1180 = CARTESIAN_POINT ( 'NONE',  ( -3.825400000000000134, -1.436262999999999845, 3.500000000000000000 ) ) ;
#1181 = DIRECTION ( 'NONE',  ( 0.000000000000000000, 0.000000000000000000, -1.000000000000000000 ) ) ;
#1182 = EDGE_CURVE ( 'NONE', #4958, #731, #4775, .T. ) ;
#1183 = CARTESIAN_POINT ( 'NONE',  ( 4.000000000000000000, 1.369668405625000140, 3.500000000000000000 ) ) ;
#1184 = EDGE_CURVE ( 'NONE', #3581, #3094, #3671, .T. ) ;
#1185 = CARTESIAN_POINT ( 'NONE',  ( 4.049999999999999822, -1.750000000000000000, 0.2000000000000000111 ) ) ;
#1186 = DIRECTION ( 'NONE',  ( -1.000000000000000000, 0.000000000000000000, 0.000000000000000000 ) ) ;
#1187 = EDGE_CURVE ( 'NONE', #5584, #1681, #1594, .T. ) ;
#1188 = CARTESIAN_POINT ( 'NONE',  ( -4.250000000000000000, 1.750000000000000000, 0.2000000000000000111 ) ) ;
#1189 = EDGE_CURVE ( 'NONE', #3431, #54, #1555, .T. ) ;
#1190 = DIRECTION ( 'NONE',  ( 0.000000000000000000, 2.200000000000000003E-16, 1.000000000000000000 ) ) ;
#1191 = EDGE_CURVE ( 'NONE', #2056, #462, #1522, .T. ) ;
#1192 = ORIENTED_EDGE ( 'NONE', *, *, #1635, .F. ) ;
#1193 = FACE_OUTER_BOUND ( 'NONE', #4508, .T. ) ;
#1194 = PLANE ( 'NONE',  #1458 ) ;
#1195 = VERTEX_POINT ( 'NONE', #224 ) ;
#1196 = DIRECTION ( 'NONE',  ( 0.000000000000000000, 2.200000000000000003E-16, 1.000000000000000000 ) ) ;
#1197 = FACE_OUTER_BOUND ( 'NONE', #4299, .T. ) ;
#1198 = CARTESIAN_POINT ( 'NONE',  ( 3.161627999999999883, 0.9499999999999999556, 0.2000000000000000111 ) ) ;
#1199 = VERTEX_POINT ( 'NONE', #2854 ) ;
#1200 = FACE_OUTER_BOUND ( 'NONE', #2201, .T. ) ;
#1201 = ORIENTED_EDGE ( 'NONE', *, *, #466, .T. ) ;
#1202 = ORIENTED_EDGE ( 'NONE', *, *, #2916, .F. ) ;
#1203 = AXIS2_PLACEMENT_3D ( 'NONE', #1712, #4447, #3560 ) ;
#1204 = DIRECTION ( 'NONE',  ( 0.000000000000000000, 0.000000000000000000, 1.000000000000000000 ) ) ;
#1205 = CIRCLE ( 'NONE', #4603, 0.1250000000000001110 ) ;
#1206 = DIRECTION ( 'NONE',  ( 0.000000000000000000, 0.000000000000000000, 1.000000000000000000 ) ) ;
#1207 = LINE ( 'NONE', #3940, #2025 ) ;
#1208 = CARTESIAN_POINT ( 'NONE',  ( -4.011969606392999488, -1.486319999999999864, 3.240583116454000212 ) ) ;
#1209 = ORIENTED_EDGE ( 'NONE', *, *, #3435, .F. ) ;
#1210 = ORIENTED_EDGE ( 'NONE', *, *, #3331, .F. ) ;
#1211 = CARTESIAN_POINT ( 'NONE',  ( 4.049999999999999822, 0.2250000000000000056, 0.7982930000000000303 ) ) ;
#1212 = LINE ( 'NONE', #2154, #4139 ) ;
#1213 = EDGE_CURVE ( 'NONE', #366, #4967, #1125, .T. ) ;
#1214 = CARTESIAN_POINT ( 'NONE',  ( 4.016288849478000245, -1.478850212081999960, 3.499506256650000147 ) ) ;
#1215 = EDGE_CURVE ( 'NONE', #5966, #5409, #222, .T. ) ;
#1216 = ORIENTED_EDGE ( 'NONE', *, *, #4146, .F. ) ;
#1217 = DIRECTION ( 'NONE',  ( 0.000000000000000000, 0.000000000000000000, 1.000000000000000000 ) ) ;
#1218 = PLANE ( 'NONE',  #4847 ) ;
#1219 = EDGE_CURVE ( 'NONE', #1030, #2805, #4801, .T. ) ;
#1220 = CARTESIAN_POINT ( 'NONE',  ( -4.422899999999999388, 0.9499999999999999556, -0.6626299999999999413 ) ) ;
#1221 = EDGE_CURVE ( 'NONE', #4373, #4531, #1584, .T. ) ;
#1222 = ORIENTED_EDGE ( 'NONE', *, *, #1096, .F. ) ;
#1223 = EDGE_CURVE ( 'NONE', #4809, #1435, #4258, .T. ) ;
#1224 = PLANE ( 'NONE',  #4749 ) ;
#1225 = PLANE ( 'NONE',  #2422 ) ;
#1226 = EDGE_LOOP ( 'NONE', ( #2088, #1247, #1131, #4687, #4627 ) ) ;
#1227 = CARTESIAN_POINT ( 'NONE',  ( 3.936077135320999787, -1.536249565899000080, 3.497357977745000124 ) ) ;
#1228 = CARTESIAN_POINT ( 'NONE',  ( 3.230900000000000105, -1.750000000000000000, 0.7982930000000000303 ) ) ;
#1229 = EDGE_CURVE ( 'NONE', #2737, #4767, #2881, .T. ) ;
#1230 = ADVANCED_FACE ( 'NONE', ( #5358 ), #4041, .F. ) ;
#1231 = DIRECTION ( 'NONE',  ( 1.000000000000000000, 0.000000000000000000, 0.000000000000000000 ) ) ;
#1232 = EDGE_LOOP ( 'NONE', ( #1342, #4671, #1717, #4035 ) ) ;
#1233 = CARTESIAN_POINT ( 'NONE',  ( -3.946599196382000407, 1.534900398877000027, 3.497555733436000125 ) ) ;
#1234 = EDGE_CURVE ( 'NONE', #970, #2792, #4897, .T. ) ;
#1235 = ORIENTED_EDGE ( 'NONE', *, *, #3640, .T. ) ;
#1236 = ORIENTED_EDGE ( 'NONE', *, *, #1223, .F. ) ;
#1237 = CARTESIAN_POINT ( 'NONE',  ( 1.730900000000000105, 1.489999999999999991, 0.06912600000000000688 ) ) ;
#1238 = DIRECTION ( 'NONE',  ( 0.000000000000000000, 1.000000000000000000, -2.299999999999999903E-16 ) ) ;
#1239 = PLANE ( 'NONE',  #184 ) ;
#1240 = CARTESIAN_POINT ( 'NONE',  ( 3.925399999999999778, -1.436262999999999845, 3.500000000000000000 ) ) ;
#1241 = AXIS2_PLACEMENT_3D ( 'NONE', #3351, #1479, #5393 ) ;
#1242 = ORIENTED_EDGE ( 'NONE', *, *, #823, .F. ) ;
#1243 = ORIENTED_EDGE ( 'NONE', *, *, #1026, .T. ) ;
#1244 = CARTESIAN_POINT ( 'NONE',  ( -1.750000000000000000, -0.6500000000000000222, 6.110705999999999527 ) ) ;
#1245 = CARTESIAN_POINT ( 'NONE',  ( 3.161627999999999883, 2.000000000000000000, 0.7982930000000000303 ) ) ;
#1246 = DIRECTION ( 'NONE',  ( 0.000000000000000000, -1.000000000000000000, 0.000000000000000000 ) ) ;
#1247 = ORIENTED_EDGE ( 'NONE', *, *, #3220, .T. ) ;
#1248 = DIRECTION ( 'NONE',  ( 0.000000000000000000, 1.000000000000000000, 0.000000000000000000 ) ) ;
#1249 = ORIENTED_EDGE ( 'NONE', *, *, #5225, .F. ) ;
#1250 = DIRECTION ( 'NONE',  ( 0.9947547844760413760, 0.1022884097150042471, 2.000000000000085808E-17 ) ) ;
#1251 = AXIS2_PLACEMENT_3D ( 'NONE', #546, #5283, #4824 ) ;
#1252 = ORIENTED_EDGE ( 'NONE', *, *, #2553, .F. ) ;
#1253 = DIRECTION ( 'NONE',  ( 0.000000000000000000, 1.000000000000000000, 0.000000000000000000 ) ) ;
#1254 = VECTOR ( 'NONE', #5616, 1000.000000000000000 ) ;
#1255 = DIRECTION ( 'NONE',  ( 1.000000000000000000, 0.000000000000000000, 0.000000000000000000 ) ) ;
#1256 = VECTOR ( 'NONE', #5191, 1000.000000000000000 ) ;
#1257 = VERTEX_POINT ( 'NONE', #3556 ) ;
#1258 = DIRECTION ( 'NONE',  ( 0.000000000000000000, 0.000000000000000000, 1.000000000000000000 ) ) ;
#1259 = CARTESIAN_POINT ( 'NONE',  ( 0.000000000000000000, 0.1499999999999999944, -1.558787894279999975 ) ) ;
#1260 = EDGE_CURVE ( 'NONE', #1179, #1758, #3678, .T. ) ;
#1261 = VECTOR ( 'NONE', #5663, 1000.000000000000000 ) ;
#1262 = AXIS2_PLACEMENT_3D ( 'NONE', #1069, #1161, #3016 ) ;
#1263 = PLANE ( 'NONE',  #3284 ) ;
#1264 = EDGE_LOOP ( 'NONE', ( #387, #3134, #4404, #3195, #4877, #396, #979, #5275 ) ) ;
#1265 = ORIENTED_EDGE ( 'NONE', *, *, #4384, .T. ) ;
#1266 = AXIS2_PLACEMENT_3D ( 'NONE', #3532, #197, #4448 ) ;
#1267 = DIRECTION ( 'NONE',  ( -0.000000000000000000, 1.000000000000000000, 0.000000000000000000 ) ) ;
#1268 = EDGE_CURVE ( 'NONE', #4594, #262, #1617, .T. ) ;
#1269 = CARTESIAN_POINT ( 'NONE',  ( -2.500000000000000000, 0.1499999999999999944, -3.195100000000000051 ) ) ;
#1270 = FACE_OUTER_BOUND ( 'NONE', #3597, .T. ) ;
#1271 = CARTESIAN_POINT ( 'NONE',  ( -4.019584935812000381, -1.471247870170000027, 3.243094300245999762 ) ) ;
#1272 = ORIENTED_EDGE ( 'NONE', *, *, #1624, .F. ) ;
#1273 = ORIENTED_EDGE ( 'NONE', *, *, #2801, .F. ) ;
#1274 = CARTESIAN_POINT ( 'NONE',  ( -3.230900000000000105, 1.750000000000000000, 0.2000000000000000111 ) ) ;
#1275 = AXIS2_PLACEMENT_3D ( 'NONE', #2476, #701, #4909 ) ;
#1276 = CARTESIAN_POINT ( 'NONE',  ( -2.217499999999999805, 1.525020244306000139, 0.2500269999999999992 ) ) ;
#1277 = DIRECTION ( 'NONE',  ( 0.000000000000000000, 1.000000000000000000, 0.000000000000000000 ) ) ;
#1278 = LINE ( 'NONE', #1308, #2545 ) ;
#1279 = EDGE_LOOP ( 'NONE', ( #5058, #3729, #3406, #4083, #4306, #954 ) ) ;
#1280 = CARTESIAN_POINT ( 'NONE',  ( -4.049999999999999822, -1.550000000000000044, 3.174999999999999822 ) ) ;
#1281 = EDGE_LOOP ( 'NONE', ( #1284, #497, #4284, #4659, #1894 ) ) ;
#1282 = DIRECTION ( 'NONE',  ( 0.000000000000000000, 0.000000000000000000, 1.000000000000000000 ) ) ;
#1283 = LINE ( 'NONE', #747, #5041 ) ;
#1284 = ORIENTED_EDGE ( 'NONE', *, *, #3181, .T. ) ;
#1285 = VECTOR ( 'NONE', #3852, 1000.000000000000000 ) ;
#1286 = CARTESIAN_POINT ( 'NONE',  ( -3.230900000000000105, -0.1299999999999999767, 0.7982930000000000303 ) ) ;
#1287 = ORIENTED_EDGE ( 'NONE', *, *, #4893, .F. ) ;
#1288 = EDGE_CURVE ( 'NONE', #5773, #3212, #5812, .T. ) ;
#1289 = DIRECTION ( 'NONE',  ( 1.000000000000000000, 0.000000000000000000, 0.000000000000000000 ) ) ;
#1290 = ORIENTED_EDGE ( 'NONE', *, *, #227, .T. ) ;
#1291 = EDGE_LOOP ( 'NONE', ( #5509, #1880, #5990, #5383 ) ) ;
#1292 = EDGE_CURVE ( 'NONE', #4870, #3341, #5413, .T. ) ;
#1293 = DIRECTION ( 'NONE',  ( 0.000000000000000000, 0.000000000000000000, -1.000000000000000000 ) ) ;
#1294 = EDGE_CURVE ( 'NONE', #1435, #5831, #5320, .T. ) ;
#1295 = VECTOR ( 'NONE', #2153, 1000.000000000000000 ) ;
#1296 = DIRECTION ( 'NONE',  ( 1.000000000000000000, 0.000000000000000000, 0.000000000000000000 ) ) ;
#1297 = DIRECTION ( 'NONE',  ( 1.000000000000000000, 0.000000000000000000, 0.000000000000000000 ) ) ;
#1298 = DIRECTION ( 'NONE',  ( 1.000000000000000000, 0.000000000000000000, 0.000000000000000000 ) ) ;
#1299 = ORIENTED_EDGE ( 'NONE', *, *, #2181, .T. ) ;
#1300 = ORIENTED_EDGE ( 'NONE', *, *, #3220, .F. ) ;
#1301 = FACE_OUTER_BOUND ( 'NONE', #1808, .T. ) ;
#1302 = EDGE_CURVE ( 'NONE', #3060, #3201, #829, .T. ) ;
#1303 = EDGE_CURVE ( 'NONE', #1718, #2614, #5447, .T. ) ;
#1304 = DIRECTION ( 'NONE',  ( 1.000000000000000000, 0.000000000000000000, 0.000000000000000000 ) ) ;
#1305 = AXIS2_PLACEMENT_3D ( 'NONE', #5164, #3267, #3303 ) ;
#1306 = FACE_OUTER_BOUND ( 'NONE', #3029, .T. ) ;
#1307 = ORIENTED_EDGE ( 'NONE', *, *, #5137, .T. ) ;
#1308 = CARTESIAN_POINT ( 'NONE',  ( 3.230900000000000105, -1.750000000000000000, 0.1345630000000000159 ) ) ;
#1309 = LINE ( 'NONE', #2244, #4074 ) ;
#1310 = ADVANCED_FACE ( 'NONE', ( #4443 ), #1652, .F. ) ;
#1311 = PLANE ( 'NONE',  #2878 ) ;
#1312 = ORIENTED_EDGE ( 'NONE', *, *, #5394, .T. ) ;
#1313 = CARTESIAN_POINT ( 'NONE',  ( 3.984144000000000130, 1.425000000000000044, 3.174999999999999822 ) ) ;
#1314 = CARTESIAN_POINT ( 'NONE',  ( 3.925399999999999778, 1.436262999999999845, 3.500000000000000000 ) ) ;
#1315 = ORIENTED_EDGE ( 'NONE', *, *, #1182, .T. ) ;
#1316 = DIRECTION ( 'NONE',  ( 0.000000000000000000, 0.000000000000000000, 1.000000000000000000 ) ) ;
#1317 = CARTESIAN_POINT ( 'NONE',  ( 4.049999999999999822, -1.550000000000000044, 0.7982930000000000303 ) ) ;
#1318 = PLANE ( 'NONE',  #1061 ) ;
#1319 = ORIENTED_EDGE ( 'NONE', *, *, #2986, .T. ) ;
#1320 = VERTEX_POINT ( 'NONE', #1160 ) ;
#1321 = CARTESIAN_POINT ( 'NONE',  ( 1.730900000000000105, -0.1299999999999999767, 0.7982930000000000303 ) ) ;
#1322 = DIRECTION ( 'NONE',  ( 0.000000000000000000, -1.000000000000000000, 2.200000000000000003E-16 ) ) ;
#1323 = CARTESIAN_POINT ( 'NONE',  ( -4.016199080200999916, -1.479005460917999892, 3.241813492022999732 ) ) ;
#1324 = ORIENTED_EDGE ( 'NONE', *, *, #3438, .F. ) ;
#1325 = ORIENTED_EDGE ( 'NONE', *, *, #2731, .F. ) ;
#1326 = FACE_OUTER_BOUND ( 'NONE', #667, .T. ) ;
#1327 = FACE_OUTER_BOUND ( 'NONE', #2740, .T. ) ;
#1328 = ADVANCED_FACE ( 'NONE', ( #2672 ), #277, .F. ) ;
#1329 = ORIENTED_EDGE ( 'NONE', *, *, #1487, .F. ) ;
#1330 = VECTOR ( 'NONE', #5465, 1000.000000000000000 ) ;
#1331 = EDGE_CURVE ( 'NONE', #5240, #3935, #367, .T. ) ;
#1332 = DIRECTION ( 'NONE',  ( 1.000000000000000000, 0.000000000000000000, 0.000000000000000000 ) ) ;
#1333 = ORIENTED_EDGE ( 'NONE', *, *, #5863, .T. ) ;
#1334 = DIRECTION ( 'NONE',  ( 0.000000000000000000, 1.000000000000000000, 0.000000000000000000 ) ) ;
#1335 = DIRECTION ( 'NONE',  ( 1.000000000000000000, 0.000000000000000000, 0.000000000000000000 ) ) ;
#1336 = AXIS2_PLACEMENT_3D ( 'NONE', #5897, #1732, #3586 ) ;
#1337 = CARTESIAN_POINT ( 'NONE',  ( -1.649999999999999911, -0.7500000000000000000, 6.110705999999999527 ) ) ;
#1338 = ADVANCED_FACE ( 'NONE', ( #804 ), #1224, .F. ) ;
#1339 = VERTEX_POINT ( 'NONE', #3954 ) ;
#1340 = CARTESIAN_POINT ( 'NONE',  ( 3.161627999999999883, -0.9499999999999999556, 0.2000000000000000111 ) ) ;
#1341 = CARTESIAN_POINT ( 'NONE',  ( -4.033925927124999866, -1.486319999999999864, 3.174999999999999822 ) ) ;
#1342 = ORIENTED_EDGE ( 'NONE', *, *, #5338, .T. ) ;
#1343 = CARTESIAN_POINT ( 'NONE',  ( -4.019869938203000537, -1.470871882705000244, 3.499244407579999994 ) ) ;
#1344 = DIRECTION ( 'NONE',  ( 1.000000000000000000, 0.000000000000000000, 0.000000000000000000 ) ) ;
#1345 = VECTOR ( 'NONE', #4825, 1000.000000000000000 ) ;
#1346 = VECTOR ( 'NONE', #2430, 1000.000000000000000 ) ;
#1347 = AXIS2_PLACEMENT_3D ( 'NONE', #1813, #4586, #4125 ) ;
#1348 = CARTESIAN_POINT ( 'NONE',  ( -2.218206999999999596, 2.000000000000000000, -0.2825900000000000079 ) ) ;
#1349 = ORIENTED_EDGE ( 'NONE', *, *, #5336, .F. ) ;
#1350 = ORIENTED_EDGE ( 'NONE', *, *, #3548, .F. ) ;
#1351 = CARTESIAN_POINT ( 'NONE',  ( -4.422899999999999388, 0.9499999999999999556, -0.6626299999999999413 ) ) ;
#1352 = VECTOR ( 'NONE', #1139, 1000.000000000000000 ) ;
#1353 = VECTOR ( 'NONE', #5276, 1000.000000000000000 ) ;
#1354 = AXIS2_PLACEMENT_3D ( 'NONE', #4924, #4017, #4990 ) ;
#1355 = CARTESIAN_POINT ( 'NONE',  ( -1.730900000000000105, 1.889440999999999926, 0.06912600000000000688 ) ) ;
#1356 = LINE ( 'NONE', #3200, #700 ) ;
#1357 = ORIENTED_EDGE ( 'NONE', *, *, #5391, .F. ) ;
#1358 = ORIENTED_EDGE ( 'NONE', *, *, #1744, .F. ) ;
#1359 = FACE_OUTER_BOUND ( 'NONE', #2178, .T. ) ;
#1360 = CARTESIAN_POINT ( 'NONE',  ( -2.750000000000000000, 0.1499999999999999944, -3.195100000000000051 ) ) ;
#1361 = VECTOR ( 'NONE', #1119, 1000.000000000000000 ) ;
#1362 = CARTESIAN_POINT ( 'NONE',  ( 3.905184045600000431, 1.534323617610999779, 3.235650937848999931 ) ) ;
#1363 = VERTEX_POINT ( 'NONE', #2646 ) ;
#1364 = CIRCLE ( 'NONE', #2717, 0.1250000000000001110 ) ;
#1365 = ADVANCED_FACE ( 'NONE', ( #1193 ), #3589, .T. ) ;
#1366 = CARTESIAN_POINT ( 'NONE',  ( -1.229300499999999907, -1.750000000000000000, 0.2500269999999999992 ) ) ;
#1367 = DIRECTION ( 'NONE',  ( 0.000000000000000000, 0.000000000000000000, 1.000000000000000000 ) ) ;
#1368 = FACE_BOUND ( 'NONE', #2547, .T. ) ;
#1369 = VECTOR ( 'NONE', #5825, 1000.000000000000000 ) ;
#1370 = VERTEX_POINT ( 'NONE', #2193 ) ;
#1371 = CYLINDRICAL_SURFACE ( 'NONE', #2698, 0.1250000000000001110 ) ;
#1372 = CARTESIAN_POINT ( 'NONE',  ( -4.250000000000000000, 1.750000000000000000, 0.7982930000000000303 ) ) ;
#1373 = EDGE_CURVE ( 'NONE', #835, #4548, #1682, .T. ) ;
#1374 = ORIENTED_EDGE ( 'NONE', *, *, #5604, .F. ) ;
#1375 = FACE_OUTER_BOUND ( 'NONE', #4320, .T. ) ;
#1376 = EDGE_CURVE ( 'NONE', #4608, #3543, #3528, .T. ) ;
#1377 = EDGE_CURVE ( 'NONE', #2721, #3131, #488, .T. ) ;
#1378 = DIRECTION ( 'NONE',  ( 0.000000000000000000, 1.200000000000000024E-16, 1.000000000000000000 ) ) ;
#1379 = ORIENTED_EDGE ( 'NONE', *, *, #3896, .F. ) ;
#1380 = EDGE_LOOP ( 'NONE', ( #1568, #4733, #5926, #1434, #2575, #1083, #4308, #5001, #2963 ) ) ;
#1381 = CARTESIAN_POINT ( 'NONE',  ( -4.250000000000000000, -1.750000000000000000, 0.7982930000000000303 ) ) ;
#1382 = DIRECTION ( 'NONE',  ( 0.000000000000000000, 0.000000000000000000, 1.000000000000000000 ) ) ;
#1383 = DIRECTION ( 'NONE',  ( 0.000000000000000000, 1.000000000000000000, 0.000000000000000000 ) ) ;
#1384 = VERTEX_POINT ( 'NONE', #4619 ) ;
#1385 = VERTEX_POINT ( 'NONE', #5500 ) ;
#1386 = LINE ( 'NONE', #3751, #3501 ) ;
#1387 = DIRECTION ( 'NONE',  ( 1.000000000000000000, 0.000000000000000000, 0.000000000000000000 ) ) ;
#1388 = FACE_OUTER_BOUND ( 'NONE', #2836, .T. ) ;
#1389 = ORIENTED_EDGE ( 'NONE', *, *, #3294, .F. ) ;
#1390 = CARTESIAN_POINT ( 'NONE',  ( 4.025429855086000153, 1.434501238508999910, 3.248877320964000059 ) ) ;
#1391 = CARTESIAN_POINT ( 'NONE',  ( 2.250000000000000000, -0.1499999999999999944, 0.2000000000000000111 ) ) ;
#1392 = AXIS2_PLACEMENT_3D ( 'NONE', #5074, #3675, #974 ) ;
#1393 = FACE_OUTER_BOUND ( 'NONE', #5819, .T. ) ;
#1394 = EDGE_CURVE ( 'NONE', #5269, #603, #2700, .T. ) ;
#1395 = EDGE_CURVE ( 'NONE', #58, #418, #3154, .T. ) ;
#1396 = ORIENTED_EDGE ( 'NONE', *, *, #4267, .T. ) ;
#1397 = LINE ( 'NONE', #2734, #1643 ) ;
#1398 = DIRECTION ( 'NONE',  ( 0.000000000000000000, 0.000000000000000000, 1.000000000000000000 ) ) ;
#1399 = ORIENTED_EDGE ( 'NONE', *, *, #583, .F. ) ;
#1400 = CARTESIAN_POINT ( 'NONE',  ( -1.730900000000000105, 1.819720500000000074, 0.2000000000000000111 ) ) ;
#1401 = LINE ( 'NONE', #5170, #4254 ) ;
#1402 = ADVANCED_FACE ( 'NONE', ( #4680 ), #1881, .T. ) ;
#1403 = ORIENTED_EDGE ( 'NONE', *, *, #846, .F. ) ;
#1404 = CARTESIAN_POINT ( 'NONE',  ( 1.730900000000000105, -1.550000000000000044, 0.7982930000000000303 ) ) ;
#1405 = CARTESIAN_POINT ( 'NONE',  ( 3.924999999999999822, -1.425000000000000044, 3.174999999999999822 ) ) ;
#1406 = EDGE_CURVE ( 'NONE', #4336, #3136, #1795, .T. ) ;
#1408 = EDGE_CURVE ( 'NONE', #1802, #2994, #3643, .T. ) ;
#1407 = ORIENTED_EDGE ( 'NONE', *, *, #3035, .T. ) ;
#1409 = VERTEX_POINT ( 'NONE', #4158 ) ;
#1410 = CARTESIAN_POINT ( 'NONE',  ( 0.2500000000000000000, 0.9499999999999999556, 0.2000000000000000111 ) ) ;
#1411 = EDGE_CURVE ( 'NONE', #4326, #4292, #465, .T. ) ;
#1412 = CARTESIAN_POINT ( 'NONE',  ( 3.878422310333000222, -1.524692067351999913, 3.250521066640999823 ) ) ;
#1413 = DIRECTION ( 'NONE',  ( 1.000000000000000000, 0.000000000000000000, 0.000000000000000000 ) ) ;
#1414 = ORIENTED_EDGE ( 'NONE', *, *, #4090, .F. ) ;
#1415 = ORIENTED_EDGE ( 'NONE', *, *, #718, .F. ) ;
#1416 = LINE ( 'NONE', #5115, #5642 ) ;
#1417 = CARTESIAN_POINT ( 'NONE',  ( -4.257242999999999888, -1.550000000000000044, 0.7982930000000000303 ) ) ;
#1418 = CARTESIAN_POINT ( 'NONE',  ( 1.730900000000000105, -1.489999999999999991, 0.06912600000000000688 ) ) ;
#1419 = FACE_OUTER_BOUND ( 'NONE', #348, .T. ) ;
#1420 = VERTEX_POINT ( 'NONE', #5474 ) ;
#1421 = CARTESIAN_POINT ( 'NONE',  ( 4.049999999999999822, 1.425000000000000044, 3.174999999999999822 ) ) ;
#1422 = CARTESIAN_POINT ( 'NONE',  ( -2.218206999999999596, 1.750000000000000000, 0.2500000000000000000 ) ) ;
#1423 = DIRECTION ( 'NONE',  ( 0.000000000000000000, 0.000000000000000000, -1.000000000000000000 ) ) ;
#1424 = AXIS2_PLACEMENT_3D ( 'NONE', #1933, #5156, #4585 ) ;
#1425 = ORIENTED_EDGE ( 'NONE', *, *, #3903, .F. ) ;
#1426 = CARTESIAN_POINT ( 'NONE',  ( -1.750000000000000000, -0.7500000000000000000, 3.285203000000000095 ) ) ;
#1427 = CARTESIAN_POINT ( 'NONE',  ( -4.464485999999999954, 2.000000000000000000, 0.7982930000000000303 ) ) ;
#1428 = VECTOR ( 'NONE', #4071, 1000.000000000000000 ) ;
#1429 = VERTEX_POINT ( 'NONE', #1340 ) ;
#1430 = LINE ( 'NONE', #5989, #1976 ) ;
#1431 = CARTESIAN_POINT ( 'NONE',  ( 0.2500000000000000000, 0.1499999999999999944, -3.195100000000000051 ) ) ;
#1432 = CARTESIAN_POINT ( 'NONE',  ( -2.218206999999999596, -1.489999999999999991, 0.2182292174799999873 ) ) ;
#1433 = LINE ( 'NONE', #3769, #4650 ) ;
#1434 = ORIENTED_EDGE ( 'NONE', *, *, #4146, .T. ) ;
#1435 = VERTEX_POINT ( 'NONE', #1426 ) ;
#1436 = ADVANCED_FACE ( 'NONE', ( #5959 ), #1371, .F. ) ;
#1437 = LINE ( 'NONE', #2797, #3989 ) ;
#1438 = LINE ( 'NONE', #5574, #4370 ) ;
#1439 = EDGE_CURVE ( 'NONE', #2910, #2994, #3575, .T. ) ;
#1440 = ORIENTED_EDGE ( 'NONE', *, *, #713, .F. ) ;
#1441 = FACE_OUTER_BOUND ( 'NONE', #496, .T. ) ;
#1442 = PLANE ( 'NONE',  #4955 ) ;
#1443 = VERTEX_POINT ( 'NONE', #431 ) ;
#1444 = ORIENTED_EDGE ( 'NONE', *, *, #1394, .F. ) ;
#1445 = AXIS2_PLACEMENT_3D ( 'NONE', #1317, #3158, #861 ) ;
#1446 = AXIS2_PLACEMENT_3D ( 'NONE', #4516, #4545, #2235 ) ;
#1447 = ADVANCED_FACE ( 'NONE', ( #4131 ), #2822, .T. ) ;
#1448 = DIRECTION ( 'NONE',  ( 0.000000000000000000, 0.000000000000000000, 1.000000000000000000 ) ) ;
#1449 = EDGE_CURVE ( 'NONE', #377, #5999, #2760, .T. ) ;
#1450 = VECTOR ( 'NONE', #2537, 1000.000000000000000 ) ;
#1451 = LINE ( 'NONE', #4179, #5597 ) ;
#1452 = EDGE_CURVE ( 'NONE', #5181, #5204, #3670, .T. ) ;
#1453 = VECTOR ( 'NONE', #4112, 1000.000000000000000 ) ;
#1454 = PLANE ( 'NONE',  #5125 ) ;
#1455 = LINE ( 'NONE', #1997, #1353 ) ;
#1456 = ORIENTED_EDGE ( 'NONE', *, *, #5348, .F. ) ;
#1457 = CARTESIAN_POINT ( 'NONE',  ( -3.984144000000000130, 1.535122601059000003, 0.7982930000000000303 ) ) ;
#1458 = AXIS2_PLACEMENT_3D ( 'NONE', #2495, #5288, #689 ) ;
#1459 = CIRCLE ( 'NONE', #4165, 0.1250000000000001110 ) ;
#1460 = DIRECTION ( 'NONE',  ( 0.000000000000000000, 1.000000000000000000, 0.000000000000000000 ) ) ;
#1461 = EDGE_LOOP ( 'NONE', ( #4175, #1022, #2691, #4665 ) ) ;
#1462 = CARTESIAN_POINT ( 'NONE',  ( -3.829898468071999851, 1.466351475867999854, 3.293073504374999683 ) ) ;
#1463 = DIRECTION ( 'NONE',  ( 1.000000000000000000, 0.000000000000000000, 0.000000000000000000 ) ) ;
#1464 = CARTESIAN_POINT ( 'NONE',  ( -4.049999999999999822, 1.750000000000000000, 0.7982930000000000303 ) ) ;
#1465 = FACE_OUTER_BOUND ( 'NONE', #3509, .T. ) ;
#1466 = VECTOR ( 'NONE', #4032, 1000.000000000000000 ) ;
#1467 = PLANE ( 'NONE',  #3184 ) ;
#1468 = CARTESIAN_POINT ( 'NONE',  ( -3.924999999999999822, 1.425000000000000044, 3.174999999999999822 ) ) ;
#1469 = ORIENTED_EDGE ( 'NONE', *, *, #4459, .F. ) ;
#1470 = EDGE_LOOP ( 'NONE', ( #261, #2143, #5086 ) ) ;
#1471 = DIRECTION ( 'NONE',  ( 0.000000000000000000, 1.000000000000000000, 0.000000000000000000 ) ) ;
#1472 = EDGE_CURVE ( 'NONE', #1616, #1604, #1855, .T. ) ;
#1473 = CARTESIAN_POINT ( 'NONE',  ( 3.825400000000000134, -1.441361728586000091, 3.299030253009000102 ) ) ;
#1474 = DIRECTION ( 'NONE',  ( 0.000000000000000000, 0.000000000000000000, 1.000000000000000000 ) ) ;
#1475 = ORIENTED_EDGE ( 'NONE', *, *, #552, .F. ) ;
#1476 = ORIENTED_EDGE ( 'NONE', *, *, #1780, .F. ) ;
#1477 = EDGE_CURVE ( 'NONE', #1802, #5240, #5043, .T. ) ;
#1478 = DIRECTION ( 'NONE',  ( 1.000000000000000000, 0.000000000000000000, 0.000000000000000000 ) ) ;
#1479 = DIRECTION ( 'NONE',  ( 1.000000000000000000, 0.000000000000000000, 0.000000000000000000 ) ) ;
#1480 = DIRECTION ( 'NONE',  ( 1.000000000000000000, 0.000000000000000000, 0.000000000000000000 ) ) ;
#1481 = CARTESIAN_POINT ( 'NONE',  ( -4.250000000000000000, 1.500000000000000000, -6.000000000000000121E-17 ) ) ;
#1482 = ORIENTED_EDGE ( 'NONE', *, *, #2952, .F. ) ;
#1483 = DIRECTION ( 'NONE',  ( 1.000000000000000000, 0.000000000000000000, 0.000000000000000000 ) ) ;
#1484 = EDGE_CURVE ( 'NONE', #354, #329, #1397, .T. ) ;
#1485 = PLANE ( 'NONE',  #1005 ) ;
#1486 = VERTEX_POINT ( 'NONE', #4592 ) ;
#1487 = EDGE_CURVE ( 'NONE', #1532, #5409, #4354, .T. ) ;
#1488 = CARTESIAN_POINT ( 'NONE',  ( 3.937954652072999551, 1.535551058757000042, 3.232020883465999805 ) ) ;
#1489 = EDGE_CURVE ( 'NONE', #5409, #5412, #5209, .T. ) ;
#1490 = CARTESIAN_POINT ( 'NONE',  ( -3.863614994243000034, 1.515463044602999965, 3.261626352871999757 ) ) ;
#1491 = AXIS2_PLACEMENT_3D ( 'NONE', #1609, #2516, #2636 ) ;
#1492 = CARTESIAN_POINT ( 'NONE',  ( -4.049999999999999822, -1.425000000000000044, 0.2000000000000000111 ) ) ;
#1493 = LINE ( 'NONE', #1431, #1553 ) ;
#1494 = VECTOR ( 'NONE', #5864, 1000.000000000000000 ) ;
#1495 = CARTESIAN_POINT ( 'NONE',  ( -4.011741103577999290, 1.385436141892000039, 3.265118614528000229 ) ) ;
#1496 = CARTESIAN_POINT ( 'NONE',  ( 1.730900000000000105, -1.842373999999999956, 0.7982930000000000303 ) ) ;
#1497 = ORIENTED_EDGE ( 'NONE', *, *, #3998, .F. ) ;
#1498 = ORIENTED_EDGE ( 'NONE', *, *, #2191, .F. ) ;
#1499 = PLANE ( 'NONE',  #3792 ) ;
#1500 = CARTESIAN_POINT ( 'NONE',  ( 3.924999999999999822, 1.425000000000000044, 0.7982930000000000303 ) ) ;
#1501 = ORIENTED_EDGE ( 'NONE', *, *, #2400, .F. ) ;
#1502 = CARTESIAN_POINT ( 'NONE',  ( 3.885772725828000151, -1.528265105727999895, 3.245557244095000016 ) ) ;
#1503 = CARTESIAN_POINT ( 'NONE',  ( 3.230900000000000105, 1.818278999999999979, 0.2000000000000000111 ) ) ;
#1504 = ORIENTED_EDGE ( 'NONE', *, *, #5644, .F. ) ;
#1505 = ORIENTED_EDGE ( 'NONE', *, *, #3489, .T. ) ;
#1506 = CARTESIAN_POINT ( 'NONE',  ( -2.925000000000000266, 0.8249999999999999556, 3.299999999999999822 ) ) ;
#1507 = DIRECTION ( 'NONE',  ( -0.000000000000000000, 1.000000000000000000, 0.000000000000000000 ) ) ;
#1508 = DIRECTION ( 'NONE',  ( -3.999999999999999916E-16, 0.000000000000000000, 1.000000000000000000 ) ) ;
#1509 = CARTESIAN_POINT ( 'NONE',  ( -3.924999999999999822, -1.550000000000000044, 3.174999999999999822 ) ) ;
#1510 = ORIENTED_EDGE ( 'NONE', *, *, #4978, .F. ) ;
#1511 = CARTESIAN_POINT ( 'NONE',  ( 3.925399999999999778, -1.436262999999999845, 3.500000000000000000 ) ) ;
#1512 = PLANE ( 'NONE',  #4654 ) ;
#1513 = ADVANCED_FACE ( 'NONE', ( #1908 ), #3828, .T. ) ;
#1514 = DIRECTION ( 'NONE',  ( 0.000000000000000000, 2.200000000000000003E-16, 1.000000000000000000 ) ) ;
#1515 = ORIENTED_EDGE ( 'NONE', *, *, #1879, .F. ) ;
#1516 = DIRECTION ( 'NONE',  ( 0.000000000000000000, 0.000000000000000000, 1.000000000000000000 ) ) ;
#1517 = DIRECTION ( 'NONE',  ( 0.000000000000000000, 0.000000000000000000, 1.000000000000000000 ) ) ;
#1518 = CARTESIAN_POINT ( 'NONE',  ( 1.791398999999999964, 2.000000000000000000, 0.7982930000000000303 ) ) ;
#1519 = CARTESIAN_POINT ( 'NONE',  ( -2.250000000000000000, 0.1499999999999999944, -3.195100000000000051 ) ) ;
#1520 = EDGE_CURVE ( 'NONE', #1486, #2052, #5061, .T. ) ;
#1521 = AXIS2_PLACEMENT_3D ( 'NONE', #2898, #606, #5650 ) ;
#1522 = LINE ( 'NONE', #4829, #5720 ) ;
#1523 = CARTESIAN_POINT ( 'NONE',  ( 4.011969606392999488, -1.486319999999999864, 3.240583116455000301 ) ) ;
#1524 = ORIENTED_EDGE ( 'NONE', *, *, #5455, .T. ) ;
#1525 = ORIENTED_EDGE ( 'NONE', *, *, #5303, .F. ) ;
#1526 = DIRECTION ( 'NONE',  ( 0.000000000000000000, 1.000000000000000000, 0.000000000000000000 ) ) ;
#1527 = LINE ( 'NONE', #5603, #198 ) ;
#1528 = ORIENTED_EDGE ( 'NONE', *, *, #45, .F. ) ;
#1529 = CARTESIAN_POINT ( 'NONE',  ( -4.014119561367000877, -1.389590408936999921, 3.262782584527999852 ) ) ;
#1530 = DIRECTION ( 'NONE',  ( 0.000000000000000000, 1.000000000000000000, 0.000000000000000000 ) ) ;
#1531 = VERTEX_POINT ( 'NONE', #4707 ) ;
#1532 = VERTEX_POINT ( 'NONE', #2034 ) ;
#1533 = LINE ( 'NONE', #5241, #1845 ) ;
#1534 = VECTOR ( 'NONE', #4105, 1000.000000000000000 ) ;
#1535 = VECTOR ( 'NONE', #5817, 1000.000000000000000 ) ;
#1536 = CARTESIAN_POINT ( 'NONE',  ( -3.868578711117999891, -1.520642917159999996, 3.499422101418999898 ) ) ;
#1537 = VECTOR ( 'NONE', #4403, 1000.000000000000000 ) ;
#1538 = CARTESIAN_POINT ( 'NONE',  ( 3.924999999999999822, -1.550000000000000044, 3.174999999999999822 ) ) ;
#1539 = ORIENTED_EDGE ( 'NONE', *, *, #2188, .T. ) ;
#1540 = VERTEX_POINT ( 'NONE', #2968 ) ;
#1541 = DIRECTION ( 'NONE',  ( 0.000000000000000000, 0.000000000000000000, 1.000000000000000000 ) ) ;
#1542 = VECTOR ( 'NONE', #4880, 1000.000000000000000 ) ;
#1543 = VECTOR ( 'NONE', #376, 1000.000000000000000 ) ;
#1544 = EDGE_CURVE ( 'NONE', #2535, #5773, #5746, .T. ) ;
#1545 = ORIENTED_EDGE ( 'NONE', *, *, #664, .F. ) ;
#1546 = DIRECTION ( 'NONE',  ( 0.000000000000000000, 0.000000000000000000, -1.000000000000000000 ) ) ;
#1547 = CYLINDRICAL_SURFACE ( 'NONE', #3859, 0.2000000000000000944 ) ;
#1548 = VECTOR ( 'NONE', #1253, 1000.000000000000000 ) ;
#1549 = CARTESIAN_POINT ( 'NONE',  ( 0.9676375000000000393, 1.750000000000000000, 1.641000000000000014 ) ) ;
#1550 = VECTOR ( 'NONE', #2951, 1000.000000000000000 ) ;
#1551 = LINE ( 'NONE', #157, #2889 ) ;
#1552 = CARTESIAN_POINT ( 'NONE',  ( -0.2500000000000000000, -0.1499999999999999944, 0.2100000000000000200 ) ) ;
#1553 = VECTOR ( 'NONE', #2371, 1000.000000000000000 ) ;
#1554 = EDGE_CURVE ( 'NONE', #1443, #2222, #1579, .T. ) ;
#1555 = LINE ( 'NONE', #2945, #2315 ) ;
#1556 = CARTESIAN_POINT ( 'NONE',  ( -2.217499999999999805, 1.550000000000000044, 0.6690000000000000391 ) ) ;
#1557 = ORIENTED_EDGE ( 'NONE', *, *, #5005, .F. ) ;
#1558 = ORIENTED_EDGE ( 'NONE', *, *, #4986, .F. ) ;
#1559 = ADVANCED_FACE ( 'NONE', ( #4246 ), #3761, .T. ) ;
#1560 = CIRCLE ( 'NONE', #4476, 0.2499999999999997780 ) ;
#1561 = DIRECTION ( 'NONE',  ( 0.000000000000000000, 0.000000000000000000, -1.000000000000000000 ) ) ;
#1562 = DIRECTION ( 'NONE',  ( 0.000000000000000000, 0.000000000000000000, -1.000000000000000000 ) ) ;
#1563 = EDGE_CURVE ( 'NONE', #5021, #4608, #5708, .T. ) ;
#1564 = AXIS2_PLACEMENT_3D ( 'NONE', #1351, #1267, #787 ) ;
#1565 = VERTEX_POINT ( 'NONE', #5710 ) ;
#1566 = CARTESIAN_POINT ( 'NONE',  ( -3.948262037889000098, -1.337769795392000027, 3.298720722820999818 ) ) ;
#1567 = CARTESIAN_POINT ( 'NONE',  ( -4.049999999999999822, -1.550000000000000044, 0.2000000000000000111 ) ) ;
#1568 = ORIENTED_EDGE ( 'NONE', *, *, #3593, .F. ) ;
#1569 = ORIENTED_EDGE ( 'NONE', *, *, #297, .F. ) ;
#1570 = DIRECTION ( 'NONE',  ( -1.000000000000000000, 0.000000000000000000, 0.000000000000000000 ) ) ;
#1571 = SURFACE_SIDE_STYLE ('',( #2541 ) ) ;
#1572 = DIRECTION ( 'NONE',  ( 0.000000000000000000, 0.000000000000000000, 1.000000000000000000 ) ) ;
#1573 = EDGE_LOOP ( 'NONE', ( #5012, #1600, #5515, #2768, #4075, #5104, #4273, #2500 ) ) ;
#1574 = AXIS2_PLACEMENT_3D ( 'NONE', #4770, #1121, #679 ) ;
#1575 = CARTESIAN_POINT ( 'NONE',  ( -1.730900000000000105, 0.06972049999999999081, 0.7982930000000000303 ) ) ;
#1576 = ORIENTED_EDGE ( 'NONE', *, *, #4718, .T. ) ;
#1577 = LINE ( 'NONE', #120, #3138 ) ;
#1578 = ORIENTED_EDGE ( 'NONE', *, *, #4564, .T. ) ;
#1579 = LINE ( 'NONE', #678, #1049 ) ;
#1580 = LINE ( 'NONE', #3428, #3123 ) ;
#1581 = CARTESIAN_POINT ( 'NONE',  ( -4.024763699764998925, 1.425000000000000044, 3.250314037264999900 ) ) ;
#1582 = LINE ( 'NONE', #4415, #4341 ) ;
#1583 = VECTOR ( 'NONE', #2378, 1000.000000000000000 ) ;
#1584 = LINE ( 'NONE', #2974, #3872 ) ;
#1585 = LINE ( 'NONE', #1556, #4940 ) ;
#1586 = ORIENTED_EDGE ( 'NONE', *, *, #5082, .F. ) ;
#1587 = DIRECTION ( 'NONE',  ( -1.000000000000000000, 0.000000000000000000, 0.000000000000000000 ) ) ;
#1588 = CARTESIAN_POINT ( 'NONE',  ( -3.172874999999999890, 1.875000000000000000, 0.2000000000000000111 ) ) ;
#1589 = ADVANCED_FACE ( 'NONE', ( #1946 ), #1547, .T. ) ;
#1590 = VECTOR ( 'NONE', #541, 1000.000000000000000 ) ;
#1591 = EDGE_CURVE ( 'NONE', #1659, #3226, #3272, .T. ) ;
#1592 = B_SPLINE_CURVE_WITH_KNOTS ( 'NONE', 6,
 ( #3697, #2842, #5585, #5557, #1390, #3233, #4183, #4099, #5955, #5091, #931, #24 ),
 .UNSPECIFIED., .F., .F.,
 ( 7, 5, 7 ),
 ( 0.000000000000000000, 0.2241564600189999978, 1.000000000000000000 ),
 .UNSPECIFIED. ) ;
#1593 = EDGE_LOOP ( 'NONE', ( #1629, #775, #4257, #1711, #3882, #5019, #4792, #3956, #2960, #5588, #2017, #2883, #49, #706, #4908, #1989, #3391, #1669, #1235, #2727 ) ) ;
#1594 = B_SPLINE_CURVE_WITH_KNOTS ( 'NONE', 6,
 ( #5689, #2529, #3832, #3857, #5779, #5171, #1036 ),
 .UNSPECIFIED., .F., .F.,
 ( 7, 7 ),
 ( 0.000000000000000000, 1.000000000000000000 ),
 .UNSPECIFIED. ) ;
#1595 = EDGE_CURVE ( 'NONE', #5648, #1790, #5315, .T. ) ;
#1596 = EDGE_CURVE ( 'NONE', #3820, #2918, #2184, .T. ) ;
#1597 = FACE_OUTER_BOUND ( 'NONE', #5638, .T. ) ;
#1598 = DIRECTION ( 'NONE',  ( 0.000000000000000000, 1.000000000000000000, 0.000000000000000000 ) ) ;
#1599 = ORIENTED_EDGE ( 'NONE', *, *, #1753, .F. ) ;
#1600 = ORIENTED_EDGE ( 'NONE', *, *, #36, .F. ) ;
#1601 = CARTESIAN_POINT ( 'NONE',  ( -4.250000000000000000, -1.750000000000000000, 0.7982930000000000303 ) ) ;
#1602 = CARTESIAN_POINT ( 'NONE',  ( 2.229423999999999850, -1.500000000000000000, 0.000000000000000000 ) ) ;
#1603 = CARTESIAN_POINT ( 'NONE',  ( 3.930246173828000789, 1.536154271917000047, 3.231955747275999880 ) ) ;
#1604 = VERTEX_POINT ( 'NONE', #247 ) ;
#1605 = ORIENTED_EDGE ( 'NONE', *, *, #4140, .F. ) ;
#1606 = CARTESIAN_POINT ( 'NONE',  ( -3.375000000000000000, 0.1499999999999999944, 0.2000000000000000111 ) ) ;
#1607 = DIRECTION ( 'NONE',  ( 0.000000000000000000, -1.000000000000000000, 2.200000000000000003E-16 ) ) ;
#1608 = ORIENTED_EDGE ( 'NONE', *, *, #3251, .F. ) ;
#1609 = CARTESIAN_POINT ( 'NONE',  ( 2.229423999999999850, 2.000000000000000000, 0.2500269999999999992 ) ) ;
#1610 = CARTESIAN_POINT ( 'NONE',  ( 3.772886000000000184, 1.486319999999999864, 0.7982930000000000303 ) ) ;
#1611 = CARTESIAN_POINT ( 'NONE',  ( 3.161627999999999883, -1.550000000000000044, 0.4991464999999999375 ) ) ;
#1612 = DIRECTION ( 'NONE',  ( -0.000000000000000000, 1.000000000000000000, 0.000000000000000000 ) ) ;
#1613 = LINE ( 'NONE', #1492, #3967 ) ;
#1614 = DIRECTION ( 'NONE',  ( 0.000000000000000000, -1.000000000000000000, 0.000000000000000000 ) ) ;
#1615 = CARTESIAN_POINT ( 'NONE',  ( -4.049999999999999822, -1.550000000000000044, 0.2000000000000000111 ) ) ;
#1616 = VERTEX_POINT ( 'NONE', #1676 ) ;
#1617 = LINE ( 'NONE', #4076, #786 ) ;
#1618 = DIRECTION ( 'NONE',  ( -1.000000000000000000, 0.000000000000000000, 0.000000000000000000 ) ) ;
#1619 = ORIENTED_EDGE ( 'NONE', *, *, #4970, .T. ) ;
#1620 = LINE ( 'NONE', #5361, #3817 ) ;
#1621 = CARTESIAN_POINT ( 'NONE',  ( 3.984144000000000130, -1.500000000000000000, 3.250000000000000000 ) ) ;
#1622 = DIRECTION ( 'NONE',  ( 2.100000000000000104E-16, 1.000000000000000000, -2.200000000000000003E-16 ) ) ;
#1623 = ORIENTED_EDGE ( 'NONE', *, *, #152, .F. ) ;
#1624 = EDGE_CURVE ( 'NONE', #1956, #5463, #4498, .T. ) ;
#1625 = LINE ( 'NONE', #3473, #1935 ) ;
#1626 = FACE_OUTER_BOUND ( 'NONE', #4103, .T. ) ;
#1627 = ORIENTED_EDGE ( 'NONE', *, *, #5265, .F. ) ;
#1628 = ADVANCED_FACE ( 'NONE', ( #216 ), #741, .F. ) ;
#1629 = ORIENTED_EDGE ( 'NONE', *, *, #189, .F. ) ;
#1630 = LINE ( 'NONE', #758, #2047 ) ;
#1631 = AXIS2_PLACEMENT_3D ( 'NONE', #327, #2177, #5859 ) ;
#1632 = CARTESIAN_POINT ( 'NONE',  ( -2.990450000000000053, -1.489999999999999991, 0.7982930000000000303 ) ) ;
#1633 = EDGE_CURVE ( 'NONE', #3150, #2082, #4861, .T. ) ;
#1634 = CARTESIAN_POINT ( 'NONE',  ( -1.750000000000000000, -0.7500000000000000000, 6.010705999999999882 ) ) ;
#1635 = EDGE_CURVE ( 'NONE', #672, #4300, #294, .T. ) ;
#1636 = VERTEX_POINT ( 'NONE', #4917 ) ;
#1637 = ORIENTED_EDGE ( 'NONE', *, *, #3746, .F. ) ;
#1638 = LINE ( 'NONE', #4817, #4689 ) ;
#1639 = VERTEX_POINT ( 'NONE', #5353 ) ;
#1640 = ADVANCED_FACE ( 'NONE', ( #1728 ), #2640, .T. ) ;
#1641 = DIRECTION ( 'NONE',  ( 0.000000000000000000, 1.000000000000000000, 0.000000000000000000 ) ) ;
#1642 = AXIS2_PLACEMENT_3D ( 'NONE', #1002, #1398, #5096 ) ;
#1643 = VECTOR ( 'NONE', #3237, 1000.000000000000000 ) ;
#1644 = VERTEX_POINT ( 'NONE', #1185 ) ;
#1645 = CARTESIAN_POINT ( 'NONE',  ( -0.9676375000000000393, 1.750000000000000000, 0.3537500000000000089 ) ) ;
#1646 = PLANE ( 'NONE',  #3900 ) ;
#1647 = VECTOR ( 'NONE', #5158, 1000.000000000000000 ) ;
#1648 = FACE_OUTER_BOUND ( 'NONE', #5728, .T. ) ;
#1649 = DIRECTION ( 'NONE',  ( 0.000000000000000000, -1.000000000000000000, 2.200000000000000003E-16 ) ) ;
#1650 = AXIS2_PLACEMENT_3D ( 'NONE', #4166, #2344, #838 ) ;
#1651 = VECTOR ( 'NONE', #5599, 1000.000000000000000 ) ;
#1652 = PLANE ( 'NONE',  #3191 ) ;
#1653 = DIRECTION ( 'NONE',  ( 0.000000000000000000, 1.000000000000000000, 0.000000000000000000 ) ) ;
#1654 = ORIENTED_EDGE ( 'NONE', *, *, #990, .F. ) ;
#1655 = PLANE ( 'NONE',  #2655 ) ;
#1656 = CARTESIAN_POINT ( 'NONE',  ( -4.049999999999999822, 1.425000000000000044, 3.174999999999999822 ) ) ;
#1657 = VECTOR ( 'NONE', #5784, 1000.000000000000000 ) ;
#1658 = DIRECTION ( 'NONE',  ( 0.000000000000000000, 1.000000000000000000, 0.000000000000000000 ) ) ;
#1659 = VERTEX_POINT ( 'NONE', #2126 ) ;
#1660 = VECTOR ( 'NONE', #1904, 1000.000000000000000 ) ;
#1661 = CARTESIAN_POINT ( 'NONE',  ( -3.959445687297999505, -1.340734696062000131, 3.296311140315000277 ) ) ;
#1662 = ORIENTED_EDGE ( 'NONE', *, *, #5256, .F. ) ;
#1663 = EDGE_LOOP ( 'NONE', ( #3871, #2755, #5832, #1124, #2956, #433 ) ) ;
#1664 = CARTESIAN_POINT ( 'NONE',  ( 3.924999999999999822, 1.536262199996999867, 3.231971245833999973 ) ) ;
#1665 = AXIS2_PLACEMENT_3D ( 'NONE', #3513, #5735, #1570 ) ;
#1666 = EDGE_CURVE ( 'NONE', #3904, #5403, #4549, .T. ) ;
#1667 = EDGE_CURVE ( 'NONE', #3201, #1697, #5838, .T. ) ;
#1668 = DIRECTION ( 'NONE',  ( 0.000000000000000000, 0.000000000000000000, 1.000000000000000000 ) ) ;
#1669 = ORIENTED_EDGE ( 'NONE', *, *, #2334, .F. ) ;
#1670 = ORIENTED_EDGE ( 'NONE', *, *, #5606, .F. ) ;
#1671 = CARTESIAN_POINT ( 'NONE',  ( 1.730900000000000105, -1.750000000000000000, 0.1345630000000000159 ) ) ;
#1672 = DIRECTION ( 'NONE',  ( 0.000000000000000000, -1.000000000000000000, 2.200000000000000003E-16 ) ) ;
#1673 = ADVANCED_FACE ( 'NONE', ( #1152 ), #5806, .T. ) ;
#1674 = EDGE_CURVE ( 'NONE', #1814, #632, #308, .T. ) ;
#1675 = EDGE_CURVE ( 'NONE', #985, #3174, #4383, .T. ) ;
#1676 = CARTESIAN_POINT ( 'NONE',  ( -2.217499999999999805, -1.550000000000000044, 0.6690000000000000391 ) ) ;
#1677 = CARTESIAN_POINT ( 'NONE',  ( 4.049999999999999822, -1.550000000000000044, 0.2000000000000000111 ) ) ;
#1678 = FACE_OUTER_BOUND ( 'NONE', #5100, .T. ) ;
#1679 = DIRECTION ( 'NONE',  ( 1.000000000000000000, 0.000000000000000000, 0.000000000000000000 ) ) ;
#1680 = EDGE_CURVE ( 'NONE', #5821, #4336, #5866, .T. ) ;
#1681 = VERTEX_POINT ( 'NONE', #1702 ) ;
#1682 = LINE ( 'NONE', #5900, #5529 ) ;
#1683 = FACE_OUTER_BOUND ( 'NONE', #4480, .T. ) ;
#1684 = ORIENTED_EDGE ( 'NONE', *, *, #414, .T. ) ;
#1685 = CARTESIAN_POINT ( 'NONE',  ( -4.250000000000000000, -1.750000000000000000, 0.000000000000000000 ) ) ;
#1686 = CARTESIAN_POINT ( 'NONE',  ( -3.935560839402000521, -1.536304443692000143, 3.231888745856000167 ) ) ;
#1687 = DIRECTION ( 'NONE',  ( 0.000000000000000000, 1.000000000000000000, 0.000000000000000000 ) ) ;
#1688 = VERTEX_POINT ( 'NONE', #3661 ) ;
#1689 = DIRECTION ( 'NONE',  ( 0.000000000000000000, 0.000000000000000000, 1.000000000000000000 ) ) ;
#1690 = EDGE_LOOP ( 'NONE', ( #2659, #5105, #1272, #1312 ) ) ;
#1691 = ORIENTED_EDGE ( 'NONE', *, *, #3288, .F. ) ;
#1692 = AXIS2_PLACEMENT_3D ( 'NONE', #2603, #5310, #304 ) ;
#1693 = CARTESIAN_POINT ( 'NONE',  ( -1.791414999999999980, 1.550000000000000044, 0.4991464999999999375 ) ) ;
#1694 = CARTESIAN_POINT ( 'NONE',  ( -3.924999999999999822, -1.550000000000000044, 3.299999999999999822 ) ) ;
#1695 = CARTESIAN_POINT ( 'NONE',  ( 3.981497002611999569, 1.519111203302999868, 3.234891446527000003 ) ) ;
#1696 = CARTESIAN_POINT ( 'NONE',  ( 4.049999999999999822, -1.550000000000000044, 3.174999999999999822 ) ) ;
#1697 = VERTEX_POINT ( 'NONE', #2293 ) ;
#1698 = ORIENTED_EDGE ( 'NONE', *, *, #324, .T. ) ;
#1699 = CARTESIAN_POINT ( 'NONE',  ( -4.250000000000000000, 1.500000000000000000, 3.250000000000000000 ) ) ;
#1700 = VECTOR ( 'NONE', #4473, 1000.000000000000000 ) ;
#1701 = DIRECTION ( 'NONE',  ( 0.000000000000000000, 1.000000000000000000, 0.000000000000000000 ) ) ;
#1702 = CARTESIAN_POINT ( 'NONE',  ( 3.924999999999999822, -1.536262199996999867, 3.231971245833999973 ) ) ;
#1703 = VERTEX_POINT ( 'NONE', #3206 ) ;
#1704 = ADVANCED_FACE ( 'NONE', ( #1388 ), #395, .F. ) ;
#1705 = DIRECTION ( 'NONE',  ( -1.000000000000000000, 0.000000000000000000, 0.000000000000000000 ) ) ;
#1706 = VERTEX_POINT ( 'NONE', #2692 ) ;
#1707 = CARTESIAN_POINT ( 'NONE',  ( -4.033925927124999866, 1.486319999999999864, 0.2000000000000000111 ) ) ;
#1708 = CARTESIAN_POINT ( 'NONE',  ( -4.049999999999999822, 1.425000000000000044, 3.299999999999999822 ) ) ;
#1709 = DIRECTION ( 'NONE',  ( 0.000000000000000000, 1.000000000000000000, -2.299999999999999903E-16 ) ) ;
#1710 = ADVANCED_FACE ( 'NONE', ( #1306 ), #3694, .F. ) ;
#1711 = ORIENTED_EDGE ( 'NONE', *, *, #3625, .F. ) ;
#1712 = CARTESIAN_POINT ( 'NONE',  ( -4.384144000000000041, -1.486319999999999864, -0.2999999999999999889 ) ) ;
#1713 = ADVANCED_FACE ( 'NONE', ( #3175 ), #903, .F. ) ;
#1714 = LINE ( 'NONE', #4022, #5502 ) ;
#1715 = EDGE_CURVE ( 'NONE', #3559, #3414, #5518, .T. ) ;
#1716 = CARTESIAN_POINT ( 'NONE',  ( -3.172874999999999890, 1.489999999999999991, -0.1067319999999999935 ) ) ;
#1717 = ORIENTED_EDGE ( 'NONE', *, *, #2587, .F. ) ;
#1718 = VERTEX_POINT ( 'NONE', #824 ) ;
#1719 = DIRECTION ( 'NONE',  ( 0.000000000000000000, -1.000000000000000000, 0.000000000000000000 ) ) ;
#1720 = CIRCLE ( 'NONE', #1241, 0.1101226010590001386 ) ;
#1721 = CARTESIAN_POINT ( 'NONE',  ( -3.970373759823999649, 1.345174679084000235, 3.292757086382000153 ) ) ;
#1722 = DIRECTION ( 'NONE',  ( 0.000000000000000000, 1.000000000000000000, 0.000000000000000000 ) ) ;
#1723 = AXIS2_PLACEMENT_3D ( 'NONE', #365, #2214, #4562 ) ;
#1724 = ORIENTED_EDGE ( 'NONE', *, *, #4863, .F. ) ;
#1725 = ORIENTED_EDGE ( 'NONE', *, *, #3357, .F. ) ;
#1726 = DIRECTION ( 'NONE',  ( 0.000000000000000000, -1.000000000000000000, 0.000000000000000000 ) ) ;
#1727 = DIRECTION ( 'NONE',  ( 1.000000000000000000, 0.000000000000000000, 0.000000000000000000 ) ) ;
#1728 = FACE_OUTER_BOUND ( 'NONE', #4695, .T. ) ;
#1729 = ORIENTED_EDGE ( 'NONE', *, *, #2821, .T. ) ;
#1730 = LINE ( 'NONE', #3582, #1700 ) ;
#1731 = VERTEX_POINT ( 'NONE', #2242 ) ;
#1732 = DIRECTION ( 'NONE',  ( 0.000000000000000000, 0.000000000000000000, -1.000000000000000000 ) ) ;
#1733 = AXIS2_PLACEMENT_3D ( 'NONE', #5192, #2006, #3851 ) ;
#1734 = EDGE_CURVE ( 'NONE', #3803, #4591, #72, .T. ) ;
#1735 = ORIENTED_EDGE ( 'NONE', *, *, #1029, .F. ) ;
#1736 = DIRECTION ( 'NONE',  ( 0.000000000000000000, 0.000000000000000000, 1.000000000000000000 ) ) ;
#1737 = AXIS2_PLACEMENT_3D ( 'NONE', #3755, #2327, #5119 ) ;
#1738 = EDGE_CURVE ( 'NONE', #529, #2052, #3149, .T. ) ;
#1739 = CARTESIAN_POINT ( 'NONE',  ( -2.218206999999999596, 1.500000000000000000, 0.000000000000000000 ) ) ;
#1740 = VECTOR ( 'NONE', #4118, 1000.000000000000000 ) ;
#1741 = ORIENTED_EDGE ( 'NONE', *, *, #2595, .F. ) ;
#1742 = CYLINDRICAL_SURFACE ( 'NONE', #1781, 0.2500000000000000000 ) ;
#1743 = CIRCLE ( 'NONE', #5431, 0.2499999999999997780 ) ;
#1744 = EDGE_CURVE ( 'NONE', #1956, #4038, #3724, .T. ) ;
#1745 = ADVANCED_FACE ( 'NONE', ( #1419 ), #358, .T. ) ;
#1746 = DIRECTION ( 'NONE',  ( 0.000000000000000000, -1.000000000000000000, 0.000000000000000000 ) ) ;
#1747 = EDGE_CURVE ( 'NONE', #4601, #1320, #4065, .T. ) ;
#1748 = ORIENTED_EDGE ( 'NONE', *, *, #1376, .F. ) ;
#1749 = ORIENTED_EDGE ( 'NONE', *, *, #2161, .T. ) ;
#1750 = AXIS2_PLACEMENT_3D ( 'NONE', #1500, #3344, #5231 ) ;
#1751 = LINE ( 'NONE', #5398, #1951 ) ;
#1752 = EDGE_CURVE ( 'NONE', #999, #2515, #572, .T. ) ;
#1753 = EDGE_CURVE ( 'NONE', #1384, #1821, #4729, .T. ) ;
#1754 = VECTOR ( 'NONE', #1077, 1000.000000000000000 ) ;
#1755 = LINE ( 'NONE', #3737, #4938 ) ;
#1756 = CARTESIAN_POINT ( 'NONE',  ( 3.901469443028999784, -1.533427734450000024, 3.237228367421999931 ) ) ;
#1757 = LINE ( 'NONE', #3144, #2113 ) ;
#1758 = VERTEX_POINT ( 'NONE', #1509 ) ;
#1759 = VERTEX_POINT ( 'NONE', #3844 ) ;
#1760 = LINE ( 'NONE', #4495, #4859 ) ;
#1761 = AXIS2_PLACEMENT_3D ( 'NONE', #3576, #5030, #796 ) ;
#1762 = DIRECTION ( 'NONE',  ( 0.000000000000000000, 0.000000000000000000, 1.000000000000000000 ) ) ;
#1763 = CARTESIAN_POINT ( 'NONE',  ( 4.250000000000000000, 1.486319999999999864, -0.1499999999999999944 ) ) ;
#1764 = EDGE_LOOP ( 'NONE', ( #3631, #986, #2403, #1046 ) ) ;
#1765 = FACE_OUTER_BOUND ( 'NONE', #3709, .T. ) ;
#1766 = VERTEX_POINT ( 'NONE', #3790 ) ;
#1767 = LINE ( 'NONE', #1280, #2493 ) ;
#1768 = EDGE_LOOP ( 'NONE', ( #2939, #783, #286, #2773 ) ) ;
#1769 = CARTESIAN_POINT ( 'NONE',  ( -4.033925927124999866, -1.486319999999999864, 0.2000000000000000111 ) ) ;
#1770 = CARTESIAN_POINT ( 'NONE',  ( 2.500000000000000000, 0.1499999999999999944, -1.558787894279999975 ) ) ;
#1771 = ORIENTED_EDGE ( 'NONE', *, *, #1715, .T. ) ;
#1772 = CARTESIAN_POINT ( 'NONE',  ( 3.910549298403999785, -1.536281876845999816, 3.497353240892000059 ) ) ;
#1773 = CARTESIAN_POINT ( 'NONE',  ( -3.848344209621000100, 1.500000000000000000, 3.500000000000000000 ) ) ;
#1774 = CARTESIAN_POINT ( 'NONE',  ( -1.730900000000000105, -1.489999999999999991, 0.06912600000000000688 ) ) ;
#1775 = ORIENTED_EDGE ( 'NONE', *, *, #5148, .T. ) ;
#1777 = ORIENTED_EDGE ( 'NONE', *, *, #3140, .F. ) ;
#1776 = EDGE_CURVE ( 'NONE', #2544, #762, #2868, .T. ) ;
#1778 = FACE_OUTER_BOUND ( 'NONE', #5753, .T. ) ;
#1779 = EDGE_CURVE ( 'NONE', #5761, #1766, #5244, .T. ) ;
#1780 = EDGE_CURVE ( 'NONE', #463, #4777, #1082, .T. ) ;
#1781 = AXIS2_PLACEMENT_3D ( 'NONE', #2134, #3531, #3990 ) ;
#1782 = DIRECTION ( 'NONE',  ( 0.000000000000000000, 0.000000000000000000, 1.000000000000000000 ) ) ;
#1783 = CARTESIAN_POINT ( 'NONE',  ( -4.025712026542999311, -1.439992444257999882, 3.248044900637000243 ) ) ;
#1784 = VERTEX_POINT ( 'NONE', #4335 ) ;
#1785 = ORIENTED_EDGE ( 'NONE', *, *, #143, .F. ) ;
#1786 = DIRECTION ( 'NONE',  ( 1.000000000000000000, 0.000000000000000000, 0.000000000000000000 ) ) ;
#1787 = CARTESIAN_POINT ( 'NONE',  ( 4.019869938203000537, 1.470871882705000244, 3.499244407579999994 ) ) ;
#1788 = VECTOR ( 'NONE', #4379, 1000.000000000000000 ) ;
#1789 = CARTESIAN_POINT ( 'NONE',  ( -4.250000000000000000, 1.500000000000000000, 3.500000000000000000 ) ) ;
#1790 = VERTEX_POINT ( 'NONE', #3819 ) ;
#1791 = DIRECTION ( 'NONE',  ( 0.000000000000000000, 0.000000000000000000, 1.000000000000000000 ) ) ;
#1792 = DIRECTION ( 'NONE',  ( 0.000000000000000000, 0.000000000000000000, 1.000000000000000000 ) ) ;
#1793 = CARTESIAN_POINT ( 'NONE',  ( -3.230900000000000105, -0.08126099999999999990, 0.2000000000000000111 ) ) ;
#1794 = ORIENTED_EDGE ( 'NONE', *, *, #3620, .T. ) ;
#1795 = LINE ( 'NONE', #2785, #1534 ) ;
#1796 = DIRECTION ( 'NONE',  ( 0.000000000000000000, 1.000000000000000000, 0.000000000000000000 ) ) ;
#1797 = ORIENTED_EDGE ( 'NONE', *, *, #5677, .T. ) ;
#1798 = CARTESIAN_POINT ( 'NONE',  ( -3.984144000000000130, 1.535122601059000003, 0.2000000000000000111 ) ) ;
#1799 = CARTESIAN_POINT ( 'NONE',  ( 2.500000000000000000, 0.1499999999999999944, -3.195100000000000051 ) ) ;
#1800 = ORIENTED_EDGE ( 'NONE', *, *, #5391, .T. ) ;
#1801 = ORIENTED_EDGE ( 'NONE', *, *, #4704, .F. ) ;
#1802 = VERTEX_POINT ( 'NONE', #992 ) ;
#1803 = LINE ( 'NONE', #4969, #3692 ) ;
#1804 = EDGE_CURVE ( 'NONE', #4968, #3128, #5653, .T. ) ;
#1805 = DIRECTION ( 'NONE',  ( -1.000000000000000000, 0.000000000000000000, 0.000000000000000000 ) ) ;
#1806 = CARTESIAN_POINT ( 'NONE',  ( 4.024593181298000033, 1.423495581976000013, 3.250539912623000127 ) ) ;
#1807 = VERTEX_POINT ( 'NONE', #964 ) ;
#1808 = EDGE_LOOP ( 'NONE', ( #3227, #41, #4233, #4818 ) ) ;
#1809 = LINE ( 'NONE', #2265, #4084 ) ;
#1810 = CARTESIAN_POINT ( 'NONE',  ( -4.250000000000000000, -1.500000000000000000, 0.2500000000000000000 ) ) ;
#1811 = ADVANCED_FACE ( 'NONE', ( #2389 ), #2358, .T. ) ;
#1812 = VECTOR ( 'NONE', #3992, 1000.000000000000000 ) ;
#1813 = CARTESIAN_POINT ( 'NONE',  ( 4.049999999999999822, -1.550000000000000044, 0.2000000000000000111 ) ) ;
#1814 = VERTEX_POINT ( 'NONE', #3389 ) ;
#1815 = CYLINDRICAL_SURFACE ( 'NONE', #3787, 0.09999999999999982514 ) ;
#1816 = DIRECTION ( 'NONE',  ( 0.000000000000000000, 0.000000000000000000, 1.000000000000000000 ) ) ;
#1817 = LINE ( 'NONE', #3666, #1590 ) ;
#1818 = ORIENTED_EDGE ( 'NONE', *, *, #3140, .T. ) ;
#1819 = DIRECTION ( 'NONE',  ( 0.000000000000000000, 0.000000000000000000, 1.000000000000000000 ) ) ;
#1820 = DIRECTION ( 'NONE',  ( 0.000000000000000000, 1.000000000000000000, 0.000000000000000000 ) ) ;
#1821 = VERTEX_POINT ( 'NONE', #4699 ) ;
#1822 = CARTESIAN_POINT ( 'NONE',  ( -4.011969606392999488, 1.486319999999999864, 3.499713292642999907 ) ) ;
#1823 = CARTESIAN_POINT ( 'NONE',  ( 1.791398999999999964, 2.000000000000000000, 0.7982930000000000303 ) ) ;
#1824 = VECTOR ( 'NONE', #4790, 1000.000000000000000 ) ;
#1825 = AXIS2_PLACEMENT_3D ( 'NONE', #2995, #5247, #5655 ) ;
#1826 = FACE_OUTER_BOUND ( 'NONE', #4943, .T. ) ;
#1827 = ORIENTED_EDGE ( 'NONE', *, *, #998, .T. ) ;
#1828 = EDGE_LOOP ( 'NONE', ( #2376, #2471, #5854, #1691, #1482 ) ) ;
#1829 = DIRECTION ( 'NONE',  ( 0.000000000000000000, 0.000000000000000000, -1.000000000000000000 ) ) ;
#1830 = AXIS2_PLACEMENT_3D ( 'NONE', #791, #4055, #5915 ) ;
#1831 = VECTOR ( 'NONE', #1967, 1000.000000000000000 ) ;
#1832 = AXIS2_PLACEMENT_3D ( 'NONE', #2946, #192, #3468 ) ;
#1833 = CARTESIAN_POINT ( 'NONE',  ( 2.229423999999999850, 1.425000000000000044, 0.3250000000000000111 ) ) ;
#1834 = CARTESIAN_POINT ( 'NONE',  ( 3.984144000000000130, -1.750000000000000000, 3.250000000000000000 ) ) ;
#1835 = ORIENTED_EDGE ( 'NONE', *, *, #5068, .T. ) ;
#1836 = ORIENTED_EDGE ( 'NONE', *, *, #677, .F. ) ;
#1837 = FACE_OUTER_BOUND ( 'NONE', #4794, .T. ) ;
#1838 = EDGE_CURVE ( 'NONE', #526, #1639, #2840, .T. ) ;
#1839 = CARTESIAN_POINT ( 'NONE',  ( -4.049999999999999822, 1.550000000000000044, 0.3250000000000000111 ) ) ;
#1840 = ADVANCED_FACE ( 'NONE', ( #5211 ), #1053, .F. ) ;
#1841 = VECTOR ( 'NONE', #4673, 1000.000000000000000 ) ;
#1842 = VECTOR ( 'NONE', #3718, 1000.000000000000000 ) ;
#1843 = CARTESIAN_POINT ( 'NONE',  ( -4.049999999999999822, 1.550000000000000044, 0.2000000000000000111 ) ) ;
#1844 = ORIENTED_EDGE ( 'NONE', *, *, #1886, .T. ) ;
#1845 = VECTOR ( 'NONE', #5271, 1000.000000000000000 ) ;
#1846 = LINE ( 'NONE', #2331, #5736 ) ;
#1847 = DIRECTION ( 'NONE',  ( 1.000000000000000000, 6.000000000000000121E-17, 0.000000000000000000 ) ) ;
#1848 = EDGE_CURVE ( 'NONE', #1141, #4066, #2902, .T. ) ;
#1849 = EDGE_CURVE ( 'NONE', #5704, #2592, #2934, .T. ) ;
#1850 = LINE ( 'NONE', #4129, #2753 ) ;
#1851 = VECTOR ( 'NONE', #2594, 1000.000000000000000 ) ;
#1852 = ADVANCED_FACE ( 'NONE', ( #5185 ), #4210, .T. ) ;
#1853 = EDGE_CURVE ( 'NONE', #842, #3182, #636, .T. ) ;
#1854 = ORIENTED_EDGE ( 'NONE', *, *, #635, .T. ) ;
#1855 = LINE ( 'NONE', #3701, #5214 ) ;
#1856 = CARTESIAN_POINT ( 'NONE',  ( -4.250000000000000000, -1.750000000000000000, 0.7982930000000000303 ) ) ;
#1857 = ORIENTED_EDGE ( 'NONE', *, *, #5608, .F. ) ;
#1858 = CARTESIAN_POINT ( 'NONE',  ( 3.857423888475999707, -1.510977012262999963, 3.500000000000000000 ) ) ;
#1859 = CARTESIAN_POINT ( 'NONE',  ( -2.217499999999999805, 1.550000000000000044, 0.6690000000000000391 ) ) ;
#1860 = ADVANCED_FACE ( 'NONE', ( #2812 ), #1995, .F. ) ;
#1861 = DIRECTION ( 'NONE',  ( 0.000000000000000000, 1.000000000000000000, 0.000000000000000000 ) ) ;
#1862 = CARTESIAN_POINT ( 'NONE',  ( -3.172874999999999890, 1.489999999999999991, 0.2000000000000000111 ) ) ;
#1863 = ORIENTED_EDGE ( 'NONE', *, *, #3593, .T. ) ;
#1864 = ORIENTED_EDGE ( 'NONE', *, *, #3822, .F. ) ;
#1865 = CARTESIAN_POINT ( 'NONE',  ( -1.433333333332999837, 0.4333333333330000037, 6.327372666667000267 ) ) ;
#1866 = DIRECTION ( 'NONE',  ( 1.000000000000000000, 0.000000000000000000, 0.000000000000000000 ) ) ;
#1867 = DIRECTION ( 'NONE',  ( -0.000000000000000000, 1.000000000000000000, 0.000000000000000000 ) ) ;
#1868 = VERTEX_POINT ( 'NONE', #1538 ) ;
#1869 = ORIENTED_EDGE ( 'NONE', *, *, #4636, .F. ) ;
#1870 = CARTESIAN_POINT ( 'NONE',  ( -0.2500000000000000000, -1.074999999999999956, 3.285203000000000095 ) ) ;
#1871 = FACE_OUTER_BOUND ( 'NONE', #5670, .T. ) ;
#1872 = CARTESIAN_POINT ( 'NONE',  ( -3.984144000000000130, -1.517189772232999889, 3.499408323298999868 ) ) ;
#1873 = CARTESIAN_POINT ( 'NONE',  ( 3.856172242266000083, 1.509468725075999940, 3.267828755156000131 ) ) ;
#1874 = EDGE_LOOP ( 'NONE', ( #4455, #5259, #562, #6013 ) ) ;
#1875 = CARTESIAN_POINT ( 'NONE',  ( -4.049999999999999822, 1.525020244306000139, 0.2500269999999999992 ) ) ;
#1876 = CARTESIAN_POINT ( 'NONE',  ( 2.229423999999999850, 1.525020244306000139, 0.2500269999999999992 ) ) ;
#1877 = AXIS2_PLACEMENT_3D ( 'NONE', #3019, #2015, #1587 ) ;
#1878 = CARTESIAN_POINT ( 'NONE',  ( 4.023660936461999960, -1.417567515388999944, 3.251755941773000202 ) ) ;
#1879 = EDGE_CURVE ( 'NONE', #4655, #3996, #4458, .T. ) ;
#1880 = ORIENTED_EDGE ( 'NONE', *, *, #3634, .T. ) ;
#1881 = PLANE ( 'NONE',  #3085 ) ;
#1882 = DIRECTION ( 'NONE',  ( 0.000000000000000000, 2.200000000000000003E-16, 1.000000000000000000 ) ) ;
#1883 = ORIENTED_EDGE ( 'NONE', *, *, #178, .T. ) ;
#1884 = CARTESIAN_POINT ( 'NONE',  ( 1.791398999999999964, -1.550000000000000044, 0.2250134999999999774 ) ) ;
#1885 = DIRECTION ( 'NONE',  ( 0.000000000000000000, 0.000000000000000000, -1.000000000000000000 ) ) ;
#1886 = EDGE_CURVE ( 'NONE', #763, #77, #1455, .T. ) ;
#1887 = ADVANCED_FACE ( 'NONE', ( #86 ), #1112, .F. ) ;
#1888 = CARTESIAN_POINT ( 'NONE',  ( 4.049999999999999822, 1.425000000000000044, 0.7982930000000000303 ) ) ;
#1889 = CARTESIAN_POINT ( 'NONE',  ( -4.011969606392999488, -1.486319999999999864, 3.499713292642999907 ) ) ;
#1890 = EDGE_LOOP ( 'NONE', ( #378, #4976, #4393, #1670 ) ) ;
#1891 = VERTEX_POINT ( 'NONE', #4766 ) ;
#1892 = DIRECTION ( 'NONE',  ( 0.000000000000000000, 0.000000000000000000, 1.000000000000000000 ) ) ;
#1893 = LINE ( 'NONE', #5200, #2906 ) ;
#1894 = ORIENTED_EDGE ( 'NONE', *, *, #5118, .T. ) ;
#1895 = CARTESIAN_POINT ( 'NONE',  ( 3.863614994243000034, -1.515463044601999876, 3.261626352871999757 ) ) ;
#1896 = CARTESIAN_POINT ( 'NONE',  ( 4.021506749141999570, 1.408138539145999957, 3.254468194338000053 ) ) ;
#1897 = ORIENTED_EDGE ( 'NONE', *, *, #4090, .T. ) ;
#1898 = VERTEX_POINT ( 'NONE', #539 ) ;
#1899 = DIRECTION ( 'NONE',  ( 0.000000000000000000, 1.000000000000000000, 0.000000000000000000 ) ) ;
#1900 = CARTESIAN_POINT ( 'NONE',  ( 3.161627999999999883, 0.2250000000000000056, 0.2000000000000000111 ) ) ;
#1901 = CARTESIAN_POINT ( 'NONE',  ( -3.975838343372999795, -1.523218772023999801, 3.498992791322999896 ) ) ;
#1902 = CARTESIAN_POINT ( 'NONE',  ( -3.924999999999999822, -1.425000000000000044, 0.7982930000000000303 ) ) ;
#1903 = ORIENTED_EDGE ( 'NONE', *, *, #2078, .F. ) ;
#1904 = DIRECTION ( 'NONE',  ( -1.200000000000000024E-16, -1.000000000000000000, 2.200000000000000003E-16 ) ) ;
#1905 = CARTESIAN_POINT ( 'NONE',  ( -4.049999999999999822, 1.550000000000000044, 0.3250000000000000111 ) ) ;
#1906 = CARTESIAN_POINT ( 'NONE',  ( -2.920707499999999790, 1.550000000000000044, 0.7982930000000000303 ) ) ;
#1907 = EDGE_LOOP ( 'NONE', ( #2570, #2268, #4647 ) ) ;
#1908 = FACE_OUTER_BOUND ( 'NONE', #2651, .T. ) ;
#1909 = LINE ( 'NONE', #1856, #4248 ) ;
#1910 = AXIS2_PLACEMENT_3D ( 'NONE', #1240, #760, #2598 ) ;
#1911 = DIRECTION ( 'NONE',  ( 0.000000000000000000, -1.000000000000000000, 2.200000000000000003E-16 ) ) ;
#1912 = DIRECTION ( 'NONE',  ( 1.000000000000000000, 0.000000000000000000, 0.000000000000000000 ) ) ;
#1913 = EDGE_CURVE ( 'NONE', #999, #1814, #4646, .T. ) ;
#1914 = ADVANCED_FACE ( 'NONE', ( #2512 ), #1024, .T. ) ;
#1915 = EDGE_CURVE ( 'NONE', #4272, #2230, #2059, .T. ) ;
#1916 = CARTESIAN_POINT ( 'NONE',  ( 3.230900000000000105, -1.489999999999999991, 0.06912600000000000688 ) ) ;
#1917 = CARTESIAN_POINT ( 'NONE',  ( -4.049999999999999822, -1.525020244306000139, 0.2500269999999999992 ) ) ;
#1918 = ORIENTED_EDGE ( 'NONE', *, *, #5519, .F. ) ;
#1919 = ORIENTED_EDGE ( 'NONE', *, *, #5160, .F. ) ;
#1920 = DIRECTION ( 'NONE',  ( 0.000000000000000000, 0.000000000000000000, -1.000000000000000000 ) ) ;
#1921 = AXIS2_PLACEMENT_3D ( 'NONE', #1427, #1882, #3185 ) ;
#1922 = AXIS2_PLACEMENT_3D ( 'NONE', #3982, #3521, #766 ) ;
#1923 = ADVANCED_FACE ( 'NONE', ( #638 ), #3910, .T. ) ;
#1924 = ORIENTED_EDGE ( 'NONE', *, *, #3783, .T. ) ;
#1925 = EDGE_CURVE ( 'NONE', #2352, #463, #5187, .T. ) ;
#1926 = LINE ( 'NONE', #983, #2414 ) ;
#1927 = DIRECTION ( 'NONE',  ( 0.000000000000000000, 0.000000000000000000, 1.000000000000000000 ) ) ;
#1928 = ORIENTED_EDGE ( 'NONE', *, *, #3599, .T. ) ;
#1929 = EDGE_LOOP ( 'NONE', ( #3102, #242, #2857, #1110, #2795, #935 ) ) ;
#1930 = AXIS2_PLACEMENT_3D ( 'NONE', #4347, #682, #715 ) ;
#1931 = CIRCLE ( 'NONE', #5327, 0.2500000000000000000 ) ;
#1932 = LINE ( 'NONE', #473, #103 ) ;
#1933 = CARTESIAN_POINT ( 'NONE',  ( -3.924999999999999822, -1.425000000000000044, 3.174999999999999822 ) ) ;
#1934 = EDGE_CURVE ( 'NONE', #1409, #487, #774, .T. ) ;
#1935 = VECTOR ( 'NONE', #4540, 1000.000000000000000 ) ;
#1936 = CARTESIAN_POINT ( 'NONE',  ( 2.500000000000000000, -0.1499999999999999944, -1.558787894279999975 ) ) ;
#1937 = AXIS2_PLACEMENT_3D ( 'NONE', #905, #2781, #4702 ) ;
#1938 = DIRECTION ( 'NONE',  ( -1.000000000000000000, 0.000000000000000000, 0.000000000000000000 ) ) ;
#1939 = ORIENTED_EDGE ( 'NONE', *, *, #1406, .T. ) ;
#1940 = DIRECTION ( 'NONE',  ( 0.000000000000000000, -1.000000000000000000, 0.000000000000000000 ) ) ;
#1941 = VECTOR ( 'NONE', #1562, 1000.000000000000000 ) ;
#1942 = DIRECTION ( 'NONE',  ( 1.000000000000000000, 0.000000000000000000, 0.000000000000000000 ) ) ;
#1943 = AXIS2_PLACEMENT_3D ( 'NONE', #2322, #141, #79 ) ;
#1944 = ORIENTED_EDGE ( 'NONE', *, *, #5067, .T. ) ;
#1945 = DIRECTION ( 'NONE',  ( -1.000000000000000000, 0.000000000000000000, 0.000000000000000000 ) ) ;
#1946 = FACE_OUTER_BOUND ( 'NONE', #2421, .T. ) ;
#1947 = CIRCLE ( 'NONE', #972, 0.1089259271250002103 ) ;
#1948 = DIRECTION ( 'NONE',  ( 1.000000000000000000, 0.000000000000000000, 0.000000000000000000 ) ) ;
#1949 = CARTESIAN_POINT ( 'NONE',  ( -4.049999999999999822, 1.425000000000000044, 0.7982930000000000303 ) ) ;
#1950 = LINE ( 'NONE', #4653, #4457 ) ;
#1951 = VECTOR ( 'NONE', #5942, 1000.000000000000000 ) ;
#1952 = ORIENTED_EDGE ( 'NONE', *, *, #1234, .F. ) ;
#1953 = CARTESIAN_POINT ( 'NONE',  ( -3.934744285319999868, 1.535876338168999933, 3.231979115643999645 ) ) ;
#1954 = FACE_OUTER_BOUND ( 'NONE', #258, .T. ) ;
#1955 = ORIENTED_EDGE ( 'NONE', *, *, #1221, .F. ) ;
#1956 = VERTEX_POINT ( 'NONE', #4285 ) ;
#1957 = LINE ( 'NONE', #1381, #2335 ) ;
#1958 = LINE ( 'NONE', #5641, #3587 ) ;
#1959 = ORIENTED_EDGE ( 'NONE', *, *, #1934, .T. ) ;
#1960 = CARTESIAN_POINT ( 'NONE',  ( 3.825703288041000238, -1.446453104564999981, 3.298323991413000034 ) ) ;
#1961 = PLANE ( 'NONE',  #2234 ) ;
#1962 = ORIENTED_EDGE ( 'NONE', *, *, #1554, .T. ) ;
#1963 = ORIENTED_EDGE ( 'NONE', *, *, #4296, .F. ) ;
#1964 = CARTESIAN_POINT ( 'NONE',  ( 4.033925927124999866, 1.486319999999999864, 0.7982930000000000303 ) ) ;
#1965 = CARTESIAN_POINT ( 'NONE',  ( -3.172874999999999890, -0.9499999999999999556, 0.2000000000000000111 ) ) ;
#1966 = CARTESIAN_POINT ( 'NONE',  ( -4.357243000000000421, 1.750000000000000000, 0.7982930000000000303 ) ) ;
#1967 = DIRECTION ( 'NONE',  ( 1.000000000000000000, 0.000000000000000000, 0.000000000000000000 ) ) ;
#1968 = ORIENTED_EDGE ( 'NONE', *, *, #2079, .F. ) ;
#1969 = CARTESIAN_POINT ( 'NONE',  ( -0.3823046432960000018, 1.611188468555999842, 0.7982930000000000303 ) ) ;
#1970 = CARTESIAN_POINT ( 'NONE',  ( 2.229423999999999850, -1.525020244306000139, 0.2500269999999999992 ) ) ;
#1971 = CARTESIAN_POINT ( 'NONE',  ( 3.924999999999999822, -1.425000000000000044, 0.7982930000000000303 ) ) ;
#1972 = EDGE_CURVE ( 'NONE', #109, #5902, #4706, .T. ) ;
#1973 = ORIENTED_EDGE ( 'NONE', *, *, #2629, .T. ) ;
#1974 = CARTESIAN_POINT ( 'NONE',  ( -3.172874999999999890, -1.750000000000000000, -0.1412950000000000039 ) ) ;
#1975 = CARTESIAN_POINT ( 'NONE',  ( -3.834871788332000264, 1.479725397542000165, 3.287764784009000074 ) ) ;
#1976 = VECTOR ( 'NONE', #5134, 1000.000000000000000 ) ;
#1977 = LINE ( 'NONE', #2912, #1345 ) ;
#1978 = PLANE ( 'NONE',  #3275 ) ;
#1979 = DIRECTION ( 'NONE',  ( 0.000000000000000000, 0.000000000000000000, 1.000000000000000000 ) ) ;
#1980 = CARTESIAN_POINT ( 'NONE',  ( -4.024176171037000316, 1.420511724536000164, 3.251088060659000245 ) ) ;
#1981 = CARTESIAN_POINT ( 'NONE',  ( -3.924999999999999822, 1.550000000000000044, 0.7982930000000000303 ) ) ;
#1982 = ORIENTED_EDGE ( 'NONE', *, *, #3110, .T. ) ;
#1983 = ORIENTED_EDGE ( 'NONE', *, *, #1288, .F. ) ;
#1984 = DIRECTION ( 'NONE',  ( -3.999999999999999916E-16, 0.000000000000000000, 1.000000000000000000 ) ) ;
#1985 = CARTESIAN_POINT ( 'NONE',  ( 2.229423999999999850, 0.9499999999999999556, 0.000000000000000000 ) ) ;
#1986 = ORIENTED_EDGE ( 'NONE', *, *, #4217, .T. ) ;
#1987 = CARTESIAN_POINT ( 'NONE',  ( 3.828410441497000161, -1.461484456206999960, 3.294741368805000459 ) ) ;
#1988 = CARTESIAN_POINT ( 'NONE',  ( -1.791414999999999980, -1.750000000000000000, 0.7982930000000000303 ) ) ;
#1989 = ORIENTED_EDGE ( 'NONE', *, *, #1472, .F. ) ;
#1990 = ORIENTED_EDGE ( 'NONE', *, *, #752, .T. ) ;
#1991 = CARTESIAN_POINT ( 'NONE',  ( 0.2500000000000000000, -0.1499999999999999944, -3.195100000000000051 ) ) ;
#1992 = CARTESIAN_POINT ( 'NONE',  ( 0.000000000000000000, 1.650500000000000078, 1.641000000000000014 ) ) ;
#1993 = ADVANCED_FACE ( 'NONE', ( #2149 ), #5766, .F. ) ;
#1994 = DIRECTION ( 'NONE',  ( 0.000000000000000000, 0.000000000000000000, 1.000000000000000000 ) ) ;
#1995 = CYLINDRICAL_SURFACE ( 'NONE', #5912, 0.1250000000000001110 ) ;
#1996 = VERTEX_POINT ( 'NONE', #298 ) ;
#1997 = CARTESIAN_POINT ( 'NONE',  ( 3.161627999999999883, 0.1250000000000000000, 0.000000000000000000 ) ) ;
#1998 = CARTESIAN_POINT ( 'NONE',  ( -2.218206999999999596, -1.750000000000000000, 0.2500269999999999992 ) ) ;
#1999 = ORIENTED_EDGE ( 'NONE', *, *, #4759, .T. ) ;
#2000 = CARTESIAN_POINT ( 'NONE',  ( 3.750000000000000000, -1.399999999999999911, 3.285203000000000095 ) ) ;
#2001 = EDGE_CURVE ( 'NONE', #1443, #1697, #3515, .T. ) ;
#2002 = ADVANCED_FACE ( 'NONE', ( #3541 ), #5829, .F. ) ;
#2003 = ORIENTED_EDGE ( 'NONE', *, *, #5606, .T. ) ;
#2004 = CARTESIAN_POINT ( 'NONE',  ( -3.234103500000000242, -1.750000000000000000, 0.2500269999999999992 ) ) ;
#2005 = ADVANCED_FACE ( 'NONE', ( #5302 ), #1177, .F. ) ;
#2006 = DIRECTION ( 'NONE',  ( -0.000000000000000000, 0.7071067811865475727, 0.7071067811865475727 ) ) ;
#2007 = CARTESIAN_POINT ( 'NONE',  ( -1.550000000000000044, -0.5500000000000000444, 6.210706000000000060 ) ) ;
#2008 = DIRECTION ( 'NONE',  ( 1.000000000000000000, 0.000000000000000000, 0.000000000000000000 ) ) ;
#2009 = CYLINDRICAL_SURFACE ( 'NONE', #171, 0.09999999999999982514 ) ;
#2010 = VECTOR ( 'NONE', #743, 1000.000000000000000 ) ;
#2011 = CARTESIAN_POINT ( 'NONE',  ( -3.230900000000000105, -0.1299999999999999767, 0.7982930000000000303 ) ) ;
#2012 = CARTESIAN_POINT ( 'NONE',  ( 4.019584935812000381, -1.471247870170000027, 3.243094300245999762 ) ) ;
#2013 = ORIENTED_EDGE ( 'NONE', *, *, #5713, .F. ) ;
#2014 = EDGE_LOOP ( 'NONE', ( #5822, #4547, #2294, #5733 ) ) ;
#2015 = DIRECTION ( 'NONE',  ( 0.000000000000000000, 0.000000000000000000, 1.000000000000000000 ) ) ;
#2016 = LINE ( 'NONE', #2049, #393 ) ;
#2017 = ORIENTED_EDGE ( 'NONE', *, *, #4467, .T. ) ;
#2018 = DIRECTION ( 'NONE',  ( 0.000000000000000000, 1.000000000000000000, 0.000000000000000000 ) ) ;
#2019 = FACE_OUTER_BOUND ( 'NONE', #4372, .T. ) ;
#2020 = ORIENTED_EDGE ( 'NONE', *, *, #405, .F. ) ;
#2021 = EDGE_LOOP ( 'NONE', ( #3745, #3382, #5919, #4526 ) ) ;
#2022 = CARTESIAN_POINT ( 'NONE',  ( -4.250000000000000000, -1.750000000000000000, 0.7982930000000000303 ) ) ;
#2023 = VECTOR ( 'NONE', #3677, 1000.000000000000000 ) ;
#2024 = LINE ( 'NONE', #735, #5039 ) ;
#2025 = VECTOR ( 'NONE', #3028, 1000.000000000000000 ) ;
#2026 = CARTESIAN_POINT ( 'NONE',  ( -3.924999999999999822, -1.550000000000000044, 3.174999999999999822 ) ) ;
#2027 = ORIENTED_EDGE ( 'NONE', *, *, #2028, .F. ) ;
#2028 = EDGE_CURVE ( 'NONE', #591, #945, #4911, .T. ) ;
#2029 = DIRECTION ( 'NONE',  ( 0.000000000000000000, 0.000000000000000000, -1.000000000000000000 ) ) ;
#2030 = ORIENTED_EDGE ( 'NONE', *, *, #5750, .F. ) ;
#2031 = CARTESIAN_POINT ( 'NONE',  ( 3.161627999999999883, 1.489999999999999991, 0.2182292174799999873 ) ) ;
#2032 = VECTOR ( 'NONE', #651, 1000.000000000000000 ) ;
#2033 = CARTESIAN_POINT ( 'NONE',  ( 0.000000000000000000, 0.000000000000000000, 0.000000000000000000 ) ) ;
#2034 = CARTESIAN_POINT ( 'NONE',  ( -3.924999999999999822, 1.550000000000000044, 3.174999999999999822 ) ) ;
#2035 = EDGE_CURVE ( 'NONE', #1759, #4951, #1207, .T. ) ;
#2036 = DIRECTION ( 'NONE',  ( 1.000000000000000000, 0.000000000000000000, 0.000000000000000000 ) ) ;
#2037 = VECTOR ( 'NONE', #594, 1000.000000000000000 ) ;
#2038 = EDGE_CURVE ( 'NONE', #3996, #1758, #3052, .T. ) ;
#2039 = FACE_OUTER_BOUND ( 'NONE', #1764, .T. ) ;
#2040 = CARTESIAN_POINT ( 'NONE',  ( 2.228499999999999925, -1.550000000000000044, 0.2500269999999999992 ) ) ;
#2041 = EDGE_CURVE ( 'NONE', #5584, #1703, #2597, .T. ) ;
#2042 = EDGE_CURVE ( 'NONE', #4066, #603, #3826, .T. ) ;
#2043 = DIRECTION ( 'NONE',  ( 0.000000000000000000, -1.000000000000000000, 0.000000000000000000 ) ) ;
#2044 = DIRECTION ( 'NONE',  ( 0.000000000000000000, -1.000000000000000000, 0.000000000000000000 ) ) ;
#2045 = ORIENTED_EDGE ( 'NONE', *, *, #23, .T. ) ;
#2046 = ORIENTED_EDGE ( 'NONE', *, *, #4454, .T. ) ;
#2047 = VECTOR ( 'NONE', #4811, 1000.000000000000000 ) ;
#2048 = LINE ( 'NONE', #5693, #627 ) ;
#2049 = CARTESIAN_POINT ( 'NONE',  ( -1.750000000000000000, -0.5500000000000000444, 6.210706000000000060 ) ) ;
#2050 = CARTESIAN_POINT ( 'NONE',  ( -4.018279531506000701, -1.398486654340999946, 3.258308326089000229 ) ) ;
#2051 = CARTESIAN_POINT ( 'NONE',  ( -4.025232533705999316, 1.429740458234000089, 3.249600613771999935 ) ) ;
#2052 = VERTEX_POINT ( 'NONE', #577 ) ;
#2053 = VERTEX_POINT ( 'NONE', #2875 ) ;
#2054 = DIRECTION ( 'NONE',  ( 1.000000000000000000, 0.000000000000000000, 0.000000000000000000 ) ) ;
#2055 = FACE_OUTER_BOUND ( 'NONE', #5467, .T. ) ;
#2056 = VERTEX_POINT ( 'NONE', #1634 ) ;
#2057 = ORIENTED_EDGE ( 'NONE', *, *, #3899, .T. ) ;
#2058 = AXIS2_PLACEMENT_3D ( 'NONE', #361, #2212, #2579 ) ;
#2059 = LINE ( 'NONE', #1606, #3378 ) ;
#2060 = CARTESIAN_POINT ( 'NONE',  ( -3.924999999999999822, 1.425000000000000044, 3.174999999999999822 ) ) ;
#2061 = VERTEX_POINT ( 'NONE', #4001 ) ;
#2062 = PLANE ( 'NONE',  #3329 ) ;
#2063 = ORIENTED_EDGE ( 'NONE', *, *, #6003, .T. ) ;
#2064 = CARTESIAN_POINT ( 'NONE',  ( -4.019509192044999679, 1.471658165141000119, 3.243028839619999992 ) ) ;
#2065 = CARTESIAN_POINT ( 'NONE',  ( 1.730900000000000105, 1.489999999999999991, 0.06912600000000000688 ) ) ;
#2066 = CARTESIAN_POINT ( 'NONE',  ( 3.924999999999999822, 1.425000000000000044, 3.174999999999999822 ) ) ;
#2067 = LINE ( 'NONE', #3920, #868 ) ;
#2068 = CARTESIAN_POINT ( 'NONE',  ( 4.384144000000000041, 1.486319999999999864, -0.2999999999999999889 ) ) ;
#2069 = EDGE_CURVE ( 'NONE', #2677, #1532, #2116, .T. ) ;
#2070 = EDGE_CURVE ( 'NONE', #4326, #3803, #5439, .T. ) ;
#2071 = AXIS2_PLACEMENT_3D ( 'NONE', #243, #2089, #4004 ) ;
#2072 = CARTESIAN_POINT ( 'NONE',  ( -3.952283419611000603, 1.532679779484000138, 3.232485829608999772 ) ) ;
#2073 = DIRECTION ( 'NONE',  ( 0.000000000000000000, 1.000000000000000000, 0.000000000000000000 ) ) ;
#2074 = ORIENTED_EDGE ( 'NONE', *, *, #4277, .T. ) ;
#2075 = CYLINDRICAL_SURFACE ( 'NONE', #1877, 0.1250000000000001110 ) ;
#2076 = CARTESIAN_POINT ( 'NONE',  ( 3.825400000000000134, 1.436262999999999845, 3.500000000000000000 ) ) ;
#2077 = VECTOR ( 'NONE', #2938, 1000.000000000000000 ) ;
#2078 = EDGE_CURVE ( 'NONE', #5847, #1339, #2719, .T. ) ;
#2079 = EDGE_CURVE ( 'NONE', #3725, #5152, #4974, .T. ) ;
#2080 = LINE ( 'NONE', #259, #4844 ) ;
#2081 = DIRECTION ( 'NONE',  ( 1.000000000000000000, -1.100000000000000002E-16, 0.000000000000000000 ) ) ;
#2082 = VERTEX_POINT ( 'NONE', #4941 ) ;
#2083 = ORIENTED_EDGE ( 'NONE', *, *, #921, .F. ) ;
#2084 = CYLINDRICAL_SURFACE ( 'NONE', #493, 0.1250000000000001110 ) ;
#2085 = CARTESIAN_POINT ( 'NONE',  ( 2.750000000000000000, 0.1499999999999999944, -3.195100000000000051 ) ) ;
#2086 = CARTESIAN_POINT ( 'NONE',  ( 0.000000000000000000, -0.1499999999999999944, -1.558787894279999975 ) ) ;
#2087 = ORIENTED_EDGE ( 'NONE', *, *, #1234, .T. ) ;
#2088 = ORIENTED_EDGE ( 'NONE', *, *, #1377, .T. ) ;
#2089 = DIRECTION ( 'NONE',  ( 1.000000000000000000, 0.000000000000000000, 0.000000000000000000 ) ) ;
#2090 = VERTEX_POINT ( 'NONE', #326 ) ;
#2091 = CARTESIAN_POINT ( 'NONE',  ( -4.257242999999999888, 1.550000000000000044, 0.7982930000000000303 ) ) ;
#2092 = ORIENTED_EDGE ( 'NONE', *, *, #3446, .T. ) ;
#2093 = LINE ( 'NONE', #1611, #1361 ) ;
#2094 = CARTESIAN_POINT ( 'NONE',  ( 4.024470953467000456, -1.453849200055000068, 3.498800864165999780 ) ) ;
#2095 = CARTESIAN_POINT ( 'NONE',  ( -3.909012055931999186, -1.535067027953999963, 3.234281078156999722 ) ) ;
#2096 = CARTESIAN_POINT ( 'NONE',  ( 3.825400000000000134, -1.433446622544999993, 3.299746348540999907 ) ) ;
#2097 = DIRECTION ( 'NONE',  ( 0.000000000000000000, 0.000000000000000000, -1.000000000000000000 ) ) ;
#2098 = ORIENTED_EDGE ( 'NONE', *, *, #5596, .T. ) ;
#2099 = DIRECTION ( 'NONE',  ( 0.000000000000000000, 1.000000000000000000, 0.000000000000000000 ) ) ;
#2100 = CARTESIAN_POINT ( 'NONE',  ( -1.791414999999999980, 1.750000000000000000, 0.3991465000000000152 ) ) ;
#2101 = ORIENTED_EDGE ( 'NONE', *, *, #3961, .F. ) ;
#2102 = ADVANCED_FACE ( 'NONE', ( #4056 ), #1239, .F. ) ;
#2103 = DIRECTION ( 'NONE',  ( 0.000000000000000000, -1.000000000000000000, 0.000000000000000000 ) ) ;
#2104 = LINE ( 'NONE', #3533, #4629 ) ;
#2105 = EDGE_CURVE ( 'NONE', #479, #5507, #2658, .T. ) ;
#2106 = VECTOR ( 'NONE', #1304, 1000.000000000000000 ) ;
#2107 = ORIENTED_EDGE ( 'NONE', *, *, #5683, .T. ) ;
#2108 = LINE ( 'NONE', #629, #3777 ) ;
#2109 = CARTESIAN_POINT ( 'NONE',  ( -4.022174701864000390, 1.463793973035999896, 3.244306531864999510 ) ) ;
#2110 = ORIENTED_EDGE ( 'NONE', *, *, #1184, .T. ) ;
#2111 = ORIENTED_EDGE ( 'NONE', *, *, #3323, .T. ) ;
#2112 = CARTESIAN_POINT ( 'NONE',  ( -1.791414999999999980, 2.000000000000000000, 0.7982930000000000303 ) ) ;
#2113 = VECTOR ( 'NONE', #5371, 1000.000000000000000 ) ;
#2114 = EDGE_CURVE ( 'NONE', #4569, #5556, #5971, .T. ) ;
#2115 = LINE ( 'NONE', #1694, #5627 ) ;
#2116 = LINE ( 'NONE', #5858, #681 ) ;
#2117 = ORIENTED_EDGE ( 'NONE', *, *, #1213, .F. ) ;
#2118 = EDGE_LOOP ( 'NONE', ( #2200, #1528, #3049, #4517 ) ) ;
#2119 = DIRECTION ( 'NONE',  ( -1.000000000000000000, 0.000000000000000000, 0.000000000000000000 ) ) ;
#2120 = EDGE_CURVE ( 'NONE', #632, #5240, #3199, .T. ) ;
#2121 = CARTESIAN_POINT ( 'NONE',  ( 4.022617494228999391, 1.462496436005999989, 3.498991158234999954 ) ) ;
#2122 = AXIS2_PLACEMENT_3D ( 'NONE', #2736, #4192, #5044 ) ;
#2123 = VECTOR ( 'NONE', #4195, 1000.000000000000000 ) ;
#2124 = AXIS2_PLACEMENT_3D ( 'NONE', #4148, #6005, #3231 ) ;
#2125 = CARTESIAN_POINT ( 'NONE',  ( -4.016088054397999763, 1.479197471227000182, 3.241781194048000359 ) ) ;
#2126 = CARTESIAN_POINT ( 'NONE',  ( -2.750000000000000000, -0.1499999999999999944, -3.195100000000000051 ) ) ;
#2127 = DIRECTION ( 'NONE',  ( 1.000000000000000000, 0.000000000000000000, 0.000000000000000000 ) ) ;
#2128 = LINE ( 'NONE', #2670, #852 ) ;
#2129 = AXIS2_PLACEMENT_3D ( 'NONE', #3041, #2582, #2131 ) ;
#2130 = VECTOR ( 'NONE', #978, 1000.000000000000000 ) ;
#2131 = DIRECTION ( 'NONE',  ( 0.000000000000000000, 1.000000000000000000, 0.000000000000000000 ) ) ;
#2132 = CARTESIAN_POINT ( 'NONE',  ( -4.007908877774000622, 1.378528017842000297, 3.500000000000000000 ) ) ;
#2133 = ORIENTED_EDGE ( 'NONE', *, *, #4086, .F. ) ;
#2134 = CARTESIAN_POINT ( 'NONE',  ( -4.250000000000000000, -1.500000000000000000, 3.250000000000000000 ) ) ;
#2135 = DIRECTION ( 'NONE',  ( 0.000000000000000000, -2.200000000000000003E-16, 1.000000000000000000 ) ) ;
#2136 = CIRCLE ( 'NONE', #1165, 0.2500000000000002220 ) ;
#2137 = VECTOR ( 'NONE', #147, 1000.000000000000000 ) ;
#2138 = DIRECTION ( 'NONE',  ( -1.000000000000000000, 0.000000000000000000, 0.000000000000000000 ) ) ;
#2139 = AXIS2_PLACEMENT_3D ( 'NONE', #4343, #3947, #5837 ) ;
#2140 = EDGE_LOOP ( 'NONE', ( #748, #637, #730, #3993, #1854, #2020, #5499, #2983 ) ) ;
#2141 = AXIS2_PLACEMENT_3D ( 'NONE', #5059, #5464, #3605 ) ;
#2142 = DIRECTION ( 'NONE',  ( 1.000000000000000000, -2.100000000000000104E-16, 3.999999999999999916E-16 ) ) ;
#2143 = ORIENTED_EDGE ( 'NONE', *, *, #1779, .F. ) ;
#2144 = ORIENTED_EDGE ( 'NONE', *, *, #2873, .T. ) ;
#2145 = LINE ( 'NONE', #2022, #2431 ) ;
#2146 = VECTOR ( 'NONE', #1719, 1000.000000000000000 ) ;
#2147 = EDGE_CURVE ( 'NONE', #5648, #5507, #3164, .T. ) ;
#2148 = CARTESIAN_POINT ( 'NONE',  ( -3.984144000000000130, -1.500000000000000000, 3.250000000000000000 ) ) ;
#2149 = FACE_OUTER_BOUND ( 'NONE', #174, .T. ) ;
#2150 = DIRECTION ( 'NONE',  ( 1.000000000000000000, 0.000000000000000000, 0.000000000000000000 ) ) ;
#2151 = ORIENTED_EDGE ( 'NONE', *, *, #2001, .F. ) ;
#2152 = ORIENTED_EDGE ( 'NONE', *, *, #1395, .T. ) ;
#2153 = DIRECTION ( 'NONE',  ( 0.000000000000000000, 1.000000000000000000, 0.000000000000000000 ) ) ;
#2154 = CARTESIAN_POINT ( 'NONE',  ( -4.000000000000000000, -1.750000000000000000, 3.500000000000000000 ) ) ;
#2155 = CARTESIAN_POINT ( 'NONE',  ( -4.250000000000000000, -1.550000000000000044, 0.2000000000000000111 ) ) ;
#2156 = ORIENTED_EDGE ( 'NONE', *, *, #3827, .F. ) ;
#2157 = ADVANCED_FACE ( 'NONE', ( #5055 ), #5461, .F. ) ;
#2158 = DIRECTION ( 'NONE',  ( 0.000000000000000000, 0.000000000000000000, -1.000000000000000000 ) ) ;
#2159 = ORIENTED_EDGE ( 'NONE', *, *, #2987, .F. ) ;
#2160 = DIRECTION ( 'NONE',  ( 1.000000000000000000, 0.000000000000000000, 0.000000000000000000 ) ) ;
#2161 = EDGE_CURVE ( 'NONE', #3215, #5635, #4063, .T. ) ;
#2162 = ORIENTED_EDGE ( 'NONE', *, *, #4332, .F. ) ;
#2163 = DIRECTION ( 'NONE',  ( 0.000000000000000000, 0.000000000000000000, 1.000000000000000000 ) ) ;
#2164 = LINE ( 'NONE', #3557, #584 ) ;
#2165 = ORIENTED_EDGE ( 'NONE', *, *, #5007, .T. ) ;
#2166 = DIRECTION ( 'NONE',  ( 1.000000000000000000, 0.000000000000000000, 0.000000000000000000 ) ) ;
#2167 = CARTESIAN_POINT ( 'NONE',  ( 3.848344209620000456, -1.500000000000000000, 3.500000000000000000 ) ) ;
#2168 = LINE ( 'NONE', #3563, #2010 ) ;
#2169 = VERTEX_POINT ( 'NONE', #4491 ) ;
#2170 = DIRECTION ( 'NONE',  ( 0.000000000000000000, -1.000000000000000000, 0.000000000000000000 ) ) ;
#2171 = ORIENTED_EDGE ( 'NONE', *, *, #150, .T. ) ;
#2172 = EDGE_LOOP ( 'NONE', ( #4111, #1103, #3348, #698, #1539 ) ) ;
#2173 = VECTOR ( 'NONE', #3056, 1000.000000000000000 ) ;
#2174 = CARTESIAN_POINT ( 'NONE',  ( 2.229423999999999850, -0.9499999999999999556, 0.000000000000000000 ) ) ;
#2175 = CARTESIAN_POINT ( 'NONE',  ( -3.948262037889000098, 1.337769795392000027, 3.298720722820999818 ) ) ;
#2176 = DIRECTION ( 'NONE',  ( -1.000000000000000000, 0.000000000000000000, 0.000000000000000000 ) ) ;
#2177 = DIRECTION ( 'NONE',  ( 1.000000000000000000, 0.000000000000000000, 0.000000000000000000 ) ) ;
#2178 = EDGE_LOOP ( 'NONE', ( #5954, #316, #4982, #4842, #3219, #1777 ) ) ;
#2179 = ORIENTED_EDGE ( 'NONE', *, *, #2226, .F. ) ;
#2180 = CARTESIAN_POINT ( 'NONE',  ( 3.924999999999999822, 1.550000000000000044, 0.2000000000000000111 ) ) ;
#2181 = EDGE_CURVE ( 'NONE', #3094, #529, #4836, .T. ) ;
#2182 = CARTESIAN_POINT ( 'NONE',  ( 4.025400000000000311, 1.423952829370999984, 3.498706332850999523 ) ) ;
#2183 = ADVANCED_FACE ( 'NONE', ( #1270 ), #2747, .F. ) ;
#2184 = LINE ( 'NONE', #3007, #2985 ) ;
#2185 = ORIENTED_EDGE ( 'NONE', *, *, #3739, .T. ) ;
#2186 = PLANE ( 'NONE',  #3311 ) ;
#2187 = ORIENTED_EDGE ( 'NONE', *, *, #114, .F. ) ;
#2188 = EDGE_CURVE ( 'NONE', #5487, #73, #442, .T. ) ;
#2189 = DIRECTION ( 'NONE',  ( 0.000000000000000000, 0.000000000000000000, 1.000000000000000000 ) ) ;
#2190 = EDGE_CURVE ( 'NONE', #653, #3226, #4141, .T. ) ;
#2191 = EDGE_CURVE ( 'NONE', #812, #4870, #1931, .T. ) ;
#2192 = ORIENTED_EDGE ( 'NONE', *, *, #4778, .T. ) ;
#2193 = CARTESIAN_POINT ( 'NONE',  ( -1.730900000000000105, -1.550000000000000044, 0.7982930000000000303 ) ) ;
#2194 = DIRECTION ( 'NONE',  ( -1.000000000000000000, 0.000000000000000000, 0.000000000000000000 ) ) ;
#2195 = ORIENTED_EDGE ( 'NONE', *, *, #1747, .T. ) ;
#2196 = CARTESIAN_POINT ( 'NONE',  ( 3.956875466507999928, -1.532228937203000019, 3.497947197547000009 ) ) ;
#2197 = EDGE_CURVE ( 'NONE', #3024, #28, #2703, .T. ) ;
#2198 = EDGE_CURVE ( 'NONE', #1681, #3003, #2301, .T. ) ;
#2199 = FACE_OUTER_BOUND ( 'NONE', #5281, .T. ) ;
#2200 = ORIENTED_EDGE ( 'NONE', *, *, #4887, .T. ) ;
#2201 = EDGE_LOOP ( 'NONE', ( #2679, #2385, #394, #1469 ) ) ;
#2202 = DIRECTION ( 'NONE',  ( -0.000000000000000000, 1.000000000000000000, 0.000000000000000000 ) ) ;
#2203 = VECTOR ( 'NONE', #2577, 1000.000000000000000 ) ;
#2204 = CARTESIAN_POINT ( 'NONE',  ( 3.905184045600000431, -1.534323617610999779, 3.235650937848999931 ) ) ;
#2205 = VECTOR ( 'NONE', #3611, 1000.000000000000000 ) ;
#2206 = EDGE_LOOP ( 'NONE', ( #3861, #1748, #2213, #1576, #4397, #3925, #4168, #657, #4907 ) ) ;
#2207 = ORIENTED_EDGE ( 'NONE', *, *, #3181, .F. ) ;
#2208 = CARTESIAN_POINT ( 'NONE',  ( -4.250000000000000000, 1.550000000000000044, 0.7982930000000000303 ) ) ;
#2209 = LINE ( 'NONE', #4061, #5304 ) ;
#2210 = CARTESIAN_POINT ( 'NONE',  ( -4.250000000000000000, -1.500000000000000000, 0.2500000000000000000 ) ) ;
#2211 = ORIENTED_EDGE ( 'NONE', *, *, #1484, .F. ) ;
#2212 = DIRECTION ( 'NONE',  ( 0.000000000000000000, -1.000000000000000000, 0.000000000000000000 ) ) ;
#2213 = ORIENTED_EDGE ( 'NONE', *, *, #1563, .F. ) ;
#2214 = DIRECTION ( 'NONE',  ( 0.000000000000000000, 0.000000000000000000, -1.000000000000000000 ) ) ;
#2215 = AXIS2_PLACEMENT_3D ( 'NONE', #3091, #1246, #4411 ) ;
#2216 = EDGE_CURVE ( 'NONE', #1486, #4326, #1926, .T. ) ;
#2217 = ORIENTED_EDGE ( 'NONE', *, *, #5943, .F. ) ;
#2218 = CARTESIAN_POINT ( 'NONE',  ( -3.924999999999999822, -1.425000000000000044, 3.174999999999999822 ) ) ;
#2219 = VECTOR ( 'NONE', #2008, 1000.000000000000000 ) ;
#2220 = CARTESIAN_POINT ( 'NONE',  ( -4.025400000000000311, 1.423952829370999984, 3.498706332850999523 ) ) ;
#2221 = AXIS2_PLACEMENT_3D ( 'NONE', #897, #2262, #5946 ) ;
#2222 = VERTEX_POINT ( 'NONE', #4173 ) ;
#2223 = CARTESIAN_POINT ( 'NONE',  ( -4.022617494228999391, -1.462496436005999989, 3.498991158234999954 ) ) ;
#2224 = CARTESIAN_POINT ( 'NONE',  ( 1.791398999999999964, 1.550000000000000044, 0.4595135000000000192 ) ) ;
#2225 = ADVANCED_FACE ( 'NONE', ( #136 ), #5150, .F. ) ;
#2226 = EDGE_CURVE ( 'NONE', #2266, #3246, #601, .T. ) ;
#2227 = VECTOR ( 'NONE', #3994, 1000.000000000000000 ) ;
#2228 = CARTESIAN_POINT ( 'NONE',  ( -2.218206999999999596, -1.500000000000000000, 0.2500000000000000000 ) ) ;
#2229 = VECTOR ( 'NONE', #2530, 1000.000000000000000 ) ;
#2230 = VERTEX_POINT ( 'NONE', #4662 ) ;
#2231 = VERTEX_POINT ( 'NONE', #2409 ) ;
#2232 = CIRCLE ( 'NONE', #484, 0.2000000000000000944 ) ;
#2233 = CARTESIAN_POINT ( 'NONE',  ( 0.2007990000000000053, -0.9499999999999999556, 0.2000000000000000111 ) ) ;
#2234 = AXIS2_PLACEMENT_3D ( 'NONE', #1567, #5697, #1530 ) ;
#2235 = DIRECTION ( 'NONE',  ( 1.000000000000000000, 0.000000000000000000, 0.000000000000000000 ) ) ;
#2236 = LINE ( 'NONE', #793, #4539 ) ;
#2237 = ORIENTED_EDGE ( 'NONE', *, *, #5079, .T. ) ;
#2238 = ORIENTED_EDGE ( 'NONE', *, *, #403, .T. ) ;
#2239 = CIRCLE ( 'NONE', #5147, 0.2500000000000002220 ) ;
#2240 = LINE ( 'NONE', #3520, #4534 ) ;
#2241 = EDGE_LOOP ( 'NONE', ( #3613, #1357, #2101, #4524 ) ) ;
#2242 = CARTESIAN_POINT ( 'NONE',  ( 3.161627999999999883, -1.750000000000000000, 0.2500000000000000000 ) ) ;
#2243 = CARTESIAN_POINT ( 'NONE',  ( 3.825400000000000134, -1.436262999999999845, 3.648400000000000087 ) ) ;
#2244 = CARTESIAN_POINT ( 'NONE',  ( 2.229423999999999850, 2.000000000000000000, 0.2500269999999999992 ) ) ;
#2245 = LINE ( 'NONE', #4039, #1428 ) ;
#2246 = ORIENTED_EDGE ( 'NONE', *, *, #4787, .F. ) ;
#2247 = DIRECTION ( 'NONE',  ( -1.000000000000000000, 1.200000000000000024E-16, 0.000000000000000000 ) ) ;
#2248 = CARTESIAN_POINT ( 'NONE',  ( -3.230900000000000105, 1.489999999999999991, 0.06912600000000000688 ) ) ;
#2249 = VERTEX_POINT ( 'NONE', #3252 ) ;
#2250 = CARTESIAN_POINT ( 'NONE',  ( -4.014678137882000009, -1.388652331402999929, 3.499699877615999988 ) ) ;
#2251 = DIRECTION ( 'NONE',  ( 0.000000000000000000, -2.200000000000000003E-16, -1.000000000000000000 ) ) ;
#2252 = ADVANCED_FACE ( 'NONE', ( #1441 ), #5110, .F. ) ;
#2253 = EDGE_CURVE ( 'NONE', #328, #603, #110, .T. ) ;
#2254 = EDGE_LOOP ( 'NONE', ( #856, #1017, #1963, #3264, #2347, #1290 ) ) ;
#2255 = CARTESIAN_POINT ( 'NONE',  ( -3.956875466507999928, 1.532228937203000019, 3.497947197547000009 ) ) ;
#2256 = VERTEX_POINT ( 'NONE', #4297 ) ;
#2257 = ORIENTED_EDGE ( 'NONE', *, *, #2989, .F. ) ;
#2258 = DIRECTION ( 'NONE',  ( 0.000000000000000000, 0.000000000000000000, 1.000000000000000000 ) ) ;
#2259 = EDGE_CURVE ( 'NONE', #5270, #2231, #951, .T. ) ;
#2260 = ADVANCED_FACE ( 'NONE', ( #5672 ), #3779, .F. ) ;
#2261 = VECTOR ( 'NONE', #1258, 1000.000000000000000 ) ;
#2262 = DIRECTION ( 'NONE',  ( 0.000000000000000000, 1.200000000000000024E-16, 1.000000000000000000 ) ) ;
#2263 = ORIENTED_EDGE ( 'NONE', *, *, #3903, .T. ) ;
#2264 = EDGE_LOOP ( 'NONE', ( #2384, #5739, #3542, #4618 ) ) ;
#2265 = CARTESIAN_POINT ( 'NONE',  ( -3.750000000000000000, -1.399999999999999911, 3.285203000000000095 ) ) ;
#2266 = VERTEX_POINT ( 'NONE', #5645 ) ;
#2267 = CARTESIAN_POINT ( 'NONE',  ( 3.849507433863000205, 1.502719201952000150, 3.273733093022999974 ) ) ;
#2268 = ORIENTED_EDGE ( 'NONE', *, *, #305, .T. ) ;
#2269 = LINE ( 'NONE', #2361, #3001 ) ;
#2270 = CARTESIAN_POINT ( 'NONE',  ( -3.172874999999999890, 1.550000000000000044, 0.3250000000000000111 ) ) ;
#2271 = FACE_OUTER_BOUND ( 'NONE', #469, .T. ) ;
#2272 = ORIENTED_EDGE ( 'NONE', *, *, #1026, .F. ) ;
#2273 = DIRECTION ( 'NONE',  ( 1.000000000000000000, -1.100000000000000002E-16, 1.100000000000000002E-16 ) ) ;
#2274 = DIRECTION ( 'NONE',  ( 0.000000000000000000, 2.200000000000000003E-16, 1.000000000000000000 ) ) ;
#2275 = ORIENTED_EDGE ( 'NONE', *, *, #4638, .F. ) ;
#2276 = DIRECTION ( 'NONE',  ( 0.000000000000000000, -1.000000000000000000, 0.000000000000000000 ) ) ;
#2277 = ADVANCED_FACE ( 'NONE', ( #3317 ), #500, .T. ) ;
#2278 = CARTESIAN_POINT ( 'NONE',  ( -4.049999999999999822, -1.750000000000000000, 0.7982930000000000303 ) ) ;
#2279 = ORIENTED_EDGE ( 'NONE', *, *, #4185, .F. ) ;
#2280 = ORIENTED_EDGE ( 'NONE', *, *, #2526, .F. ) ;
#2281 = CARTESIAN_POINT ( 'NONE',  ( 0.2500000000000000000, 0.1499999999999999944, 0.2000000000000000111 ) ) ;
#2282 = ADVANCED_FACE ( 'NONE', ( #4631 ), #2318, .T. ) ;
#2283 = EDGE_CURVE ( 'NONE', #1644, #4599, #5178, .T. ) ;
#2284 = CARTESIAN_POINT ( 'NONE',  ( 3.230900000000000105, 1.489999999999999991, 0.06912600000000000688 ) ) ;
#2285 = DIRECTION ( 'NONE',  ( 1.000000000000000000, 0.000000000000000000, 0.000000000000000000 ) ) ;
#2286 = EDGE_LOOP ( 'NONE', ( #2207, #4810, #3771, #2762, #3524 ) ) ;
#2287 = ORIENTED_EDGE ( 'NONE', *, *, #5595, .F. ) ;
#2288 = DIRECTION ( 'NONE',  ( 0.000000000000000000, 0.000000000000000000, 1.000000000000000000 ) ) ;
#2289 = ADVANCED_FACE ( 'NONE', ( #1200 ), #4875, .T. ) ;
#2290 = LINE ( 'NONE', #960, #2971 ) ;
#2291 = ADVANCED_FACE ( 'NONE', ( #4398 ), #3868, .T. ) ;
#2292 = VECTOR ( 'NONE', #474, 1000.000000000000000 ) ;
#2293 = CARTESIAN_POINT ( 'NONE',  ( -3.172874999999999890, -1.750000000000000000, 0.7982930000000000303 ) ) ;
#2294 = ORIENTED_EDGE ( 'NONE', *, *, #3259, .T. ) ;
#2295 = CARTESIAN_POINT ( 'NONE',  ( -3.925399999999999778, -1.436262999999999845, -0.2999999999999999889 ) ) ;
#2296 = CARTESIAN_POINT ( 'NONE',  ( -4.250000000000000000, -1.750000000000000000, 0.7982930000000000303 ) ) ;
#2297 = EDGE_CURVE ( 'NONE', #5952, #5546, #5329, .T. ) ;
#2298 = ADVANCED_FACE ( 'NONE', ( #3048 ), #288, .T. ) ;
#2299 = FACE_OUTER_BOUND ( 'NONE', #5128, .T. ) ;
#2300 = ORIENTED_EDGE ( 'NONE', *, *, #5394, .F. ) ;
#2301 = B_SPLINE_CURVE_WITH_KNOTS ( 'NONE', 7,
 ( #5024, #4999, #871, #5885, #3116, #2204, #1756, #3143, #563, #1502, #2382, #1412, #5576, #1895, #4230, #3747, #5609, #2891, #4203, #75, #1987, #3717, #1014, #1960, #1473, #4753 ),
 .UNSPECIFIED., .F., .F.,
 ( 8, 6, 6, 6, 8 ),
 ( 0.000000000000000000, 0.1523904731260000145, 0.3321959128909999781, 0.7620035510389999711, 1.000000000000000000 ),
 .UNSPECIFIED. ) ;
#2302 = DIRECTION ( 'NONE',  ( 0.000000000000000000, 0.000000000000000000, 1.000000000000000000 ) ) ;
#2303 = CARTESIAN_POINT ( 'NONE',  ( -0.8166666666669999408, 0.1833333333330000037, 6.577372666667000267 ) ) ;
#2304 = ORIENTED_EDGE ( 'NONE', *, *, #1838, .T. ) ;
#2305 = VECTOR ( 'NONE', #3213, 1000.000000000000000 ) ;
#2306 = CARTESIAN_POINT ( 'NONE',  ( 2.750000000000000000, -0.1499999999999999944, 0.2000000000000000111 ) ) ;
#2307 = CYLINDRICAL_SURFACE ( 'NONE', #5714, 0.1250000000000001110 ) ;
#2308 = VECTOR ( 'NONE', #2554, 1000.000000000000000 ) ;
#2309 = VECTOR ( 'NONE', #4734, 1000.000000000000000 ) ;
#2310 = LINE ( 'NONE', #5430, #5914 ) ;
#2311 = DIRECTION ( 'NONE',  ( 0.000000000000000000, 1.000000000000000000, 0.000000000000000000 ) ) ;
#2312 = VERTEX_POINT ( 'NONE', #3380 ) ;
#2313 = ORIENTED_EDGE ( 'NONE', *, *, #1752, .T. ) ;
#2314 = CARTESIAN_POINT ( 'NONE',  ( 0.000000000000000000, -1.650500000000000078, 0.7982930000000000303 ) ) ;
#2315 = VECTOR ( 'NONE', #4321, 1000.000000000000000 ) ;
#2316 = VECTOR ( 'NONE', #314, 1000.000000000000000 ) ;
#2317 = AXIS2_PLACEMENT_3D ( 'NONE', #3610, #1367, #5469 ) ;
#2318 = PLANE ( 'NONE',  #384 ) ;
#2319 = CARTESIAN_POINT ( 'NONE',  ( 3.161627999999999883, -1.489999999999999991, 0.4337095000000000256 ) ) ;
#2320 = ORIENTED_EDGE ( 'NONE', *, *, #3546, .F. ) ;
#2321 = ORIENTED_EDGE ( 'NONE', *, *, #227, .F. ) ;
#2322 = CARTESIAN_POINT ( 'NONE',  ( -4.049999999999999822, -1.425000000000000044, 0.3250000000000000111 ) ) ;
#2323 = CARTESIAN_POINT ( 'NONE',  ( 0.000000000000000000, 0.1499999999999999944, -3.195100000000000051 ) ) ;
#2324 = EDGE_CURVE ( 'NONE', #177, #2893, #3037, .T. ) ;
#2325 = VECTOR ( 'NONE', #5726, 1000.000000000000000 ) ;
#2326 = VECTOR ( 'NONE', #3347, 1000.000000000000000 ) ;
#2327 = DIRECTION ( 'NONE',  ( 1.000000000000000000, 0.000000000000000000, 0.000000000000000000 ) ) ;
#2328 = CARTESIAN_POINT ( 'NONE',  ( 3.825400000000000134, 1.436262999999999845, 3.299491545218999899 ) ) ;
#2329 = ORIENTED_EDGE ( 'NONE', *, *, #2814, .F. ) ;
#2330 = AXIS2_PLACEMENT_3D ( 'NONE', #6007, #424, #4672 ) ;
#2331 = CARTESIAN_POINT ( 'NONE',  ( -2.990450000000000053, -1.489999999999999991, 0.2000000000000000111 ) ) ;
#2332 = DIRECTION ( 'NONE',  ( 0.000000000000000000, 1.000000000000000000, 0.000000000000000000 ) ) ;
#2333 = CARTESIAN_POINT ( 'NONE',  ( 4.016305637535999118, -1.393941511028000013, 3.260496662946999802 ) ) ;
#2334 = EDGE_CURVE ( 'NONE', #5373, #3182, #2108, .T. ) ;
#2335 = VECTOR ( 'NONE', #1040, 1000.000000000000000 ) ;
#2336 = ADVANCED_FACE ( 'NONE', ( #3510 ), #2472, .F. ) ;
#2337 = ORIENTED_EDGE ( 'NONE', *, *, #4006, .F. ) ;
#2338 = DIRECTION ( 'NONE',  ( 0.000000000000000000, -1.000000000000000000, 0.000000000000000000 ) ) ;
#2339 = LINE ( 'NONE', #3762, #276 ) ;
#2340 = ORIENTED_EDGE ( 'NONE', *, *, #4538, .F. ) ;
#2341 = PLANE ( 'NONE',  #5957 ) ;
#2342 = LINE ( 'NONE', #5593, #2123 ) ;
#2343 = ORIENTED_EDGE ( 'NONE', *, *, #4333, .T. ) ;
#2344 = DIRECTION ( 'NONE',  ( 1.000000000000000000, 0.000000000000000000, 0.000000000000000000 ) ) ;
#2345 = AXIS2_PLACEMENT_3D ( 'NONE', #2066, #5776, #768 ) ;
#2346 = SPHERICAL_SURFACE ( 'NONE', #581, 0.1250000000000000000 ) ;
#2347 = ORIENTED_EDGE ( 'NONE', *, *, #2885, .F. ) ;
#2348 = EDGE_LOOP ( 'NONE', ( #1903, #1094, #2633, #4850, #3794, #5476, #3946, #2013 ) ) ;
#2349 = CARTESIAN_POINT ( 'NONE',  ( 0.9676375000000000393, -1.750000000000000000, 0.3537500000000000089 ) ) ;
#2350 = CARTESIAN_POINT ( 'NONE',  ( 2.229423999999999850, 0.9499999999999999556, -0.2063014999999999988 ) ) ;
#2351 = CARTESIAN_POINT ( 'NONE',  ( 3.980905650031999254, 1.351178743106999924, 3.288052940221999787 ) ) ;
#2352 = VERTEX_POINT ( 'NONE', #5696 ) ;
#2353 = ORIENTED_EDGE ( 'NONE', *, *, #1023, .T. ) ;
#2354 = LINE ( 'NONE', #5613, #5541 ) ;
#2355 = CARTESIAN_POINT ( 'NONE',  ( 3.984144000000000130, 1.535122601059000003, 0.2000000000000000111 ) ) ;
#2356 = AXIS2_PLACEMENT_3D ( 'NONE', #4622, #1003, #2276 ) ;
#2357 = PLANE ( 'NONE',  #1051 ) ;
#2358 = PLANE ( 'NONE',  #285 ) ;
#2359 = ORIENTED_EDGE ( 'NONE', *, *, #4865, .T. ) ;
#2360 = EDGE_CURVE ( 'NONE', #5847, #1172, #200, .T. ) ;
#2361 = CARTESIAN_POINT ( 'NONE',  ( -4.250000000000000000, -1.750000000000000000, 0.7982930000000000303 ) ) ;
#2362 = CARTESIAN_POINT ( 'NONE',  ( 1.791398999999999964, 1.550000000000000044, 0.2250134999999999774 ) ) ;
#2363 = VECTOR ( 'NONE', #4339, 1000.000000000000000 ) ;
#2364 = LINE ( 'NONE', #1906, #4412 ) ;
#2365 = ADVANCED_FACE ( 'NONE', ( #1597 ), #3440, .F. ) ;
#2366 = EDGE_LOOP ( 'NONE', ( #2434, #3485, #5510, #556 ) ) ;
#2367 = CARTESIAN_POINT ( 'NONE',  ( -3.920920838333999736, 1.536245907696999868, 3.232003063942999965 ) ) ;
#2368 = DIRECTION ( 'NONE',  ( 0.000000000000000000, 0.000000000000000000, 1.000000000000000000 ) ) ;
#2369 = EDGE_CURVE ( 'NONE', #4594, #4057, #2080, .T. ) ;
#2370 = CARTESIAN_POINT ( 'NONE',  ( -1.730900000000000105, 1.489999999999999991, 0.2000000000000000111 ) ) ;
#2371 = DIRECTION ( 'NONE',  ( 0.000000000000000000, 0.000000000000000000, 1.000000000000000000 ) ) ;
#2372 = EDGE_CURVE ( 'NONE', #3281, #1731, #1625, .T. ) ;
#2373 = ADVANCED_FACE ( 'NONE', ( #5508 ), #5853, .T. ) ;
#2374 = DIRECTION ( 'NONE',  ( 0.000000000000000000, 0.000000000000000000, -1.000000000000000000 ) ) ;
#2375 = LINE ( 'NONE', #2855, #5824 ) ;
#2376 = ORIENTED_EDGE ( 'NONE', *, *, #1752, .F. ) ;
#2377 = VERTEX_POINT ( 'NONE', #4051 ) ;
#2378 = DIRECTION ( 'NONE',  ( 1.000000000000000000, 0.000000000000000000, 0.000000000000000000 ) ) ;
#2379 = EDGE_CURVE ( 'NONE', #3024, #4918, #2678, .T. ) ;
#2380 = B_SPLINE_CURVE_WITH_KNOTS ( 'NONE', 6,
 ( #4106, #2132, #3644, #830, #773, #2220, #5501, #4479, #4507, #2673, #4533, #4018 ),
 .UNSPECIFIED., .F., .F.,
 ( 7, 5, 7 ),
 ( 0.000000000000000000, 0.5831796168249999690, 1.000000000000000000 ),
 .UNSPECIFIED. ) ;
#2381 = VERTEX_POINT ( 'NONE', #320 ) ;
#2382 = CARTESIAN_POINT ( 'NONE',  ( 3.882022376555000154, -1.526548965230999810, 3.248018753957000015 ) ) ;
#2383 = CARTESIAN_POINT ( 'NONE',  ( 4.023051892704000210, 1.414669860484000008, 3.252531413773000146 ) ) ;
#2384 = ORIENTED_EDGE ( 'NONE', *, *, #3260, .T. ) ;
#2385 = ORIENTED_EDGE ( 'NONE', *, *, #5572, .F. ) ;
#2386 = CARTESIAN_POINT ( 'NONE',  ( -3.230900000000000105, -1.750000000000000000, 0.1345630000000000159 ) ) ;
#2387 = LINE ( 'NONE', #902, #1130 ) ;
#2388 = CARTESIAN_POINT ( 'NONE',  ( 0.9676375000000000393, 1.750000000000000000, 0.3537500000000000089 ) ) ;
#2389 = FACE_OUTER_BOUND ( 'NONE', #1929, .T. ) ;
#2390 = ORIENTED_EDGE ( 'NONE', *, *, #4970, .F. ) ;
#2391 = PLANE ( 'NONE',  #4691 ) ;
#2392 = CIRCLE ( 'NONE', #5101, 0.2500000000000002220 ) ;
#2393 = ORIENTED_EDGE ( 'NONE', *, *, #1667, .T. ) ;
#2394 = CARTESIAN_POINT ( 'NONE',  ( -2.217853499999999922, 1.550000000000000044, 0.2500269999999999992 ) ) ;
#2395 = DIRECTION ( 'NONE',  ( 1.000000000000000000, 0.000000000000000000, 0.000000000000000000 ) ) ;
#2396 = DIRECTION ( 'NONE',  ( 0.000000000000000000, 0.000000000000000000, 1.000000000000000000 ) ) ;
#2397 = CIRCLE ( 'NONE', #1723, 0.09999999999999982514 ) ;
#2398 = PLANE ( 'NONE',  #5669 ) ;
#2399 = DIRECTION ( 'NONE',  ( 1.000000000000000000, 0.000000000000000000, 0.000000000000000000 ) ) ;
#2400 = EDGE_CURVE ( 'NONE', #4445, #705, #864, .T. ) ;
#2401 = CARTESIAN_POINT ( 'NONE',  ( -4.023660936461999960, 1.417567515388999944, 3.251755941773000202 ) ) ;
#2402 = CARTESIAN_POINT ( 'NONE',  ( -3.740450000000000053, 1.489999999999999991, 0.2000000000000000111 ) ) ;
#2404 = ADVANCED_FACE ( 'NONE', ( #4576 ), #1263, .F. ) ;
#2403 = ORIENTED_EDGE ( 'NONE', *, *, #3013, .T. ) ;
#2405 = ORIENTED_EDGE ( 'NONE', *, *, #675, .T. ) ;
#2406 = PLANE ( 'NONE',  #3505 ) ;
#2407 = VECTOR ( 'NONE', #3124, 1000.000000000000000 ) ;
#2408 = VERTEX_POINT ( 'NONE', #782 ) ;
#2409 = CARTESIAN_POINT ( 'NONE',  ( -3.984144000000000130, -1.750000000000000000, 0.7982930000000000303 ) ) ;
#2410 = PLANE ( 'NONE',  #107 ) ;
#2411 = ORIENTED_EDGE ( 'NONE', *, *, #5160, .T. ) ;
#2412 = VERTEX_POINT ( 'NONE', #5051 ) ;
#2413 = VECTOR ( 'NONE', #5636, 1000.000000000000000 ) ;
#2414 = VECTOR ( 'NONE', #2440, 1000.000000000000000 ) ;
#2415 = DIRECTION ( 'NONE',  ( -1.000000000000000000, 0.000000000000000000, 0.000000000000000000 ) ) ;
#2416 = PLANE ( 'NONE',  #1521 ) ;
#2417 = AXIS2_PLACEMENT_3D ( 'NONE', #2218, #3100, #4506 ) ;
#2418 = CIRCLE ( 'NONE', #3192, 0.1089259271250002103 ) ;
#2419 = CARTESIAN_POINT ( 'NONE',  ( -4.250000000000000000, -1.750000000000000000, 0.000000000000000000 ) ) ;
#2420 = DIRECTION ( 'NONE',  ( 1.000000000000000000, 0.000000000000000000, 0.000000000000000000 ) ) ;
#2421 = EDGE_LOOP ( 'NONE', ( #5551, #1047, #4722, #3674 ) ) ;
#2422 = AXIS2_PLACEMENT_3D ( 'NONE', #1770, #1709, #2702 ) ;
#2423 = AXIS2_PLACEMENT_3D ( 'NONE', #3356, #5278, #1114 ) ;
#2424 = LINE ( 'NONE', #5802, #2563 ) ;
#2425 = VECTOR ( 'NONE', #4122, 1000.000000000000000 ) ;
#2426 = EDGE_LOOP ( 'NONE', ( #904, #527, #723, #5274, #5121, #4878 ) ) ;
#2427 = DIRECTION ( 'NONE',  ( -1.200000000000000024E-16, 0.000000000000000000, 1.000000000000000000 ) ) ;
#2428 = CARTESIAN_POINT ( 'NONE',  ( -3.825400000000000134, 1.441361728590000224, 3.299030253008000013 ) ) ;
#2429 = CARTESIAN_POINT ( 'NONE',  ( -3.889674776988000016, -1.529825588357000221, 3.243179937727000084 ) ) ;
#2430 = DIRECTION ( 'NONE',  ( 1.000000000000000000, 0.000000000000000000, 0.000000000000000000 ) ) ;
#2431 = VECTOR ( 'NONE', #3415, 1000.000000000000000 ) ;
#2432 = CARTESIAN_POINT ( 'NONE',  ( -3.973374076903999796, 1.524056422276000022, 3.234008735208000029 ) ) ;
#2433 = CARTESIAN_POINT ( 'NONE',  ( -3.020707499999999879, 1.750000000000000000, 0.7982930000000000303 ) ) ;
#2434 = ORIENTED_EDGE ( 'NONE', *, *, #2191, .T. ) ;
#2435 = ORIENTED_EDGE ( 'NONE', *, *, #5898, .T. ) ;
#2436 = EDGE_CURVE ( 'NONE', #4512, #54, #3536, .T. ) ;
#2437 = DIRECTION ( 'NONE',  ( 0.000000000000000000, -1.000000000000000000, 0.000000000000000000 ) ) ;
#2438 = CARTESIAN_POINT ( 'NONE',  ( 3.925399999999999778, -1.436262999999999845, 3.299999999999999822 ) ) ;
#2439 = ORIENTED_EDGE ( 'NONE', *, *, #2526, .T. ) ;
#2440 = DIRECTION ( 'NONE',  ( 0.000000000000000000, 0.000000000000000000, -1.000000000000000000 ) ) ;
#2441 = CARTESIAN_POINT ( 'NONE',  ( 2.228499999999999925, 1.525020244306000139, 0.2500269999999999992 ) ) ;
#2442 = ORIENTED_EDGE ( 'NONE', *, *, #5843, .F. ) ;
#2443 = VERTEX_POINT ( 'NONE', #3108 ) ;
#2444 = EDGE_CURVE ( 'NONE', #1043, #529, #4560, .T. ) ;
#2445 = CARTESIAN_POINT ( 'NONE',  ( -3.172874999999999890, 1.750000000000000000, 0.7982930000000000303 ) ) ;
#2446 = CARTESIAN_POINT ( 'NONE',  ( -3.924999999999999822, -1.425000000000000044, 3.174999999999999822 ) ) ;
#2447 = EDGE_CURVE ( 'NONE', #2592, #5142, #2623, .T. ) ;
#2448 = ADVANCED_FACE ( 'NONE', ( #2652 ), #1318, .F. ) ;
#2449 = DIRECTION ( 'NONE',  ( -1.000000000000000000, 1.100000000000000002E-16, 0.000000000000000000 ) ) ;
#2450 = DIRECTION ( 'NONE',  ( -0.9947547844760413760, -0.1022884097150042471, 2.000000000000085808E-17 ) ) ;
#2451 = EDGE_LOOP ( 'NONE', ( #661, #836, #1236, #4227 ) ) ;
#2452 = LINE ( 'NONE', #176, #4752 ) ;
#2453 = EDGE_LOOP ( 'NONE', ( #3504, #2787, #2599, #2390, #3465, #5695, #5143, #5364 ) ) ;
#2454 = EDGE_CURVE ( 'NONE', #2222, #5204, #962, .T. ) ;
#2455 = DIRECTION ( 'NONE',  ( 1.000000000000000000, 0.000000000000000000, 0.000000000000000000 ) ) ;
#2456 = ORIENTED_EDGE ( 'NONE', *, *, #1215, .T. ) ;
#2457 = DIRECTION ( 'NONE',  ( -1.000000000000000000, 0.000000000000000000, 0.000000000000000000 ) ) ;
#2458 = CARTESIAN_POINT ( 'NONE',  ( 3.936077135320999787, 1.536249565899000080, 3.497357977745000124 ) ) ;
#2459 = AXIS2_PLACEMENT_3D ( 'NONE', #1244, #175, #4793 ) ;
#2460 = DIRECTION ( 'NONE',  ( 0.000000000000000000, 1.000000000000000000, 0.000000000000000000 ) ) ;
#2461 = CARTESIAN_POINT ( 'NONE',  ( 3.161627999999999883, -1.489999999999999991, 0.2182292174799999873 ) ) ;
#2462 = PLANE ( 'NONE',  #2589 ) ;
#2463 = ORIENTED_EDGE ( 'NONE', *, *, #5492, .F. ) ;
#2464 = CARTESIAN_POINT ( 'NONE',  ( -4.021506749142999659, 1.408138539151000179, 3.254468194335999875 ) ) ;
#2465 = CARTESIAN_POINT ( 'NONE',  ( 3.161627999999999883, 0.9499999999999999556, 0.000000000000000000 ) ) ;
#2466 = ORIENTED_EDGE ( 'NONE', *, *, #5757, .T. ) ;
#2467 = ORIENTED_EDGE ( 'NONE', *, *, #3884, .T. ) ;
#2468 = DIRECTION ( 'NONE',  ( 0.000000000000000000, 2.200000000000000003E-16, 1.000000000000000000 ) ) ;
#2469 = CARTESIAN_POINT ( 'NONE',  ( -3.956483858056000447, -1.532371353629999877, 3.232520822637000357 ) ) ;
#2470 = ADVANCED_FACE ( 'NONE', ( #2199 ), #4085, .F. ) ;
#2471 = ORIENTED_EDGE ( 'NONE', *, *, #3928, .T. ) ;
#2472 = PLANE ( 'NONE',  #4070 ) ;
#2473 = CARTESIAN_POINT ( 'NONE',  ( -4.049999999999999822, -1.550000000000000044, 3.174999999999999822 ) ) ;
#2474 = ORIENTED_EDGE ( 'NONE', *, *, #2038, .F. ) ;
#2475 = ORIENTED_EDGE ( 'NONE', *, *, #686, .T. ) ;
#2476 = CARTESIAN_POINT ( 'NONE',  ( -2.218206999999999596, 1.500000000000000000, 0.2500000000000000000 ) ) ;
#2477 = EDGE_CURVE ( 'NONE', #418, #1540, #1743, .T. ) ;
#2478 = FILL_AREA_STYLE_COLOUR ( '', #93 ) ;
#2479 = DIRECTION ( 'NONE',  ( 0.000000000000000000, -1.000000000000000000, 0.000000000000000000 ) ) ;
#2480 = ORIENTED_EDGE ( 'NONE', *, *, #37, .T. ) ;
#2481 = DIRECTION ( 'NONE',  ( 1.000000000000000000, 0.000000000000000000, 0.000000000000000000 ) ) ;
#2482 = CARTESIAN_POINT ( 'NONE',  ( -3.924999999999999822, -1.336263800002999824, 3.299999999999999822 ) ) ;
#2483 = ORIENTED_EDGE ( 'NONE', *, *, #2188, .F. ) ;
#2484 = EDGE_CURVE ( 'NONE', #4121, #2828, #409, .T. ) ;
#2485 = DIRECTION ( 'NONE',  ( 0.000000000000000000, 1.000000000000000000, 0.000000000000000000 ) ) ;
#2486 = CYLINDRICAL_SURFACE ( 'NONE', #2139, 0.2500000000000002220 ) ;
#2487 = ADVANCED_FACE ( 'NONE', ( #3621 ), #5479, .F. ) ;
#2488 = CARTESIAN_POINT ( 'NONE',  ( 3.895687823724999888, 1.533608080278000108, 3.497744781978999740 ) ) ;
#2489 = CARTESIAN_POINT ( 'NONE',  ( 2.228499999999999925, -1.550000000000000044, 0.3250000000000000111 ) ) ;
#2490 = DIRECTION ( 'NONE',  ( 0.7071067811865475727, 0.000000000000000000, 0.7071067811865475727 ) ) ;
#2491 = AXIS2_PLACEMENT_3D ( 'NONE', #1810, #3659, #3205 ) ;
#2492 = DIRECTION ( 'NONE',  ( -0.9947547844760413760, 0.1022884097150042471, -2.000000000000085808E-17 ) ) ;
#2493 = VECTOR ( 'NONE', #803, 1000.000000000000000 ) ;
#2494 = DIRECTION ( 'NONE',  ( 0.000000000000000000, 0.000000000000000000, -1.000000000000000000 ) ) ;
#2495 = CARTESIAN_POINT ( 'NONE',  ( -1.750000000000000000, -0.7500000000000000000, 3.210705999999999616 ) ) ;
#2496 = ORIENTED_EDGE ( 'NONE', *, *, #1489, .T. ) ;
#2497 = ORIENTED_EDGE ( 'NONE', *, *, #2297, .F. ) ;
#2498 = DIRECTION ( 'NONE',  ( 0.000000000000000000, 0.000000000000000000, 1.000000000000000000 ) ) ;
#2499 = FACE_OUTER_BOUND ( 'NONE', #4400, .T. ) ;
#2500 = ORIENTED_EDGE ( 'NONE', *, *, #5560, .T. ) ;
#2501 = CARTESIAN_POINT ( 'NONE',  ( 4.384144000000000041, -1.486319999999999864, 3.648400000000000087 ) ) ;
#2502 = LINE ( 'NONE', #3810, #1450 ) ;
#2503 = ORIENTED_EDGE ( 'NONE', *, *, #596, .F. ) ;
#2504 = ORIENTED_EDGE ( 'NONE', *, *, #2070, .T. ) ;
#2505 = CARTESIAN_POINT ( 'NONE',  ( 1.791398999999999964, 2.000000000000000000, 0.2500269999999999992 ) ) ;
#2506 = VECTOR ( 'NONE', #2990, 1000.000000000000000 ) ;
#2507 = LINE ( 'NONE', #3080, #2506 ) ;
#2508 = VECTOR ( 'NONE', #2630, 1000.000000000000000 ) ;
#2509 = VECTOR ( 'NONE', #1474, 1000.000000000000000 ) ;
#2510 = ORIENTED_EDGE ( 'NONE', *, *, #4636, .T. ) ;
#2511 = ORIENTED_EDGE ( 'NONE', *, *, #4891, .F. ) ;
#2512 = FACE_OUTER_BOUND ( 'NONE', #1291, .T. ) ;
#2513 = DIRECTION ( 'NONE',  ( 0.000000000000000000, 1.000000000000000000, 0.000000000000000000 ) ) ;
#2514 = CARTESIAN_POINT ( 'NONE',  ( -2.920707499999999790, -1.550000000000000044, 0.7982930000000000303 ) ) ;
#2515 = VERTEX_POINT ( 'NONE', #2278 ) ;
#2516 = DIRECTION ( 'NONE',  ( 1.000000000000000000, 0.000000000000000000, 0.000000000000000000 ) ) ;
#2517 = ADVANCED_FACE ( 'NONE', ( #1954 ), #2827, .T. ) ;
#2518 = LINE ( 'NONE', #5213, #2077 ) ;
#2519 = AXIS2_PLACEMENT_3D ( 'NONE', #2980, #4839, #2536 ) ;
#2520 = AXIS2_PLACEMENT_3D ( 'NONE', #1314, #4444, #5387 ) ;
#2521 = CARTESIAN_POINT ( 'NONE',  ( -0.2500000000000000000, 0.9499999999999999556, 0.2000000000000000111 ) ) ;
#2522 = CARTESIAN_POINT ( 'NONE',  ( 1.730900000000000105, 1.750000000000000000, 0.4337095000000000256 ) ) ;
#2523 = VECTOR ( 'NONE', #3698, 1000.000000000000000 ) ;
#2524 = EDGE_CURVE ( 'NONE', #842, #2381, #4135, .T. ) ;
#2525 = CARTESIAN_POINT ( 'NONE',  ( 2.250000000000000000, 0.1499999999999999944, 0.2000000000000000111 ) ) ;
#2526 = EDGE_CURVE ( 'NONE', #1054, #5328, #3681, .T. ) ;
#2527 = LINE ( 'NONE', #3500, #5987 ) ;
#2528 = VECTOR ( 'NONE', #2457, 1000.000000000000000 ) ;
#2529 = CARTESIAN_POINT ( 'NONE',  ( 3.975672306691000468, -1.523339296524999886, 3.234139516226000488 ) ) ;
#2530 = DIRECTION ( 'NONE',  ( 1.000000000000000000, 0.000000000000000000, 0.000000000000000000 ) ) ;
#2531 = ORIENTED_EDGE ( 'NONE', *, *, #3696, .T. ) ;
#2532 = AXIS2_PLACEMENT_3D ( 'NONE', #3228, #4666, #987 ) ;
#2533 = CARTESIAN_POINT ( 'NONE',  ( -3.984144000000000130, -1.517189772232999889, 3.499408323298999868 ) ) ;
#2534 = DIRECTION ( 'NONE',  ( 0.000000000000000000, 0.000000000000000000, 1.000000000000000000 ) ) ;
#2535 = VERTEX_POINT ( 'NONE', #461 ) ;
#2536 = DIRECTION ( 'NONE',  ( 0.000000000000000000, -2.200000000000000003E-16, -1.000000000000000000 ) ) ;
#2537 = DIRECTION ( 'NONE',  ( 0.000000000000000000, -1.000000000000000000, 2.200000000000000003E-16 ) ) ;
#2538 = ORIENTED_EDGE ( 'NONE', *, *, #5750, .T. ) ;
#2539 = ORIENTED_EDGE ( 'NONE', *, *, #1213, .T. ) ;
#2540 = DIRECTION ( 'NONE',  ( 1.000000000000000000, 0.000000000000000000, 0.000000000000000000 ) ) ;
#2541 = SURFACE_STYLE_FILL_AREA ( #1109 ) ;
#2542 = CARTESIAN_POINT ( 'NONE',  ( -3.924999999999999822, -1.550000000000000044, 0.2000000000000000111 ) ) ;
#2543 = EDGE_LOOP ( 'NONE', ( #3413, #2511, #3657, #4338 ) ) ;
#2544 = VERTEX_POINT ( 'NONE', #5664 ) ;
#2545 = VECTOR ( 'NONE', #4439, 1000.000000000000000 ) ;
#2546 = FACE_OUTER_BOUND ( 'NONE', #2930, .T. ) ;
#2547 = EDGE_LOOP ( 'NONE', ( #2765, #720, #4518, #1403 ) ) ;
#2548 = DIRECTION ( 'NONE',  ( 1.000000000000000000, 0.000000000000000000, 0.000000000000000000 ) ) ;
#2549 = EDGE_CURVE ( 'NONE', #1759, #509, #5545, .T. ) ;
#2550 = ORIENTED_EDGE ( 'NONE', *, *, #5943, .T. ) ;
#2551 = CARTESIAN_POINT ( 'NONE',  ( 4.022617494228999391, -1.462496436005999989, 3.498991158234999954 ) ) ;
#2552 = DIRECTION ( 'NONE',  ( 0.000000000000000000, 1.000000000000000000, 0.000000000000000000 ) ) ;
#2553 = EDGE_CURVE ( 'NONE', #3720, #4487, #4685, .T. ) ;
#2554 = DIRECTION ( 'NONE',  ( 0.000000000000000000, -1.000000000000000000, 0.000000000000000000 ) ) ;
#2555 = CARTESIAN_POINT ( 'NONE',  ( 4.250000000000000000, 1.550000000000000044, 0.2000000000000000111 ) ) ;
#2556 = VECTOR ( 'NONE', #2029, 1000.000000000000000 ) ;
#2557 = CARTESIAN_POINT ( 'NONE',  ( -4.250000000000000000, -1.486319999999999864, -0.1499999999999999944 ) ) ;
#2558 = CARTESIAN_POINT ( 'NONE',  ( 4.016199080200999916, -1.479005460917999892, 3.241813492022999732 ) ) ;
#2559 = ORIENTED_EDGE ( 'NONE', *, *, #5757, .F. ) ;
#2560 = CARTESIAN_POINT ( 'NONE',  ( -2.218206999999999596, 2.000000000000000000, 0.2500269999999999992 ) ) ;
#2561 = DIRECTION ( 'NONE',  ( -1.000000000000000000, 0.000000000000000000, 0.000000000000000000 ) ) ;
#2562 = EDGE_CURVE ( 'NONE', #4854, #2381, #4259, .T. ) ;
#2563 = VECTOR ( 'NONE', #3490, 1000.000000000000000 ) ;
#2564 = CARTESIAN_POINT ( 'NONE',  ( 3.230900000000000105, -1.619999999999999885, 0.7982930000000000303 ) ) ;
#2565 = ORIENTED_EDGE ( 'NONE', *, *, #2587, .T. ) ;
#2566 = CARTESIAN_POINT ( 'NONE',  ( -4.023660936461999960, -1.417567515388999944, 3.251755941773000202 ) ) ;
#2567 = CARTESIAN_POINT ( 'NONE',  ( -4.025429855086000153, 1.434501238508999910, 3.248877320965000148 ) ) ;
#2568 = ADVANCED_FACE ( 'NONE', ( #2794 ), #2346, .F. ) ;
#2569 = EDGE_LOOP ( 'NONE', ( #1171, #2504, #1104, #5234 ) ) ;
#2570 = ORIENTED_EDGE ( 'NONE', *, *, #641, .F. ) ;
#2571 = CARTESIAN_POINT ( 'NONE',  ( -2.218206999999999596, 1.489999999999999991, 0.2000000000000000111 ) ) ;
#2572 = CARTESIAN_POINT ( 'NONE',  ( -4.049999999999999822, -1.489999999999999991, 0.2182292174799999873 ) ) ;
#2573 = CARTESIAN_POINT ( 'NONE',  ( 3.961228280954000258, 1.529825995384999970, 3.232981655299999701 ) ) ;
#2574 = ORIENTED_EDGE ( 'NONE', *, *, #2553, .T. ) ;
#2575 = ORIENTED_EDGE ( 'NONE', *, *, #5542, .F. ) ;
#2576 = CARTESIAN_POINT ( 'NONE',  ( 0.9676375000000000393, -1.750000000000000000, 0.7982930000000000303 ) ) ;
#2577 = DIRECTION ( 'NONE',  ( 1.000000000000000000, 0.000000000000000000, 0.000000000000000000 ) ) ;
#2578 = CARTESIAN_POINT ( 'NONE',  ( 4.011969606392999488, -1.486319999999999864, 3.499713292642999907 ) ) ;
#2579 = DIRECTION ( 'NONE',  ( 0.000000000000000000, 0.000000000000000000, -1.000000000000000000 ) ) ;
#2580 = LINE ( 'NONE', #250, #2872 ) ;
#2581 = ORIENTED_EDGE ( 'NONE', *, *, #149, .T. ) ;
#2582 = DIRECTION ( 'NONE',  ( 1.000000000000000000, 0.000000000000000000, 0.000000000000000000 ) ) ;
#2583 = CARTESIAN_POINT ( 'NONE',  ( -2.217499999999999805, 1.550000000000000044, 0.3250000000000000111 ) ) ;
#2584 = ORIENTED_EDGE ( 'NONE', *, *, #2925, .T. ) ;
#2585 = PLANE ( 'NONE',  #732 ) ;
#2586 = LINE ( 'NONE', #3070, #1657 ) ;
#2587 = EDGE_CURVE ( 'NONE', #727, #4531, #1037, .T. ) ;
#2588 = CARTESIAN_POINT ( 'NONE',  ( 1.730900000000000105, -1.489999999999999991, 0.7982930000000000303 ) ) ;
#2589 = AXIS2_PLACEMENT_3D ( 'NONE', #5222, #1190, #3039 ) ;
#2590 = ORIENTED_EDGE ( 'NONE', *, *, #5872, .T. ) ;
#2591 = CARTESIAN_POINT ( 'NONE',  ( -3.990656745882999790, -1.358783255485999986, 3.282301465090999848 ) ) ;
#2592 = VERTEX_POINT ( 'NONE', #1862 ) ;
#2593 = ORIENTED_EDGE ( 'NONE', *, *, #149, .F. ) ;
#2594 = DIRECTION ( 'NONE',  ( 0.000000000000000000, -1.000000000000000000, 0.000000000000000000 ) ) ;
#2595 = EDGE_CURVE ( 'NONE', #4958, #970, #3679, .T. ) ;
#2596 = LINE ( 'NONE', #5369, #5032 ) ;
#2597 = LINE ( 'NONE', #5795, #1155 ) ;
#2598 = DIRECTION ( 'NONE',  ( -1.000000000000000000, 0.000000000000000000, 0.000000000000000000 ) ) ;
#2599 = ORIENTED_EDGE ( 'NONE', *, *, #5969, .F. ) ;
#2600 = ORIENTED_EDGE ( 'NONE', *, *, #4489, .F. ) ;
#2601 = EDGE_CURVE ( 'NONE', #4796, #2443, #437, .T. ) ;
#2602 = LINE ( 'NONE', #1671, #2556 ) ;
#2603 = CARTESIAN_POINT ( 'NONE',  ( -4.049999999999999822, 1.550000000000000044, 0.2000000000000000111 ) ) ;
#2604 = CARTESIAN_POINT ( 'NONE',  ( -3.230900000000000105, 1.489999999999999991, 0.7982930000000000303 ) ) ;
#2605 = VECTOR ( 'NONE', #2811, 1000.000000000000000 ) ;
#2606 = AXIS2_PLACEMENT_3D ( 'NONE', #611, #669, #1940 ) ;
#2607 = DIRECTION ( 'NONE',  ( 1.000000000000000000, 0.000000000000000000, 0.000000000000000000 ) ) ;
#2608 = ORIENTED_EDGE ( 'NONE', *, *, #5297, .T. ) ;
#2609 = CARTESIAN_POINT ( 'NONE',  ( -4.250000000000000000, -1.750000000000000000, 0.7982930000000000303 ) ) ;
#2610 = ORIENTED_EDGE ( 'NONE', *, *, #4891, .T. ) ;
#2611 = DIRECTION ( 'NONE',  ( 1.000000000000000000, 0.000000000000000000, 0.000000000000000000 ) ) ;
#2612 = VECTOR ( 'NONE', #3066, 1000.000000000000000 ) ;
#2614 = VERTEX_POINT ( 'NONE', #5991 ) ;
#2613 = AXIS2_PLACEMENT_3D ( 'NONE', #3503, #722, #2073 ) ;
#2615 = CARTESIAN_POINT ( 'NONE',  ( 0.2500000000000000000, 0.1499999999999999944, -3.195100000000000051 ) ) ;
#2616 = CARTESIAN_POINT ( 'NONE',  ( -1.791414999999999980, 2.000000000000000000, 0.2500269999999999992 ) ) ;
#2617 = ORIENTED_EDGE ( 'NONE', *, *, #415, .F. ) ;
#2618 = CARTESIAN_POINT ( 'NONE',  ( -1.800000000000000044, -1.187500000000000000, 3.299999999999999822 ) ) ;
#2619 = CYLINDRICAL_SURFACE ( 'NONE', #1266, 0.2000000000000000944 ) ;
#2620 = DIRECTION ( 'NONE',  ( 0.000000000000000000, 1.000000000000000000, 0.000000000000000000 ) ) ;
#2621 = VECTOR ( 'NONE', #2897, 1000.000000000000000 ) ;
#2622 = ADVANCED_FACE ( 'NONE', ( #1826 ), #3312, .F. ) ;
#2623 = LINE ( 'NONE', #1716, #1543 ) ;
#2624 = ORIENTED_EDGE ( 'NONE', *, *, #4267, .F. ) ;
#2625 = ORIENTED_EDGE ( 'NONE', *, *, #67, .F. ) ;
#2626 = CARTESIAN_POINT ( 'NONE',  ( -1.550000000000000044, -0.7500000000000000000, 6.210706000000000060 ) ) ;
#2627 = AXIS2_PLACEMENT_3D ( 'NONE', #170, #2957, #3445 ) ;
#2628 = DIRECTION ( 'NONE',  ( 1.000000000000000000, 0.000000000000000000, 0.000000000000000000 ) ) ;
#2629 = EDGE_CURVE ( 'NONE', #1429, #1339, #2375, .T. ) ;
#2630 = DIRECTION ( 'NONE',  ( 0.000000000000000000, 1.000000000000000000, 0.000000000000000000 ) ) ;
#2631 = LINE ( 'NONE', #4463, #1137 ) ;
#2632 = VERTEX_POINT ( 'NONE', #66 ) ;
#2633 = ORIENTED_EDGE ( 'NONE', *, *, #3708, .F. ) ;
#2634 = CARTESIAN_POINT ( 'NONE',  ( 3.230900000000000105, 0.06827900000000000635, 0.7982930000000000303 ) ) ;
#2635 = ADVANCED_FACE ( 'NONE', ( #3245 ), #4625, .F. ) ;
#2636 = DIRECTION ( 'NONE',  ( 0.000000000000000000, 1.000000000000000000, 0.000000000000000000 ) ) ;
#2637 = EDGE_CURVE ( 'NONE', #2231, #4655, #2766, .T. ) ;
#2638 = DIRECTION ( 'NONE',  ( -0.000000000000000000, 0.000000000000000000, 1.000000000000000000 ) ) ;
#2639 = B_SPLINE_CURVE_WITH_KNOTS ( 'NONE', 6,
 ( #1183, #4885, #4468, #4095, #798, #2182, #391, #5951, #2121, #1787, #740, #4521 ),
 .UNSPECIFIED., .F., .F.,
 ( 7, 5, 7 ),
 ( 0.000000000000000000, 0.5831796168249999690, 1.000000000000000000 ),
 .UNSPECIFIED. ) ;
#2640 = PLANE ( 'NONE',  #1149 ) ;
#2641 = ORIENTED_EDGE ( 'NONE', *, *, #5036, .T. ) ;
#2642 = DIRECTION ( 'NONE',  ( 1.000000000000000000, 0.000000000000000000, 0.000000000000000000 ) ) ;
#2643 = ORIENTED_EDGE ( 'NONE', *, *, #5575, .T. ) ;
#2644 = LINE ( 'NONE', #4503, #3953 ) ;
#2645 = ORIENTED_EDGE ( 'NONE', *, *, #2595, .T. ) ;
#2646 = CARTESIAN_POINT ( 'NONE',  ( -2.218206999999999596, 1.489999999999999991, 0.2182292174799999873 ) ) ;
#2647 = B_SPLINE_CURVE_WITH_KNOTS ( 'NONE', 6,
 ( #4927, #4080, #2250, #3104, #344, #5903, #4536, #4963, #2223, #1343, #4570, #5389 ),
 .UNSPECIFIED., .F., .F.,
 ( 7, 5, 7 ),
 ( 0.000000000000000000, 0.5831796168249999690, 1.000000000000000000 ),
 .UNSPECIFIED. ) ;
#2648 = LINE ( 'NONE', #2248, #392 ) ;
#2649 = ORIENTED_EDGE ( 'NONE', *, *, #2041, .F. ) ;
#2650 = CARTESIAN_POINT ( 'NONE',  ( -3.825717800512999922, -1.427809847352000006, 3.299999999999999822 ) ) ;
#2651 = EDGE_LOOP ( 'NONE', ( #4429, #3782, #445, #4992 ) ) ;
#2652 = FACE_OUTER_BOUND ( 'NONE', #4756, .T. ) ;
#2653 = VERTEX_POINT ( 'NONE', #1889 ) ;
#2654 = ORIENTED_EDGE ( 'NONE', *, *, #3249, .T. ) ;
#2655 = AXIS2_PLACEMENT_3D ( 'NONE', #2560, #2468, #3470 ) ;
#2656 = CARTESIAN_POINT ( 'NONE',  ( 1.730900000000000105, 1.489999999999999991, 0.7982930000000000303 ) ) ;
#2657 = CARTESIAN_POINT ( 'NONE',  ( -4.009186226331999947, 1.381476901649000055, 3.267469360301000325 ) ) ;
#2658 = LINE ( 'NONE', #792, #4361 ) ;
#2659 = ORIENTED_EDGE ( 'NONE', *, *, #5293, .T. ) ;
#2660 = ORIENTED_EDGE ( 'NONE', *, *, #1395, .F. ) ;
#2661 = CARTESIAN_POINT ( 'NONE',  ( -3.234103500000000242, 1.750000000000000000, 0.2500269999999999992 ) ) ;
#2662 = DIRECTION ( 'NONE',  ( 1.000000000000000000, 0.000000000000000000, 0.000000000000000000 ) ) ;
#2663 = EDGE_CURVE ( 'NONE', #3915, #77, #1433, .T. ) ;
#2664 = EDGE_CURVE ( 'NONE', #1030, #4211, #1585, .T. ) ;
#2665 = EDGE_CURVE ( 'NONE', #2674, #5635, #5813, .T. ) ;
#2666 = CARTESIAN_POINT ( 'NONE',  ( 3.874960644834999801, 1.522701579943000150, 3.253040835907000439 ) ) ;
#2667 = ORIENTED_EDGE ( 'NONE', *, *, #2769, .F. ) ;
#2668 = DIRECTION ( 'NONE',  ( -1.100000000000000002E-16, -1.000000000000000000, 2.200000000000000003E-16 ) ) ;
#2669 = ORIENTED_EDGE ( 'NONE', *, *, #862, .F. ) ;
#2670 = CARTESIAN_POINT ( 'NONE',  ( 0.9674124057519999376, 1.749976854061999987, 1.641000000000000014 ) ) ;
#2671 = ORIENTED_EDGE ( 'NONE', *, *, #1596, .T. ) ;
#2672 = FACE_OUTER_BOUND ( 'NONE', #795, .T. ) ;
#2673 = CARTESIAN_POINT ( 'NONE',  ( -4.019869938203000537, 1.470871882705000244, 3.499244407579999994 ) ) ;
#2674 = VERTEX_POINT ( 'NONE', #128 ) ;
#2675 = FACE_OUTER_BOUND ( 'NONE', #4614, .T. ) ;
#2676 = CARTESIAN_POINT ( 'NONE',  ( 3.826036300235000187, 1.425000000000000044, 3.299999999999999822 ) ) ;
#2677 = VERTEX_POINT ( 'NONE', #1981 ) ;
#2678 = LINE ( 'NONE', #3649, #2227 ) ;
#2679 = ORIENTED_EDGE ( 'NONE', *, *, #5682, .F. ) ;
#2680 = EDGE_LOOP ( 'NONE', ( #1557, #5724, #2948, #1504 ) ) ;
#2681 = DIRECTION ( 'NONE',  ( 0.000000000000000000, 1.000000000000000000, 0.000000000000000000 ) ) ;
#2682 = VECTOR ( 'NONE', #876, 1000.000000000000000 ) ;
#2683 = CARTESIAN_POINT ( 'NONE',  ( -2.920707499999999790, -1.550000000000000044, 0.7982930000000000303 ) ) ;
#2684 = CARTESIAN_POINT ( 'NONE',  ( -2.218206999999999596, 0.9499999999999999556, -0.4726099999999999746 ) ) ;
#2685 = CARTESIAN_POINT ( 'NONE',  ( -4.022062181749999965, -1.463201711001999916, 3.244393857499999978 ) ) ;
#2686 = VECTOR ( 'NONE', #299, 1000.000000000000000 ) ;
#2687 = ORIENTED_EDGE ( 'NONE', *, *, #3376, .F. ) ;
#2688 = EDGE_LOOP ( 'NONE', ( #3160, #3583, #5601, #3757, #708, #874 ) ) ;
#2689 = DIRECTION ( 'NONE',  ( 0.000000000000000000, 0.000000000000000000, 1.000000000000000000 ) ) ;
#2690 = SPHERICAL_SURFACE ( 'NONE', #4334, 0.1250000000000000000 ) ;
#2691 = ORIENTED_EDGE ( 'NONE', *, *, #1042, .F. ) ;
#2692 = CARTESIAN_POINT ( 'NONE',  ( -3.984144000000000130, 1.750000000000000000, 3.250000000000000000 ) ) ;
#2693 = ADVANCED_FACE ( 'NONE', ( #622 ), #4353, .F. ) ;
#2694 = CARTESIAN_POINT ( 'NONE',  ( -1.730900000000000105, 1.750000000000000000, 0.4337095000000000256 ) ) ;
#2695 = LINE ( 'NONE', #6008, #3392 ) ;
#2696 = ADVANCED_FACE ( 'NONE', ( #3404 ), #225, .F. ) ;
#2697 = FACE_OUTER_BOUND ( 'NONE', #5665, .T. ) ;
#2698 = AXIS2_PLACEMENT_3D ( 'NONE', #4191, #4567, #29 ) ;
#2699 = ORIENTED_EDGE ( 'NONE', *, *, #5492, .T. ) ;
#2700 = LINE ( 'NONE', #455, #1059 ) ;
#2701 = CIRCLE ( 'NONE', #680, 0.1250000000000001110 ) ;
#2702 = DIRECTION ( 'NONE',  ( 0.000000000000000000, -2.299999999999999903E-16, -1.000000000000000000 ) ) ;
#2703 = CIRCLE ( 'NONE', #4256, 0.1250000000000001110 ) ;
#2704 = EDGE_CURVE ( 'NONE', #85, #4832, #2418, .T. ) ;
#2705 = EDGE_CURVE ( 'NONE', #2266, #301, #3893, .T. ) ;
#2706 = ORIENTED_EDGE ( 'NONE', *, *, #551, .T. ) ;
#2707 = FACE_OUTER_BOUND ( 'NONE', #5443, .T. ) ;
#2708 = ADVANCED_FACE ( 'NONE', ( #5258 ), #5690, .T. ) ;
#2709 =( GEOMETRIC_REPRESENTATION_CONTEXT ( 3 ) GLOBAL_UNCERTAINTY_ASSIGNED_CONTEXT ( ( #781 ) ) GLOBAL_UNIT_ASSIGNED_CONTEXT ( ( #5828, #172, #4910 ) ) REPRESENTATION_CONTEXT ( 'NONE', 'WORKASPACE' ) );
#2710 = AXIS2_PLACEMENT_3D ( 'NONE', #3802, #3279, #2311 ) ;
#2711 = CIRCLE ( 'NONE', #1937, 0.2500000000000000000 ) ;
#2712 = DIRECTION ( 'NONE',  ( 0.000000000000000000, -2.200000000000000003E-16, -1.000000000000000000 ) ) ;
#2713 = VERTEX_POINT ( 'NONE', #2465 ) ;
#2714 = EDGE_LOOP ( 'NONE', ( #640, #5306, #1510, #695 ) ) ;
#2715 = AXIS2_PLACEMENT_3D ( 'NONE', #5558, #1792, #5586 ) ;
#2716 = FACE_OUTER_BOUND ( 'NONE', #4382, .T. ) ;
#2717 = AXIS2_PLACEMENT_3D ( 'NONE', #1048, #504, #1899 ) ;
#2718 = VECTOR ( 'NONE', #1546, 1000.000000000000000 ) ;
#2719 = LINE ( 'NONE', #5432, #5428 ) ;
#2720 = EDGE_LOOP ( 'NONE', ( #2098, #710, #1990, #888, #338, #3568, #5174, #1192 ) ) ;
#2721 = VERTEX_POINT ( 'NONE', #5752 ) ;
#2722 = DIRECTION ( 'NONE',  ( 0.000000000000000000, 1.000000000000000000, 0.000000000000000000 ) ) ;
#2723 = AXIS2_PLACEMENT_3D ( 'NONE', #1237, #413, #2258 ) ;
#2724 = LINE ( 'NONE', #1417, #164 ) ;
#2725 = ORIENTED_EDGE ( 'NONE', *, *, #4978, .T. ) ;
#2726 = CARTESIAN_POINT ( 'NONE',  ( 3.893723720064000027, 1.531213651940000142, 3.240948084664000195 ) ) ;
#2727 = ORIENTED_EDGE ( 'NONE', *, *, #5079, .F. ) ;
#2728 = LINE ( 'NONE', #2243, #5930 ) ;
#2729 = FACE_OUTER_BOUND ( 'NONE', #5113, .T. ) ;
#2730 = PLANE ( 'NONE',  #5896 ) ;
#2731 = EDGE_CURVE ( 'NONE', #3017, #4092, #357, .T. ) ;
#2732 = EDGE_CURVE ( 'NONE', #526, #1384, #476, .T. ) ;
#2733 = ORIENTED_EDGE ( 'NONE', *, *, #4979, .F. ) ;
#2734 = CARTESIAN_POINT ( 'NONE',  ( 2.228499999999999925, 1.550000000000000044, 0.6690000000000000391 ) ) ;
#2735 = EDGE_CURVE ( 'NONE', #2266, #2249, #4830, .T. ) ;
#2736 = CARTESIAN_POINT ( 'NONE',  ( 3.161627999999999883, 2.000000000000000000, 0.7982930000000000303 ) ) ;
#2737 = VERTEX_POINT ( 'NONE', #4802 ) ;
#2738 = DIRECTION ( 'NONE',  ( 1.000000000000000000, 0.000000000000000000, 0.000000000000000000 ) ) ;
#2739 = ADVANCED_FACE ( 'NONE', ( #589 ), #2920, .F. ) ;
#2740 = EDGE_LOOP ( 'NONE', ( #624, #859, #5684, #5543 ) ) ;
#2741 = CARTESIAN_POINT ( 'NONE',  ( 2.250000000000000000, 0.1499999999999999944, 0.2100000000000000200 ) ) ;
#2742 = ADVANCED_FACE ( 'NONE', ( #3858 ), #1194, .F. ) ;
#2743 = ORIENTED_EDGE ( 'NONE', *, *, #862, .T. ) ;
#2744 = ORIENTED_EDGE ( 'NONE', *, *, #5944, .F. ) ;
#2745 = PLANE ( 'NONE',  #5836 ) ;
#2746 = EDGE_CURVE ( 'NONE', #3182, #3942, #4419, .T. ) ;
#2747 = PLANE ( 'NONE',  #5624 ) ;
#2748 = DIRECTION ( 'NONE',  ( 0.000000000000000000, 1.000000000000000000, 0.000000000000000000 ) ) ;
#2749 = ORIENTED_EDGE ( 'NONE', *, *, #6003, .F. ) ;
#2750 = VERTEX_POINT ( 'NONE', #5780 ) ;
#2751 = CARTESIAN_POINT ( 'NONE',  ( -4.384144000000000041, 1.486319999999999864, 3.648434999999999651 ) ) ;
#2752 = PLANE ( 'NONE',  #267 ) ;
#2753 = VECTOR ( 'NONE', #3728, 1000.000000000000000 ) ;
#2754 = CARTESIAN_POINT ( 'NONE',  ( 3.882022376559000065, 1.526548965231999899, 3.248018753955000282 ) ) ;
#2755 = ORIENTED_EDGE ( 'NONE', *, *, #5068, .F. ) ;
#2756 = CARTESIAN_POINT ( 'NONE',  ( 3.984144000000000130, 1.943159999999999998, 0.7982930000000000303 ) ) ;
#2757 = CARTESIAN_POINT ( 'NONE',  ( 3.924999999999999822, -1.425000000000000044, 0.7982930000000000303 ) ) ;
#2758 = CARTESIAN_POINT ( 'NONE',  ( -2.218206999999999596, 1.525020244306000139, 0.2500269999999999992 ) ) ;
#2759 = ORIENTED_EDGE ( 'NONE', *, *, #2198, .T. ) ;
#2760 = LINE ( 'NONE', #886, #375 ) ;
#2761 = CARTESIAN_POINT ( 'NONE',  ( -3.924999999999999822, 1.425000000000000044, 3.174999999999999822 ) ) ;
#2762 = ORIENTED_EDGE ( 'NONE', *, *, #3816, .F. ) ;
#2763 = CARTESIAN_POINT ( 'NONE',  ( 2.228499999999999925, -1.525020244306000139, 0.2500269999999999992 ) ) ;
#2764 = DIRECTION ( 'NONE',  ( 0.000000000000000000, -2.299999999999999903E-16, -1.000000000000000000 ) ) ;
#2765 = ORIENTED_EDGE ( 'NONE', *, *, #2035, .F. ) ;
#2766 = LINE ( 'NONE', #4713, #5224 ) ;
#2767 = ORIENTED_EDGE ( 'NONE', *, *, #4333, .F. ) ;
#2768 = ORIENTED_EDGE ( 'NONE', *, *, #2114, .T. ) ;
#2769 = EDGE_CURVE ( 'NONE', #1142, #4967, #4869, .T. ) ;
#2770 = DIRECTION ( 'NONE',  ( 0.000000000000000000, 1.000000000000000000, 0.000000000000000000 ) ) ;
#2771 = DIRECTION ( 'NONE',  ( 1.000000000000000000, 0.000000000000000000, 0.000000000000000000 ) ) ;
#2772 = CARTESIAN_POINT ( 'NONE',  ( 3.924999999999999822, 1.336263800002999824, 3.299999999999999822 ) ) ;
#2773 = ORIENTED_EDGE ( 'NONE', *, *, #1563, .T. ) ;
#2774 = ORIENTED_EDGE ( 'NONE', *, *, #1848, .F. ) ;
#2775 = CARTESIAN_POINT ( 'NONE',  ( -4.000000000000000000, 1.369668405625000140, 3.500000000000000000 ) ) ;
#2776 = DIRECTION ( 'NONE',  ( 0.000000000000000000, 1.000000000000000000, 0.000000000000000000 ) ) ;
#2777 = AXIS2_PLACEMENT_3D ( 'NONE', #1519, #4772, #5717 ) ;
#2778 = EDGE_CURVE ( 'NONE', #3935, #2653, #5533, .T. ) ;
#2779 = CARTESIAN_POINT ( 'NONE',  ( 3.924999999999999822, 1.536262199996999867, 3.231971245833999973 ) ) ;
#2780 = EDGE_LOOP ( 'NONE', ( #3856, #1801, #1983, #4266, #1202, #5984 ) ) ;
#2781 = DIRECTION ( 'NONE',  ( 1.000000000000000000, 0.000000000000000000, 0.000000000000000000 ) ) ;
#2782 = DIRECTION ( 'NONE',  ( -0.000000000000000000, 1.000000000000000000, 0.000000000000000000 ) ) ;
#2783 = CARTESIAN_POINT ( 'NONE',  ( 3.990656745882999790, -1.358783255485999986, 3.282301465090999848 ) ) ;
#2784 = ORIENTED_EDGE ( 'NONE', *, *, #2952, .T. ) ;
#2785 = CARTESIAN_POINT ( 'NONE',  ( -1.638749999999999929, 1.750000000000000000, 1.641000000000000014 ) ) ;
#2786 = DIRECTION ( 'NONE',  ( 0.000000000000000000, -1.000000000000000000, 0.000000000000000000 ) ) ;
#2787 = ORIENTED_EDGE ( 'NONE', *, *, #5872, .F. ) ;
#2788 = LINE ( 'NONE', #4652, #3527 ) ;
#2789 = DIRECTION ( 'NONE',  ( 0.000000000000000000, 1.000000000000000000, 0.000000000000000000 ) ) ;
#2790 = VECTOR ( 'NONE', #5254, 1000.000000000000000 ) ;
#2792 = VERTEX_POINT ( 'NONE', #5875 ) ;
#2791 = VECTOR ( 'NONE', #1322, 1000.000000000000000 ) ;
#2793 = CARTESIAN_POINT ( 'NONE',  ( 3.230900000000000105, -1.489999999999999991, 0.7982930000000000303 ) ) ;
#2794 = FACE_OUTER_BOUND ( 'NONE', #4197, .T. ) ;
#2795 = ORIENTED_EDGE ( 'NONE', *, *, #3110, .F. ) ;
#2796 = ORIENTED_EDGE ( 'NONE', *, *, #2916, .T. ) ;
#2797 = CARTESIAN_POINT ( 'NONE',  ( -4.049999999999999822, -1.525020244306000139, 0.2500269999999999992 ) ) ;
#2798 = VECTOR ( 'NONE', #4939, 1000.000000000000000 ) ;
#2799 = VECTOR ( 'NONE', #4290, 1000.000000000000000 ) ;
#2800 = VECTOR ( 'NONE', #451, 1000.000000000000000 ) ;
#2801 = EDGE_CURVE ( 'NONE', #727, #2377, #315, .T. ) ;
#2802 = DIRECTION ( 'NONE',  ( 0.000000000000000000, 0.000000000000000000, -1.000000000000000000 ) ) ;
#2803 = CARTESIAN_POINT ( 'NONE',  ( -3.230900000000000105, -1.489999999999999991, 0.2000000000000000111 ) ) ;
#2804 = ORIENTED_EDGE ( 'NONE', *, *, #4564, .F. ) ;
#2805 = VERTEX_POINT ( 'NONE', #2583 ) ;
#2806 = ADVANCED_FACE ( 'NONE', ( #1683 ), #3042, .F. ) ;
#2807 = DIRECTION ( 'NONE',  ( 1.000000000000000000, 0.000000000000000000, 0.000000000000000000 ) ) ;
#2808 = DIRECTION ( 'NONE',  ( 1.000000000000000000, 0.000000000000000000, 0.000000000000000000 ) ) ;
#2809 = VECTOR ( 'NONE', #5759, 1000.000000000000000 ) ;
#2810 = ADVANCED_FACE ( 'NONE', ( #858 ), #1225, .T. ) ;
#2811 = DIRECTION ( 'NONE',  ( 0.000000000000000000, 2.200000000000000003E-16, 1.000000000000000000 ) ) ;
#2812 = FACE_OUTER_BOUND ( 'NONE', #4651, .T. ) ;
#2813 = ORIENTED_EDGE ( 'NONE', *, *, #4350, .F. ) ;
#2814 = EDGE_CURVE ( 'NONE', #1084, #3395, #3067, .T. ) ;
#2815 = CIRCLE ( 'NONE', #2627, 0.1101226010590001386 ) ;
#2816 = DIRECTION ( 'NONE',  ( 0.000000000000000000, 0.000000000000000000, -1.000000000000000000 ) ) ;
#2817 = DIRECTION ( 'NONE',  ( 1.000000000000000000, 0.000000000000000000, 0.000000000000000000 ) ) ;
#2818 = EDGE_CURVE ( 'NONE', #1016, #763, #5901, .T. ) ;
#2819 = CARTESIAN_POINT ( 'NONE',  ( 3.959445687296999417, -1.340734696062000131, 3.296311140315000277 ) ) ;
#2820 = VERTEX_POINT ( 'NONE', #1739 ) ;
#2821 = EDGE_CURVE ( 'NONE', #5328, #873, #1283, .T. ) ;
#2822 = PLANE ( 'NONE',  #5029 ) ;
#2823 = DIRECTION ( 'NONE',  ( 0.000000000000000000, 1.000000000000000000, 0.000000000000000000 ) ) ;
#2824 = DIRECTION ( 'NONE',  ( 0.000000000000000000, 0.000000000000000000, 1.000000000000000000 ) ) ;
#2825 = CARTESIAN_POINT ( 'NONE',  ( -2.217499999999999805, 1.550000000000000044, 0.6690000000000000391 ) ) ;
#2826 = FACE_OUTER_BOUND ( 'NONE', #2451, .T. ) ;
#2827 = PLANE ( 'NONE',  #2710 ) ;
#2828 = VERTEX_POINT ( 'NONE', #5846 ) ;
#2829 = ORIENTED_EDGE ( 'NONE', *, *, #4255, .F. ) ;
#2830 = CARTESIAN_POINT ( 'NONE',  ( 4.011969606392999488, -1.486319999999999864, 3.240583116455000301 ) ) ;
#2831 = CARTESIAN_POINT ( 'NONE',  ( -3.984144000000000130, -1.517189772232999889, 3.235233156646999841 ) ) ;
#2832 = VERTEX_POINT ( 'NONE', #3130 ) ;
#2833 = DIRECTION ( 'NONE',  ( 1.000000000000000000, 0.000000000000000000, 0.000000000000000000 ) ) ;
#2834 = PLANE ( 'NONE',  #4757 ) ;
#2835 = ORIENTED_EDGE ( 'NONE', *, *, #1439, .F. ) ;
#2836 = EDGE_LOOP ( 'NONE', ( #1835, #5643, #1209, #3299 ) ) ;
#2837 = LINE ( 'NONE', #2386, #303 ) ;
#2838 = CARTESIAN_POINT ( 'NONE',  ( -4.236450000000000493, 0.9499999999999999556, 0.2000000000000000111 ) ) ;
#2839 = DIRECTION ( 'NONE',  ( 0.000000000000000000, 0.000000000000000000, -1.000000000000000000 ) ) ;
#2840 = LINE ( 'NONE', #1481, #3673 ) ;
#2841 = ORIENTED_EDGE ( 'NONE', *, *, #1035, .F. ) ;
#2842 = CARTESIAN_POINT ( 'NONE',  ( 4.025031943115999766, 1.427366478896999968, 3.249958712413000050 ) ) ;
#2843 = EDGE_CURVE ( 'NONE', #301, #591, #279, .T. ) ;
#2844 = VECTOR ( 'NONE', #1085, 1000.000000000000000 ) ;
#2845 = CARTESIAN_POINT ( 'NONE',  ( 4.023930581114998795, -1.419034264580000038, 3.251407743299000064 ) ) ;
#2846 = EDGE_CURVE ( 'NONE', #1996, #417, #5136, .T. ) ;
#2847 = EDGE_CURVE ( 'NONE', #5704, #4967, #2648, .T. ) ;
#2848 = EDGE_LOOP ( 'NONE', ( #2171, #5180, #1325, #5053 ) ) ;
#2849 = CARTESIAN_POINT ( 'NONE',  ( 3.978806684031000795, 1.520898839758000110, 3.234572618772999952 ) ) ;
#2850 = DIRECTION ( 'NONE',  ( 1.000000000000000000, 0.000000000000000000, 0.000000000000000000 ) ) ;
#2851 = LINE ( 'NONE', #2303, #5513 ) ;
#2852 = CARTESIAN_POINT ( 'NONE',  ( 3.881518001641000026, -1.528326527769999998, 3.498522030289999751 ) ) ;
#2853 = CARTESIAN_POINT ( 'NONE',  ( -1.791414999999999980, 1.550000000000000044, 0.2500269999999999992 ) ) ;
#2854 = CARTESIAN_POINT ( 'NONE',  ( 1.791398999999999964, -1.550000000000000044, 0.6690000000000000391 ) ) ;
#2855 = CARTESIAN_POINT ( 'NONE',  ( 3.161627999999999883, 1.875000000000000000, 0.2000000000000000111 ) ) ;
#2856 = ORIENTED_EDGE ( 'NONE', *, *, #1408, .T. ) ;
#2857 = ORIENTED_EDGE ( 'NONE', *, *, #3546, .T. ) ;
#2858 = DIRECTION ( 'NONE',  ( 0.000000000000000000, -1.000000000000000000, 0.000000000000000000 ) ) ;
#2859 = DIRECTION ( 'NONE',  ( 0.000000000000000000, 1.000000000000000000, 0.000000000000000000 ) ) ;
#2860 = EDGE_LOOP ( 'NONE', ( #767, #3439, #2179, #458 ) ) ;
#2861 = CARTESIAN_POINT ( 'NONE',  ( 4.049999999999999822, -1.750000000000000000, 0.2000000000000000111 ) ) ;
#2862 = LINE ( 'NONE', #2319, #2509 ) ;
#2863 = ORIENTED_EDGE ( 'NONE', *, *, #1187, .T. ) ;
#2864 = ORIENTED_EDGE ( 'NONE', *, *, #1520, .T. ) ;
#2865 = CARTESIAN_POINT ( 'NONE',  ( -4.049999999999999822, -1.425000000000000044, 3.299999999999999822 ) ) ;
#2866 = CARTESIAN_POINT ( 'NONE',  ( -4.250000000000000000, 1.750000000000000000, 0.000000000000000000 ) ) ;
#2867 = LINE ( 'NONE', #1418, #183 ) ;
#2868 = LINE ( 'NONE', #4670, #5715 ) ;
#2869 = ORIENTED_EDGE ( 'NONE', *, *, #515, .T. ) ;
#2870 = DIRECTION ( 'NONE',  ( 1.000000000000000000, 0.000000000000000000, 0.000000000000000000 ) ) ;
#2871 = LINE ( 'NONE', #2091, #2844 ) ;
#2872 = VECTOR ( 'NONE', #4827, 1000.000000000000000 ) ;
#2873 = EDGE_CURVE ( 'NONE', #2056, #5648, #342, .T. ) ;
#2874 = ORIENTED_EDGE ( 'NONE', *, *, #2477, .T. ) ;
#2875 = CARTESIAN_POINT ( 'NONE',  ( -3.750000000000000000, -1.399999999999999911, 3.285203000000000095 ) ) ;
#2876 = CARTESIAN_POINT ( 'NONE',  ( -3.885772725825999974, 1.528265105727000028, 3.245557244096000105 ) ) ;
#2877 = CARTESIAN_POINT ( 'NONE',  ( -3.838915121023999788, -1.487775655383999807, 3.283708205656999723 ) ) ;
#2878 = AXIS2_PLACEMENT_3D ( 'NONE', #5842, #1679, #3526 ) ;
#2879 = FACE_OUTER_BOUND ( 'NONE', #2949, .T. ) ;
#2880 = EDGE_CURVE ( 'NONE', #3581, #4453, #2380, .T. ) ;
#2881 = LINE ( 'NONE', #4743, #2612 ) ;
#2882 = DIRECTION ( 'NONE',  ( 0.000000000000000000, -1.000000000000000000, 0.000000000000000000 ) ) ;
#2883 = ORIENTED_EDGE ( 'NONE', *, *, #187, .F. ) ;
#2884 = VERTEX_POINT ( 'NONE', #4898 ) ;
#2885 = EDGE_CURVE ( 'NONE', #1320, #1257, #2164, .T. ) ;
#2886 = LINE ( 'NONE', #5199, #5470 ) ;
#2887 = CARTESIAN_POINT ( 'NONE',  ( 2.228499999999999925, 1.550000000000000044, 0.2500269999999999992 ) ) ;
#2888 = AXIS2_PLACEMENT_3D ( 'NONE', #182, #2036, #2552 ) ;
#2889 = VECTOR ( 'NONE', #648, 1000.000000000000000 ) ;
#2890 = ORIENTED_EDGE ( 'NONE', *, *, #2704, .F. ) ;
#2891 = CARTESIAN_POINT ( 'NONE',  ( 3.838915121023999788, -1.487775655382999940, 3.283708205656999723 ) ) ;
#2892 = CARTESIAN_POINT ( 'NONE',  ( -3.984144000000000130, -1.517189772232999889, 3.235233156646999841 ) ) ;
#2893 = VERTEX_POINT ( 'NONE', #5415 ) ;
#2894 = ORIENTED_EDGE ( 'NONE', *, *, #45, .T. ) ;
#2895 = STYLED_ITEM ( 'NONE', ( #5857 ), #1027 ) ;
#2896 = VECTOR ( 'NONE', #5679, 1000.000000000000000 ) ;
#2897 = DIRECTION ( 'NONE',  ( 1.000000000000000000, 0.000000000000000000, 0.000000000000000000 ) ) ;
#2898 = CARTESIAN_POINT ( 'NONE',  ( -3.172874999999999890, 2.000000000000000000, -0.2825900000000000079 ) ) ;
#2899 = VECTOR ( 'NONE', #3015, 1000.000000000000000 ) ;
#2900 = AXIS2_PLACEMENT_3D ( 'NONE', #5321, #5722, #2975 ) ;
#2901 = CARTESIAN_POINT ( 'NONE',  ( 3.924999999999999822, 1.425000000000000044, 3.174999999999999822 ) ) ;
#2902 = LINE ( 'NONE', #4763, #5126 ) ;
#2903 = ORIENTED_EDGE ( 'NONE', *, *, #5938, .F. ) ;
#2904 = FACE_OUTER_BOUND ( 'NONE', #745, .T. ) ;
#2905 = EDGE_LOOP ( 'NONE', ( #5578, #3285, #5768, #3421 ) ) ;
#2906 = VECTOR ( 'NONE', #2859, 1000.000000000000000 ) ;
#2907 = PRODUCT_DEFINITION_SHAPE ( 'NONE', 'NONE',  #950 ) ;
#2908 = DIRECTION ( 'NONE',  ( 0.000000000000000000, -1.000000000000000000, 0.000000000000000000 ) ) ;
#2909 = VECTOR ( 'NONE', #3293, 1000.000000000000000 ) ;
#2910 = VERTEX_POINT ( 'NONE', #368 ) ;
#2911 = CARTESIAN_POINT ( 'NONE',  ( -3.826308328426999861, 1.451516922796999953, 3.297372080939999783 ) ) ;
#2912 = CARTESIAN_POINT ( 'NONE',  ( 3.161627999999999883, 0.9499999999999999556, 0.06783150000000000290 ) ) ;
#2913 = LINE ( 'NONE', #3429, #4360 ) ;
#2914 = CARTESIAN_POINT ( 'NONE',  ( 2.228499999999999925, 1.550000000000000044, 0.6690000000000000391 ) ) ;
#2915 = CIRCLE ( 'NONE', #799, 0.1250000000000001110 ) ;
#2916 = EDGE_CURVE ( 'NONE', #4300, #5094, #2136, .T. ) ;
#2917 = EDGE_CURVE ( 'NONE', #4092, #1531, #5923, .T. ) ;
#2918 = VERTEX_POINT ( 'NONE', #547 ) ;
#2919 = CARTESIAN_POINT ( 'NONE',  ( -3.944587069628999743, 1.534469302688000081, 3.232187917797999965 ) ) ;
#2920 = PLANE ( 'NONE',  #4846 ) ;
#2921 = ORIENTED_EDGE ( 'NONE', *, *, #4937, .F. ) ;
#2922 = ORIENTED_EDGE ( 'NONE', *, *, #2989, .T. ) ;
#2923 = CARTESIAN_POINT ( 'NONE',  ( -3.825505760075999628, 1.430627155102000003, 3.299915783332000085 ) ) ;
#2924 = CARTESIAN_POINT ( 'NONE',  ( 0.2007990000000000053, -0.9499999999999999556, 0.2000000000000000111 ) ) ;
#2925 = EDGE_CURVE ( 'NONE', #2820, #5556, #3214, .T. ) ;
#2926 = EDGE_CURVE ( 'NONE', #2614, #3820, #4219, .T. ) ;
#2927 = EDGE_CURVE ( 'NONE', #3094, #5412, #2339, .T. ) ;
#2928 = DIRECTION ( 'NONE',  ( 0.000000000000000000, 0.000000000000000000, -1.000000000000000000 ) ) ;
#2929 = LINE ( 'NONE', #2473, #1173 ) ;
#2930 = EDGE_LOOP ( 'NONE', ( #3530, #5876, #3850, #2159, #4745, #699 ) ) ;
#2931 = ORIENTED_EDGE ( 'NONE', *, *, #3435, .T. ) ;
#2932 = CARTESIAN_POINT ( 'NONE',  ( -3.020707499999999879, -1.750000000000000000, 0.7982930000000000303 ) ) ;
#2933 = LINE ( 'NONE', #536, #1824 ) ;
#2934 = LINE ( 'NONE', #609, #89 ) ;
#2935 = ORIENTED_EDGE ( 'NONE', *, *, #3612, .F. ) ;
#2936 = DIRECTION ( 'NONE',  ( -1.000000000000000000, 0.000000000000000000, 0.000000000000000000 ) ) ;
#2937 = ORIENTED_EDGE ( 'NONE', *, *, #5567, .F. ) ;
#2938 = DIRECTION ( 'NONE',  ( 1.000000000000000000, 0.000000000000000000, 0.000000000000000000 ) ) ;
#2939 = ORIENTED_EDGE ( 'NONE', *, *, #373, .T. ) ;
#2940 = CARTESIAN_POINT ( 'NONE',  ( -3.825703288041999883, 1.446453104568000025, 3.298323991411999945 ) ) ;
#2941 = AXIS2_PLACEMENT_3D ( 'NONE', #434, #4250, #5169 ) ;
#2942 = PLANE ( 'NONE',  #2888 ) ;
#2943 = DIRECTION ( 'NONE',  ( 0.000000000000000000, -1.000000000000000000, 0.000000000000000000 ) ) ;
#2944 = CARTESIAN_POINT ( 'NONE',  ( -1.072058413216999906, -1.540262631032000007, 0.7982930000000000303 ) ) ;
#2945 = CARTESIAN_POINT ( 'NONE',  ( -3.230900000000000105, 1.750000000000000000, 0.4337095000000000256 ) ) ;
#2946 = CARTESIAN_POINT ( 'NONE',  ( 3.924999999999999822, 1.425000000000000044, 3.174999999999999822 ) ) ;
#2947 = AXIS2_PLACEMENT_3D ( 'NONE', #1677, #1217, #5468 ) ;
#2948 = ORIENTED_EDGE ( 'NONE', *, *, #4893, .T. ) ;
#2949 = EDGE_LOOP ( 'NONE', ( #1407, #1111, #3068, #1952, #2624, #3202, #1329, #4783 ) ) ;
#2950 = DIRECTION ( 'NONE',  ( 0.000000000000000000, 0.000000000000000000, -1.000000000000000000 ) ) ;
#2951 = DIRECTION ( 'NONE',  ( 1.000000000000000000, 0.000000000000000000, 0.000000000000000000 ) ) ;
#2952 = EDGE_CURVE ( 'NONE', #2515, #2231, #1909, .T. ) ;
#2953 = CARTESIAN_POINT ( 'NONE',  ( -4.024593181392000396, -1.423495582804999993, 3.250539912498000117 ) ) ;
#2954 = CARTESIAN_POINT ( 'NONE',  ( -1.750000000000000000, 0.7500000000000000000, 3.285203000000000095 ) ) ;
#2955 = ORIENTED_EDGE ( 'NONE', *, *, #4389, .T. ) ;
#2956 = ORIENTED_EDGE ( 'NONE', *, *, #1035, .T. ) ;
#2957 = DIRECTION ( 'NONE',  ( -1.000000000000000000, 0.000000000000000000, -1.200000000000000024E-16 ) ) ;
#2958 = ADVANCED_FACE ( 'NONE', ( #432 ), #5168, .F. ) ;
#2959 = EDGE_CURVE ( 'NONE', #5999, #5815, #887, .T. ) ;
#2960 = ORIENTED_EDGE ( 'NONE', *, *, #5594, .T. ) ;
#2961 = ORIENTED_EDGE ( 'NONE', *, *, #3860, .T. ) ;
#2962 = CARTESIAN_POINT ( 'NONE',  ( 1.791398999999999964, 1.750000000000000000, 0.2500269999999999992 ) ) ;
#2963 = ORIENTED_EDGE ( 'NONE', *, *, #2001, .T. ) ;
#2964 = CARTESIAN_POINT ( 'NONE',  ( 1.730900000000000105, 1.750000000000000000, 0.2000000000000000111 ) ) ;
#2965 = PLANE ( 'NONE',  #4116 ) ;
#2966 = ORIENTED_EDGE ( 'NONE', *, *, #4388, .F. ) ;
#2967 = SHAPE_DEFINITION_REPRESENTATION ( #2907, #548 ) ;
#2968 = CARTESIAN_POINT ( 'NONE',  ( 2.750000000000000000, -0.1499999999999999944, -3.195100000000000051 ) ) ;
#2969 = CARTESIAN_POINT ( 'NONE',  ( -3.856172242266000083, -1.509468725075999940, 3.267828755156000131 ) ) ;
#2970 = CARTESIAN_POINT ( 'NONE',  ( 3.161627999999999883, -1.500000000000000000, 0.000000000000000000 ) ) ;
#2971 = VECTOR ( 'NONE', #5489, 1000.000000000000000 ) ;
#2972 = DIRECTION ( 'NONE',  ( 0.000000000000000000, 0.000000000000000000, -1.000000000000000000 ) ) ;
#2973 = VECTOR ( 'NONE', #770, 1000.000000000000000 ) ;
#2974 = CARTESIAN_POINT ( 'NONE',  ( 2.750000000000000000, 0.9499999999999999556, 0.2000000000000000111 ) ) ;
#2975 = DIRECTION ( 'NONE',  ( 0.000000000000000000, 0.000000000000000000, 1.000000000000000000 ) ) ;
#2976 = ORIENTED_EDGE ( 'NONE', *, *, #2885, .T. ) ;
#2977 = DIRECTION ( 'NONE',  ( 0.000000000000000000, 0.000000000000000000, 1.000000000000000000 ) ) ;
#2978 = CARTESIAN_POINT ( 'NONE',  ( -4.049999999999999822, 1.425000000000000044, 0.2000000000000000111 ) ) ;
#2979 = ORIENTED_EDGE ( 'NONE', *, *, #483, .F. ) ;
#2980 = CARTESIAN_POINT ( 'NONE',  ( -2.217499999999999805, 1.550000000000000044, 0.6690000000000000391 ) ) ;
#2981 = CARTESIAN_POINT ( 'NONE',  ( -3.172874999999999890, 1.550000000000000044, -0.04129499999999999837 ) ) ;
#2982 = ORIENTED_EDGE ( 'NONE', *, *, #5651, .T. ) ;
#2983 = ORIENTED_EDGE ( 'NONE', *, *, #1452, .F. ) ;
#2984 = DIRECTION ( 'NONE',  ( 0.000000000000000000, -1.000000000000000000, 2.200000000000000003E-16 ) ) ;
#2985 = VECTOR ( 'NONE', #4950, 1000.000000000000000 ) ;
#2986 = EDGE_CURVE ( 'NONE', #672, #1996, #911, .T. ) ;
#2987 = EDGE_CURVE ( 'NONE', #4486, #4211, #4708, .T. ) ;
#2988 = VECTOR ( 'NONE', #1912, 1000.000000000000000 ) ;
#2989 = EDGE_CURVE ( 'NONE', #1532, #235, #3478, .T. ) ;
#2990 = DIRECTION ( 'NONE',  ( 0.000000000000000000, 0.000000000000000000, 1.000000000000000000 ) ) ;
#2991 = VECTOR ( 'NONE', #5512, 1000.000000000000000 ) ;
#2992 = CARTESIAN_POINT ( 'NONE',  ( 3.926310007376999867, 1.536267440068000090, 3.231961012218000473 ) ) ;
#2993 = ORIENTED_EDGE ( 'NONE', *, *, #4902, .T. ) ;
#2994 = VERTEX_POINT ( 'NONE', #1341 ) ;
#2995 = CARTESIAN_POINT ( 'NONE',  ( 3.230900000000000105, -1.489999999999999991, 0.06912600000000000688 ) ) ;
#2996 = DIRECTION ( 'NONE',  ( 0.000000000000000000, 0.000000000000000000, -1.000000000000000000 ) ) ;
#2997 = ORIENTED_EDGE ( 'NONE', *, *, #1189, .T. ) ;
#2998 = CARTESIAN_POINT ( 'NONE',  ( -1.683333333332999837, -0.6833333333330000592, 6.077372666667000267 ) ) ;
#2999 = VECTOR ( 'NONE', #2494, 1000.000000000000000 ) ;
#3000 = AXIS2_PLACEMENT_3D ( 'NONE', #3346, #1382, #467 ) ;
#3001 = VECTOR ( 'NONE', #55, 1000.000000000000000 ) ;
#3002 = ADVANCED_FACE ( 'NONE', ( #4620 ), #5590, .F. ) ;
#3003 = VERTEX_POINT ( 'NONE', #3731 ) ;
#3004 = DIRECTION ( 'NONE',  ( 1.000000000000000000, 0.000000000000000000, 0.000000000000000000 ) ) ;
#3005 = ADVANCED_FACE ( 'NONE', ( #456 ), #3672, .F. ) ;
#3006 = AXIS2_PLACEMENT_3D ( 'NONE', #3987, #1796, #5014 ) ;
#3007 = CARTESIAN_POINT ( 'NONE',  ( -4.250000000000000000, 1.750000000000000000, 0.7982930000000000303 ) ) ;
#3008 = CARTESIAN_POINT ( 'NONE',  ( -3.905184045600000431, -1.534323617610999779, 3.235650937848999931 ) ) ;
#3009 = VECTOR ( 'NONE', #3234, 1000.000000000000000 ) ;
#3010 = CARTESIAN_POINT ( 'NONE',  ( 3.826036300235000187, -1.425000000000000044, 3.299999999999999822 ) ) ;
#3011 = PLANE ( 'NONE',  #2777 ) ;
#3012 = AXIS2_PLACEMENT_3D ( 'NONE', #2505, #5299, #3906 ) ;
#3013 = EDGE_CURVE ( 'NONE', #5507, #785, #2851, .T. ) ;
#3014 = EDGE_CURVE ( 'NONE', #1420, #4420, #5811, .T. ) ;
#3015 = DIRECTION ( 'NONE',  ( 1.000000000000000000, 0.000000000000000000, 0.000000000000000000 ) ) ;
#3016 = DIRECTION ( 'NONE',  ( 0.000000000000000000, 1.000000000000000000, 0.000000000000000000 ) ) ;
#3017 = VERTEX_POINT ( 'NONE', #4132 ) ;
#3018 = VECTOR ( 'NONE', #4724, 1000.000000000000000 ) ;
#3019 = CARTESIAN_POINT ( 'NONE',  ( -3.924999999999999822, 1.425000000000000044, 0.2000000000000000111 ) ) ;
#3020 = DIRECTION ( 'NONE',  ( 0.000000000000000000, 0.000000000000000000, 1.000000000000000000 ) ) ;
#3021 = CARTESIAN_POINT ( 'NONE',  ( -2.218206999999999596, -1.500000000000000000, 0.000000000000000000 ) ) ;
#3022 = CARTESIAN_POINT ( 'NONE',  ( 3.230900000000000105, -1.489999999999999991, 0.06912600000000000688 ) ) ;
#3023 = CARTESIAN_POINT ( 'NONE',  ( -0.9676375000000000393, 1.750000000000000000, 0.7982930000000000303 ) ) ;
#3024 = VERTEX_POINT ( 'NONE', #3270 ) ;
#3025 = EDGE_LOOP ( 'NONE', ( #5691, #1999, #281, #916 ) ) ;
#3026 = CARTESIAN_POINT ( 'NONE',  ( -3.925399999999999778, -1.436262999999999845, 3.500000000000000000 ) ) ;
#3027 = LINE ( 'NONE', #2085, #5333 ) ;
#3028 = DIRECTION ( 'NONE',  ( 0.000000000000000000, -1.000000000000000000, 0.000000000000000000 ) ) ;
#3029 = EDGE_LOOP ( 'NONE', ( #4024, #2329, #388, #5424 ) ) ;
#3030 = EDGE_LOOP ( 'NONE', ( #3314, #5046, #4755, #4136, #2617, #1586, #1836, #2574, #5570, #146, #4157, #3912, #3050, #1444, #1013, #1897, #2903, #953, #3648, #3565, #3975, #3695, #3372, #119, #4364, #5535, #1654, #300, #2497, #268, #3669, #3280, #4714, #1425, #1134, #757, #5491, #926, #1115, #4241 ) ) ;
#3031 = LINE ( 'NONE', #1575, #4789 ) ;
#3032 = CARTESIAN_POINT ( 'NONE',  ( -3.984144000000000130, 1.750000000000000000, 0.7982930000000000303 ) ) ;
#3033 = DIRECTION ( 'NONE',  ( 0.000000000000000000, 1.000000000000000000, 0.000000000000000000 ) ) ;
#3034 = CARTESIAN_POINT ( 'NONE',  ( -2.920707499999999790, 1.550000000000000044, 0.7982930000000000303 ) ) ;
#3035 = EDGE_CURVE ( 'NONE', #5781, #3803, #5025, .T. ) ;
#3036 = PLANE ( 'NONE',  #2058 ) ;
#3037 = B_SPLINE_CURVE_WITH_KNOTS ( 'NONE', 8,
 ( #5236, #755, #1566, #1661, #4327, #1076, #2591, #4452, #1169, #728, #1529, #5267, #2050, #3933, #231, #1132, #5365, #2566, #4781, #166, #3838, #2953, #658 ),
 .UNSPECIFIED., .F., .F.,
 ( 9, 7, 7, 9 ),
 ( 0.000000000000000000, 0.6739157950940000141, 0.9286637682869999244, 1.000000000000000000 ),
 .UNSPECIFIED. ) ;
#3038 = LINE ( 'NONE', #186, #4155 ) ;
#3039 = DIRECTION ( 'NONE',  ( 0.000000000000000000, -1.000000000000000000, 2.200000000000000003E-16 ) ) ;
#3040 = VECTOR ( 'NONE', #4947, 1000.000000000000000 ) ;
#3041 = CARTESIAN_POINT ( 'NONE',  ( 4.250000000000000000, -1.750000000000000000, 0.000000000000000000 ) ) ;
#3042 = PLANE ( 'NONE',  #5633 ) ;
#3043 = ORIENTED_EDGE ( 'NONE', *, *, #4678, .T. ) ;
#3044 = DIRECTION ( 'NONE',  ( 1.000000000000000000, 0.000000000000000000, 0.000000000000000000 ) ) ;
#3045 = CARTESIAN_POINT ( 'NONE',  ( -2.250000000000000000, -0.1499999999999999944, 0.2000000000000000111 ) ) ;
#3046 = VECTOR ( 'NONE', #1460, 1000.000000000000000 ) ;
#3047 = CARTESIAN_POINT ( 'NONE',  ( 3.230900000000000105, 1.750000000000000000, 0.4337095000000000256 ) ) ;
#3048 = FACE_OUTER_BOUND ( 'NONE', #5797, .T. ) ;
#3049 = ORIENTED_EDGE ( 'NONE', *, *, #998, .F. ) ;
#3050 = ORIENTED_EDGE ( 'NONE', *, *, #2042, .T. ) ;
#3051 = DIRECTION ( 'NONE',  ( 1.000000000000000000, 0.000000000000000000, 0.000000000000000000 ) ) ;
#3052 = LINE ( 'NONE', #2542, #1256 ) ;
#3053 = CARTESIAN_POINT ( 'NONE',  ( -4.024763699764998925, -1.425000000000000044, 3.250314037264999900 ) ) ;
#3054 = VERTEX_POINT ( 'NONE', #4247 ) ;
#3055 = EDGE_LOOP ( 'NONE', ( #4407, #5965, #913, #3960 ) ) ;
#3056 = DIRECTION ( 'NONE',  ( 0.000000000000000000, 0.000000000000000000, -1.000000000000000000 ) ) ;
#3057 = CARTESIAN_POINT ( 'NONE',  ( -0.4441860000000000253, -1.550000000000000044, 0.7982930000000000303 ) ) ;
#3058 = DIRECTION ( 'NONE',  ( 1.000000000000000000, 0.000000000000000000, 0.000000000000000000 ) ) ;
#3059 = DIRECTION ( 'NONE',  ( 1.000000000000000000, 0.000000000000000000, 0.000000000000000000 ) ) ;
#3060 = VERTEX_POINT ( 'NONE', #94 ) ;
#3061 = CARTESIAN_POINT ( 'NONE',  ( -2.217499999999999805, -1.550000000000000044, 0.1207000000000000017 ) ) ;
#3062 = CARTESIAN_POINT ( 'NONE',  ( -2.217499999999999805, -1.550000000000000044, 0.1207000000000000017 ) ) ;
#3063 = DIRECTION ( 'NONE',  ( 0.000000000000000000, 1.000000000000000000, 0.000000000000000000 ) ) ;
#3064 = ADVANCED_FACE ( 'NONE', ( #5986 ), #3797, .F. ) ;
#3065 = ORIENTED_EDGE ( 'NONE', *, *, #1331, .F. ) ;
#3066 = DIRECTION ( 'NONE',  ( 0.000000000000000000, 0.000000000000000000, 1.000000000000000000 ) ) ;
#3067 = LINE ( 'NONE', #5475, #4268 ) ;
#3068 = ORIENTED_EDGE ( 'NONE', *, *, #483, .T. ) ;
#3069 = LINE ( 'NONE', #2618, #38 ) ;
#3070 = CARTESIAN_POINT ( 'NONE',  ( -4.000000000000000000, 1.399999999999999911, 0.7982930000000000303 ) ) ;
#3071 = CARTESIAN_POINT ( 'NONE',  ( -4.000000000000000000, 1.486319999999999864, 3.250000000000000000 ) ) ;
#3072 = EDGE_CURVE ( 'NONE', #2090, #835, #427, .T. ) ;
#3073 = AXIS2_PLACEMENT_3D ( 'NONE', #2866, #1507, #1050 ) ;
#3074 = CARTESIAN_POINT ( 'NONE',  ( -3.857423888475999707, 1.510977012262999963, 3.500000000000000000 ) ) ;
#3075 = EDGE_CURVE ( 'NONE', #573, #2910, #1613, .T. ) ;
#3076 = ORIENTED_EDGE ( 'NONE', *, *, #551, .F. ) ;
#3077 = ORIENTED_EDGE ( 'NONE', *, *, #1376, .T. ) ;
#3078 = DIRECTION ( 'NONE',  ( 0.000000000000000000, 2.200000000000000003E-16, 1.000000000000000000 ) ) ;
#3079 = EDGE_CURVE ( 'NONE', #2713, #5269, #1977, .T. ) ;
#3080 = CARTESIAN_POINT ( 'NONE',  ( 4.250000000000000000, -1.486319999999999864, 1.824200000000000044 ) ) ;
#3081 = CARTESIAN_POINT ( 'NONE',  ( -1.791414999999999980, 2.000000000000000000, 0.2500269999999999992 ) ) ;
#3082 = CARTESIAN_POINT ( 'NONE',  ( -4.025049529097000089, -1.447563505708000076, 3.246868664398000259 ) ) ;
#3083 = VERTEX_POINT ( 'NONE', #2489 ) ;
#3084 = EDGE_LOOP ( 'NONE', ( #3292, #2890, #3512, #1869 ) ) ;
#3085 = AXIS2_PLACEMENT_3D ( 'NONE', #518, #404, #2302 ) ;
#3086 = FACE_BOUND ( 'NONE', #1232, .T. ) ;
#3087 = LINE ( 'NONE', #1146, #3040 ) ;
#3088 = LINE ( 'NONE', #4551, #1330 ) ;
#3089 = VECTOR ( 'NONE', #3365, 1000.000000000000000 ) ;
#3090 = AXIS2_PLACEMENT_3D ( 'NONE', #4374, #3879, #210 ) ;
#3091 = CARTESIAN_POINT ( 'NONE',  ( -2.500000000000000000, -0.1499999999999999944, -3.195100000000000051 ) ) ;
#3092 = VERTEX_POINT ( 'NONE', #2007 ) ;
#3093 = LINE ( 'NONE', #3983, #717 ) ;
#3094 = VERTEX_POINT ( 'NONE', #714 ) ;
#3095 = AXIS2_PLACEMENT_3D ( 'NONE', #2148, #3482, #4371 ) ;
#3096 = VECTOR ( 'NONE', #2802, 1000.000000000000000 ) ;
#3097 = CARTESIAN_POINT ( 'NONE',  ( 1.730900000000000105, -1.489999999999999991, 0.2000000000000000111 ) ) ;
#3099 = ORIENTED_EDGE ( 'NONE', *, *, #1302, .T. ) ;
#3098 = CIRCLE ( 'NONE', #1065, 0.09999999999999982514 ) ;
#3100 = DIRECTION ( 'NONE',  ( 0.000000000000000000, 0.000000000000000000, 1.000000000000000000 ) ) ;
#3101 = CARTESIAN_POINT ( 'NONE',  ( 3.924999999999999822, -1.486319999999999864, 3.174999999999999822 ) ) ;
#3102 = ORIENTED_EDGE ( 'NONE', *, *, #3222, .F. ) ;
#3103 = ADVANCED_FACE ( 'NONE', ( #5253 ), #2942, .F. ) ;
#3104 = CARTESIAN_POINT ( 'NONE',  ( -4.019971976142000081, -1.399814630597000065, 3.499261041073000289 ) ) ;
#3105 = DIRECTION ( 'NONE',  ( 0.000000000000000000, 1.000000000000000000, -2.299999999999999903E-16 ) ) ;
#3106 = VECTOR ( 'NONE', #4081, 1000.000000000000000 ) ;
#3107 = AXIS2_PLACEMENT_3D ( 'NONE', #5889, #1786, #2288 ) ;
#3108 = CARTESIAN_POINT ( 'NONE',  ( 3.750000000000000000, -1.399999999999999911, 3.285203000000000095 ) ) ;
#3109 = ORIENTED_EDGE ( 'NONE', *, *, #133, .T. ) ;
#3111 = EDGE_LOOP ( 'NONE', ( #925, #4377, #3383, #1333 ) ) ;
#3110 = EDGE_CURVE ( 'NONE', #4499, #4777, #5686, .T. ) ;
#3112 = LINE ( 'NONE', #5023, #5544 ) ;
#3113 = EDGE_CURVE ( 'NONE', #354, #4190, #3888, .T. ) ;
#3114 = EDGE_CURVE ( 'NONE', #161, #769, #4546, .T. ) ;
#3115 = CARTESIAN_POINT ( 'NONE',  ( -3.990656745882999790, 1.358783255485999986, 3.282301465090999848 ) ) ;
#3116 = CARTESIAN_POINT ( 'NONE',  ( 3.909012055931999186, -1.535067027953999963, 3.234281078156999722 ) ) ;
#3117 = DIRECTION ( 'NONE',  ( 0.000000000000000000, -1.000000000000000000, 0.000000000000000000 ) ) ;
#3118 = ORIENTED_EDGE ( 'NONE', *, *, #1913, .F. ) ;
#3119 = ORIENTED_EDGE ( 'NONE', *, *, #2778, .F. ) ;
#3120 = DIRECTION ( 'NONE',  ( 0.000000000000000000, 1.000000000000000000, 0.000000000000000000 ) ) ;
#3121 = DIRECTION ( 'NONE',  ( 0.000000000000000000, -1.000000000000000000, 2.200000000000000003E-16 ) ) ;
#3122 = EDGE_CURVE ( 'NONE', #5022, #2805, #5945, .T. ) ;
#3123 = VECTOR ( 'NONE', #5284, 1000.000000000000000 ) ;
#3124 = DIRECTION ( 'NONE',  ( 0.000000000000000000, 0.000000000000000000, 1.000000000000000000 ) ) ;
#3125 = FACE_OUTER_BOUND ( 'NONE', #543, .T. ) ;
#3126 = EDGE_LOOP ( 'NONE', ( #828, #3458, #3146, #411, #289, #5344 ) ) ;
#3127 = DIRECTION ( 'NONE',  ( 0.000000000000000000, -1.000000000000000000, 0.000000000000000000 ) ) ;
#3128 = VERTEX_POINT ( 'NONE', #4385 ) ;
#3129 = DIRECTION ( 'NONE',  ( 1.000000000000000000, 0.000000000000000000, 0.000000000000000000 ) ) ;
#3130 = CARTESIAN_POINT ( 'NONE',  ( -2.218206999999999596, -1.489999999999999991, 0.2000000000000000111 ) ) ;
#3131 = VERTEX_POINT ( 'NONE', #4317 ) ;
#3132 = CARTESIAN_POINT ( 'NONE',  ( -3.924999999999999822, -1.425000000000000044, 0.2000000000000000111 ) ) ;
#3133 = CIRCLE ( 'NONE', #2941, 0.09999999999999982514 ) ;
#3134 = ORIENTED_EDGE ( 'NONE', *, *, #5615, .F. ) ;
#3135 = CARTESIAN_POINT ( 'NONE',  ( -3.975838343372999795, 1.523218772023999801, 3.498992791322999896 ) ) ;
#3136 = VERTEX_POINT ( 'NONE', #1549 ) ;
#3137 = EDGE_LOOP ( 'NONE', ( #631, #4093, #5920, #1501, #5133, #4926 ) ) ;
#3138 = VECTOR ( 'NONE', #1541, 1000.000000000000000 ) ;
#3139 = LINE ( 'NONE', #1693, #3401 ) ;
#3140 = EDGE_CURVE ( 'NONE', #85, #4453, #156, .T. ) ;
#3141 = EDGE_CURVE ( 'NONE', #4092, #4300, #5712, .T. ) ;
#3142 = CYLINDRICAL_SURFACE ( 'NONE', #5130, 0.1250000000000001110 ) ;
#3143 = CARTESIAN_POINT ( 'NONE',  ( 3.893723720059000470, -1.531213651939000053, 3.240948084665999929 ) ) ;
#3144 = CARTESIAN_POINT ( 'NONE',  ( 4.049999999999999822, -1.425000000000000044, 0.2000000000000000111 ) ) ;
#3145 = ORIENTED_EDGE ( 'NONE', *, *, #2821, .F. ) ;
#3146 = ORIENTED_EDGE ( 'NONE', *, *, #466, .F. ) ;
#3147 = EDGE_CURVE ( 'NONE', #4587, #340, #1580, .T. ) ;
#3148 = EDGE_CURVE ( 'NONE', #3215, #3395, #505, .T. ) ;
#3149 = LINE ( 'NONE', #1789, #3668 ) ;
#3150 = VERTEX_POINT ( 'NONE', #801 ) ;
#3151 = DIRECTION ( 'NONE',  ( 1.000000000000000000, 0.000000000000000000, 0.000000000000000000 ) ) ;
#3152 = PLANE ( 'NONE',  #968 ) ;
#3153 = CARTESIAN_POINT ( 'NONE',  ( 2.750000000000000000, 0.1499999999999999944, -3.195100000000000051 ) ) ;
#3154 = LINE ( 'NONE', #5589, #3371 ) ;
#3155 = DIRECTION ( 'NONE',  ( 0.000000000000000000, 1.000000000000000000, 0.000000000000000000 ) ) ;
#3156 = EDGE_LOOP ( 'NONE', ( #421, #3905, #4694, #5289 ) ) ;
#3157 = DIRECTION ( 'NONE',  ( 0.000000000000000000, -1.000000000000000000, 0.000000000000000000 ) ) ;
#3158 = DIRECTION ( 'NONE',  ( 0.000000000000000000, 0.000000000000000000, 1.000000000000000000 ) ) ;
#3159 = CARTESIAN_POINT ( 'NONE',  ( -4.250000000000000000, -1.750000000000000000, 0.000000000000000000 ) ) ;
#3160 = ORIENTED_EDGE ( 'NONE', *, *, #5232, .T. ) ;
#3161 = ORIENTED_EDGE ( 'NONE', *, *, #3627, .F. ) ;
#3162 = CARTESIAN_POINT ( 'NONE',  ( 1.730900000000000105, -1.842373999999999956, 0.7982930000000000303 ) ) ;
#3163 = VECTOR ( 'NONE', #1672, 1000.000000000000000 ) ;
#3164 = LINE ( 'NONE', #385, #2508 ) ;
#3165 = CARTESIAN_POINT ( 'NONE',  ( -2.500000000000000000, 0.1499999999999999944, -3.195100000000000051 ) ) ;
#3166 = AXIS2_PLACEMENT_3D ( 'NONE', #3165, #3117, #1298 ) ;
#3167 = EDGE_LOOP ( 'NONE', ( #2581, #1210, #5654, #5698, #1067, #4356 ) ) ;
#3168 = ORIENTED_EDGE ( 'NONE', *, *, #3013, .F. ) ;
#3169 = PLANE ( 'NONE',  #2141 ) ;
#3170 = ADVANCED_FACE ( 'NONE', ( #5807 ), #1646, .F. ) ;
#3171 = DIRECTION ( 'NONE',  ( -1.000000000000000000, 0.000000000000000000, 0.000000000000000000 ) ) ;
#3172 = ADVANCED_FACE ( 'NONE', ( #4892 ), #4557, .F. ) ;
#3173 = ADVANCED_FACE ( 'NONE', ( #5442 ), #3036, .F. ) ;
#3174 = VERTEX_POINT ( 'NONE', #398 ) ;
#3175 = FACE_OUTER_BOUND ( 'NONE', #450, .T. ) ;
#3176 = ORIENTED_EDGE ( 'NONE', *, *, #477, .T. ) ;
#3177 = CARTESIAN_POINT ( 'NONE',  ( -2.250000000000000000, -0.1499999999999999944, -3.195100000000000051 ) ) ;
#3178 = CARTESIAN_POINT ( 'NONE',  ( 3.161627999999999883, 1.750000000000000000, 0.3991465000000000152 ) ) ;
#3179 = VECTOR ( 'NONE', #2274, 1000.000000000000000 ) ;
#3180 = LINE ( 'NONE', #1793, #5109 ) ;
#3181 = EDGE_CURVE ( 'NONE', #826, #377, #1278, .T. ) ;
#3182 = VERTEX_POINT ( 'NONE', #3550 ) ;
#3183 = CARTESIAN_POINT ( 'NONE',  ( -2.218206999999999596, 0.1250000000000000000, 0.000000000000000000 ) ) ;
#3184 = AXIS2_PLACEMENT_3D ( 'NONE', #1916, #4515, #4027 ) ;
#3185 = DIRECTION ( 'NONE',  ( 0.000000000000000000, -1.000000000000000000, 2.200000000000000003E-16 ) ) ;
#3186 = VECTOR ( 'NONE', #530, 1000.000000000000000 ) ;
#3187 = ORIENTED_EDGE ( 'NONE', *, *, #5969, .T. ) ;
#3188 = DIRECTION ( 'NONE',  ( -1.000000000000000000, 0.000000000000000000, 0.000000000000000000 ) ) ;
#3189 = CARTESIAN_POINT ( 'NONE',  ( 3.825400000000000134, 1.433446622544999993, 3.299746348540999907 ) ) ;
#3190 = EDGE_CURVE ( 'NONE', #1429, #77, #274, .T. ) ;
#3191 = AXIS2_PLACEMENT_3D ( 'NONE', #3502, #4868, #2099 ) ;
#3192 = AXIS2_PLACEMENT_3D ( 'NONE', #1126, #2044, #252 ) ;
#3193 = DIRECTION ( 'NONE',  ( -1.000000000000000000, 0.000000000000000000, 0.000000000000000000 ) ) ;
#3194 = ORIENTED_EDGE ( 'NONE', *, *, #4500, .F. ) ;
#3195 = ORIENTED_EDGE ( 'NONE', *, *, #1108, .T. ) ;
#3196 = AXIS2_PLACEMENT_3D ( 'NONE', #5868, #1847, #5092 ) ;
#3197 = FACE_OUTER_BOUND ( 'NONE', #5547, .T. ) ;
#3198 = AXIS2_PLACEMENT_3D ( 'NONE', #927, #534, #5580 ) ;
#3199 = LINE ( 'NONE', #5917, #1740 ) ;
#3200 = CARTESIAN_POINT ( 'NONE',  ( 3.924999999999999822, -1.550000000000000044, 3.299999999999999822 ) ) ;
#3201 = VERTEX_POINT ( 'NONE', #3949 ) ;
#3202 = ORIENTED_EDGE ( 'NONE', *, *, #1489, .F. ) ;
#3203 = DIRECTION ( 'NONE',  ( 0.000000000000000000, 0.000000000000000000, -1.000000000000000000 ) ) ;
#3204 = VECTOR ( 'NONE', #5081, 1000.000000000000114 ) ;
#3205 = DIRECTION ( 'NONE',  ( 0.000000000000000000, -1.000000000000000000, 0.000000000000000000 ) ) ;
#3206 = CARTESIAN_POINT ( 'NONE',  ( 3.984144000000000130, -1.517189772232999889, 3.499408323298999868 ) ) ;
#3207 = ORIENTED_EDGE ( 'NONE', *, *, #949, .F. ) ;
#3208 = DIRECTION ( 'NONE',  ( 0.000000000000000000, 0.000000000000000000, -1.000000000000000000 ) ) ;
#3209 = LINE ( 'NONE', #2362, #5827 ) ;
#3210 = DIRECTION ( 'NONE',  ( 1.000000000000000000, 0.000000000000000000, 0.000000000000000000 ) ) ;
#3211 = ADVANCED_FACE ( 'NONE', ( #849, #3125 ), #2186, .F. ) ;
#3212 = VERTEX_POINT ( 'NONE', #4983 ) ;
#3213 = DIRECTION ( 'NONE',  ( 0.000000000000000000, -1.000000000000000000, 0.000000000000000000 ) ) ;
#3214 = LINE ( 'NONE', #5537, #693 ) ;
#3215 = VERTEX_POINT ( 'NONE', #3609 ) ;
#3216 = CARTESIAN_POINT ( 'NONE',  ( -3.750000000000000000, -1.399999999999999911, 0.7852030000000000953 ) ) ;
#3217 = DIRECTION ( 'NONE',  ( 1.000000000000000000, 0.000000000000000000, 0.000000000000000000 ) ) ;
#3218 = ORIENTED_EDGE ( 'NONE', *, *, #5786, .F. ) ;
#3219 = ORIENTED_EDGE ( 'NONE', *, *, #5265, .T. ) ;
#3220 = EDGE_CURVE ( 'NONE', #3131, #1370, #3093, .T. ) ;
#3221 = DIRECTION ( 'NONE',  ( 0.000000000000000000, 2.200000000000000003E-16, 1.000000000000000000 ) ) ;
#3222 = EDGE_CURVE ( 'NONE', #2249, #4088, #5408, .T. ) ;
#3223 = VECTOR ( 'NONE', #1920, 1000.000000000000000 ) ;
#3224 = CARTESIAN_POINT ( 'NONE',  ( -4.049999999999999822, 1.550000000000000044, 0.7982930000000000303 ) ) ;
#3225 = DIRECTION ( 'NONE',  ( 0.000000000000000000, 0.000000000000000000, 1.000000000000000000 ) ) ;
#3226 = VERTEX_POINT ( 'NONE', #5840 ) ;
#3227 = ORIENTED_EDGE ( 'NONE', *, *, #1229, .F. ) ;
#3228 = CARTESIAN_POINT ( 'NONE',  ( -4.250000000000000000, 1.750000000000000000, 0.7982930000000000303 ) ) ;
#3229 = FACE_OUTER_BOUND ( 'NONE', #2366, .T. ) ;
#3230 = VECTOR ( 'NONE', #3523, 1000.000000000000000 ) ;
#3231 = DIRECTION ( 'NONE',  ( 0.000000000000000000, -1.000000000000000000, 2.200000000000000003E-16 ) ) ;
#3232 = ORIENTED_EDGE ( 'NONE', *, *, #2283, .F. ) ;
#3233 = CARTESIAN_POINT ( 'NONE',  ( 4.025426416902999627, 1.436883219717999927, 3.248512765035000083 ) ) ;
#3234 = DIRECTION ( 'NONE',  ( 0.000000000000000000, 0.000000000000000000, -1.000000000000000000 ) ) ;
#3235 = CARTESIAN_POINT ( 'NONE',  ( -4.250000000000000000, -1.750000000000000000, 0.7982930000000000303 ) ) ;
#3236 = ORIENTED_EDGE ( 'NONE', *, *, #2372, .F. ) ;
#3237 = DIRECTION ( 'NONE',  ( 0.000000000000000000, 0.000000000000000000, -1.000000000000000000 ) ) ;
#3238 = CARTESIAN_POINT ( 'NONE',  ( -0.2500000000000000000, 0.1499999999999999944, 0.2100000000000000200 ) ) ;
#3239 = ORIENTED_EDGE ( 'NONE', *, *, #3847, .T. ) ;
#3240 = CARTESIAN_POINT ( 'NONE',  ( 1.791398999999999964, 1.550000000000000044, 0.6690000000000000391 ) ) ;
#3241 = LINE ( 'NONE', #3734, #1346 ) ;
#3242 = EDGE_CURVE ( 'NONE', #1644, #2169, #4971, .T. ) ;
#3243 = EDGE_CURVE ( 'NONE', #4121, #2721, #4067, .T. ) ;
#3244 = DIRECTION ( 'NONE',  ( 0.000000000000000000, 0.000000000000000000, 1.000000000000000000 ) ) ;
#3245 = FACE_OUTER_BOUND ( 'NONE', #2848, .T. ) ;
#3246 = VERTEX_POINT ( 'NONE', #825 ) ;
#3247 = ORIENTED_EDGE ( 'NONE', *, *, #5006, .F. ) ;
#3248 = CARTESIAN_POINT ( 'NONE',  ( -4.250000000000000000, 1.750000000000000000, 0.7982930000000000303 ) ) ;
#3249 = EDGE_CURVE ( 'NONE', #1443, #762, #435, .T. ) ;
#3250 = ADVANCED_FACE ( 'NONE', ( #1765 ), #5894, .F. ) ;
#3251 = EDGE_CURVE ( 'NONE', #3131, #5503, #4525, .T. ) ;
#3252 = CARTESIAN_POINT ( 'NONE',  ( -1.730900000000000105, 1.750000000000000000, 0.7982930000000000303 ) ) ;
#3253 = CARTESIAN_POINT ( 'NONE',  ( 4.250000000000000000, -1.486319999999999864, 0.7982930000000000303 ) ) ;
#3254 = ORIENTED_EDGE ( 'NONE', *, *, #2259, .T. ) ;
#3255 = EDGE_LOOP ( 'NONE', ( #1735, #2246, #5979, #22, #5988, #1374 ) ) ;
#3256 = CARTESIAN_POINT ( 'NONE',  ( 2.228499999999999925, -1.425000000000000044, 0.3250000000000000111 ) ) ;
#3257 = AXIS2_PLACEMENT_3D ( 'NONE', #1245, #4948, #3121 ) ;
#3258 = DIRECTION ( 'NONE',  ( 0.000000000000000000, 1.000000000000000000, 0.000000000000000000 ) ) ;
#3259 = EDGE_CURVE ( 'NONE', #1199, #1071, #1730, .T. ) ;
#3260 = EDGE_CURVE ( 'NONE', #2632, #3622, #310, .T. ) ;
#3261 = CIRCLE ( 'NONE', #1910, 0.09999999999999982514 ) ;
#3262 = CARTESIAN_POINT ( 'NONE',  ( 3.984144000000000130, -1.750000000000000000, 1.824200000000000044 ) ) ;
#3263 = CARTESIAN_POINT ( 'NONE',  ( 3.878422310335999601, 1.524692067354999958, 3.250521066638000001 ) ) ;
#3264 = ORIENTED_EDGE ( 'NONE', *, *, #217, .F. ) ;
#3265 = CARTESIAN_POINT ( 'NONE',  ( 3.161627999999999883, -1.750000000000000000, 0.7982930000000000303 ) ) ;
#3266 = CARTESIAN_POINT ( 'NONE',  ( 3.230900000000000105, 1.550000000000000044, 0.7982930000000000303 ) ) ;
#3267 = DIRECTION ( 'NONE',  ( 1.000000000000000000, 0.000000000000000000, 0.000000000000000000 ) ) ;
#3268 = EDGE_LOOP ( 'NONE', ( #4113, #2559, #1569, #5798 ) ) ;
#3269 = CARTESIAN_POINT ( 'NONE',  ( -3.924999999999999822, -1.425000000000000044, 3.174999999999999822 ) ) ;
#3270 = CARTESIAN_POINT ( 'NONE',  ( 2.229423999999999850, 1.489999999999999991, 0.2182292174799999873 ) ) ;
#3271 = ORIENTED_EDGE ( 'NONE', *, *, #5656, .F. ) ;
#3272 = CIRCLE ( 'NONE', #2215, 0.2499999999999997780 ) ;
#3273 = DIRECTION ( 'NONE',  ( 0.000000000000000000, 2.200000000000000003E-16, 1.000000000000000000 ) ) ;
#3274 = FACE_OUTER_BOUND ( 'NONE', #3750, .T. ) ;
#3275 = AXIS2_PLACEMENT_3D ( 'NONE', #5221, #5565, #5662 ) ;
#3276 = AXIS2_PLACEMENT_3D ( 'NONE', #5769, #4242, #3328 ) ;
#3277 = AXIS2_PLACEMENT_3D ( 'NONE', #924, #15, #47 ) ;
#3278 = CARTESIAN_POINT ( 'NONE',  ( -2.217499999999999805, 1.550000000000000044, 0.6690000000000000391 ) ) ;
#3279 = DIRECTION ( 'NONE',  ( 1.000000000000000000, 0.000000000000000000, 0.000000000000000000 ) ) ;
#3280 = ORIENTED_EDGE ( 'NONE', *, *, #3368, .T. ) ;
#3281 = VERTEX_POINT ( 'NONE', #3265 ) ;
#3282 = CARTESIAN_POINT ( 'NONE',  ( -1.730900000000000105, 1.750000000000000000, 0.2000000000000000111 ) ) ;
#3283 = CARTESIAN_POINT ( 'NONE',  ( 3.924999999999999822, -1.336263800002999824, 3.299999999999999822 ) ) ;
#3284 = AXIS2_PLACEMENT_3D ( 'NONE', #1348, #3193, #1689 ) ;
#3285 = ORIENTED_EDGE ( 'NONE', *, *, #1042, .T. ) ;
#3286 = EDGE_CURVE ( 'NONE', #3226, #340, #5064, .T. ) ;
#3287 = VECTOR ( 'NONE', #399, 1000.000000000000000 ) ;
#3288 = EDGE_CURVE ( 'NONE', #2231, #3201, #2269, .T. ) ;
#3289 = DIRECTION ( 'NONE',  ( 0.000000000000000000, 0.000000000000000000, 1.000000000000000000 ) ) ;
#3290 = CARTESIAN_POINT ( 'NONE',  ( 3.984144000000000130, -1.886319999999999997, 3.648400000000000087 ) ) ;
#3291 = ORIENTED_EDGE ( 'NONE', *, *, #133, .F. ) ;
#3292 = ORIENTED_EDGE ( 'NONE', *, *, #3813, .F. ) ;
#3293 = DIRECTION ( 'NONE',  ( 0.000000000000000000, 0.000000000000000000, 1.000000000000000000 ) ) ;
#3294 = EDGE_CURVE ( 'NONE', #1370, #2828, #5620, .T. ) ;
#3295 = LINE ( 'NONE', #2355, #2682 ) ;
#3296 = PRODUCT_DEFINITION_FORMATION_WITH_SPECIFIED_SOURCE ( 'ANY', '', #5237, .NOT_KNOWN. ) ;
#3297 = CARTESIAN_POINT ( 'NONE',  ( 1.791398999999999964, -1.550000000000000044, 0.1853635000000000144 ) ) ;
#3298 = DIRECTION ( 'NONE',  ( 1.000000000000000000, 0.000000000000000000, 0.000000000000000000 ) ) ;
#3299 = ORIENTED_EDGE ( 'NONE', *, *, #3359, .F. ) ;
#3300 = VECTOR ( 'NONE', #4588, 1000.000000000000000 ) ;
#3301 = LINE ( 'NONE', #2756, #1660 ) ;
#3302 = LINE ( 'NONE', #5162, #2137 ) ;
#3303 = DIRECTION ( 'NONE',  ( 0.000000000000000000, 1.000000000000000000, 0.000000000000000000 ) ) ;
#3304 = ORIENTED_EDGE ( 'NONE', *, *, #4929, .F. ) ;
#3305 = CARTESIAN_POINT ( 'NONE',  ( -1.750000000000000000, -0.7500000000000000000, 6.210706000000000060 ) ) ;
#3306 = DIRECTION ( 'NONE',  ( 0.000000000000000000, 1.000000000000000000, 0.000000000000000000 ) ) ;
#3307 = CARTESIAN_POINT ( 'NONE',  ( -2.611250000000000071, -1.750000000000000000, 1.641000000000000014 ) ) ;
#3308 = DIRECTION ( 'NONE',  ( 0.000000000000000000, -1.000000000000000000, 2.200000000000000003E-16 ) ) ;
#3309 = VERTEX_POINT ( 'NONE', #3638 ) ;
#3310 = CARTESIAN_POINT ( 'NONE',  ( -4.024397188044000373, 1.421999075186999972, 3.250798344717999999 ) ) ;
#3311 = AXIS2_PLACEMENT_3D ( 'NONE', #4037, #4501, #2127 ) ;
#3312 = CYLINDRICAL_SURFACE ( 'NONE', #5530, 0.09999999999999982514 ) ;
#3313 = EDGE_LOOP ( 'NONE', ( #2654, #3683, #3442, #3770 ) ) ;
#3314 = ORIENTED_EDGE ( 'NONE', *, *, #1715, .F. ) ;
#3315 = DIRECTION ( 'NONE',  ( 1.000000000000000000, -2.100000000000000104E-16, 3.999999999999999916E-16 ) ) ;
#3316 = ORIENTED_EDGE ( 'NONE', *, *, #5683, .F. ) ;
#3317 = FACE_OUTER_BOUND ( 'NONE', #3740, .T. ) ;
#3318 = CARTESIAN_POINT ( 'NONE',  ( 4.024397188042000195, 1.421999074851999945, 3.250798344724999733 ) ) ;
#3319 = ORIENTED_EDGE ( 'NONE', *, *, #4351, .T. ) ;
#3320 = ORIENTED_EDGE ( 'NONE', *, *, #754, .F. ) ;
#3321 = LINE ( 'NONE', #1018, #3018 ) ;
#3322 = CARTESIAN_POINT ( 'NONE',  ( -4.049999999999999822, 0.2250000000000000056, 0.7982930000000000303 ) ) ;
#3323 = EDGE_CURVE ( 'NONE', #1639, #1821, #2711, .T. ) ;
#3324 = VECTOR ( 'NONE', #528, 1000.000000000000000 ) ;
#3325 = CARTESIAN_POINT ( 'NONE',  ( -3.848344209621000100, -1.500000000000000000, 3.500000000000000000 ) ) ;
#3326 = CARTESIAN_POINT ( 'NONE',  ( -1.800000000000000044, -0.8249999999999999556, 2.661262999999999934 ) ) ;
#3327 = VERTEX_POINT ( 'NONE', #4642 ) ;
#3328 = DIRECTION ( 'NONE',  ( 1.000000000000000000, 0.000000000000000000, 0.000000000000000000 ) ) ;
#3329 = AXIS2_PLACEMENT_3D ( 'NONE', #3945, #2455, #2485 ) ;
#3330 = DIRECTION ( 'NONE',  ( 1.000000000000000000, 0.000000000000000000, 0.000000000000000000 ) ) ;
#3331 = EDGE_CURVE ( 'NONE', #5852, #28, #5122, .T. ) ;
#3332 = EDGE_CURVE ( 'NONE', #3820, #5879, #3301, .T. ) ;
#3333 = ADVANCED_FACE ( 'NONE', ( #4615 ), #1815, .F. ) ;
#3334 = ORIENTED_EDGE ( 'NONE', *, *, #5336, .T. ) ;
#3335 = CARTESIAN_POINT ( 'NONE',  ( 3.941227157466999920, 1.535088545281000139, 3.232089300631000306 ) ) ;
#3336 = CARTESIAN_POINT ( 'NONE',  ( -3.856172242266000083, 1.509468725075999940, 3.267828755156000131 ) ) ;
#3337 = CARTESIAN_POINT ( 'NONE',  ( -3.916894071509000597, -1.536035445191000104, 3.232413537130999881 ) ) ;
#3338 = CARTESIAN_POINT ( 'NONE',  ( -2.218206999999999596, -1.425000000000000044, 0.3250000000000000111 ) ) ;
#3339 = CARTESIAN_POINT ( 'NONE',  ( -4.024593181392000396, 1.423495582804999993, 3.250539912498000117 ) ) ;
#3340 = CARTESIAN_POINT ( 'NONE',  ( -3.750000000000000000, 1.399999999999999911, 0.7852030000000000953 ) ) ;
#3341 = VERTEX_POINT ( 'NONE', #5037 ) ;
#3342 = VERTEX_POINT ( 'NONE', #1457 ) ;
#3343 = CARTESIAN_POINT ( 'NONE',  ( -4.250000000000000000, -1.500000000000000000, 3.500000000000000000 ) ) ;
#3344 = DIRECTION ( 'NONE',  ( 0.000000000000000000, 0.000000000000000000, 1.000000000000000000 ) ) ;
#3345 = ORIENTED_EDGE ( 'NONE', *, *, #2769, .T. ) ;
#3346 = CARTESIAN_POINT ( 'NONE',  ( 3.924999999999999822, -1.425000000000000044, 0.2000000000000000111 ) ) ;
#3347 = DIRECTION ( 'NONE',  ( 0.000000000000000000, -1.000000000000000000, 0.000000000000000000 ) ) ;
#3348 = ORIENTED_EDGE ( 'NONE', *, *, #5309, .T. ) ;
#3349 = ORIENTED_EDGE ( 'NONE', *, *, #3331, .T. ) ;
#3350 = DIRECTION ( 'NONE',  ( 1.000000000000000000, 0.000000000000000000, 0.000000000000000000 ) ) ;
#3351 = CARTESIAN_POINT ( 'NONE',  ( -3.984144000000000130, 1.425000000000000044, 3.174999999999999822 ) ) ;
#3352 = CARTESIAN_POINT ( 'NONE',  ( -3.750000000000000000, -1.399999999999999911, 3.285203000000000095 ) ) ;
#3353 = DIRECTION ( 'NONE',  ( -0.000000000000000000, 1.000000000000000000, 0.000000000000000000 ) ) ;
#3354 = ORIENTED_EDGE ( 'NONE', *, *, #2601, .F. ) ;
#3355 = EDGE_CURVE ( 'NONE', #1409, #3003, #2728, .T. ) ;
#3356 = CARTESIAN_POINT ( 'NONE',  ( 3.924999999999999822, -1.425000000000000044, 3.174999999999999822 ) ) ;
#3357 = EDGE_CURVE ( 'NONE', #2082, #993, #881, .T. ) ;
#3358 = DIRECTION ( 'NONE',  ( 0.000000000000000000, -1.000000000000000000, 2.200000000000000003E-16 ) ) ;
#3359 = EDGE_CURVE ( 'NONE', #5879, #4658, #5049, .T. ) ;
#3360 = VECTOR ( 'NONE', #2972, 1000.000000000000000 ) ;
#3361 = ORIENTED_EDGE ( 'NONE', *, *, #744, .F. ) ;
#3362 = CARTESIAN_POINT ( 'NONE',  ( 3.966692479433999274, 1.528295832246000074, 3.498467189876000027 ) ) ;
#3363 = ADVANCED_FACE ( 'NONE', ( #4127, #5526 ), #5980, .T. ) ;
#3364 = DIRECTION ( 'NONE',  ( 1.000000000000000000, 0.000000000000000000, 0.000000000000000000 ) ) ;
#3365 = DIRECTION ( 'NONE',  ( 0.000000000000000000, -1.000000000000000000, 2.200000000000000003E-16 ) ) ;
#3366 = FACE_OUTER_BOUND ( 'NONE', #1078, .T. ) ;
#3367 = EDGE_CURVE ( 'NONE', #503, #3915, #5161, .T. ) ;
#3368 = EDGE_CURVE ( 'NONE', #4121, #2832, #1846, .T. ) ;
#3369 = CARTESIAN_POINT ( 'NONE',  ( -3.984144000000000130, 1.517189772232999889, 3.235233156646999841 ) ) ;
#3370 = CARTESIAN_POINT ( 'NONE',  ( 4.011969606392999488, 1.486319999999999864, -0.2999999999999999889 ) ) ;
#3371 = VECTOR ( 'NONE', #971, 1000.000000000000000 ) ;
#3372 = ORIENTED_EDGE ( 'NONE', *, *, #5118, .F. ) ;
#3373 = EDGE_LOOP ( 'NONE', ( #3930, #3534, #3704 ) ) ;
#3374 = CARTESIAN_POINT ( 'NONE',  ( -2.217499999999999805, 3.100000000000000083E-16, 0.3948499999999999788 ) ) ;
#3375 = LINE ( 'NONE', #560, #6010 ) ;
#3376 = EDGE_CURVE ( 'NONE', #4626, #5635, #1592, .T. ) ;
#3377 = AXIS2_PLACEMENT_3D ( 'NONE', #975, #4683, #3308 ) ;
#3378 = VECTOR ( 'NONE', #1483, 1000.000000000000000 ) ;
#3379 = ORIENTED_EDGE ( 'NONE', *, *, #3627, .T. ) ;
#3380 = CARTESIAN_POINT ( 'NONE',  ( -3.230900000000000105, -1.489999999999999991, 0.7982930000000000303 ) ) ;
#3381 = DIRECTION ( 'NONE',  ( 0.000000000000000000, 0.000000000000000000, 1.000000000000000000 ) ) ;
#3382 = ORIENTED_EDGE ( 'NONE', *, *, #219, .F. ) ;
#3383 = ORIENTED_EDGE ( 'NONE', *, *, #789, .T. ) ;
#3384 = VECTOR ( 'NONE', #3710, 1000.000000000000000 ) ;
#3385 = VECTOR ( 'NONE', #4657, 1000.000000000000000 ) ;
#3386 = CARTESIAN_POINT ( 'NONE',  ( -1.791414999999999980, -1.550000000000000044, 0.2500269999999999992 ) ) ;
#3387 = VECTOR ( 'NONE', #5145, 1000.000000000000000 ) ;
#3388 = DIRECTION ( 'NONE',  ( 0.000000000000000000, 0.000000000000000000, 1.000000000000000000 ) ) ;
#3389 = CARTESIAN_POINT ( 'NONE',  ( -4.250000000000000000, -1.550000000000000044, 0.2000000000000000111 ) ) ;
#3390 = ORIENTED_EDGE ( 'NONE', *, *, #1182, .F. ) ;
#3391 = ORIENTED_EDGE ( 'NONE', *, *, #628, .F. ) ;
#3392 = VECTOR ( 'NONE', #4184, 1000.000000000000000 ) ;
#3393 = DIRECTION ( 'NONE',  ( 1.000000000000000000, 0.000000000000000000, 0.000000000000000000 ) ) ;
#3394 = AXIS2_PLACEMENT_3D ( 'NONE', #3256, #2807, #4301 ) ;
#3395 = VERTEX_POINT ( 'NONE', #1421 ) ;
#3396 = FACE_OUTER_BOUND ( 'NONE', #3922, .T. ) ;
#3397 = CARTESIAN_POINT ( 'NONE',  ( 4.049999999999999822, 1.550000000000000044, 0.7982930000000000303 ) ) ;
#3398 = CARTESIAN_POINT ( 'NONE',  ( 4.011969606392999488, -1.486319999999999864, 3.648400000000000087 ) ) ;
#3399 = PLANE ( 'NONE',  #486 ) ;
#3400 = DIRECTION ( 'NONE',  ( -1.000000000000000000, 0.000000000000000000, 0.000000000000000000 ) ) ;
#3401 = VECTOR ( 'NONE', #1293, 1000.000000000000000 ) ;
#3402 = ADVANCED_FACE ( 'NONE', ( #966, #5003, #3086, #355 ), #4519, .T. ) ;
#3403 = CARTESIAN_POINT ( 'NONE',  ( -3.961228280957000525, 1.529825995383000015, 3.232981655300999790 ) ) ;
#3404 = FACE_OUTER_BOUND ( 'NONE', #2241, .T. ) ;
#3405 = ORIENTED_EDGE ( 'NONE', *, *, #4467, .F. ) ;
#3406 = ORIENTED_EDGE ( 'NONE', *, *, #665, .T. ) ;
#3407 = CARTESIAN_POINT ( 'NONE',  ( -3.172874999999999890, -1.489999999999999991, -0.1067319999999999935 ) ) ;
#3408 = CARTESIAN_POINT ( 'NONE',  ( -3.946130208314999610, -1.535008324987999995, 3.232070597147000068 ) ) ;
#3409 = EDGE_CURVE ( 'NONE', #130, #2614, #843, .T. ) ;
#3410 = EDGE_CURVE ( 'NONE', #2053, #2443, #1809, .T. ) ;
#3411 = DIRECTION ( 'NONE',  ( 0.000000000000000000, -1.000000000000000000, 0.000000000000000000 ) ) ;
#3412 = DIRECTION ( 'NONE',  ( 1.000000000000000000, 0.000000000000000000, 0.000000000000000000 ) ) ;
#3413 = ORIENTED_EDGE ( 'NONE', *, *, #3410, .F. ) ;
#3414 = VERTEX_POINT ( 'NONE', #3658 ) ;
#3415 = DIRECTION ( 'NONE',  ( 1.000000000000000000, 0.000000000000000000, 0.000000000000000000 ) ) ;
#3416 = EDGE_CURVE ( 'NONE', #5902, #301, #446, .T. ) ;
#3417 = LINE ( 'NONE', #2572, #3584 ) ;
#3418 = ORIENTED_EDGE ( 'NONE', *, *, #1925, .T. ) ;
#3419 = ORIENTED_EDGE ( 'NONE', *, *, #3122, .T. ) ;
#3420 = DIRECTION ( 'NONE',  ( -1.000000000000000000, 0.000000000000000000, 0.000000000000000000 ) ) ;
#3421 = ORIENTED_EDGE ( 'NONE', *, *, #4857, .F. ) ;
#3422 = CARTESIAN_POINT ( 'NONE',  ( -4.250000000000000000, 0.1250000000000000000, 0.7982930000000000303 ) ) ;
#3423 = VECTOR ( 'NONE', #2950, 1000.000000000000000 ) ;
#3424 = VERTEX_POINT ( 'NONE', #2208 ) ;
#3425 = LINE ( 'NONE', #5709, #2718 ) ;
#3426 = CARTESIAN_POINT ( 'NONE',  ( 3.975838343372999795, 1.523218772023999801, 3.498992791322999896 ) ) ;
#3427 = VECTOR ( 'NONE', #5477, 1000.000000000000000 ) ;
#3428 = CARTESIAN_POINT ( 'NONE',  ( -3.375000000000000000, -0.1499999999999999944, 0.2000000000000000111 ) ) ;
#3429 = CARTESIAN_POINT ( 'NONE',  ( 2.250000000000000000, 0.1499999999999999944, -3.195100000000000051 ) ) ;
#3430 = CARTESIAN_POINT ( 'NONE',  ( -4.250000000000000000, 1.750000000000000000, 0.2000000000000000111 ) ) ;
#3431 = VERTEX_POINT ( 'NONE', #1274 ) ;
#3432 = CARTESIAN_POINT ( 'NONE',  ( -4.023367822700000040, 1.416112383366999961, 3.252131071371000104 ) ) ;
#3433 = DIRECTION ( 'NONE',  ( 0.000000000000000000, 0.000000000000000000, -1.000000000000000000 ) ) ;
#3434 = ORIENTED_EDGE ( 'NONE', *, *, #922, .F. ) ;
#3435 = EDGE_CURVE ( 'NONE', #4658, #5781, #4060, .T. ) ;
#3436 = LINE ( 'NONE', #3407, #3423 ) ;
#3437 = CARTESIAN_POINT ( 'NONE',  ( 2.250000000000000000, -0.1499999999999999944, -3.195100000000000051 ) ) ;
#3438 = EDGE_CURVE ( 'NONE', #2082, #873, #819, .T. ) ;
#3439 = ORIENTED_EDGE ( 'NONE', *, *, #943, .F. ) ;
#3440 = PLANE ( 'NONE',  #2519 ) ;
#3441 = CARTESIAN_POINT ( 'NONE',  ( -2.218206999999999596, 1.750000000000000000, 0.2500269999999999992 ) ) ;
#3442 = ORIENTED_EDGE ( 'NONE', *, *, #2454, .F. ) ;
#3443 = ORIENTED_EDGE ( 'NONE', *, *, #4077, .T. ) ;
#3444 = EDGE_CURVE ( 'NONE', #1385, #909, #1760, .T. ) ;
#3445 = DIRECTION ( 'NONE',  ( 0.000000000000000000, 0.000000000000000000, -1.000000000000000000 ) ) ;
#3446 = EDGE_CURVE ( 'NONE', #5810, #1179, #5345, .T. ) ;
#3447 = ADVANCED_FACE ( 'NONE', ( #1359 ), #3691, .F. ) ;
#3448 = LINE ( 'NONE', #3514, #1542 ) ;
#3449 = CARTESIAN_POINT ( 'NONE',  ( 3.928931022020999642, 1.536213597374999962, 3.231953251258000037 ) ) ;
#3450 = ORIENTED_EDGE ( 'NONE', *, *, #360, .F. ) ;
#3451 = ORIENTED_EDGE ( 'NONE', *, *, #1477, .F. ) ;
#3452 = CARTESIAN_POINT ( 'NONE',  ( 2.750000000000000000, 0.1499999999999999944, 0.2000000000000000111 ) ) ;
#3453 = ORIENTED_EDGE ( 'NONE', *, *, #4036, .T. ) ;
#3454 = PLANE ( 'NONE',  #1692 ) ;
#3455 = EDGE_CURVE ( 'NONE', #73, #3964, #389, .T. ) ;
#3456 = ADVANCED_FACE ( 'NONE', ( #1326 ), #3169, .T. ) ;
#3457 = CARTESIAN_POINT ( 'NONE',  ( 4.024763699764998925, -1.425000000000000044, 3.250314037264999900 ) ) ;
#3458 = ORIENTED_EDGE ( 'NONE', *, *, #718, .T. ) ;
#3459 = DIRECTION ( 'NONE',  ( 1.000000000000000000, 0.000000000000000000, 0.000000000000000000 ) ) ;
#3460 = DIRECTION ( 'NONE',  ( 1.000000000000000000, 0.000000000000000000, 0.000000000000000000 ) ) ;
#3461 = CARTESIAN_POINT ( 'NONE',  ( -3.843766724633000287, -1.495428784677999889, 3.279041371758000256 ) ) ;
#3462 = CARTESIAN_POINT ( 'NONE',  ( -0.4500000000000000111, 0.5500000000000000444, 6.210706000000000060 ) ) ;
#3463 = CIRCLE ( 'NONE', #847, 0.1250000000000001110 ) ;
#3464 = CARTESIAN_POINT ( 'NONE',  ( -3.924999999999999822, 1.536262199996999867, 3.231971245833999973 ) ) ;
#3465 = ORIENTED_EDGE ( 'NONE', *, *, #4863, .T. ) ;
#3466 = AXIS2_PLACEMENT_3D ( 'NONE', #4581, #2150, #5886 ) ;
#3467 = DIRECTION ( 'NONE',  ( 0.000000000000000000, 0.000000000000000000, 1.000000000000000000 ) ) ;
#3468 = DIRECTION ( 'NONE',  ( 1.000000000000000000, 0.000000000000000000, 0.000000000000000000 ) ) ;
#3469 = ORIENTED_EDGE ( 'NONE', *, *, #2028, .T. ) ;
#3470 = DIRECTION ( 'NONE',  ( 0.000000000000000000, -1.000000000000000000, 2.200000000000000003E-16 ) ) ;
#3471 = DIRECTION ( 'NONE',  ( 0.000000000000000000, 0.000000000000000000, 1.000000000000000000 ) ) ;
#3472 = LINE ( 'NONE', #1167, #5891 ) ;
#3473 = CARTESIAN_POINT ( 'NONE',  ( 3.161627999999999883, -1.750000000000000000, 0.3991465000000000152 ) ) ;
#3474 = DIRECTION ( 'NONE',  ( 0.000000000000000000, 0.000000000000000000, -1.000000000000000000 ) ) ;
#3475 = ORIENTED_EDGE ( 'NONE', *, *, #2847, .F. ) ;
#3476 = ORIENTED_EDGE ( 'NONE', *, *, #1624, .T. ) ;
#3477 = CARTESIAN_POINT ( 'NONE',  ( 3.984144000000000130, 1.750000000000000000, 0.7982930000000000303 ) ) ;
#3478 = CIRCLE ( 'NONE', #863, 0.1250000000000001110 ) ;
#3479 = AXIS2_PLACEMENT_3D ( 'NONE', #5985, #5095, #936 ) ;
#3480 = ADVANCED_FACE ( 'NONE', ( #1837 ), #901, .F. ) ;
#3481 = VECTOR ( 'NONE', #3853, 1000.000000000000000 ) ;
#3482 = DIRECTION ( 'NONE',  ( 1.000000000000000000, 0.000000000000000000, 0.000000000000000000 ) ) ;
#3483 = VECTOR ( 'NONE', #4245, 1000.000000000000000 ) ;
#3484 = CARTESIAN_POINT ( 'NONE',  ( -2.218206999999999596, 1.750000000000000000, -0.1412950000000000039 ) ) ;
#3485 = ORIENTED_EDGE ( 'NONE', *, *, #1292, .T. ) ;
#3486 = ORIENTED_EDGE ( 'NONE', *, *, #3222, .T. ) ;
#3487 = FACE_OUTER_BOUND ( 'NONE', #209, .T. ) ;
#3488 = ORIENTED_EDGE ( 'NONE', *, *, #37, .F. ) ;
#3489 = EDGE_CURVE ( 'NONE', #2674, #4601, #2239, .T. ) ;
#3490 = DIRECTION ( 'NONE',  ( 0.000000000000000000, 0.000000000000000000, 1.000000000000000000 ) ) ;
#3491 = AXIS2_PLACEMENT_3D ( 'NONE', #634, #4431, #4813 ) ;
#3492 = VECTOR ( 'NONE', #3901, 1000.000000000000000 ) ;
#3493 = ORIENTED_EDGE ( 'NONE', *, *, #2297, .T. ) ;
#3494 = FACE_OUTER_BOUND ( 'NONE', #737, .T. ) ;
#3495 = VECTOR ( 'NONE', #1618, 1000.000000000000000 ) ;
#3496 = DIRECTION ( 'NONE',  ( 0.000000000000000000, 0.000000000000000000, 1.000000000000000000 ) ) ;
#3497 = DIRECTION ( 'NONE',  ( 0.000000000000000000, 0.000000000000000000, 1.000000000000000000 ) ) ;
#3498 = CIRCLE ( 'NONE', #1750, 0.1250000000000001110 ) ;
#3499 = DIRECTION ( 'NONE',  ( 0.000000000000000000, 0.000000000000000000, -1.000000000000000000 ) ) ;
#3500 = CARTESIAN_POINT ( 'NONE',  ( -1.791414999999999980, -1.750000000000000000, 0.3991465000000000152 ) ) ;
#3501 = VECTOR ( 'NONE', #5155, 1000.000000000000000 ) ;
#3502 = CARTESIAN_POINT ( 'NONE',  ( 2.229423999999999850, 2.000000000000000000, 0.2500269999999999992 ) ) ;
#3503 = CARTESIAN_POINT ( 'NONE',  ( -0.2500000000000000000, -0.7500000000000000000, 3.210705999999999616 ) ) ;
#3504 = ORIENTED_EDGE ( 'NONE', *, *, #5791, .F. ) ;
#3505 = AXIS2_PLACEMENT_3D ( 'NONE', #3714, #3315, #4138 ) ;
#3506 = DIRECTION ( 'NONE',  ( 0.000000000000000000, -1.000000000000000000, 0.000000000000000000 ) ) ;
#3507 = CARTESIAN_POINT ( 'NONE',  ( -2.218206999999999596, -1.750000000000000000, -0.1412950000000000039 ) ) ;
#3508 = DIRECTION ( 'NONE',  ( 0.000000000000000000, 0.000000000000000000, 1.000000000000000000 ) ) ;
#3509 = EDGE_LOOP ( 'NONE', ( #2237, #1863, #4281, #5552 ) ) ;
#3510 = FACE_OUTER_BOUND ( 'NONE', #2780, .T. ) ;
#3511 = VERTEX_POINT ( 'NONE', #419 ) ;
#3512 = ORIENTED_EDGE ( 'NONE', *, *, #5964, .F. ) ;
#3513 = CARTESIAN_POINT ( 'NONE',  ( -3.924999999999999822, 1.425000000000000044, 3.174999999999999822 ) ) ;
#3514 = CARTESIAN_POINT ( 'NONE',  ( -2.920707499999999790, 1.550000000000000044, 0.7982930000000000303 ) ) ;
#3515 = LINE ( 'NONE', #1974, #3579 ) ;
#3516 = ORIENTED_EDGE ( 'NONE', *, *, #943, .T. ) ;
#3517 = ORIENTED_EDGE ( 'NONE', *, *, #2181, .F. ) ;
#3518 = DIRECTION ( 'NONE',  ( 0.000000000000000000, 1.000000000000000000, 0.000000000000000000 ) ) ;
#3519 = EDGE_CURVE ( 'NONE', #5142, #121, #976, .T. ) ;
#3520 = CARTESIAN_POINT ( 'NONE',  ( -4.049999999999999822, -1.550000000000000044, 0.3250000000000000111 ) ) ;
#3521 = DIRECTION ( 'NONE',  ( 0.000000000000000000, 0.000000000000000000, -1.000000000000000000 ) ) ;
#3522 = ORIENTED_EDGE ( 'NONE', *, *, #3961, .T. ) ;
#3523 = DIRECTION ( 'NONE',  ( 0.000000000000000000, -1.000000000000000000, 0.000000000000000000 ) ) ;
#3524 = ORIENTED_EDGE ( 'NONE', *, *, #4043, .F. ) ;
#3525 = ADVANCED_FACE ( 'NONE', ( #1301 ), #4696, .T. ) ;
#3526 = DIRECTION ( 'NONE',  ( 0.000000000000000000, 1.000000000000000000, 0.000000000000000000 ) ) ;
#3527 = VECTOR ( 'NONE', #4194, 1000.000000000000000 ) ;
#3528 = LINE ( 'NONE', #5386, #291 ) ;
#3529 = DIRECTION ( 'NONE',  ( 0.000000000000000000, 1.000000000000000000, 0.000000000000000000 ) ) ;
#3530 = ORIENTED_EDGE ( 'NONE', *, *, #2705, .F. ) ;
#3531 = DIRECTION ( 'NONE',  ( 1.000000000000000000, 0.000000000000000000, 0.000000000000000000 ) ) ;
#3532 = CARTESIAN_POINT ( 'NONE',  ( -4.049999999999999822, -1.550000000000000044, 0.2000000000000000111 ) ) ;
#3533 = CARTESIAN_POINT ( 'NONE',  ( -2.217499999999999805, 1.000000000000000000, 0.2500269999999999992 ) ) ;
#3534 = ORIENTED_EDGE ( 'NONE', *, *, #1853, .F. ) ;
#3535 = AXIS2_PLACEMENT_3D ( 'NONE', #3061, #2668, #5927 ) ;
#3536 = LINE ( 'NONE', #4023, #4367 ) ;
#3537 = ORIENTED_EDGE ( 'NONE', *, *, #4812, .T. ) ;
#3538 = ORIENTED_EDGE ( 'NONE', *, *, #4678, .F. ) ;
#3539 = PLANE ( 'NONE',  #4177 ) ;
#3540 = DIRECTION ( 'NONE',  ( 0.000000000000000000, -1.000000000000000000, 2.200000000000000003E-16 ) ) ;
#3541 = FACE_OUTER_BOUND ( 'NONE', #4040, .T. ) ;
#3542 = ORIENTED_EDGE ( 'NONE', *, *, #414, .F. ) ;
#3543 = VERTEX_POINT ( 'NONE', #2445 ) ;
#3544 = PLANE ( 'NONE',  #2071 ) ;
#3545 = FACE_OUTER_BOUND ( 'NONE', #2021, .T. ) ;
#3546 = EDGE_CURVE ( 'NONE', #5821, #463, #1932, .T. ) ;
#3547 = CARTESIAN_POINT ( 'NONE',  ( 4.023581325558000188, -1.411690773069999905, 3.498891973764000074 ) ) ;
#3548 = EDGE_CURVE ( 'NONE', #3935, #3846, #1386, .T. ) ;
#3549 = EDGE_LOOP ( 'NONE', ( #1982, #4899, #2961, #4556, #1986 ) ) ;
#3550 = CARTESIAN_POINT ( 'NONE',  ( -2.217499999999999805, -1.550000000000000044, 0.3250000000000000111 ) ) ;
#3551 = ORIENTED_EDGE ( 'NONE', *, *, #2732, .T. ) ;
#3552 = CARTESIAN_POINT ( 'NONE',  ( -3.172874999999999890, 0.2250000000000000056, 0.2000000000000000111 ) ) ;
#3553 = EDGE_CURVE ( 'NONE', #3395, #4626, #592, .T. ) ;
#3554 = ORIENTED_EDGE ( 'NONE', *, *, #67, .T. ) ;
#3555 = EDGE_CURVE ( 'NONE', #436, #4357, #5182, .T. ) ;
#3556 = CARTESIAN_POINT ( 'NONE',  ( 4.250000000000000000, 1.550000000000000044, 0.7982930000000000303 ) ) ;
#3557 = CARTESIAN_POINT ( 'NONE',  ( 4.250000000000000000, -1.750000000000000000, 0.7982930000000000303 ) ) ;
#3558 = AXIS2_PLACEMENT_3D ( 'NONE', #4697, #420, #19 ) ;
#3559 = VERTEX_POINT ( 'NONE', #4758 ) ;
#3560 = DIRECTION ( 'NONE',  ( 1.000000000000000000, 0.000000000000000000, 0.000000000000000000 ) ) ;
#3561 = ADVANCED_FACE ( 'NONE', ( #4635 ), #18, .T. ) ;
#3562 = ADVANCED_FACE ( 'NONE', ( #5087 ), #5206, .F. ) ;
#3563 = CARTESIAN_POINT ( 'NONE',  ( -0.8750000000000000000, -0.1499999999999999944, 0.2000000000000000111 ) ) ;
#3564 = VECTOR ( 'NONE', #1762, 1000.000000000000000 ) ;
#3565 = ORIENTED_EDGE ( 'NONE', *, *, #4296, .T. ) ;
#3566 = CARTESIAN_POINT ( 'NONE',  ( -3.848344209621000100, 1.500000000000000000, 3.500000000000000000 ) ) ;
#3567 = VERTEX_POINT ( 'NONE', #957 ) ;
#3568 = ORIENTED_EDGE ( 'NONE', *, *, #2731, .T. ) ;
#3569 = LINE ( 'NONE', #323, #5246 ) ;
#3570 = CARTESIAN_POINT ( 'NONE',  ( -1.224999999999999867, -0.8249999999999999556, 3.500000000000000000 ) ) ;
#3571 = DIRECTION ( 'NONE',  ( 0.000000000000000000, 0.000000000000000000, 1.000000000000000000 ) ) ;
#3572 = CARTESIAN_POINT ( 'NONE',  ( 4.011969606392999488, 1.486319999999999864, 3.240583116454000212 ) ) ;
#3573 = ORIENTED_EDGE ( 'NONE', *, *, #4638, .T. ) ;
#3574 = ORIENTED_EDGE ( 'NONE', *, *, #1288, .T. ) ;
#3575 = CIRCLE ( 'NONE', #5995, 0.1250000000000001110 ) ;
#3576 = CARTESIAN_POINT ( 'NONE',  ( -2.500000000000000000, -0.1499999999999999944, -1.558787894279999975 ) ) ;
#3577 = CARTESIAN_POINT ( 'NONE',  ( 0.000000000000000000, -1.650500000000000078, 0.7075000000000000178 ) ) ;
#3578 = CIRCLE ( 'NONE', #1737, 0.1250000000000001110 ) ;
#3579 = VECTOR ( 'NONE', #1668, 1000.000000000000000 ) ;
#3580 = DIRECTION ( 'NONE',  ( -0.5773502691896257311, 0.5773502691896257311, 0.5773502691896257311 ) ) ;
#3581 = VERTEX_POINT ( 'NONE', #2775 ) ;
#3582 = CARTESIAN_POINT ( 'NONE',  ( -2.217499999999999805, -1.550000000000000044, 0.6690000000000000391 ) ) ;
#3583 = ORIENTED_EDGE ( 'NONE', *, *, #5348, .T. ) ;
#3584 = VECTOR ( 'NONE', #4000, 1000.000000000000000 ) ;
#3585 = VECTOR ( 'NONE', #3433, 1000.000000000000000 ) ;
#3586 = DIRECTION ( 'NONE',  ( 1.000000000000000000, 0.000000000000000000, 0.000000000000000000 ) ) ;
#3588 = ORIENTED_EDGE ( 'NONE', *, *, #4855, .F. ) ;
#3587 = VECTOR ( 'NONE', #5176, 1000.000000000000000 ) ;
#3589 = PLANE ( 'NONE',  #2129 ) ;
#3590 = CARTESIAN_POINT ( 'NONE',  ( -1.750000000000000000, -0.7500000000000000000, 6.010705999999999882 ) ) ;
#3591 = ORIENTED_EDGE ( 'NONE', *, *, #4597, .F. ) ;
#3592 = CARTESIAN_POINT ( 'NONE',  ( 3.966692479433999274, -1.528295832246000074, 3.498467189876000027 ) ) ;
#3593 = EDGE_CURVE ( 'NONE', #1891, #1697, #1416, .T. ) ;
#3594 = VECTOR ( 'NONE', #3721, 1000.000000000000000 ) ;
#3595 = CARTESIAN_POINT ( 'NONE',  ( 1.791398999999999964, 1.550000000000000044, 0.4595135000000000192 ) ) ;
#3596 = ORIENTED_EDGE ( 'NONE', *, *, #2070, .F. ) ;
#3597 = EDGE_LOOP ( 'NONE', ( #3334, #3099, #5948, #690, #5260 ) ) ;
#3598 = DIRECTION ( 'NONE',  ( -1.000000000000000000, 0.000000000000000000, 0.000000000000000000 ) ) ;
#3599 = EDGE_CURVE ( 'NONE', #4809, #479, #50, .T. ) ;
#3600 = FACE_OUTER_BOUND ( 'NONE', #1890, .T. ) ;
#3601 = CARTESIAN_POINT ( 'NONE',  ( 3.924999999999999822, 1.536262199996999867, 3.231971245833999973 ) ) ;
#3602 = LINE ( 'NONE', #5947, #2686 ) ;
#3603 = ORIENTED_EDGE ( 'NONE', *, *, #3114, .T. ) ;
#3604 = ORIENTED_EDGE ( 'NONE', *, *, #3332, .T. ) ;
#3605 = DIRECTION ( 'NONE',  ( 1.000000000000000000, 0.000000000000000000, 0.000000000000000000 ) ) ;
#3606 = CARTESIAN_POINT ( 'NONE',  ( 2.229423999999999850, 2.000000000000000000, 0.2500269999999999992 ) ) ;
#3607 = CARTESIAN_POINT ( 'NONE',  ( 3.825703288041999883, 1.446453104571999715, 3.298323991411999945 ) ) ;
#3608 = ORIENTED_EDGE ( 'NONE', *, *, #5071, .F. ) ;
#3609 = CARTESIAN_POINT ( 'NONE',  ( 4.033925927124999866, 1.486319999999999864, 3.174999999999999822 ) ) ;
#3610 = CARTESIAN_POINT ( 'NONE',  ( 4.049999999999999822, -1.550000000000000044, 0.2000000000000000111 ) ) ;
#3611 = DIRECTION ( 'NONE',  ( 0.000000000000000000, 0.000000000000000000, 1.000000000000000000 ) ) ;
#3612 = EDGE_CURVE ( 'NONE', #3083, #4428, #402, .T. ) ;
#3613 = ORIENTED_EDGE ( 'NONE', *, *, #1779, .T. ) ;
#3614 = DIRECTION ( 'NONE',  ( 0.000000000000000000, 1.000000000000000000, 0.000000000000000000 ) ) ;
#3615 = DIRECTION ( 'NONE',  ( 0.000000000000000000, 0.000000000000000000, -1.000000000000000000 ) ) ;
#3616 = ORIENTED_EDGE ( 'NONE', *, *, #2147, .F. ) ;
#3617 = CARTESIAN_POINT ( 'NONE',  ( 3.895687823724999888, -1.533608080278000108, 3.497744781978999740 ) ) ;
#3618 = CARTESIAN_POINT ( 'NONE',  ( 3.161627999999999883, 1.550000000000000044, 0.7982930000000000303 ) ) ;
#3619 = VECTOR ( 'NONE', #4421, 1000.000000000000000 ) ;
#3620 = EDGE_CURVE ( 'NONE', #1363, #4751, #1364, .T. ) ;
#3621 = FACE_OUTER_BOUND ( 'NONE', #4621, .T. ) ;
#3622 = VERTEX_POINT ( 'NONE', #605 ) ;
#3623 = ORIENTED_EDGE ( 'NONE', *, *, #1439, .T. ) ;
#3624 = AXIS2_PLACEMENT_3D ( 'NONE', #87, #1423, #453 ) ;
#3625 = EDGE_CURVE ( 'NONE', #5815, #1868, #2354, .T. ) ;
#3626 = PLANE ( 'NONE',  #5349 ) ;
#3627 = EDGE_CURVE ( 'NONE', #3341, #3327, #115, .T. ) ;
#3628 = EDGE_CURVE ( 'NONE', #3201, #4474, #2837, .T. ) ;
#3629 = DIRECTION ( 'NONE',  ( 0.000000000000000000, -1.000000000000000000, 2.200000000000000003E-16 ) ) ;
#3630 = CARTESIAN_POINT ( 'NONE',  ( -2.217853499999999922, -1.550000000000000044, 0.2500269999999999992 ) ) ;
#3631 = ORIENTED_EDGE ( 'NONE', *, *, #1595, .F. ) ;
#3632 = ORIENTED_EDGE ( 'NONE', *, *, #2436, .F. ) ;
#3633 = DIRECTION ( 'NONE',  ( 0.000000000000000000, 0.000000000000000000, -1.000000000000000000 ) ) ;
#3634 = EDGE_CURVE ( 'NONE', #479, #5831, #3842, .T. ) ;
#3635 = LINE ( 'NONE', #4496, #4814 ) ;
#3636 = ORIENTED_EDGE ( 'NONE', *, *, #189, .T. ) ;
#3637 = CARTESIAN_POINT ( 'NONE',  ( -2.125000000000000000, 0.1499999999999999944, 0.2000000000000000111 ) ) ;
#3638 = CARTESIAN_POINT ( 'NONE',  ( 2.229423999999999850, -1.750000000000000000, 0.2500000000000000000 ) ) ;
#3639 = FACE_OUTER_BOUND ( 'NONE', #5841, .T. ) ;
#3640 = EDGE_CURVE ( 'NONE', #5373, #1891, #3321, .T. ) ;
#3641 = CARTESIAN_POINT ( 'NONE',  ( 3.230900000000000105, 1.489999999999999991, 0.2000000000000000111 ) ) ;
#3642 = ORIENTED_EDGE ( 'NONE', *, *, #599, .T. ) ;
#3643 = LINE ( 'NONE', #1769, #4639 ) ;
#3644 = CARTESIAN_POINT ( 'NONE',  ( -4.014678137882000009, 1.388652331402999929, 3.499699877615999988 ) ) ;
#3645 = ORIENTED_EDGE ( 'NONE', *, *, #1394, .T. ) ;
#3646 = CARTESIAN_POINT ( 'NONE',  ( 3.975838343372999795, -1.523218772023999801, 3.498992791322999896 ) ) ;
#3647 = DIRECTION ( 'NONE',  ( 0.000000000000000000, 1.000000000000000000, -2.200000000000000003E-16 ) ) ;
#3648 = ORIENTED_EDGE ( 'NONE', *, *, #1666, .T. ) ;
#3649 = CARTESIAN_POINT ( 'NONE',  ( -4.049999999999999822, 1.489999999999999991, 0.2182292174799999873 ) ) ;
#3650 = ORIENTED_EDGE ( 'NONE', *, *, #403, .F. ) ;
#3651 = ORIENTED_EDGE ( 'NONE', *, *, #5392, .T. ) ;
#3652 = PLANE ( 'NONE',  #2723 ) ;
#3653 = VECTOR ( 'NONE', #4348, 1000.000000000000000 ) ;
#3654 = DIRECTION ( 'NONE',  ( 0.000000000000000000, 0.000000000000000000, 1.000000000000000000 ) ) ;
#3655 = FACE_OUTER_BOUND ( 'NONE', #2172, .T. ) ;
#3656 = ORIENTED_EDGE ( 'NONE', *, *, #477, .F. ) ;
#3657 = ORIENTED_EDGE ( 'NONE', *, *, #846, .T. ) ;
#3658 = CARTESIAN_POINT ( 'NONE',  ( -4.250000000000000000, 1.550000000000000044, 0.2000000000000000111 ) ) ;
#3659 = DIRECTION ( 'NONE',  ( 1.000000000000000000, 0.000000000000000000, 0.000000000000000000 ) ) ;
#3660 = AXIS2_PLACEMENT_3D ( 'NONE', #5892, #1612, #3059 ) ;
#3661 = CARTESIAN_POINT ( 'NONE',  ( -1.800000000000000044, 0.8249999999999999556, 3.299999999999999822 ) ) ;
#3662 = ORIENTED_EDGE ( 'NONE', *, *, #3599, .F. ) ;
#3663 = DIRECTION ( 'NONE',  ( 1.000000000000000000, 0.000000000000000000, 0.000000000000000000 ) ) ;
#3664 = LINE ( 'NONE', #5123, #1841 ) ;
#3665 = VECTOR ( 'NONE', #1517, 1000.000000000000000 ) ;
#3666 = CARTESIAN_POINT ( 'NONE',  ( 4.033925927124999866, -1.486319999999999864, 0.2000000000000000111 ) ) ;
#3667 = AXIS2_PLACEMENT_3D ( 'NONE', #249, #220, #3499 ) ;
#3668 = VECTOR ( 'NONE', #21, 1000.000000000000000 ) ;
#3669 = ORIENTED_EDGE ( 'NONE', *, *, #3243, .F. ) ;
#3670 = LINE ( 'NONE', #3183, #2305 ) ;
#3671 = CIRCLE ( 'NONE', #5223, 0.09999999999999982514 ) ;
#3672 = PLANE ( 'NONE',  #1148 ) ;
#3673 = VECTOR ( 'NONE', #537, 1000.000000000000000 ) ;
#3674 = ORIENTED_EDGE ( 'NONE', *, *, #4223, .F. ) ;
#3675 = DIRECTION ( 'NONE',  ( 0.000000000000000000, 0.000000000000000000, -1.000000000000000000 ) ) ;
#3676 = EDGE_CURVE ( 'NONE', #2632, #1688, #567, .T. ) ;
#3677 = DIRECTION ( 'NONE',  ( 0.000000000000000000, -1.000000000000000000, 2.200000000000000003E-16 ) ) ;
#3678 = CIRCLE ( 'NONE', #2417, 0.1250000000000001110 ) ;
#3679 = CIRCLE ( 'NONE', #4160, 0.09999999999999982514 ) ;
#3680 = UNCERTAINTY_MEASURE_WITH_UNIT (LENGTH_MEASURE( 1.000000000000000082E-05 ), #1151, 'distance_accuracy_value', 'NONE');
#3681 = LINE ( 'NONE', #1496, #4750 ) ;
#3682 = ORIENTED_EDGE ( 'NONE', *, *, #5264, .T. ) ;
#3683 = ORIENTED_EDGE ( 'NONE', *, *, #713, .T. ) ;
#3684 = VECTOR ( 'NONE', #106, 1000.000000000000000 ) ;
#3685 = DIRECTION ( 'NONE',  ( 0.000000000000000000, -1.000000000000000000, 2.200000000000000003E-16 ) ) ;
#3686 = VECTOR ( 'NONE', #5649, 1000.000000000000000 ) ;
#3687 = DIRECTION ( 'NONE',  ( 1.000000000000000000, 0.000000000000000000, 0.000000000000000000 ) ) ;
#3688 = CARTESIAN_POINT ( 'NONE',  ( 3.948262037889000098, 1.337769795392000027, 3.298720722820999818 ) ) ;
#3689 = VERTEX_POINT ( 'NONE', #1964 ) ;
#3690 = ORIENTED_EDGE ( 'NONE', *, *, #3455, .T. ) ;
#3691 = PLANE ( 'NONE',  #206 ) ;
#3692 = VECTOR ( 'NONE', #4026, 1000.000000000000000 ) ;
#3693 = CARTESIAN_POINT ( 'NONE',  ( -4.250000000000000000, -1.750000000000000000, 0.2500000000000000000 ) ) ;
#3694 = PLANE ( 'NONE',  #1347 ) ;
#3695 = ORIENTED_EDGE ( 'NONE', *, *, #5352, .F. ) ;
#3696 = EDGE_CURVE ( 'NONE', #2377, #1807, #1560, .T. ) ;
#3697 = CARTESIAN_POINT ( 'NONE',  ( 4.024763699764998925, 1.425000000000000044, 3.250314037264999900 ) ) ;
#3698 = DIRECTION ( 'NONE',  ( 0.000000000000000000, 0.000000000000000000, 1.000000000000000000 ) ) ;
#3699 = FACE_OUTER_BOUND ( 'NONE', #1095, .T. ) ;
#3700 = ORIENTED_EDGE ( 'NONE', *, *, #440, .F. ) ;
#3701 = CARTESIAN_POINT ( 'NONE',  ( -2.217499999999999805, -1.550000000000000044, 0.6690000000000000391 ) ) ;
#3702 = CARTESIAN_POINT ( 'NONE',  ( 4.000000000000000000, -1.750000000000000000, 3.500000000000000000 ) ) ;
#3703 = ADVANCED_FACE ( 'NONE', ( #5700 ), #237, .T. ) ;
#3704 = ORIENTED_EDGE ( 'NONE', *, *, #2524, .T. ) ;
#3705 = CARTESIAN_POINT ( 'NONE',  ( -3.984144000000000130, 1.943159999999999998, 0.7982930000000000303 ) ) ;
#3706 = LINE ( 'NONE', #4288, #4738 ) ;
#3707 = ADVANCED_FACE ( 'NONE', ( #4368 ), #2084, .F. ) ;
#3708 = EDGE_CURVE ( 'NONE', #5198, #1172, #1533, .T. ) ;
#3709 = EDGE_LOOP ( 'NONE', ( #3808, #2279, #2442, #4975 ) ) ;
#3710 = DIRECTION ( 'NONE',  ( 1.000000000000000000, 0.000000000000000000, 0.000000000000000000 ) ) ;
#3711 = CARTESIAN_POINT ( 'NONE',  ( -3.925399999999999778, 1.436262999999999845, 3.299999999999999822 ) ) ;
#3712 = ORIENTED_EDGE ( 'NONE', *, *, #405, .T. ) ;
#3713 = ORIENTED_EDGE ( 'NONE', *, *, #3323, .F. ) ;
#3714 = CARTESIAN_POINT ( 'NONE',  ( 2.228499999999999925, 3.100000000000000083E-16, 0.3948499999999999788 ) ) ;
#3715 = CARTESIAN_POINT ( 'NONE',  ( -0.2500000000000000000, -0.7500000000000000000, 3.210705999999999616 ) ) ;
#3716 = VECTOR ( 'NONE', #1829, 1000.000000000000000 ) ;
#3717 = CARTESIAN_POINT ( 'NONE',  ( 3.827212095255000168, -1.456533634689000101, 3.296176428594000285 ) ) ;
#3718 = DIRECTION ( 'NONE',  ( 0.000000000000000000, 0.000000000000000000, 1.000000000000000000 ) ) ;
#3719 = ORIENTED_EDGE ( 'NONE', *, *, #2927, .F. ) ;
#3720 = VERTEX_POINT ( 'NONE', #2571 ) ;
#3721 = DIRECTION ( 'NONE',  ( 0.000000000000000000, 1.000000000000000000, 0.000000000000000000 ) ) ;
#3722 = DIRECTION ( 'NONE',  ( 0.000000000000000000, 2.200000000000000003E-16, 1.000000000000000000 ) ) ;
#3723 = LINE ( 'NONE', #3297, #2605 ) ;
#3724 = LINE ( 'NONE', #3637, #3866 ) ;
#3725 = VERTEX_POINT ( 'NONE', #3386 ) ;
#3726 = CARTESIAN_POINT ( 'NONE',  ( -4.250000000000000000, -1.750000000000000000, 3.500000000000000000 ) ) ;
#3727 = PLANE ( 'NONE',  #2715 ) ;
#3728 = DIRECTION ( 'NONE',  ( 0.000000000000000000, -1.000000000000000000, 0.000000000000000000 ) ) ;
#3729 = ORIENTED_EDGE ( 'NONE', *, *, #2562, .F. ) ;
#3730 = CARTESIAN_POINT ( 'NONE',  ( -1.730900000000000105, -1.750000000000000000, 0.1345630000000000159 ) ) ;
#3731 = CARTESIAN_POINT ( 'NONE',  ( 3.825400000000000134, -1.436262999999999845, 3.299491545218999899 ) ) ;
#3732 = ORIENTED_EDGE ( 'NONE', *, *, #3612, .T. ) ;
#3733 = CARTESIAN_POINT ( 'NONE',  ( 3.848344209620000456, -1.500000000000000000, 3.500000000000000000 ) ) ;
#3734 = CARTESIAN_POINT ( 'NONE',  ( -0.5441859999999999475, -1.750000000000000000, 0.7982930000000000303 ) ) ;
#3735 = EDGE_CURVE ( 'NONE', #1718, #533, #1080, .T. ) ;
#3736 = EDGE_CURVE ( 'NONE', #1195, #4548, #4573, .T. ) ;
#3737 = CARTESIAN_POINT ( 'NONE',  ( -3.984144000000000130, -1.535122601059000003, 0.2000000000000000111 ) ) ;
#3738 = DIRECTION ( 'NONE',  ( 1.000000000000000000, 0.000000000000000000, 0.000000000000000000 ) ) ;
#3739 = EDGE_CURVE ( 'NONE', #5800, #3131, #205, .T. ) ;
#3741 = EDGE_CURVE ( 'NONE', #2820, #109, #4172, .T. ) ;
#3740 = EDGE_LOOP ( 'NONE', ( #343, #1771, #2804, #3450 ) ) ;
#3742 = ORIENTED_EDGE ( 'NONE', *, *, #2665, .F. ) ;
#3743 = DIRECTION ( 'NONE',  ( -1.000000000000000000, 0.000000000000000000, 0.000000000000000000 ) ) ;
#3744 = LINE ( 'NONE', #3715, #5534 ) ;
#3745 = ORIENTED_EDGE ( 'NONE', *, *, #3409, .F. ) ;
#3746 = EDGE_CURVE ( 'NONE', #462, #5507, #4402, .T. ) ;
#3747 = CARTESIAN_POINT ( 'NONE',  ( 3.849507433863000205, -1.502719201952000150, 3.273733093022999974 ) ) ;
#3748 = CARTESIAN_POINT ( 'NONE',  ( 4.023367822595999677, 1.416112383091999938, 3.252131071498999937 ) ) ;
#3749 = ORIENTED_EDGE ( 'NONE', *, *, #542, .T. ) ;
#3750 = EDGE_LOOP ( 'NONE', ( #2625, #454, #3941, #3271, #5197, #3608, #4609, #78, #2111 ) ) ;
#3751 = CARTESIAN_POINT ( 'NONE',  ( -4.250000000000000000, -1.750000000000000000, 3.250000000000000000 ) ) ;
#3752 = VECTOR ( 'NONE', #2776, 1000.000000000000000 ) ;
#3753 = DIRECTION ( 'NONE',  ( 1.000000000000000000, 0.000000000000000000, 0.000000000000000000 ) ) ;
#3754 = VECTOR ( 'NONE', #4492, 1000.000000000000000 ) ;
#3755 = CARTESIAN_POINT ( 'NONE',  ( -3.172874999999999890, -1.425000000000000044, 0.3250000000000000111 ) ) ;
#3756 = CARTESIAN_POINT ( 'NONE',  ( -0.9674124057519999376, -1.749976854061999987, 1.641000000000000014 ) ) ;
#3757 = ORIENTED_EDGE ( 'NONE', *, *, #1096, .T. ) ;
#3758 = DIRECTION ( 'NONE',  ( 0.000000000000000000, 0.000000000000000000, 1.000000000000000000 ) ) ;
#3759 = CARTESIAN_POINT ( 'NONE',  ( -4.250000000000000000, -1.750000000000000000, 0.7982930000000000303 ) ) ;
#3760 = ORIENTED_EDGE ( 'NONE', *, *, #2041, .T. ) ;
#3761 = PLANE ( 'NONE',  #1733 ) ;
#3762 = CARTESIAN_POINT ( 'NONE',  ( -3.825400000000000134, 1.436262999999999845, 3.648434999999999651 ) ) ;
#3763 = VECTOR ( 'NONE', #3364, 1000.000000000000000 ) ;
#3764 = VECTOR ( 'NONE', #5775, 1000.000000000000000 ) ;
#3765 = LINE ( 'NONE', #1464, #332 ) ;
#3766 = LINE ( 'NONE', #6, #2988 ) ;
#3767 = VECTOR ( 'NONE', #173, 1000.000000000000000 ) ;
#3768 = DIRECTION ( 'NONE',  ( 1.000000000000000000, 0.000000000000000000, 0.000000000000000000 ) ) ;
#3769 = CARTESIAN_POINT ( 'NONE',  ( 0.1007989999999999997, -0.9499999999999999556, 0.000000000000000000 ) ) ;
#3770 = ORIENTED_EDGE ( 'NONE', *, *, #1554, .F. ) ;
#3771 = ORIENTED_EDGE ( 'NONE', *, *, #2283, .T. ) ;
#3772 = ADVANCED_FACE ( 'NONE', ( #4456 ), #633, .T. ) ;
#3773 = CARTESIAN_POINT ( 'NONE',  ( -2.218206999999999596, -0.9499999999999999556, -0.4726099999999999746 ) ) ;
#3774 = DIRECTION ( 'NONE',  ( 0.000000000000000000, 0.000000000000000000, 1.000000000000000000 ) ) ;
#3775 = EDGE_CURVE ( 'NONE', #623, #1420, #1630, .T. ) ;
#3776 = CIRCLE ( 'NONE', #3969, 0.09999999999999982514 ) ;
#3777 = VECTOR ( 'NONE', #1101, 1000.000000000000000 ) ;
#3778 = CLOSED_SHELL ( 'NONE', ( #1513, #5484, #1559, #719, #4522, #3064, #3173, #1840, #32, #2742, #1914, #2708, #1138, #3211, #3363, #822, #5414, #5077, #2622, #2157, #5166, #2635, #4668, #997, #4945, #4675, #2693, #5711, #2568, #2225, #4424, #1860, #3333, #5263, #185, #2373, #2365, #585, #1993, #4520, #4049, #4605, #1402, #685, #333, #4189, #4624, #5975, #3250, #788, #5, #2252, #1923, #5459, #4252, #4312, #3703, #2005, #4906, #2696, #3772, #74, #3525, #4711, #4450, #2739, #4044, #5106, #1116, #5756, #2336, #2260, #1710, #3707, #5357, #3172, #1704, #4150, #3103, #3447, #1436, #5869, #4310, #4309, #5163, #545, #3002, #1673, #1328, #5381, #2470, #5801, #27, #3999, #1230, #3972, #4278, #4701, #5982, #5045, #5272, #1365, #2958, #4416, #1745, #855, #3562, #5075, #2282, #1713, #4222, #5718, #2487, #5154, #4178, #643, #1628, #5528, #4785, #5905, #480, #3005, #2002, #3170, #2810, #2448, #915, #4073, #2806, #3977, #5532, #2404, #3456, #2102, #1811, #3855, #4504, #3931, #600, #1640, #5705, #3561, #1589, #2291, #140, #1852, #1887, #2517, #776, #1310, #1107, #4527, #4253, #1338, #5421, #5793, #5215, #2298, #2183, #1447, #363, #4867, #2277, #3402, #3480, #2289, #5419, #5522, #1145 ) ) ;
#3779 = CYLINDRICAL_SURFACE ( 'NONE', #3000, 0.1250000000000001110 ) ;
#3780 = CARTESIAN_POINT ( 'NONE',  ( 4.023930581242000315, 1.419034265316000187, 3.251407743136000228 ) ) ;
#3781 = EDGE_LOOP ( 'NONE', ( #4314, #3469, #3944, #2503, #3834, #3845 ) ) ;
#3782 = ORIENTED_EDGE ( 'NONE', *, *, #370, .T. ) ;
#3783 = EDGE_CURVE ( 'NONE', #5402, #5584, #2815, .T. ) ;
#3784 = CARTESIAN_POINT ( 'NONE',  ( -2.750000000000000000, 0.7500000000000000000, 3.285203000000000095 ) ) ;
#3785 = EDGE_CURVE ( 'NONE', #2090, #1758, #2915, .T. ) ;
#3786 = LINE ( 'NONE', #319, #1812 ) ;
#3787 = AXIS2_PLACEMENT_3D ( 'NONE', #2295, #2816, #4151 ) ;
#3788 = VECTOR ( 'NONE', #1413, 1000.000000000000000 ) ;
#3789 = CARTESIAN_POINT ( 'NONE',  ( -3.946599196382000407, -1.534900398877000027, 3.497555733436000125 ) ) ;
#3790 = CARTESIAN_POINT ( 'NONE',  ( -0.9676375000000000393, -1.750000000000000000, 1.641000000000000014 ) ) ;
#3791 = ORIENTED_EDGE ( 'NONE', *, *, #3634, .F. ) ;
#3792 = AXIS2_PLACEMENT_3D ( 'NONE', #3248, #5175, #947 ) ;
#3793 = CARTESIAN_POINT ( 'NONE',  ( 1.730900000000000105, 1.750000000000000000, 0.7982930000000000303 ) ) ;
#3794 = ORIENTED_EDGE ( 'NONE', *, *, #135, .F. ) ;
#3795 = CARTESIAN_POINT ( 'NONE',  ( 3.956671715403000000, 1.531416259401999991, 3.232702875685000254 ) ) ;
#3796 = DIRECTION ( 'NONE',  ( 0.000000000000000000, 1.000000000000000000, 0.000000000000000000 ) ) ;
#3797 = PLANE ( 'NONE',  #4737 ) ;
#3798 = DIRECTION ( 'NONE',  ( 1.000000000000000000, 0.000000000000000000, 0.000000000000000000 ) ) ;
#3799 = DIRECTION ( 'NONE',  ( 0.000000000000000000, 0.000000000000000000, -1.000000000000000000 ) ) ;
#3800 = ORIENTED_EDGE ( 'NONE', *, *, #1915, .F. ) ;
#3801 = CARTESIAN_POINT ( 'NONE',  ( -2.750000000000000000, -0.7500000000000000000, 3.285203000000000095 ) ) ;
#3802 = CARTESIAN_POINT ( 'NONE',  ( 3.161627999999999883, 2.000000000000000000, 0.7982930000000000303 ) ) ;
#3803 = VERTEX_POINT ( 'NONE', #1664 ) ;
#3804 = ORIENTED_EDGE ( 'NONE', *, *, #744, .T. ) ;
#3805 = PLANE ( 'NONE',  #5740 ) ;
#3806 = DIRECTION ( 'NONE',  ( 0.000000000000000000, 0.000000000000000000, -1.000000000000000000 ) ) ;
#3807 = EDGE_CURVE ( 'NONE', #4161, #909, #662, .T. ) ;
#3808 = ORIENTED_EDGE ( 'NONE', *, *, #4984, .T. ) ;
#3809 = CARTESIAN_POINT ( 'NONE',  ( -3.984144000000000130, -1.750000000000000000, -0.1499999999999999944 ) ) ;
#3810 = CARTESIAN_POINT ( 'NONE',  ( -3.172874999999999890, 2.000000000000000000, 0.7982930000000000303 ) ) ;
#3811 = ORIENTED_EDGE ( 'NONE', *, *, #3147, .F. ) ;
#3812 = EDGE_LOOP ( 'NONE', ( #4815, #4442, #139, #4535 ) ) ;
#3813 = EDGE_CURVE ( 'NONE', #4832, #470, #884, .T. ) ;
#3814 = DIRECTION ( 'NONE',  ( 0.000000000000000000, -1.000000000000000000, 2.200000000000000003E-16 ) ) ;
#3815 = LINE ( 'NONE', #4449, #553 ) ;
#3816 = EDGE_CURVE ( 'NONE', #362, #4599, #293, .T. ) ;
#3817 = VECTOR ( 'NONE', #1196, 1000.000000000000000 ) ;
#3818 = CARTESIAN_POINT ( 'NONE',  ( -3.910549298403999785, -1.536281876845999816, 3.497353240892000059 ) ) ;
#3819 = CARTESIAN_POINT ( 'NONE',  ( -0.4500000000000000111, -0.5500000000000000444, 6.210706000000000060 ) ) ;
#3820 = VERTEX_POINT ( 'NONE', #3477 ) ;
#3821 = DIRECTION ( 'NONE',  ( 0.9947547844760413760, 0.1022884097150042471, -2.000000000000085808E-17 ) ) ;
#3822 = EDGE_CURVE ( 'NONE', #4487, #1142, #3874, .T. ) ;
#3823 = VECTOR ( 'NONE', #5346, 1000.000000000000114 ) ;
#3824 = CARTESIAN_POINT ( 'NONE',  ( -0.4811624057520000330, -1.601023145937999992, 1.641000000000000014 ) ) ;
#3825 = AXIS2_PLACEMENT_3D ( 'NONE', #5382, #2642, #337 ) ;
#3826 = LINE ( 'NONE', #5400, #3483 ) ;
#3827 = EDGE_CURVE ( 'NONE', #5503, #4583, #2145, .T. ) ;
#3828 = PLANE ( 'NONE',  #4147 ) ;
#3829 = CARTESIAN_POINT ( 'NONE',  ( -3.828410441497000161, -1.461484456205999871, 3.294741368805000459 ) ) ;
#3830 = DIRECTION ( 'NONE',  ( 0.000000000000000000, 0.000000000000000000, 1.000000000000000000 ) ) ;
#3831 = DIRECTION ( 'NONE',  ( 0.000000000000000000, 0.000000000000000000, -1.000000000000000000 ) ) ;
#3832 = CARTESIAN_POINT ( 'NONE',  ( 3.966397840716000101, -1.528446571603999882, 3.233222305776000116 ) ) ;
#3833 = CARTESIAN_POINT ( 'NONE',  ( 4.025606393227000979, -1.432434354979999824, 3.249197775003999755 ) ) ;
#3834 = ORIENTED_EDGE ( 'NONE', *, *, #5560, .F. ) ;
#3835 = EDGE_LOOP ( 'NONE', ( #899, #2643, #321, #5016 ) ) ;
#3836 = CARTESIAN_POINT ( 'NONE',  ( -3.825400000000000134, 1.436262999999999845, 3.299491545218999899 ) ) ;
#3837 = ORIENTED_EDGE ( 'NONE', *, *, #516, .T. ) ;
#3838 = CARTESIAN_POINT ( 'NONE',  ( -4.024397188044000373, -1.421999075186999972, 3.250798344717999999 ) ) ;
#3839 = PLANE ( 'NONE',  #4380 ) ;
#3840 = ORIENTED_EDGE ( 'NONE', *, *, #3014, .T. ) ;
#3841 = ORIENTED_EDGE ( 'NONE', *, *, #3775, .T. ) ;
#3842 = LINE ( 'NONE', #3784, #3686 ) ;
#3843 = CARTESIAN_POINT ( 'NONE',  ( -3.956875466507999928, -1.532228937203000019, 3.497947197547000009 ) ) ;
#3844 = CARTESIAN_POINT ( 'NONE',  ( -3.750000000000000000, 1.399999999999999911, 0.7982930000000000303 ) ) ;
#3845 = ORIENTED_EDGE ( 'NONE', *, *, #3416, .T. ) ;
#3846 = VERTEX_POINT ( 'NONE', #1106 ) ;
#3847 = EDGE_CURVE ( 'NONE', #4206, #5810, #5909, .T. ) ;
#3848 = DIRECTION ( 'NONE',  ( 0.000000000000000000, 0.000000000000000000, 1.000000000000000000 ) ) ;
#3849 = VECTOR ( 'NONE', #1157, 1000.000000000000000 ) ;
#3850 = ORIENTED_EDGE ( 'NONE', *, *, #3889, .T. ) ;
#3851 = DIRECTION ( 'NONE',  ( 1.000000000000000000, 0.000000000000000000, 0.000000000000000000 ) ) ;
#3852 = DIRECTION ( 'NONE',  ( 0.000000000000000000, 0.000000000000000000, 1.000000000000000000 ) ) ;
#3853 = DIRECTION ( 'NONE',  ( 1.000000000000000000, 0.000000000000000000, 0.000000000000000000 ) ) ;
#3854 = FACE_OUTER_BOUND ( 'NONE', #5367, .T. ) ;
#3855 = ADVANCED_FACE ( 'NONE', ( #5883 ), #3652, .F. ) ;
#3856 = ORIENTED_EDGE ( 'NONE', *, *, #2917, .T. ) ;
#3857 = CARTESIAN_POINT ( 'NONE',  ( 3.956483858056000447, -1.532371353629999877, 3.232520822637000357 ) ) ;
#3858 = FACE_OUTER_BOUND ( 'NONE', #4764, .T. ) ;
#3859 = AXIS2_PLACEMENT_3D ( 'NONE', #3397, #5252, #1087 ) ;
#3860 = EDGE_CURVE ( 'NONE', #3174, #3964, #5457, .T. ) ;
#3861 = ORIENTED_EDGE ( 'NONE', *, *, #5863, .F. ) ;
#3862 = ORIENTED_EDGE ( 'NONE', *, *, #334, .F. ) ;
#3863 = CARTESIAN_POINT ( 'NONE',  ( 2.229423999999999850, -1.489999999999999991, 0.1595765000000000100 ) ) ;
#3864 = LINE ( 'NONE', #1588, #2325 ) ;
#3865 = VECTOR ( 'NONE', #2449, 1000.000000000000000 ) ;
#3866 = VECTOR ( 'NONE', #5008, 1000.000000000000000 ) ;
#3867 = ORIENTED_EDGE ( 'NONE', *, *, #1377, .F. ) ;
#3868 = PLANE ( 'NONE',  #4561 ) ;
#3869 = CARTESIAN_POINT ( 'NONE',  ( -2.125000000000000000, -0.1499999999999999944, 0.2000000000000000111 ) ) ;
#3870 = ORIENTED_EDGE ( 'NONE', *, *, #959, .T. ) ;
#3871 = ORIENTED_EDGE ( 'NONE', *, *, #1411, .T. ) ;
#3872 = VECTOR ( 'NONE', #4352, 1000.000000000000000 ) ;
#3873 = AXIS2_PLACEMENT_3D ( 'NONE', #4270, #2833, #1044 ) ;
#3874 = LINE ( 'NONE', #5368, #1075 ) ;
#3875 = AXIS2_PLACEMENT_3D ( 'NONE', #163, #1074, #44 ) ;
#3876 = CYLINDRICAL_SURFACE ( 'NONE', #3491, 0.09999999999999982514 ) ;
#3877 = CARTESIAN_POINT ( 'NONE',  ( -4.250000000000000000, 1.750000000000000000, 0.2500000000000000000 ) ) ;
#3878 = ORIENTED_EDGE ( 'NONE', *, *, #5871, .T. ) ;
#3879 = DIRECTION ( 'NONE',  ( -0.000000000000000000, 1.000000000000000000, 0.000000000000000000 ) ) ;
#3880 = CARTESIAN_POINT ( 'NONE',  ( 4.250000000000000000, 1.486319999999999864, 3.250000000000000000 ) ) ;
#3881 = DIRECTION ( 'NONE',  ( 0.000000000000000000, 0.000000000000000000, 1.000000000000000000 ) ) ;
#3882 = ORIENTED_EDGE ( 'NONE', *, *, #2959, .F. ) ;
#3883 = CARTESIAN_POINT ( 'NONE',  ( 3.750000000000000000, -1.399999999999999911, 0.7982930000000000303 ) ) ;
#3884 = EDGE_CURVE ( 'NONE', #3092, #2884, #5054, .T. ) ;
#3885 = ORIENTED_EDGE ( 'NONE', *, *, #3376, .T. ) ;
#3886 = DIRECTION ( 'NONE',  ( 0.000000000000000000, 0.000000000000000000, 1.000000000000000000 ) ) ;
#3887 = CARTESIAN_POINT ( 'NONE',  ( -3.901469443028999784, 1.533427734450000024, 3.237228367421999931 ) ) ;
#3888 = LINE ( 'NONE', #218, #3763 ) ;
#3889 = EDGE_CURVE ( 'NONE', #3246, #4211, #3139, .T. ) ;
#3890 = CARTESIAN_POINT ( 'NONE',  ( 3.825400000000000134, -1.436262999999999845, 3.299491545218999899 ) ) ;
#3891 = LINE ( 'NONE', #3430, #4050 ) ;
#3892 = CARTESIAN_POINT ( 'NONE',  ( -3.956671715406000267, 1.531416259400999902, 3.232702875685000254 ) ) ;
#3893 = LINE ( 'NONE', #2100, #2799 ) ;
#3894 = ORIENTED_EDGE ( 'NONE', *, *, #4902, .F. ) ;
#3895 = ORIENTED_EDGE ( 'NONE', *, *, #1108, .F. ) ;
#3896 = EDGE_CURVE ( 'NONE', #5198, #1054, #5426, .T. ) ;
#3897 = FACE_OUTER_BOUND ( 'NONE', #5494, .T. ) ;
#3898 = CARTESIAN_POINT ( 'NONE',  ( 2.228499999999999925, 1.550000000000000044, 0.3250000000000000111 ) ) ;
#3899 = EDGE_CURVE ( 'NONE', #591, #4486, #5968, .T. ) ;
#3900 = AXIS2_PLACEMENT_3D ( 'NONE', #742, #1186, #5009 ) ;
#3901 = DIRECTION ( 'NONE',  ( 0.000000000000000000, 0.000000000000000000, 1.000000000000000000 ) ) ;
#3902 = DIRECTION ( 'NONE',  ( 0.000000000000000000, 2.200000000000000003E-16, 1.000000000000000000 ) ) ;
#3903 = EDGE_CURVE ( 'NONE', #5173, #2256, #4934, .T. ) ;
#3904 = VERTEX_POINT ( 'NONE', #4488 ) ;
#3905 = ORIENTED_EDGE ( 'NONE', *, *, #2664, .F. ) ;
#3906 = DIRECTION ( 'NONE',  ( 0.000000000000000000, 0.000000000000000000, 1.000000000000000000 ) ) ;
#3907 = DIRECTION ( 'NONE',  ( 0.9947547844760413760, -0.1022884097150042471, 2.000000000000085808E-17 ) ) ;
#3908 = ORIENTED_EDGE ( 'NONE', *, *, #3251, .T. ) ;
#3909 = ORIENTED_EDGE ( 'NONE', *, *, #3696, .F. ) ;
#3910 = PLANE ( 'NONE',  #3276 ) ;
#3911 = LINE ( 'NONE', #739, #1295 ) ;
#3912 = ORIENTED_EDGE ( 'NONE', *, *, #1848, .T. ) ;
#3913 = LINE ( 'NONE', #151, #5764 ) ;
#3914 = VECTOR ( 'NONE', #1607, 1000.000000000000000 ) ;
#3915 = VERTEX_POINT ( 'NONE', #2174 ) ;
#3916 = DIRECTION ( 'NONE',  ( 0.000000000000000000, 1.000000000000000000, 0.000000000000000000 ) ) ;
#3917 = CARTESIAN_POINT ( 'NONE',  ( -4.357243000000000421, -1.750000000000000000, 0.7982930000000000303 ) ) ;
#3918 = AXIS2_PLACEMENT_3D ( 'NONE', #2060, #3518, #3420 ) ;
#3919 = DIRECTION ( 'NONE',  ( 1.000000000000000000, 0.000000000000000000, 0.000000000000000000 ) ) ;
#3920 = CARTESIAN_POINT ( 'NONE',  ( 1.730900000000000105, -0.1299999999999999767, 0.7982930000000000303 ) ) ;
#3921 = DIRECTION ( 'NONE',  ( 0.000000000000000000, -1.000000000000000000, 0.000000000000000000 ) ) ;
#3922 = EDGE_LOOP ( 'NONE', ( #5934, #557, #5205, #4641, #5658, #3349 ) ) ;
#3923 = CARTESIAN_POINT ( 'NONE',  ( -3.924999999999999822, 1.536262199996999867, 3.231971245833999973 ) ) ;
#3924 = CARTESIAN_POINT ( 'NONE',  ( 4.022062181749999965, -1.463201711001999916, 3.244393857499999978 ) ) ;
#3925 = ORIENTED_EDGE ( 'NONE', *, *, #415, .T. ) ;
#3926 = CARTESIAN_POINT ( 'NONE',  ( 2.228499999999999925, -1.550000000000000044, 0.1207000000000000017 ) ) ;
#3927 = LINE ( 'NONE', #229, #1941 ) ;
#3928 = EDGE_CURVE ( 'NONE', #999, #4474, #3569, .T. ) ;
#3929 = CARTESIAN_POINT ( 'NONE',  ( -0.2500000000000000000, 0.1499999999999999944, -3.195100000000000051 ) ) ;
#3930 = ORIENTED_EDGE ( 'NONE', *, *, #5188, .F. ) ;
#3931 = ADVANCED_FACE ( 'NONE', ( #3197 ), #441, .F. ) ;
#3932 = EDGE_CURVE ( 'NONE', #328, #526, #1803, .T. ) ;
#3933 = CARTESIAN_POINT ( 'NONE',  ( -4.020020426449000261, -1.403220536090999948, 3.256276370863999681 ) ) ;
#3934 = CARTESIAN_POINT ( 'NONE',  ( 0.2500000000000000000, 0.1499999999999999944, -3.195100000000000051 ) ) ;
#3935 = VERTEX_POINT ( 'NONE', #5482 ) ;
#3936 = ORIENTED_EDGE ( 'NONE', *, *, #996, .T. ) ;
#3937 = CARTESIAN_POINT ( 'NONE',  ( 3.161627999999999883, 2.000000000000000000, 0.7982930000000000303 ) ) ;
#3938 = EDGE_CURVE ( 'NONE', #2750, #1784, #379, .T. ) ;
#3939 = DIRECTION ( 'NONE',  ( 0.000000000000000000, 0.000000000000000000, -1.000000000000000000 ) ) ;
#3940 = CARTESIAN_POINT ( 'NONE',  ( -3.750000000000000000, -1.574999999999999956, 0.7982930000000000303 ) ) ;
#3941 = ORIENTED_EDGE ( 'NONE', *, *, #4500, .T. ) ;
#3942 = VERTEX_POINT ( 'NONE', #895 ) ;
#3943 = CARTESIAN_POINT ( 'NONE',  ( -4.250000000000000000, 1.550000000000000044, 0.7982930000000000303 ) ) ;
#3944 = ORIENTED_EDGE ( 'NONE', *, *, #5297, .F. ) ;
#3945 = CARTESIAN_POINT ( 'NONE',  ( -4.250000000000000000, 4.999999999999999895E-17, 0.4991464999999999375 ) ) ;
#3946 = ORIENTED_EDGE ( 'NONE', *, *, #513, .T. ) ;
#3947 = DIRECTION ( 'NONE',  ( 0.000000000000000000, 1.000000000000000000, 0.000000000000000000 ) ) ;
#3948 = DIRECTION ( 'NONE',  ( -0.000000000000000000, 1.000000000000000000, 0.000000000000000000 ) ) ;
#3949 = CARTESIAN_POINT ( 'NONE',  ( -3.230900000000000105, -1.750000000000000000, 0.7982930000000000303 ) ) ;
#3950 = LINE ( 'NONE', #5716, #2308 ) ;
#3951 = AXIS2_PLACEMENT_3D ( 'NONE', #142, #3508, #257 ) ;
#3952 = CARTESIAN_POINT ( 'NONE',  ( 3.984144000000000130, -1.535122601059000003, 3.174999999999999822 ) ) ;
#3953 = VECTOR ( 'NONE', #401, 1000.000000000000000 ) ;
#3954 = CARTESIAN_POINT ( 'NONE',  ( 3.161627999999999883, -1.489999999999999991, 0.2000000000000000111 ) ) ;
#3955 = CARTESIAN_POINT ( 'NONE',  ( 4.024763699764998925, -1.425000000000000044, 3.250314037264999900 ) ) ;
#3956 = ORIENTED_EDGE ( 'NONE', *, *, #5148, .F. ) ;
#3957 = LINE ( 'NONE', #3863, #1001 ) ;
#3958 = LINE ( 'NONE', #5849, #4565 ) ;
#3959 = DIRECTION ( 'NONE',  ( 0.000000000000000000, 1.000000000000000000, 0.000000000000000000 ) ) ;
#3960 = ORIENTED_EDGE ( 'NONE', *, *, #5791, .T. ) ;
#3961 = EDGE_CURVE ( 'NONE', #4016, #5503, #3112, .T. ) ;
#3962 = CARTESIAN_POINT ( 'NONE',  ( 1.730900000000000105, -0.09237399999999999778, 0.2000000000000000111 ) ) ;
#3963 = CARTESIAN_POINT ( 'NONE',  ( -4.024046111908000434, 1.455707851091999849, 3.245595392882000496 ) ) ;
#3964 = VERTEX_POINT ( 'NONE', #2656 ) ;
#3965 = ORIENTED_EDGE ( 'NONE', *, *, #3455, .F. ) ;
#3966 = DIRECTION ( 'NONE',  ( 0.000000000000000000, -1.000000000000000000, 0.000000000000000000 ) ) ;
#3967 = VECTOR ( 'NONE', #124, 1000.000000000000000 ) ;
#3968 = VECTOR ( 'NONE', #3460, 1000.000000000000000 ) ;
#3969 = AXIS2_PLACEMENT_3D ( 'NONE', #383, #351, #1296 ) ;
#3970 = CARTESIAN_POINT ( 'NONE',  ( 3.924999999999999822, -1.425000000000000044, 3.174999999999999822 ) ) ;
#3971 = VECTOR ( 'NONE', #2420, 1000.000000000000000 ) ;
#3972 = ADVANCED_FACE ( 'NONE', ( #2716 ), #2745, .F. ) ;
#3973 = CARTESIAN_POINT ( 'NONE',  ( 3.952283419607000248, 1.532679779485000005, 3.232485829608999772 ) ) ;
#3974 = ORIENTED_EDGE ( 'NONE', *, *, #1853, .T. ) ;
#3975 = ORIENTED_EDGE ( 'NONE', *, *, #3242, .F. ) ;
#3976 = CARTESIAN_POINT ( 'NONE',  ( 2.228499999999999925, 1.000000000000000000, 0.2500269999999999992 ) ) ;
#3977 = ADVANCED_FACE ( 'NONE', ( #5856 ), #3539, .T. ) ;
#3978 = CARTESIAN_POINT ( 'NONE',  ( 3.924999999999999822, 1.425000000000000044, 3.174999999999999822 ) ) ;
#3979 = AXIS2_PLACEMENT_3D ( 'NONE', #5820, #696, #5730 ) ;
#3980 = DIRECTION ( 'NONE',  ( 1.000000000000000000, 0.000000000000000000, 0.000000000000000000 ) ) ;
#3981 = VECTOR ( 'NONE', #4042, 1000.000000000000000 ) ;
#3982 = CARTESIAN_POINT ( 'NONE',  ( 4.049999999999999822, 1.550000000000000044, 0.2000000000000000111 ) ) ;
#3983 = CARTESIAN_POINT ( 'NONE',  ( -1.730900000000000105, -1.619999999999999885, 0.7982930000000000303 ) ) ;
#3984 = AXIS2_PLACEMENT_3D ( 'NONE', #511, #2332, #850 ) ;
#3985 = FACE_OUTER_BOUND ( 'NONE', #3812, .T. ) ;
#3986 = CARTESIAN_POINT ( 'NONE',  ( -1.750000000000000000, -1.074999999999999956, 3.285203000000000095 ) ) ;
#3987 = CARTESIAN_POINT ( 'NONE',  ( -4.000000000000000000, -1.486319999999999864, 3.250000000000000000 ) ) ;
#3988 = EDGE_LOOP ( 'NONE', ( #2982, #3168, #1637, #4025 ) ) ;
#3989 = VECTOR ( 'NONE', #464, 1000.000000000000000 ) ;
#3990 = DIRECTION ( 'NONE',  ( 0.000000000000000000, -1.000000000000000000, 0.000000000000000000 ) ) ;
#3991 = LINE ( 'NONE', #5324, #5924 ) ;
#3992 = DIRECTION ( 'NONE',  ( 0.000000000000000000, 0.000000000000000000, -1.000000000000000000 ) ) ;
#3993 = ORIENTED_EDGE ( 'NONE', *, *, #665, .F. ) ;
#3994 = DIRECTION ( 'NONE',  ( 1.000000000000000000, 0.000000000000000000, 0.000000000000000000 ) ) ;
#3995 = ORIENTED_EDGE ( 'NONE', *, *, #1191, .F. ) ;
#3996 = VERTEX_POINT ( 'NONE', #4579 ) ;
#3997 = CARTESIAN_POINT ( 'NONE',  ( -1.791414999999999980, 1.550000000000000044, 0.7336464999999999792 ) ) ;
#3998 = EDGE_CURVE ( 'NONE', #5931, #5767, #1751, .T. ) ;
#3999 = ADVANCED_FACE ( 'NONE', ( #1778 ), #3626, .F. ) ;
#4000 = DIRECTION ( 'NONE',  ( 1.000000000000000000, 0.000000000000000000, 0.000000000000000000 ) ) ;
#4001 = CARTESIAN_POINT ( 'NONE',  ( 2.229423999999999850, -1.489999999999999991, 0.2000000000000000111 ) ) ;
#4002 = ORIENTED_EDGE ( 'NONE', *, *, #2880, .T. ) ;
#4003 = ORIENTED_EDGE ( 'NONE', *, *, #4384, .F. ) ;
#4004 = DIRECTION ( 'NONE',  ( 0.000000000000000000, 1.000000000000000000, 0.000000000000000000 ) ) ;
#4005 = FACE_OUTER_BOUND ( 'NONE', #5190, .T. ) ;
#4006 = EDGE_CURVE ( 'NONE', #3942, #3725, #498, .T. ) ;
#4007 = EDGE_CURVE ( 'NONE', #462, #2884, #5144, .T. ) ;
#4008 = EDGE_CURVE ( 'NONE', #5181, #2256, #13, .T. ) ;
#4009 = CARTESIAN_POINT ( 'NONE',  ( 4.000000000000000000, -1.369668405625000140, 3.500000000000000000 ) ) ;
#4010 = ORIENTED_EDGE ( 'NONE', *, *, #5116, .T. ) ;
#4011 = CARTESIAN_POINT ( 'NONE',  ( 3.161627999999999883, -0.9499999999999999556, 0.06783150000000000290 ) ) ;
#4012 = DIRECTION ( 'NONE',  ( -1.000000000000000000, 1.100000000000000002E-16, 0.000000000000000000 ) ) ;
#4013 = CARTESIAN_POINT ( 'NONE',  ( -0.2500000000000000000, -0.1499999999999999944, 0.2000000000000000111 ) ) ;
#4014 = EDGE_CURVE ( 'NONE', #4428, #165, #1437, .T. ) ;
#4015 = VECTOR ( 'NONE', #2977, 1000.000000000000000 ) ;
#4016 = VERTEX_POINT ( 'NONE', #2314 ) ;
#4017 = DIRECTION ( 'NONE',  ( 0.000000000000000000, 2.200000000000000003E-16, 1.000000000000000000 ) ) ;
#4018 = CARTESIAN_POINT ( 'NONE',  ( -4.011969606392999488, 1.486319999999999864, 3.499713292642999907 ) ) ;
#4019 = ORIENTED_EDGE ( 'NONE', *, *, #5232, .F. ) ;
#4020 = PLANE ( 'NONE',  #1203 ) ;
#4021 = CARTESIAN_POINT ( 'NONE',  ( 2.229423999999999850, -0.9499999999999999556, 0.2000000000000000111 ) ) ;
#4022 = CARTESIAN_POINT ( 'NONE',  ( -3.230900000000000105, -1.831261000000000028, 0.7982930000000000303 ) ) ;
#4023 = CARTESIAN_POINT ( 'NONE',  ( -4.250000000000000000, 1.750000000000000000, 0.7982930000000000303 ) ) ;
#4024 = ORIENTED_EDGE ( 'NONE', *, *, #5604, .T. ) ;
#4025 = ORIENTED_EDGE ( 'NONE', *, *, #4007, .T. ) ;
#4026 = DIRECTION ( 'NONE',  ( 0.000000000000000000, 1.000000000000000000, 0.000000000000000000 ) ) ;
#4027 = DIRECTION ( 'NONE',  ( 0.000000000000000000, 0.000000000000000000, -1.000000000000000000 ) ) ;
#4028 = DIRECTION ( 'NONE',  ( 0.000000000000000000, -1.000000000000000000, 0.000000000000000000 ) ) ;
#4029 = DIRECTION ( 'NONE',  ( 0.000000000000000000, -1.000000000000000000, 2.200000000000000003E-16 ) ) ;
#4030 = ORIENTED_EDGE ( 'NONE', *, *, #3122, .F. ) ;
#4031 = ORIENTED_EDGE ( 'NONE', *, *, #3242, .T. ) ;
#4032 = DIRECTION ( 'NONE',  ( 0.000000000000000000, 0.000000000000000000, 1.000000000000000000 ) ) ;
#4033 = LINE ( 'NONE', #3606, #3163 ) ;
#4034 = CARTESIAN_POINT ( 'NONE',  ( 4.025400000000000311, -1.423952829370999984, 3.498706332850999523 ) ) ;
#4035 = ORIENTED_EDGE ( 'NONE', *, *, #4086, .T. ) ;
#4036 = EDGE_CURVE ( 'NONE', #2893, #2910, #597, .T. ) ;
#4037 = CARTESIAN_POINT ( 'NONE',  ( -4.049999999999999822, -1.550000000000000044, 3.299999999999999822 ) ) ;
#4038 = VERTEX_POINT ( 'NONE', #2281 ) ;
#4039 = CARTESIAN_POINT ( 'NONE',  ( -2.750000000000000000, 0.1499999999999999944, 0.2100000000000000200 ) ) ;
#4040 = EDGE_LOOP ( 'NONE', ( #3379, #234, #644, #2869 ) ) ;
#4041 = PLANE ( 'NONE',  #1354 ) ;
#4042 = DIRECTION ( 'NONE',  ( 0.000000000000000000, -1.000000000000000000, 2.200000000000000003E-16 ) ) ;
#4043 = EDGE_CURVE ( 'NONE', #377, #362, #1957, .T. ) ;
#4044 = ADVANCED_FACE ( 'NONE', ( #4660 ), #3805, .F. ) ;
#4045 = VECTOR ( 'NONE', #2662, 1000.000000000000000 ) ;
#4046 = ORIENTED_EDGE ( 'NONE', *, *, #1744, .T. ) ;
#4047 = DIRECTION ( 'NONE',  ( -1.000000000000000000, 0.000000000000000000, 0.000000000000000000 ) ) ;
#4048 = DIRECTION ( 'NONE',  ( 1.000000000000000000, 0.000000000000000000, 0.000000000000000000 ) ) ;
#4049 = ADVANCED_FACE ( 'NONE', ( #5573 ), #2406, .F. ) ;
#4050 = VECTOR ( 'NONE', #5749, 1000.000000000000000 ) ;
#4051 = CARTESIAN_POINT ( 'NONE',  ( 2.250000000000000000, 0.1499999999999999944, -3.195100000000000051 ) ) ;
#4052 = ORIENTED_EDGE ( 'NONE', *, *, #1776, .F. ) ;
#4053 = ORIENTED_EDGE ( 'NONE', *, *, #5615, .T. ) ;
#4054 = CARTESIAN_POINT ( 'NONE',  ( -3.172874999999999890, 2.000000000000000000, -0.2825900000000000079 ) ) ;
#4055 = DIRECTION ( 'NONE',  ( -0.000000000000000000, 1.000000000000000000, 0.000000000000000000 ) ) ;
#4056 = FACE_OUTER_BOUND ( 'NONE', #4472, .T. ) ;
#4057 = VERTEX_POINT ( 'NONE', #920 ) ;
#4058 = ORIENTED_EDGE ( 'NONE', *, *, #1105, .T. ) ;
#4059 = VECTOR ( 'NONE', #5932, 1000.000000000000000 ) ;
#4060 = LINE ( 'NONE', #2180, #1466 ) ;
#4061 = CARTESIAN_POINT ( 'NONE',  ( -1.750000000000000000, 0.7500000000000000000, 3.210705999999999616 ) ) ;
#4062 = AXIS2_PLACEMENT_3D ( 'NONE', #1259, #3105, #2764 ) ;
#4063 = CIRCLE ( 'NONE', #1446, 0.1089259271250002103 ) ;
#4064 = AXIS2_PLACEMENT_3D ( 'NONE', #4876, #5203, #5731 ) ;
#4065 = LINE ( 'NONE', #1763, #6001 ) ;
#4066 = VERTEX_POINT ( 'NONE', #5994 ) ;
#4067 = LINE ( 'NONE', #4919, #3230 ) ;
#4068 = ORIENTED_EDGE ( 'NONE', *, *, #3148, .T. ) ;
#4069 = AXIS2_PLACEMENT_3D ( 'NONE', #1269, #4656, #3768 ) ;
#4070 = AXIS2_PLACEMENT_3D ( 'NONE', #2501, #4362, #4426 ) ;
#4071 = DIRECTION ( 'NONE',  ( 0.000000000000000000, 0.000000000000000000, -1.000000000000000000 ) ) ;
#4072 = EDGE_CURVE ( 'NONE', #3327, #4038, #5667, .T. ) ;
#4073 = ADVANCED_FACE ( 'NONE', ( #4628 ), #1499, .T. ) ;
#4075 = ORIENTED_EDGE ( 'NONE', *, *, #2925, .F. ) ;
#4074 = VECTOR ( 'NONE', #4589, 1000.000000000000000 ) ;
#4076 = CARTESIAN_POINT ( 'NONE',  ( 1.791398999999999964, 1.750000000000000000, 0.1250134999999999996 ) ) ;
#4077 = EDGE_CURVE ( 'NONE', #5647, #487, #1011, .T. ) ;
#4078 = CARTESIAN_POINT ( 'NONE',  ( 4.000000000000000000, -1.486319999999999864, 3.250000000000000000 ) ) ;
#4079 = ORIENTED_EDGE ( 'NONE', *, *, #3288, .T. ) ;
#4080 = CARTESIAN_POINT ( 'NONE',  ( -4.007908877774000622, -1.378528017842000297, 3.500000000000000000 ) ) ;
#4081 = DIRECTION ( 'NONE',  ( 0.000000000000000000, 1.000000000000000000, 0.000000000000000000 ) ) ;
#4082 = EDGE_CURVE ( 'NONE', #3511, #4583, #5107, .T. ) ;
#4083 = ORIENTED_EDGE ( 'NONE', *, *, #996, .F. ) ;
#4084 = VECTOR ( 'NONE', #4611, 1000.000000000000000 ) ;
#4085 = CYLINDRICAL_SURFACE ( 'NONE', #687, 0.1250000000000001110 ) ;
#4086 = EDGE_CURVE ( 'NONE', #727, #58, #4199, .T. ) ;
#4087 = ORIENTED_EDGE ( 'NONE', *, *, #542, .F. ) ;
#4088 = VERTEX_POINT ( 'NONE', #3282 ) ;
#4089 = DIRECTION ( 'NONE',  ( 0.000000000000000000, 0.000000000000000000, -1.000000000000000000 ) ) ;
#4090 = EDGE_CURVE ( 'NONE', #4542, #5487, #2886, .T. ) ;
#4091 = CARTESIAN_POINT ( 'NONE',  ( 3.924999999999999822, -1.425000000000000044, 3.174999999999999822 ) ) ;
#4092 = VERTEX_POINT ( 'NONE', #2830 ) ;
#4093 = ORIENTED_EDGE ( 'NONE', *, *, #2369, .T. ) ;
#4094 = CARTESIAN_POINT ( 'NONE',  ( -4.250000000000000000, 1.750000000000000000, 0.2000000000000000111 ) ) ;
#4095 = CARTESIAN_POINT ( 'NONE',  ( 4.019971976142000081, 1.399814630597000065, 3.499261041073000289 ) ) ;
#4096 = ORIENTED_EDGE ( 'NONE', *, *, #4676, .F. ) ;
#4097 = VECTOR ( 'NONE', #4952, 1000.000000000000000 ) ;
#4098 = CARTESIAN_POINT ( 'NONE',  ( 3.916894071509000597, 1.536035445191000104, 3.232413537130999881 ) ) ;
#4099 = CARTESIAN_POINT ( 'NONE',  ( 4.024046111908000434, 1.455707851091999849, 3.245595392882000496 ) ) ;
#4100 = DIRECTION ( 'NONE',  ( 0.000000000000000000, 0.000000000000000000, 1.000000000000000000 ) ) ;
#4101 = CARTESIAN_POINT ( 'NONE',  ( -0.9676375000000000393, -1.750000000000000000, 0.7982930000000000303 ) ) ;
#4102 = B_SPLINE_CURVE_WITH_KNOTS ( 'NONE', 8,
 ( #2772, #5972, #3688, #5179, #501, #2351, #531, #1015, #898, #564, #76, #5151, #4204, #4693, #1896, #2383, #3748, #4607, #3780, #5646, #3318, #1806, #5514 ),
 .UNSPECIFIED., .F., .F.,
 ( 9, 7, 7, 9 ),
 ( 0.000000000000000000, 0.6739158211579999724, 0.9286638043410000432, 1.000000000000000000 ),
 .UNSPECIFIED. ) ;
#4103 = EDGE_LOOP ( 'NONE', ( #353, #3161, #5298, #2706 ) ) ;
#4104 = B_SPLINE_CURVE_WITH_KNOTS ( 'NONE', 6,
 ( #2831, #4780, #626, #2469, #3408, #1686, #5262 ),
 .UNSPECIFIED., .F., .F.,
 ( 7, 7 ),
 ( 0.000000000000000000, 1.000000000000000000 ),
 .UNSPECIFIED. ) ;
#4105 = DIRECTION ( 'NONE',  ( 1.000000000000000000, 0.000000000000000000, 0.000000000000000000 ) ) ;
#4106 = CARTESIAN_POINT ( 'NONE',  ( -4.000000000000000000, 1.369668405625000140, 3.500000000000000000 ) ) ;
#4107 = ORIENTED_EDGE ( 'NONE', *, *, #5572, .T. ) ;
#4108 = CARTESIAN_POINT ( 'NONE',  ( -3.825717800512999922, 1.427809847352000006, 3.299999999999999822 ) ) ;
#4109 = FACE_OUTER_BOUND ( 'NONE', #407, .T. ) ;
#4110 = VECTOR ( 'NONE', #860, 1000.000000000000000 ) ;
#4111 = ORIENTED_EDGE ( 'NONE', *, *, #230, .T. ) ;
#4112 = DIRECTION ( 'NONE',  ( 0.000000000000000000, 0.000000000000000000, 1.000000000000000000 ) ) ;
#4113 = ORIENTED_EDGE ( 'NONE', *, *, #3148, .F. ) ;
#4115 = ORIENTED_EDGE ( 'NONE', *, *, #851, .F. ) ;
#4114 = EDGE_CURVE ( 'NONE', #5704, #3431, #4688, .T. ) ;
#4116 = AXIS2_PLACEMENT_3D ( 'NONE', #4822, #1514, #3358 ) ;
#4117 = DIRECTION ( 'NONE',  ( 0.000000000000000000, -1.000000000000000000, 0.000000000000000000 ) ) ;
#4118 = DIRECTION ( 'NONE',  ( 0.000000000000000000, 1.000000000000000000, 0.000000000000000000 ) ) ;
#4119 = LINE ( 'NONE', #4174, #1842 ) ;
#4120 = ORIENTED_EDGE ( 'NONE', *, *, #3932, .T. ) ;
#4121 = VERTEX_POINT ( 'NONE', #4228 ) ;
#4122 = DIRECTION ( 'NONE',  ( -1.000000000000000000, 0.000000000000000000, 0.000000000000000000 ) ) ;
#4123 = CARTESIAN_POINT ( 'NONE',  ( -4.049999999999999822, -1.550000000000000044, 0.3250000000000000111 ) ) ;
#4124 = ORIENTED_EDGE ( 'NONE', *, *, #2400, .T. ) ;
#4125 = DIRECTION ( 'NONE',  ( 0.000000000000000000, 1.000000000000000000, 0.000000000000000000 ) ) ;
#4126 = ORIENTED_EDGE ( 'NONE', *, *, #448, .T. ) ;
#4127 = FACE_BOUND ( 'NONE', #1461, .T. ) ;
#4128 = CARTESIAN_POINT ( 'NONE',  ( -1.800000000000000044, 0.8249999999999999556, 2.661262999999999934 ) ) ;
#4129 = CARTESIAN_POINT ( 'NONE',  ( -3.172874999999999890, 0.1250000000000000000, 0.000000000000000000 ) ) ;
#4130 = ORIENTED_EDGE ( 'NONE', *, *, #4676, .T. ) ;
#4131 = FACE_OUTER_BOUND ( 'NONE', #1828, .T. ) ;
#4132 = CARTESIAN_POINT ( 'NONE',  ( 4.024763699764998925, -1.425000000000000044, 3.250314037264999900 ) ) ;
#4133 = ORIENTED_EDGE ( 'NONE', *, *, #4489, .T. ) ;
#4134 = SPHERICAL_SURFACE ( 'NONE', #5762, 0.1250000000000000000 ) ;
#4135 = LINE ( 'NONE', #495, #3385 ) ;
#4136 = ORIENTED_EDGE ( 'NONE', *, *, #1849, .T. ) ;
#4137 = ORIENTED_EDGE ( 'NONE', *, *, #3932, .F. ) ;
#4138 = DIRECTION ( 'NONE',  ( -3.999999999999999916E-16, 0.000000000000000000, 1.000000000000000000 ) ) ;
#4139 = VECTOR ( 'NONE', #1701, 1000.000000000000000 ) ;
#4140 = EDGE_CURVE ( 'NONE', #4918, #4542, #70, .T. ) ;
#4141 = LINE ( 'NONE', #5996, #4553 ) ;
#4142 = CARTESIAN_POINT ( 'NONE',  ( -4.250000000000000000, 1.750000000000000000, 0.2000000000000000111 ) ) ;
#4143 = ORIENTED_EDGE ( 'NONE', *, *, #2484, .T. ) ;
#4144 = ORIENTED_EDGE ( 'NONE', *, *, #3113, .T. ) ;
#4145 = CYLINDRICAL_SURFACE ( 'NONE', #2491, 0.2500000000000000000 ) ;
#4146 = EDGE_CURVE ( 'NONE', #5097, #5931, #3436, .T. ) ;
#4147 = AXIS2_PLACEMENT_3D ( 'NONE', #3305, #1516, #2850 ) ;
#4148 = CARTESIAN_POINT ( 'NONE',  ( -1.791414999999999980, 2.000000000000000000, 0.7982930000000000303 ) ) ;
#4149 = ORIENTED_EDGE ( 'NONE', *, *, #219, .T. ) ;
#4150 = ADVANCED_FACE ( 'NONE', ( #5290 ), #2075, .F. ) ;
#4151 = DIRECTION ( 'NONE',  ( 1.000000000000000000, 0.000000000000000000, 0.000000000000000000 ) ) ;
#4152 = LINE ( 'NONE', #2296, #694 ) ;
#4153 = EDGE_CURVE ( 'NONE', #1790, #785, #1163, .T. ) ;
#4154 = DIRECTION ( 'NONE',  ( 0.000000000000000000, 1.000000000000000000, 0.000000000000000000 ) ) ;
#4155 = VECTOR ( 'NONE', #4386, 1000.000000000000000 ) ;
#4156 = AXIS2_PLACEMENT_3D ( 'NONE', #1511, #2427, #1945 ) ;
#4157 = ORIENTED_EDGE ( 'NONE', *, *, #4217, .F. ) ;
#4158 = CARTESIAN_POINT ( 'NONE',  ( 3.825400000000000134, -1.436262999999999845, 3.500000000000000000 ) ) ;
#4159 = DIRECTION ( 'NONE',  ( 0.000000000000000000, 0.000000000000000000, -1.000000000000000000 ) ) ;
#4160 = AXIS2_PLACEMENT_3D ( 'NONE', #3711, #1378, #3217 ) ;
#4161 = VERTEX_POINT ( 'NONE', #5261 ) ;
#4162 = DIRECTION ( 'NONE',  ( -0.000000000000000000, 1.000000000000000000, 0.000000000000000000 ) ) ;
#4163 = LINE ( 'NONE', #1859, #471 ) ;
#4164 = VECTOR ( 'NONE', #771, 1000.000000000000000 ) ;
#4165 = AXIS2_PLACEMENT_3D ( 'NONE', #671, #3881, #2936 ) ;
#4166 = CARTESIAN_POINT ( 'NONE',  ( 3.984144000000000130, 1.500000000000000000, 3.250000000000000000 ) ) ;
#4167 = DIRECTION ( 'NONE',  ( 1.000000000000000000, 0.000000000000000000, 0.000000000000000000 ) ) ;
#4168 = ORIENTED_EDGE ( 'NONE', *, *, #2447, .T. ) ;
#4169 = ORIENTED_EDGE ( 'NONE', *, *, #1738, .F. ) ;
#4170 = CIRCLE ( 'NONE', #4935, 0.2500000000000000000 ) ;
#4171 = DIRECTION ( 'NONE',  ( 1.000000000000000000, 0.000000000000000000, 0.000000000000000000 ) ) ;
#4172 = CIRCLE ( 'NONE', #1275, 0.2500000000000000000 ) ;
#4173 = CARTESIAN_POINT ( 'NONE',  ( -2.218206999999999596, -1.750000000000000000, 0.2500000000000000000 ) ) ;
#4174 = CARTESIAN_POINT ( 'NONE',  ( 4.033925927124999866, 1.486319999999999864, 0.2000000000000000111 ) ) ;
#4175 = ORIENTED_EDGE ( 'NONE', *, *, #287, .F. ) ;
#4176 = ORIENTED_EDGE ( 'NONE', *, *, #1674, .F. ) ;
#4177 = AXIS2_PLACEMENT_3D ( 'NONE', #4054, #3598, #4543 ) ;
#4178 = ADVANCED_FACE ( 'NONE', ( #5230 ), #1097, .F. ) ;
#4179 = CARTESIAN_POINT ( 'NONE',  ( -1.229300499999999907, 1.750000000000000000, 0.2500269999999999992 ) ) ;
#4180 = CARTESIAN_POINT ( 'NONE',  ( -3.966692479433999274, -1.528295832246000074, 3.498467189876000027 ) ) ;
#4181 = CARTESIAN_POINT ( 'NONE',  ( 3.889674776988000016, 1.529825588357000221, 3.243179937727000084 ) ) ;
#4182 = ORIENTED_EDGE ( 'NONE', *, *, #4497, .F. ) ;
#4183 = CARTESIAN_POINT ( 'NONE',  ( 4.025107760502001142, 1.447500099527000206, 3.246879739410000187 ) ) ;
#4184 = DIRECTION ( 'NONE',  ( 0.000000000000000000, 0.000000000000000000, -1.000000000000000000 ) ) ;
#4185 = EDGE_CURVE ( 'NONE', #5456, #3083, #4779, .T. ) ;
#4186 = CARTESIAN_POINT ( 'NONE',  ( 4.018279531506000701, -1.398486654338999990, 3.258308326090000318 ) ) ;
#4187 = VECTOR ( 'NONE', #647, 1000.000000000000000 ) ;
#4188 = EDGE_CURVE ( 'NONE', #2061, #5366, #3957, .T. ) ;
#4189 = ADVANCED_FACE ( 'NONE', ( #593 ), #162, .F. ) ;
#4190 = VERTEX_POINT ( 'NONE', #196 ) ;
#4191 = CARTESIAN_POINT ( 'NONE',  ( -3.924999999999999822, 1.425000000000000044, 0.2000000000000000111 ) ) ;
#4192 = DIRECTION ( 'NONE',  ( 0.000000000000000000, 2.200000000000000003E-16, 1.000000000000000000 ) ) ;
#4193 = ORIENTED_EDGE ( 'NONE', *, *, #3736, .T. ) ;
#4194 = DIRECTION ( 'NONE',  ( 0.000000000000000000, 0.000000000000000000, 1.000000000000000000 ) ) ;
#4195 = DIRECTION ( 'NONE',  ( 2.100000000000000104E-16, 1.000000000000000000, -2.200000000000000003E-16 ) ) ;
#4196 = DIRECTION ( 'NONE',  ( 0.000000000000000000, 0.000000000000000000, 1.000000000000000000 ) ) ;
#4197 = EDGE_LOOP ( 'NONE', ( #2257, #5706, #68, #4019 ) ) ;
#4198 = ORIENTED_EDGE ( 'NONE', *, *, #628, .T. ) ;
#4199 = LINE ( 'NONE', #43, #907 ) ;
#4200 = DIRECTION ( 'NONE',  ( 0.000000000000000000, -1.000000000000000000, 2.200000000000000003E-16 ) ) ;
#4201 = AXIS2_PLACEMENT_3D ( 'NONE', #1128, #3044, #2437 ) ;
#4202 = CIRCLE ( 'NONE', #3918, 0.1250000000000001110 ) ;
#4203 = CARTESIAN_POINT ( 'NONE',  ( 3.834871788332000264, -1.479725397542000165, 3.287764784009000074 ) ) ;
#4204 = CARTESIAN_POINT ( 'NONE',  ( 4.018279531506999902, 1.398486654342999902, 3.258308326088000140 ) ) ;
#4205 = ORIENTED_EDGE ( 'NONE', *, *, #448, .F. ) ;
#4206 = VERTEX_POINT ( 'NONE', #2533 ) ;
#4207 = DIRECTION ( 'NONE',  ( 0.000000000000000000, -1.000000000000000000, 0.000000000000000000 ) ) ;
#4208 = DIRECTION ( 'NONE',  ( 1.000000000000000000, 0.000000000000000000, 0.000000000000000000 ) ) ;
#4209 = CARTESIAN_POINT ( 'NONE',  ( -1.800000000000000044, -0.8249999999999999556, 3.500000000000000000 ) ) ;
#4210 = PLANE ( 'NONE',  #1057 ) ;
#4211 = VERTEX_POINT ( 'NONE', #4358 ) ;
#4212 = DIRECTION ( 'NONE',  ( 1.000000000000000000, 0.000000000000000000, 0.000000000000000000 ) ) ;
#4213 = LINE ( 'NONE', #4558, #1166 ) ;
#4214 = CARTESIAN_POINT ( 'NONE',  ( 4.023367822700000040, -1.416112383366999961, 3.252131071371000104 ) ) ;
#4215 = EDGE_CURVE ( 'NONE', #2544, #5173, #4394, .T. ) ;
#4216 = ORIENTED_EDGE ( 'NONE', *, *, #1934, .F. ) ;
#4217 = EDGE_CURVE ( 'NONE', #1141, #4499, #2048, .T. ) ;
#4218 = CARTESIAN_POINT ( 'NONE',  ( -3.909012055931999186, 1.535067027953999963, 3.234281078156999722 ) ) ;
#4219 = LINE ( 'NONE', #1372, #5319 ) ;
#4220 = LINE ( 'NONE', #61, #4303 ) ;
#4221 = DIRECTION ( 'NONE',  ( 0.000000000000000000, 1.000000000000000000, 0.000000000000000000 ) ) ;
#4222 = ADVANCED_FACE ( 'NONE', ( #228 ), #1655, .F. ) ;
#4223 = EDGE_CURVE ( 'NONE', #2918, #3904, #5323, .T. ) ;
#4224 = FACE_OUTER_BOUND ( 'NONE', #2348, .T. ) ;
#4225 = DIRECTION ( 'NONE',  ( 0.000000000000000000, -1.000000000000000000, 0.000000000000000000 ) ) ;
#4226 = EDGE_LOOP ( 'NONE', ( #5035, #3043, #1578, #2475, #5435, #5212 ) ) ;
#4227 = ORIENTED_EDGE ( 'NONE', *, *, #214, .T. ) ;
#4228 = CARTESIAN_POINT ( 'NONE',  ( -1.730900000000000105, -1.489999999999999991, 0.2000000000000000111 ) ) ;
#4229 = ORIENTED_EDGE ( 'NONE', *, *, #2986, .F. ) ;
#4230 = CARTESIAN_POINT ( 'NONE',  ( 3.856172242266000083, -1.509468725075999940, 3.267828755156000131 ) ) ;
#4231 = CARTESIAN_POINT ( 'NONE',  ( -3.924999999999999822, -1.486319999999999864, 3.174999999999999822 ) ) ;
#4232 = ORIENTED_EDGE ( 'NONE', *, *, #4630, .F. ) ;
#4233 = ORIENTED_EDGE ( 'NONE', *, *, #2549, .T. ) ;
#4234 = B_SPLINE_CURVE_WITH_KNOTS ( 'NONE', 4,
 ( #3836, #1073, #2923, #4108, #5962 ),
 .UNSPECIFIED., .F., .F.,
 ( 5, 5 ),
 ( 0.000000000000000000, 1.000000000000000000 ),
 .UNSPECIFIED. ) ;
#4235 = DIRECTION ( 'NONE',  ( 0.000000000000000000, 0.000000000000000000, -1.000000000000000000 ) ) ;
#4236 = VECTOR ( 'NONE', #779, 1000.000000000000000 ) ;
#4237 = LINE ( 'NONE', #3693, #5796 ) ;
#4238 = CIRCLE ( 'NONE', #1631, 0.2500000000000000000 ) ;
#4239 = DIRECTION ( 'NONE',  ( 0.000000000000000000, 0.000000000000000000, -1.000000000000000000 ) ) ;
#4240 = DIRECTION ( 'NONE',  ( 0.000000000000000000, 0.000000000000000000, 1.000000000000000000 ) ) ;
#4241 = ORIENTED_EDGE ( 'NONE', *, *, #686, .F. ) ;
#4242 = DIRECTION ( 'NONE',  ( -0.000000000000000000, 1.000000000000000000, 0.000000000000000000 ) ) ;
#4243 = CARTESIAN_POINT ( 'NONE',  ( 3.970373759823999649, -1.345174679084000235, 3.292757086383000242 ) ) ;
#4244 = ORIENTED_EDGE ( 'NONE', *, *, #4819, .T. ) ;
#4245 = DIRECTION ( 'NONE',  ( 0.000000000000000000, -1.000000000000000000, 0.000000000000000000 ) ) ;
#4246 = FACE_OUTER_BOUND ( 'NONE', #3988, .T. ) ;
#4247 = CARTESIAN_POINT ( 'NONE',  ( 4.049999999999999822, -1.425000000000000044, 0.7982930000000000303 ) ) ;
#4248 = VECTOR ( 'NONE', #5072, 1000.000000000000000 ) ;
#4249 = AXIS2_PLACEMENT_3D ( 'NONE', #4471, #5440, #1277 ) ;
#4250 = DIRECTION ( 'NONE',  ( 0.000000000000000000, 0.000000000000000000, -1.000000000000000000 ) ) ;
#4251 = DIRECTION ( 'NONE',  ( 0.000000000000000000, 1.000000000000000000, 0.000000000000000000 ) ) ;
#4252 = ADVANCED_FACE ( 'NONE', ( #5725 ), #254, .T. ) ;
#4253 = ADVANCED_FACE ( 'NONE', ( #3897 ), #4325, .T. ) ;
#4254 = VECTOR ( 'NONE', #5631, 1000.000000000000000 ) ;
#4255 = EDGE_CURVE ( 'NONE', #866, #1199, #1620, .T. ) ;
#4257 = ORIENTED_EDGE ( 'NONE', *, *, #5519, .T. ) ;
#4256 = AXIS2_PLACEMENT_3D ( 'NONE', #1833, #3687, #1722 ) ;
#4258 = LINE ( 'NONE', #3801, #1261 ) ;
#4259 = LINE ( 'NONE', #1917, #4265 ) ;
#4260 = VERTEX_POINT ( 'NONE', #4293 ) ;
#4261 = VERTEX_POINT ( 'NONE', #131 ) ;
#4262 = CARTESIAN_POINT ( 'NONE',  ( -3.924999999999999822, -1.425000000000000044, 3.174999999999999822 ) ) ;
#4263 = CARTESIAN_POINT ( 'NONE',  ( -0.4441860000000000253, 1.550000000000000044, 0.7982930000000000303 ) ) ;
#4264 = PRESENTATION_LAYER_ASSIGNMENT (  '', '', ( #2895 ) ) ;
#4265 = VECTOR ( 'NONE', #555, 1000.000000000000000 ) ;
#4266 = ORIENTED_EDGE ( 'NONE', *, *, #921, .T. ) ;
#4267 = EDGE_CURVE ( 'NONE', #5412, #970, #4234, .T. ) ;
#4268 = VECTOR ( 'NONE', #406, 1000.000000000000000 ) ;
#4269 = VECTOR ( 'NONE', #4872, 1000.000000000000000 ) ;
#4270 = CARTESIAN_POINT ( 'NONE',  ( -4.049999999999999822, -1.425000000000000044, 3.174999999999999822 ) ) ;
#4271 = CARTESIAN_POINT ( 'NONE',  ( 4.451598000000000610, -0.9499999999999999556, -0.6626299999999999413 ) ) ;
#4272 = VERTEX_POINT ( 'NONE', #4482 ) ;
#4273 = ORIENTED_EDGE ( 'NONE', *, *, #1972, .T. ) ;
#4274 = CARTESIAN_POINT ( 'NONE',  ( 3.924999999999999822, 1.425000000000000044, 3.174999999999999822 ) ) ;
#4275 = CARTESIAN_POINT ( 'NONE',  ( -2.218206999999999596, -0.9499999999999999556, 0.000000000000000000 ) ) ;
#4276 = VECTOR ( 'NONE', #4550, 1000.000000000000000 ) ;
#4277 = EDGE_CURVE ( 'NONE', #54, #366, #282, .T. ) ;
#4278 = ADVANCED_FACE ( 'NONE', ( #4900 ), #2585, .F. ) ;
#4279 = CARTESIAN_POINT ( 'NONE',  ( -3.881518001641000026, -1.528326527769999998, 3.498522030289999751 ) ) ;
#4280 = DIRECTION ( 'NONE',  ( 0.000000000000000000, -1.000000000000000000, 0.000000000000000000 ) ) ;
#4281 = ORIENTED_EDGE ( 'NONE', *, *, #1667, .F. ) ;
#4282 = VECTOR ( 'NONE', #3078, 1000.000000000000000 ) ;
#4283 = CARTESIAN_POINT ( 'NONE',  ( 4.024176171037000316, -1.420511724536000164, 3.251088060659000245 ) ) ;
#4284 = ORIENTED_EDGE ( 'NONE', *, *, #5303, .T. ) ;
#4285 = CARTESIAN_POINT ( 'NONE',  ( -0.2500000000000000000, 0.1499999999999999944, 0.2000000000000000111 ) ) ;
#4286 = CARTESIAN_POINT ( 'NONE',  ( -3.878422310334999956, 1.524692067354000091, 3.250521066640000178 ) ) ;
#4287 = CARTESIAN_POINT ( 'NONE',  ( -3.874960644834999801, -1.522701579943000150, 3.253040835907000439 ) ) ;
#4288 = CARTESIAN_POINT ( 'NONE',  ( 4.250000000000000000, -1.750000000000000000, 3.250000000000000000 ) ) ;
#4289 = CARTESIAN_POINT ( 'NONE',  ( -3.965928812717000262, 1.527836401939000055, 3.233334924710999481 ) ) ;
#4290 = DIRECTION ( 'NONE',  ( 0.000000000000000000, 0.000000000000000000, -1.000000000000000000 ) ) ;
#4291 = ORIENTED_EDGE ( 'NONE', *, *, #3075, .T. ) ;
#4292 = VERTEX_POINT ( 'NONE', #5017 ) ;
#4293 = CARTESIAN_POINT ( 'NONE',  ( 1.791398999999999964, 1.550000000000000044, 0.7982930000000000303 ) ) ;
#4294 = CARTESIAN_POINT ( 'NONE',  ( -3.984144000000000130, 1.535122601059000003, 3.174999999999999822 ) ) ;
#4295 = ORIENTED_EDGE ( 'NONE', *, *, #5137, .F. ) ;
#4296 = EDGE_CURVE ( 'NONE', #5403, #2169, #5848, .T. ) ;
#4297 = CARTESIAN_POINT ( 'NONE',  ( -2.218206999999999596, -0.9499999999999999556, 0.2000000000000000111 ) ) ;
#4298 = CARTESIAN_POINT ( 'NONE',  ( 2.229423999999999850, 0.1250000000000000000, 0.000000000000000000 ) ) ;
#4299 = EDGE_LOOP ( 'NONE', ( #1939, #5619, #5080 ) ) ;
#4300 = VERTEX_POINT ( 'NONE', #317 ) ;
#4301 = DIRECTION ( 'NONE',  ( 0.000000000000000000, -1.000000000000000000, 0.000000000000000000 ) ) ;
#4302 = LINE ( 'NONE', #3322, #4236 ) ;
#4303 = VECTOR ( 'NONE', #1911, 1000.000000000000000 ) ;
#4304 = CARTESIAN_POINT ( 'NONE',  ( 1.791398999999999964, -1.750000000000000000, 0.7982930000000000303 ) ) ;
#4305 = CARTESIAN_POINT ( 'NONE',  ( -4.250000000000000000, -1.750000000000000000, 0.2000000000000000111 ) ) ;
#4306 = ORIENTED_EDGE ( 'NONE', *, *, #896, .F. ) ;
#4307 = DIRECTION ( 'NONE',  ( 1.000000000000000000, 0.000000000000000000, 0.000000000000000000 ) ) ;
#4308 = ORIENTED_EDGE ( 'NONE', *, *, #1776, .T. ) ;
#4309 = ADVANCED_FACE ( 'NONE', ( #2675 ), #4020, .F. ) ;
#4310 = ADVANCED_FACE ( 'NONE', ( #2707 ), #5877, .F. ) ;
#4311 = DIRECTION ( 'NONE',  ( 1.000000000000000000, -1.200000000000000024E-16, 0.000000000000000000 ) ) ;
#4312 = ADVANCED_FACE ( 'NONE', ( #5417 ), #1742, .T. ) ;
#4313 = VECTOR ( 'NONE', #3151, 1000.000000000000000 ) ;
#4314 = ORIENTED_EDGE ( 'NONE', *, *, #2843, .T. ) ;
#4315 = APPLICATION_PROTOCOL_DEFINITION ( 'draft international standard', 'automotive_design', 1998, #620 ) ;
#4316 = CARTESIAN_POINT ( 'NONE',  ( 3.910549298403999785, 1.536281876845999816, 3.497353240892000059 ) ) ;
#4317 = CARTESIAN_POINT ( 'NONE',  ( -1.730900000000000105, -1.750000000000000000, 0.7982930000000000303 ) ) ;
#4318 = CARTESIAN_POINT ( 'NONE',  ( -4.250000000000000000, -1.750000000000000000, 3.250000000000000000 ) ) ;
#4319 = CARTESIAN_POINT ( 'NONE',  ( -0.2500000000000000000, 0.1499999999999999944, 0.2100000000000000200 ) ) ;
#4320 = EDGE_LOOP ( 'NONE', ( #1725, #5407, #244, #3573, #202, #1619 ) ) ;
#4321 = DIRECTION ( 'NONE',  ( 0.000000000000000000, 0.000000000000000000, 1.000000000000000000 ) ) ;
#4322 = DIRECTION ( 'NONE',  ( 1.000000000000000000, 0.000000000000000000, 0.000000000000000000 ) ) ;
#4323 = EDGE_LOOP ( 'NONE', ( #5201, #3077, #5873, #3632, #1222, #4330, #212, #5600, #5360, #3554, #1599, #1009, #180, #4904, #5331, #1476, #738, #5745, #194, #3247, #199, #5973, #4410, #4730 ) ) ;
#4324 = ORIENTED_EDGE ( 'NONE', *, *, #3444, .F. ) ;
#4325 = PLANE ( 'NONE',  #4409 ) ;
#4326 = VERTEX_POINT ( 'NONE', #4993 ) ;
#4327 = CARTESIAN_POINT ( 'NONE',  ( -3.970373759823000004, -1.345174679083000147, 3.292757086383000242 ) ) ;
#4328 = DIRECTION ( 'NONE',  ( 0.000000000000000000, 1.000000000000000000, 0.000000000000000000 ) ) ;
#4329 = EDGE_LOOP ( 'NONE', ( #336, #4137, #5666, #5165, #676, #5566, #2593, #17 ) ) ;
#4330 = ORIENTED_EDGE ( 'NONE', *, *, #4929, .T. ) ;
#4331 = DIRECTION ( 'NONE',  ( 0.000000000000000000, 1.000000000000000000, 0.000000000000000000 ) ) ;
#4332 = EDGE_CURVE ( 'NONE', #3342, #235, #372, .T. ) ;
#4333 = EDGE_CURVE ( 'NONE', #1688, #1385, #3069, .T. ) ;
#4334 = AXIS2_PLACEMENT_3D ( 'NONE', #3978, #2638, #1727 ) ;
#4335 = CARTESIAN_POINT ( 'NONE',  ( -3.172874999999999890, 0.9499999999999999556, 0.000000000000000000 ) ) ;
#4336 = VERTEX_POINT ( 'NONE', #832 ) ;
#4337 = LINE ( 'NONE', #5307, #5379 ) ;
#4338 = ORIENTED_EDGE ( 'NONE', *, *, #2601, .T. ) ;
#4339 = DIRECTION ( 'NONE',  ( 0.000000000000000000, -1.000000000000000000, 2.200000000000000003E-16 ) ) ;
#4340 = EDGE_CURVE ( 'NONE', #1195, #2653, #2647, .T. ) ;
#4341 = VECTOR ( 'NONE', #1649, 1000.000000000000000 ) ;
#4342 = ORIENTED_EDGE ( 'NONE', *, *, #5338, .F. ) ;
#4343 = CARTESIAN_POINT ( 'NONE',  ( 4.000000000000000000, -1.750000000000000000, 3.250000000000000000 ) ) ;
#4344 = EDGE_CURVE ( 'NONE', #835, #436, #5910, .T. ) ;
#4345 = CARTESIAN_POINT ( 'NONE',  ( 3.868578711117999891, 1.520642917159999996, 3.499422101418999898 ) ) ;
#4346 = CARTESIAN_POINT ( 'NONE',  ( -3.829898468072999940, -1.466351475870000032, 3.293073504374999683 ) ) ;
#4347 = CARTESIAN_POINT ( 'NONE',  ( 0.9724999999999999201, 1.750500000000000167, 0.7075000000000000178 ) ) ;
#4348 = DIRECTION ( 'NONE',  ( 1.000000000000000000, 0.000000000000000000, 0.000000000000000000 ) ) ;
#4349 = B_SPLINE_CURVE_WITH_KNOTS ( 'NONE', 6,
 ( #1872, #1901, #4180, #3843, #3789, #507, #3818, #4762, #4279, #1536, #4698, #3325 ),
 .UNSPECIFIED., .F., .F.,
 ( 7, 5, 7 ),
 ( 0.000000000000000000, 0.4132964352780000294, 1.000000000000000000 ),
 .UNSPECIFIED. ) ;
#4350 = EDGE_CURVE ( 'NONE', #1703, #487, #4610, .T. ) ;
#4351 = EDGE_CURVE ( 'NONE', #417, #2052, #4598, .T. ) ;
#4352 = DIRECTION ( 'NONE',  ( 0.000000000000000000, 1.000000000000000000, 0.000000000000000000 ) ) ;
#4353 = SPHERICAL_SURFACE ( 'NONE', #1832, 0.1250000000000000000 ) ;
#4354 = CIRCLE ( 'NONE', #3479, 0.1250000000000001110 ) ;
#4355 = B_SPLINE_CURVE_WITH_KNOTS ( 'NONE', 4,
 ( #318, #3189, #5478, #833, #2676 ),
 .UNSPECIFIED., .F., .F.,
 ( 5, 5 ),
 ( 0.000000000000000000, 1.000000000000000000 ),
 .UNSPECIFIED. ) ;
#4356 = ORIENTED_EDGE ( 'NONE', *, *, #5114, .T. ) ;
#4357 = VERTEX_POINT ( 'NONE', #4709 ) ;
#4358 = CARTESIAN_POINT ( 'NONE',  ( -1.791414999999999980, 1.550000000000000044, 0.6690000000000000391 ) ) ;
#4359 = CARTESIAN_POINT ( 'NONE',  ( 0.9724999999999999201, 1.650500000000000078, 1.641000000000000014 ) ) ;
#4360 = VECTOR ( 'NONE', #5285, 1000.000000000000000 ) ;
#4361 = VECTOR ( 'NONE', #3654, 1000.000000000000000 ) ;
#4362 = DIRECTION ( 'NONE',  ( -0.000000000000000000, 1.000000000000000000, 0.000000000000000000 ) ) ;
#4363 = CARTESIAN_POINT ( 'NONE',  ( 1.730900000000000105, -1.750000000000000000, 0.2000000000000000111 ) ) ;
#4364 = ORIENTED_EDGE ( 'NONE', *, *, #2629, .F. ) ;
#4365 = ORIENTED_EDGE ( 'NONE', *, *, #5423, .T. ) ;
#4366 = VECTOR ( 'NONE', #265, 1000.000000000000000 ) ;
#4367 = VECTOR ( 'NONE', #1289, 1000.000000000000000 ) ;
#4368 = FACE_OUTER_BOUND ( 'NONE', #3268, .T. ) ;
#4369 = VECTOR ( 'NONE', #4925, 1000.000000000000000 ) ;
#4370 = VECTOR ( 'NONE', #3806, 1000.000000000000000 ) ;
#4371 = DIRECTION ( 'NONE',  ( 0.000000000000000000, -1.000000000000000000, 0.000000000000000000 ) ) ;
#4372 = EDGE_LOOP ( 'NONE', ( #4874, #113, #4803, #2217 ) ) ;
#4373 = VERTEX_POINT ( 'NONE', #2306 ) ;
#4374 = CARTESIAN_POINT ( 'NONE',  ( -1.750000000000000000, 0.7500000000000000000, 3.210705999999999616 ) ) ;
#4375 = CARTESIAN_POINT ( 'NONE',  ( 3.825400000000000134, 1.436262999999999845, 3.299491545218999899 ) ) ;
#4376 = LINE ( 'NONE', #1905, #5438 ) ;
#4377 = ORIENTED_EDGE ( 'NONE', *, *, #4277, .F. ) ;
#4378 = FACE_OUTER_BOUND ( 'NONE', #3156, .T. ) ;
#4379 = DIRECTION ( 'NONE',  ( -0.9947547844760413760, 0.1022884097150042471, -2.000000000000085808E-17 ) ) ;
#4380 = AXIS2_PLACEMENT_3D ( 'NONE', #4271, #137, #3474 ) ;
#4381 = VECTOR ( 'NONE', #2689, 1000.000000000000000 ) ;
#4382 = EDGE_LOOP ( 'NONE', ( #2359, #2744, #1883, #4961, #5480, #4804, #3516, #5804, #4130, #2187, #5446, #2238, #4144, #3194, #4149, #4996, #2931, #2921, #4742, #3804 ) ) ;
#4383 = LINE ( 'NONE', #3034, #3968 ) ;
#4384 = EDGE_CURVE ( 'NONE', #4548, #5647, #3133, .T. ) ;
#4385 = CARTESIAN_POINT ( 'NONE',  ( 1.800000000000000044, -0.8249999999999999556, 3.500000000000000000 ) ) ;
#4386 = DIRECTION ( 'NONE',  ( 1.000000000000000000, 0.000000000000000000, 0.000000000000000000 ) ) ;
#4387 = CARTESIAN_POINT ( 'NONE',  ( -2.218206999999999596, 2.000000000000000000, -0.2825900000000000079 ) ) ;
#4388 = EDGE_CURVE ( 'NONE', #1731, #763, #5076, .T. ) ;
#4389 = EDGE_CURVE ( 'NONE', #1766, #3511, #940, .T. ) ;
#4390 = ORIENTED_EDGE ( 'NONE', *, *, #4388, .T. ) ;
#4391 = DIRECTION ( 'NONE',  ( 0.000000000000000000, 1.000000000000000000, 0.000000000000000000 ) ) ;
#4392 = CARTESIAN_POINT ( 'NONE',  ( -3.740450000000000053, 1.489999999999999991, 0.7982930000000000303 ) ) ;
#4393 = ORIENTED_EDGE ( 'NONE', *, *, #1591, .F. ) ;
#4394 = LINE ( 'NONE', #724, #5273 ) ;
#4395 = CARTESIAN_POINT ( 'NONE',  ( 0.9676375000000000393, 1.750000000000000000, 0.7982930000000000303 ) ) ;
#4396 = AXIS2_PLACEMENT_3D ( 'NONE', #617, #3919, #2460 ) ;
#4397 = ORIENTED_EDGE ( 'NONE', *, *, #3938, .F. ) ;
#4398 = FACE_OUTER_BOUND ( 'NONE', #2254, .T. ) ;
#4399 = CARTESIAN_POINT ( 'NONE',  ( 3.984144000000000130, 1.535122601059000003, 0.7982930000000000303 ) ) ;
#4400 = EDGE_LOOP ( 'NONE', ( #2313, #2107, #4176, #3118 ) ) ;
#4401 = ORIENTED_EDGE ( 'NONE', *, *, #5458, .F. ) ;
#4402 = LINE ( 'NONE', #4786, #4957 ) ;
#4403 = DIRECTION ( 'NONE',  ( 0.000000000000000000, 0.000000000000000000, 1.000000000000000000 ) ) ;
#4404 = ORIENTED_EDGE ( 'NONE', *, *, #2324, .F. ) ;
#4405 = ORIENTED_EDGE ( 'NONE', *, *, #2436, .T. ) ;
#4406 = PLANE ( 'NONE',  #5865 ) ;
#4407 = ORIENTED_EDGE ( 'NONE', *, *, #2663, .T. ) ;
#4408 = CARTESIAN_POINT ( 'NONE',  ( 0.2500000000000000000, 0.1499999999999999944, -3.195100000000000051 ) ) ;
#4409 = AXIS2_PLACEMENT_3D ( 'NONE', #5783, #3506, #1561 ) ;
#4410 = ORIENTED_EDGE ( 'NONE', *, *, #3416, .F. ) ;
#4411 = DIRECTION ( 'NONE',  ( 1.000000000000000000, 0.000000000000000000, 0.000000000000000000 ) ) ;
#4412 = VECTOR ( 'NONE', #1942, 1000.000000000000000 ) ;
#4413 = CARTESIAN_POINT ( 'NONE',  ( -3.912921632551999984, -1.535640494107999965, 3.233184741356000202 ) ) ;
#4414 = CARTESIAN_POINT ( 'NONE',  ( 3.825505760075999628, -1.430627155102000003, 3.299915783332000085 ) ) ;
#4415 = CARTESIAN_POINT ( 'NONE',  ( -1.791414999999999980, 2.000000000000000000, 0.7982930000000000303 ) ) ;
#4416 = ADVANCED_FACE ( 'NONE', ( #1375 ), #2398, .F. ) ;
#4417 = EDGE_CURVE ( 'NONE', #5021, #2820, #1430, .T. ) ;
#4418 = DIRECTION ( 'NONE',  ( 1.000000000000000000, 0.000000000000000000, 0.000000000000000000 ) ) ;
#4419 = LINE ( 'NONE', #4744, #2229 ) ;
#4420 = VERTEX_POINT ( 'NONE', #1949 ) ;
#4421 = DIRECTION ( 'NONE',  ( 0.000000000000000000, 0.000000000000000000, -1.000000000000000000 ) ) ;
#4422 = CARTESIAN_POINT ( 'NONE',  ( -1.750000000000000000, 0.7500000000000000000, 6.010705999999999882 ) ) ;
#4423 = CYLINDRICAL_SURFACE ( 'NONE', #3951, 0.09999999999999982514 ) ;
#4424 = ADVANCED_FACE ( 'NONE', ( #914 ), #4134, .F. ) ;
#4425 = EDGE_CURVE ( 'NONE', #4088, #4487, #5743, .T. ) ;
#4426 = DIRECTION ( 'NONE',  ( 1.000000000000000000, 0.000000000000000000, 0.000000000000000000 ) ) ;
#4427 = CARTESIAN_POINT ( 'NONE',  ( -4.025426416902999627, 1.436883219717999927, 3.248512765035000083 ) ) ;
#4428 = VERTEX_POINT ( 'NONE', #2763 ) ;
#4429 = ORIENTED_EDGE ( 'NONE', *, *, #3884, .F. ) ;
#4430 = DIRECTION ( 'NONE',  ( 1.000000000000000000, 0.000000000000000000, 0.000000000000000000 ) ) ;
#4431 = DIRECTION ( 'NONE',  ( 0.000000000000000000, 0.000000000000000000, -1.000000000000000000 ) ) ;
#4432 = CARTESIAN_POINT ( 'NONE',  ( 0.000000000000000000, -1.650500000000000078, 0.7075000000000000178 ) ) ;
#4433 = ORIENTED_EDGE ( 'NONE', *, *, #1184, .F. ) ;
#4434 = EDGE_LOOP ( 'NONE', ( #4232, #1524, #3651, #1968, #2337, #5416 ) ) ;
#4435 = CARTESIAN_POINT ( 'NONE',  ( 4.049999999999999822, -1.750000000000000000, 0.7982930000000000303 ) ) ;
#4436 = LINE ( 'NONE', #3577, #3564 ) ;
#4437 = LINE ( 'NONE', #4888, #204 ) ;
#4438 = CARTESIAN_POINT ( 'NONE',  ( 4.019971976142000081, -1.399814630597000065, 3.499261041073000289 ) ) ;
#4439 = DIRECTION ( 'NONE',  ( 0.000000000000000000, 0.000000000000000000, 1.000000000000000000 ) ) ;
#4440 = VECTOR ( 'NONE', #4760, 1000.000000000000000 ) ;
#4441 = DIRECTION ( 'NONE',  ( 1.000000000000000000, 0.000000000000000000, 0.000000000000000000 ) ) ;
#4442 = ORIENTED_EDGE ( 'NONE', *, *, #4788, .T. ) ;
#4443 = FACE_OUTER_BOUND ( 'NONE', #2453, .T. ) ;
#4444 = DIRECTION ( 'NONE',  ( 0.000000000000000000, 0.000000000000000000, -1.000000000000000000 ) ) ;
#4445 = VERTEX_POINT ( 'NONE', #3240 ) ;
#4446 = EDGE_CURVE ( 'NONE', #2737, #4796, #889, .T. ) ;
#4447 = DIRECTION ( 'NONE',  ( -0.000000000000000000, 1.000000000000000000, 0.000000000000000000 ) ) ;
#4448 = DIRECTION ( 'NONE',  ( 0.000000000000000000, -1.000000000000000000, 0.000000000000000000 ) ) ;
#4449 = CARTESIAN_POINT ( 'NONE',  ( -0.4441860000000000253, 1.550000000000000044, 0.7982930000000000303 ) ) ;
#4450 = ADVANCED_FACE ( 'NONE', ( #491 ), #2341, .F. ) ;
#4451 = EDGE_LOOP ( 'NONE', ( #3522, #919, #4365 ) ) ;
#4452 = CARTESIAN_POINT ( 'NONE',  ( -3.999254065828000027, -1.367727773556999926, 3.276003139990999902 ) ) ;
#4453 = VERTEX_POINT ( 'NONE', #1822 ) ;
#4455 = ORIENTED_EDGE ( 'NONE', *, *, #5898, .F. ) ;
#4454 = EDGE_CURVE ( 'NONE', #3342, #4512, #5539, .T. ) ;
#4456 = FACE_OUTER_BOUND ( 'NONE', #4434, .T. ) ;
#4457 = VECTOR ( 'NONE', #492, 1000.000000000000000 ) ;
#4458 = CIRCLE ( 'NONE', #5220, 0.1250000000000001110 ) ;
#4459 = EDGE_CURVE ( 'NONE', #653, #2230, #2788, .T. ) ;
#4460 = CARTESIAN_POINT ( 'NONE',  ( 2.229423999999999850, 0.2250000000000000056, 0.2000000000000000111 ) ) ;
#4461 = VECTOR ( 'NONE', #2450, 1000.000000000000000 ) ;
#4462 = DIRECTION ( 'NONE',  ( 1.000000000000000000, 0.000000000000000000, 0.000000000000000000 ) ) ;
#4463 = CARTESIAN_POINT ( 'NONE',  ( -2.750000000000000000, 0.1499999999999999944, -3.195100000000000051 ) ) ;
#4464 = ORIENTED_EDGE ( 'NONE', *, *, #104, .T. ) ;
#4465 = ORIENTED_EDGE ( 'NONE', *, *, #2444, .F. ) ;
#4466 = LINE ( 'NONE', #3943, #2173 ) ;
#4467 = EDGE_CURVE ( 'NONE', #1199, #818, #34, .T. ) ;
#4468 = CARTESIAN_POINT ( 'NONE',  ( 4.014678137882000009, 1.388652331402999929, 3.499699877615999988 ) ) ;
#4469 = VECTOR ( 'NONE', #1819, 1000.000000000000000 ) ;
#4470 = AXIS2_PLACEMENT_3D ( 'NONE', #1405, #4225, #5103 ) ;
#4471 = CARTESIAN_POINT ( 'NONE',  ( -4.250000000000000000, 1.500000000000000000, 0.2500000000000000000 ) ) ;
#4472 = EDGE_LOOP ( 'NONE', ( #610, #4010, #3486, #148, #918 ) ) ;
#4473 = DIRECTION ( 'NONE',  ( 1.000000000000000000, -1.100000000000000002E-16, 1.100000000000000002E-16 ) ) ;
#4474 = VERTEX_POINT ( 'NONE', #4682 ) ;
#4475 = DIRECTION ( 'NONE',  ( 0.000000000000000000, -1.000000000000000000, 0.000000000000000000 ) ) ;
#4476 = AXIS2_PLACEMENT_3D ( 'NONE', #5676, #4879, #3051 ) ;
#4477 = ORIENTED_EDGE ( 'NONE', *, *, #2259, .F. ) ;
#4478 = CARTESIAN_POINT ( 'NONE',  ( -3.230900000000000105, -1.831261000000000028, 0.7982930000000000303 ) ) ;
#4479 = CARTESIAN_POINT ( 'NONE',  ( -4.024470953467000456, 1.453849200055000068, 3.498800864165999780 ) ) ;
#4480 = EDGE_LOOP ( 'NONE', ( #2997, #2074, #2539, #3475, #5612 ) ) ;
#4481 = VECTOR ( 'NONE', #2770, 1000.000000000000000 ) ;
#4482 = CARTESIAN_POINT ( 'NONE',  ( -2.750000000000000000, 0.1499999999999999944, 0.2000000000000000111 ) ) ;
#4483 = CARTESIAN_POINT ( 'NONE',  ( -1.800000000000000044, 0.8249999999999999556, 2.661262999999999934 ) ) ;
#4484 = FACE_OUTER_BOUND ( 'NONE', #2720, .T. ) ;
#4485 = DIRECTION ( 'NONE',  ( 1.000000000000000000, 0.000000000000000000, 0.000000000000000000 ) ) ;
#4486 = VERTEX_POINT ( 'NONE', #5630 ) ;
#4487 = VERTEX_POINT ( 'NONE', #2370 ) ;
#4488 = CARTESIAN_POINT ( 'NONE',  ( 4.049999999999999822, 1.750000000000000000, 0.2000000000000000111 ) ) ;
#4489 = EDGE_CURVE ( 'NONE', #4261, #362, #4220, .T. ) ;
#4490 = LINE ( 'NONE', #2683, #2798 ) ;
#4491 = CARTESIAN_POINT ( 'NONE',  ( 4.250000000000000000, -1.550000000000000044, 0.2000000000000000111 ) ) ;
#4492 = DIRECTION ( 'NONE',  ( 1.000000000000000000, -1.100000000000000002E-16, 0.000000000000000000 ) ) ;
#4493 = ORIENTED_EDGE ( 'NONE', *, *, #4185, .T. ) ;
#4494 = ORIENTED_EDGE ( 'NONE', *, *, #4820, .T. ) ;
#4495 = CARTESIAN_POINT ( 'NONE',  ( -1.800000000000000044, -0.8249999999999999556, 2.661262999999999934 ) ) ;
#4496 = CARTESIAN_POINT ( 'NONE',  ( 3.161627999999999883, 2.000000000000000000, 0.7982930000000000303 ) ) ;
#4497 = EDGE_CURVE ( 'NONE', #3567, #3559, #3765, .T. ) ;
#4498 = LINE ( 'NONE', #2521, #3764 ) ;
#4499 = VERTEX_POINT ( 'NONE', #2964 ) ;
#4500 = EDGE_CURVE ( 'NONE', #533, #4190, #3087, .T. ) ;
#4501 = DIRECTION ( 'NONE',  ( 0.000000000000000000, 0.000000000000000000, 1.000000000000000000 ) ) ;
#4502 = ORIENTED_EDGE ( 'NONE', *, *, #4006, .T. ) ;
#4503 = CARTESIAN_POINT ( 'NONE',  ( -2.218206999999999596, 2.000000000000000000, 0.2500269999999999992 ) ) ;
#4504 = ADVANCED_FACE ( 'NONE', ( #4821 ), #271, .F. ) ;
#4505 = VECTOR ( 'NONE', #5098, 1000.000000000000000 ) ;
#4506 = DIRECTION ( 'NONE',  ( -1.000000000000000000, 0.000000000000000000, 0.000000000000000000 ) ) ;
#4507 = CARTESIAN_POINT ( 'NONE',  ( -4.022617494228999391, 1.462496436005999989, 3.498991158234999954 ) ) ;
#4508 = EDGE_LOOP ( 'NONE', ( #604, #2083, #2321, #5760 ) ) ;
#4509 = CARTESIAN_POINT ( 'NONE',  ( 4.250000000000000000, 1.750000000000000000, 0.2000000000000000111 ) ) ;
#4510 = CARTESIAN_POINT ( 'NONE',  ( 0.000000000000000000, -0.1499999999999999944, -3.195100000000000051 ) ) ;
#4511 = CARTESIAN_POINT ( 'NONE',  ( -3.868578711117999891, 1.520642917159999996, 3.499422101418999898 ) ) ;
#4512 = VERTEX_POINT ( 'NONE', #3032 ) ;
#4513 = ORIENTED_EDGE ( 'NONE', *, *, #4082, .F. ) ;
#4514 = CARTESIAN_POINT ( 'NONE',  ( -4.049999999999999822, 1.550000000000000044, 0.2000000000000000111 ) ) ;
#4515 = DIRECTION ( 'NONE',  ( 0.000000000000000000, -1.000000000000000000, 0.000000000000000000 ) ) ;
#4516 = CARTESIAN_POINT ( 'NONE',  ( 3.924999999999999822, 1.486319999999999864, 3.174999999999999822 ) ) ;
#4517 = ORIENTED_EDGE ( 'NONE', *, *, #1680, .T. ) ;
#4518 = ORIENTED_EDGE ( 'NONE', *, *, #4446, .T. ) ;
#4519 = PLANE ( 'NONE',  #7 ) ;
#4520 = ADVANCED_FACE ( 'NONE', ( #4378 ), #3454, .F. ) ;
#4521 = CARTESIAN_POINT ( 'NONE',  ( 4.011969606392999488, 1.486319999999999864, 3.499713292642999907 ) ) ;
#4522 = ADVANCED_FACE ( 'NONE', ( #3487 ), #5404, .F. ) ;
#4523 = DIRECTION ( 'NONE',  ( 0.000000000000000000, 0.000000000000000000, 1.000000000000000000 ) ) ;
#4524 = ORIENTED_EDGE ( 'NONE', *, *, #4973, .T. ) ;
#4525 = LINE ( 'NONE', #2609, #4313 ) ;
#4526 = ORIENTED_EDGE ( 'NONE', *, *, #1303, .T. ) ;
#4527 = ADVANCED_FACE ( 'NONE', ( #5862 ), #4406, .F. ) ;
#4528 = LINE ( 'NONE', #5929, #4823 ) ;
#4529 = EDGE_CURVE ( 'NONE', #1084, #3054, #5799, .T. ) ;
#4530 = EDGE_CURVE ( 'NONE', #5328, #5952, #2602, .T. ) ;
#4531 = VERTEX_POINT ( 'NONE', #3452 ) ;
#4532 = DIRECTION ( 'NONE',  ( 0.000000000000000000, -1.000000000000000000, 2.200000000000000003E-16 ) ) ;
#4533 = CARTESIAN_POINT ( 'NONE',  ( -4.016288849478000245, 1.478850212081999960, 3.499506256650000147 ) ) ;
#4534 = VECTOR ( 'NONE', #5890, 1000.000000000000000 ) ;
#4535 = ORIENTED_EDGE ( 'NONE', *, *, #3548, .T. ) ;
#4536 = CARTESIAN_POINT ( 'NONE',  ( -4.025400000000000311, -1.445061541462000054, 3.498706332850999523 ) ) ;
#4537 = FACE_OUTER_BOUND ( 'NONE', #4954, .T. ) ;
#4538 = EDGE_CURVE ( 'NONE', #1142, #985, #3031, .T. ) ;
#4539 = VECTOR ( 'NONE', #5433, 1000.000000000000000 ) ;
#4540 = DIRECTION ( 'NONE',  ( 0.000000000000000000, 0.000000000000000000, -1.000000000000000000 ) ) ;
#4541 = ORIENTED_EDGE ( 'NONE', *, *, #3896, .T. ) ;
#4542 = VERTEX_POINT ( 'NONE', #270 ) ;
#4543 = DIRECTION ( 'NONE',  ( 0.000000000000000000, 0.000000000000000000, 1.000000000000000000 ) ) ;
#4544 = LINE ( 'NONE', #5140, #2413 ) ;
#4545 = DIRECTION ( 'NONE',  ( 0.000000000000000000, -1.000000000000000000, 0.000000000000000000 ) ) ;
#4546 = CIRCLE ( 'NONE', #1574, 0.1250000000000001110 ) ;
#4547 = ORIENTED_EDGE ( 'NONE', *, *, #4255, .T. ) ;
#4548 = VERTEX_POINT ( 'NONE', #1180 ) ;
#4549 = CIRCLE ( 'NONE', #1922, 0.2000000000000000944 ) ;
#4550 = DIRECTION ( 'NONE',  ( 0.000000000000000000, 1.000000000000000000, 0.000000000000000000 ) ) ;
#4551 = CARTESIAN_POINT ( 'NONE',  ( 3.825400000000000134, 1.436262999999999845, -0.2999999999999999889 ) ) ;
#4552 = VECTOR ( 'NONE', #2399, 1000.000000000000000 ) ;
#4553 = VECTOR ( 'NONE', #3629, 1000.000000000000000 ) ;
#4554 = ORIENTED_EDGE ( 'NONE', *, *, #1544, .T. ) ;
#4555 = DIRECTION ( 'NONE',  ( 0.000000000000000000, 1.000000000000000000, 0.000000000000000000 ) ) ;
#4556 = ORIENTED_EDGE ( 'NONE', *, *, #959, .F. ) ;
#4557 = PLANE ( 'NONE',  #4677 ) ;
#4558 = CARTESIAN_POINT ( 'NONE',  ( -0.5095499999999999474, -1.489999999999999991, 0.2000000000000000111 ) ) ;
#4559 = CIRCLE ( 'NONE', #382, 0.1250000000000001110 ) ;
#4560 = B_SPLINE_CURVE_WITH_KNOTS ( 'NONE', 6,
 ( #891, #3135, #4966, #2255, #1233, #5020, #810, #5395, #4994, #4511, #3074, #3566 ),
 .UNSPECIFIED., .F., .F.,
 ( 7, 5, 7 ),
 ( 0.000000000000000000, 0.4132964352780000294, 1.000000000000000000 ),
 .UNSPECIFIED. ) ;
#4561 = AXIS2_PLACEMENT_3D ( 'NONE', #5758, #5294, #2018 ) ;
#4562 = DIRECTION ( 'NONE',  ( -1.000000000000000000, 0.000000000000000000, 0.000000000000000000 ) ) ;
#4563 = AXIS2_PLACEMENT_3D ( 'NONE', #3101, #2823, #2368 ) ;
#4564 = EDGE_CURVE ( 'NONE', #3424, #3414, #4466, .T. ) ;
#4566 = EDGE_LOOP ( 'NONE', ( #3712, #930, #5308, #2185, #3908, #1800, #2955, #5239, #2480, #1729, #1324, #195, #3187, #1944, #3236, #4686, #5908, #2743, #1415, #3254, #4079, #2393, #2151, #1962 ) ) ;
#4565 = VECTOR ( 'NONE', #4901, 1000.000000000000000 ) ;
#4567 = DIRECTION ( 'NONE',  ( 0.000000000000000000, 0.000000000000000000, 1.000000000000000000 ) ) ;
#4568 = CARTESIAN_POINT ( 'NONE',  ( -4.250000000000000000, -1.500000000000000000, -6.000000000000000121E-17 ) ) ;
#4569 = VERTEX_POINT ( 'NONE', #639 ) ;
#4570 = CARTESIAN_POINT ( 'NONE',  ( -4.016288849478000245, -1.478850212081999960, 3.499506256650000147 ) ) ;
#4571 = CARTESIAN_POINT ( 'NONE',  ( 2.229423999999999850, 1.500000000000000000, 0.000000000000000000 ) ) ;
#4572 = EDGE_CURVE ( 'NONE', #2713, #1639, #3911, .T. ) ;
#4573 = CIRCLE ( 'NONE', #797, 0.09999999999999982514 ) ;
#4574 = VECTOR ( 'NONE', #1598, 1000.000000000000000 ) ;
#4575 = VECTOR ( 'NONE', #4089, 1000.000000000000000 ) ;
#4576 = FACE_OUTER_BOUND ( 'NONE', #1573, .T. ) ;
#4577 = EDGE_LOOP ( 'NONE', ( #2275, #4493, #3732 ) ) ;
#4578 = ORIENTED_EDGE ( 'NONE', *, *, #587, .T. ) ;
#4579 = CARTESIAN_POINT ( 'NONE',  ( -3.924999999999999822, -1.550000000000000044, 0.7982930000000000303 ) ) ;
#4580 = DIRECTION ( 'NONE',  ( 0.000000000000000000, 1.000000000000000000, 0.000000000000000000 ) ) ;
#4581 = CARTESIAN_POINT ( 'NONE',  ( 3.161627999999999883, 1.425000000000000044, 0.3250000000000000111 ) ) ;
#4582 = ORIENTED_EDGE ( 'NONE', *, *, #2637, .F. ) ;
#4583 = VERTEX_POINT ( 'NONE', #2576 ) ;
#4584 = CARTESIAN_POINT ( 'NONE',  ( 1.791398999999999964, -1.750000000000000000, 0.1250134999999999996 ) ) ;
#4585 = DIRECTION ( 'NONE',  ( -1.000000000000000000, 0.000000000000000000, 0.000000000000000000 ) ) ;
#4586 = DIRECTION ( 'NONE',  ( 1.000000000000000000, 0.000000000000000000, 0.000000000000000000 ) ) ;
#4587 = VERTEX_POINT ( 'NONE', #5374 ) ;
#4588 = DIRECTION ( 'NONE',  ( 1.000000000000000000, 0.000000000000000000, 0.000000000000000000 ) ) ;
#4589 = DIRECTION ( 'NONE',  ( 0.000000000000000000, -1.000000000000000000, 2.200000000000000003E-16 ) ) ;
#4590 = CARTESIAN_POINT ( 'NONE',  ( -3.020707499999999879, 1.750000000000000000, 0.7982930000000000303 ) ) ;
#4591 = VERTEX_POINT ( 'NONE', #4375 ) ;
#4592 = CARTESIAN_POINT ( 'NONE',  ( 3.984144000000000130, 1.517189772232999889, 3.499408323298999868 ) ) ;
#4593 = CARTESIAN_POINT ( 'NONE',  ( -1.791414999999999980, 1.550000000000000044, 0.7336464999999999792 ) ) ;
#4594 = VERTEX_POINT ( 'NONE', #2962 ) ;
#4595 = DIRECTION ( 'NONE',  ( 0.000000000000000000, -1.000000000000000000, 0.000000000000000000 ) ) ;
#4596 = CARTESIAN_POINT ( 'NONE',  ( -4.049999999999999822, -1.489999999999999991, 0.2182292174799999873 ) ) ;
#4597 = EDGE_CURVE ( 'NONE', #2544, #5181, #1638, .T. ) ;
#4598 = CIRCLE ( 'NONE', #1392, 0.09999999999999982514 ) ;
#4599 = VERTEX_POINT ( 'NONE', #4435 ) ;
#4600 = DIRECTION ( 'NONE',  ( 1.000000000000000000, 0.000000000000000000, 0.000000000000000000 ) ) ;
#4601 = VERTEX_POINT ( 'NONE', #3880 ) ;
#4602 = ORIENTED_EDGE ( 'NONE', *, *, #4223, .T. ) ;
#4603 = AXIS2_PLACEMENT_3D ( 'NONE', #179, #2548, #2908 ) ;
#4604 = DIRECTION ( 'NONE',  ( 1.000000000000000000, 0.000000000000000000, 0.000000000000000000 ) ) ;
#4605 = ADVANCED_FACE ( 'NONE', ( #670 ), #5741, .T. ) ;
#4606 = CARTESIAN_POINT ( 'NONE',  ( -3.230900000000000105, -1.912522000000000055, 0.06912600000000000688 ) ) ;
#4607 = CARTESIAN_POINT ( 'NONE',  ( 4.023660936503000052, 1.417567515828999980, 3.251755941716999665 ) ) ;
#4608 = VERTEX_POINT ( 'NONE', #302 ) ;
#4609 = ORIENTED_EDGE ( 'NONE', *, *, #3079, .F. ) ;
#4610 = B_SPLINE_CURVE_WITH_KNOTS ( 'NONE', 6,
 ( #5504, #3646, #3592, #2196, #5450, #1227, #1772, #3617, #2852, #549, #1858, #3733 ),
 .UNSPECIFIED., .F., .F.,
 ( 7, 5, 7 ),
 ( 0.000000000000000000, 0.4132964352780000294, 1.000000000000000000 ),
 .UNSPECIFIED. ) ;
#4611 = DIRECTION ( 'NONE',  ( 1.000000000000000000, 0.000000000000000000, 0.000000000000000000 ) ) ;
#4612 = CARTESIAN_POINT ( 'NONE',  ( -1.791414999999999980, 2.000000000000000000, 0.7982930000000000303 ) ) ;
#4613 = CARTESIAN_POINT ( 'NONE',  ( 3.843766724633000287, 1.495428784677999889, 3.279041371758000256 ) ) ;
#4614 = EDGE_LOOP ( 'NONE', ( #2538, #1662, #3119, #3065, #3451, #2856 ) ) ;
#4615 = FACE_OUTER_BOUND ( 'NONE', #1264, .T. ) ;
#4616 = LINE ( 'NONE', #932, #3009 ) ;
#4617 = CARTESIAN_POINT ( 'NONE',  ( 3.948262037890000187, -1.337769795392000027, 3.298720722820999818 ) ) ;
#4618 = ORIENTED_EDGE ( 'NONE', *, *, #3676, .F. ) ;
#4619 = CARTESIAN_POINT ( 'NONE',  ( 2.229423999999999850, 1.750000000000000000, 0.2500000000000000000 ) ) ;
#4620 = FACE_OUTER_BOUND ( 'NONE', #3111, .T. ) ;
#4621 = EDGE_LOOP ( 'NONE', ( #134, #1039, #1440, #4052 ) ) ;
#4622 = CARTESIAN_POINT ( 'NONE',  ( 3.161627999999999883, -1.500000000000000000, 0.2500000000000000000 ) ) ;
#4623 = DIRECTION ( 'NONE',  ( 1.000000000000000000, 0.000000000000000000, 0.000000000000000000 ) ) ;
#4624 = ADVANCED_FACE ( 'NONE', ( #2546 ), #3544, .T. ) ;
#4625 = SPHERICAL_SURFACE ( 'NONE', #4470, 0.1250000000000000000 ) ;
#4626 = VERTEX_POINT ( 'NONE', #211 ) ;
#4627 = ORIENTED_EDGE ( 'NONE', *, *, #3243, .T. ) ;
#4628 = FACE_OUTER_BOUND ( 'NONE', #1079, .T. ) ;
#4629 = VECTOR ( 'NONE', #1622, 1000.000000000000000 ) ;
#4630 = EDGE_CURVE ( 'NONE', #5839, #1604, #4337, .T. ) ;
#4631 = FACE_OUTER_BOUND ( 'NONE', #4451, .T. ) ;
#4632 = CARTESIAN_POINT ( 'NONE',  ( 0.000000000000000000, -1.650500000000000078, 1.641000000000000014 ) ) ;
#4633 = EDGE_LOOP ( 'NONE', ( #4541, #2439, #1150, #3493, #5888 ) ) ;
#4634 = ORIENTED_EDGE ( 'NONE', *, *, #4008, .F. ) ;
#4635 = FACE_OUTER_BOUND ( 'NONE', #69, .T. ) ;
#4636 = EDGE_CURVE ( 'NONE', #470, #731, #4202, .T. ) ;
#4637 = LINE ( 'NONE', #4123, #2292 ) ;
#4638 = EDGE_CURVE ( 'NONE', #5456, #4428, #5770, .T. ) ;
#4639 = VECTOR ( 'NONE', #1, 1000.000000000000000 ) ;
#4640 = CARTESIAN_POINT ( 'NONE',  ( 3.826308328427999950, 1.451516922796999953, 3.297372080939999783 ) ) ;
#4641 = ORIENTED_EDGE ( 'NONE', *, *, #3113, .F. ) ;
#4642 = CARTESIAN_POINT ( 'NONE',  ( 0.2500000000000000000, -0.1499999999999999944, 0.2000000000000000111 ) ) ;
#4643 = CARTESIAN_POINT ( 'NONE',  ( 3.161627999999999883, -0.9499999999999999556, 0.000000000000000000 ) ) ;
#4644 = CARTESIAN_POINT ( 'NONE',  ( 4.009186226331999947, -1.381476901649000055, 3.267469360301000325 ) ) ;
#4645 = VECTOR ( 'NONE', #4239, 1000.000000000000000 ) ;
#4646 = CIRCLE ( 'NONE', #2606, 0.2000000000000000944 ) ;
#4647 = ORIENTED_EDGE ( 'NONE', *, *, #1484, .T. ) ;
#4648 = DIRECTION ( 'NONE',  ( -1.000000000000000000, 0.000000000000000000, 0.000000000000000000 ) ) ;
#4649 = DIRECTION ( 'NONE',  ( 1.000000000000000000, 0.000000000000000000, -6.000000000000000121E-17 ) ) ;
#4650 = VECTOR ( 'NONE', #5637, 1000.000000000000000 ) ;
#4651 = EDGE_LOOP ( 'NONE', ( #2550, #2510, #3390, #2272, #5279, #3453 ) ) ;
#4652 = CARTESIAN_POINT ( 'NONE',  ( -2.250000000000000000, 0.1499999999999999944, -3.195100000000000051 ) ) ;
#4653 = CARTESIAN_POINT ( 'NONE',  ( -2.218206999999999596, 2.000000000000000000, 0.2500269999999999992 ) ) ;
#4654 = AXIS2_PLACEMENT_3D ( 'NONE', #4731, #5621, #612 ) ;
#4655 = VERTEX_POINT ( 'NONE', #5277 ) ;
#4656 = DIRECTION ( 'NONE',  ( 0.000000000000000000, 1.000000000000000000, -2.200000000000000003E-16 ) ) ;
#4657 = DIRECTION ( 'NONE',  ( 2.100000000000000104E-16, 1.000000000000000000, -2.200000000000000003E-16 ) ) ;
#4658 = VERTEX_POINT ( 'NONE', #1143 ) ;
#4659 = ORIENTED_EDGE ( 'NONE', *, *, #2360, .F. ) ;
#4660 = FACE_OUTER_BOUND ( 'NONE', #5149, .T. ) ;
#4661 = AXIS2_PLACEMENT_3D ( 'NONE', #2112, #2054, #4331 ) ;
#4662 = CARTESIAN_POINT ( 'NONE',  ( -2.250000000000000000, 0.1499999999999999944, 0.2000000000000000111 ) ) ;
#4663 = CARTESIAN_POINT ( 'NONE',  ( 3.924999999999999822, 1.550000000000000044, 3.174999999999999822 ) ) ;
#4664 = ORIENTED_EDGE ( 'NONE', *, *, #5596, .F. ) ;
#4665 = ORIENTED_EDGE ( 'NONE', *, *, #3807, .F. ) ;
#4666 = DIRECTION ( 'NONE',  ( -0.000000000000000000, 1.000000000000000000, 0.000000000000000000 ) ) ;
#4667 = DIRECTION ( 'NONE',  ( 0.000000000000000000, -1.000000000000000000, 0.000000000000000000 ) ) ;
#4668 = ADVANCED_FACE ( 'NONE', ( #1113 ), #4853, .F. ) ;
#4669 = LINE ( 'NONE', #3262, #1254 ) ;
#4670 = CARTESIAN_POINT ( 'NONE',  ( -3.172874999999999890, 0.1250000000000000000, 0.000000000000000000 ) ) ;
#4671 = ORIENTED_EDGE ( 'NONE', *, *, #1221, .T. ) ;
#4672 = DIRECTION ( 'NONE',  ( 1.000000000000000000, 0.000000000000000000, 0.000000000000000000 ) ) ;
#4673 = DIRECTION ( 'NONE',  ( -1.000000000000000000, 0.000000000000000000, 0.000000000000000000 ) ) ;
#4674 = CARTESIAN_POINT ( 'NONE',  ( 4.020020426449000261, -1.403220536090000081, 3.256276370864999770 ) ) ;
#4675 = ADVANCED_FACE ( 'NONE', ( #3699 ), #969, .F. ) ;
#4676 = EDGE_CURVE ( 'NONE', #3174, #4260, #2364, .T. ) ;
#4677 = AXIS2_PLACEMENT_3D ( 'NONE', #5354, #1705, #3497 ) ;
#4678 = EDGE_CURVE ( 'NONE', #623, #3424, #1028, .T. ) ;
#4679 = ORIENTED_EDGE ( 'NONE', *, *, #3555, .T. ) ;
#4680 = FACE_OUTER_BOUND ( 'NONE', #3137, .T. ) ;
#4681 = CARTESIAN_POINT ( 'NONE',  ( -3.924999999999999822, -1.536262199996999867, 3.231971245833999973 ) ) ;
#4682 = CARTESIAN_POINT ( 'NONE',  ( -3.230900000000000105, -1.750000000000000000, 0.2000000000000000111 ) ) ;
#4683 = DIRECTION ( 'NONE',  ( 0.000000000000000000, 2.200000000000000003E-16, 1.000000000000000000 ) ) ;
#4684 = CARTESIAN_POINT ( 'NONE',  ( 1.730900000000000105, 1.489999999999999991, 0.2000000000000000111 ) ) ;
#4685 = LINE ( 'NONE', #2402, #5233 ) ;
#4686 = ORIENTED_EDGE ( 'NONE', *, *, #595, .T. ) ;
#4687 = ORIENTED_EDGE ( 'NONE', *, *, #2484, .F. ) ;
#4688 = LINE ( 'NONE', #4716, #3324 ) ;
#4689 = VECTOR ( 'NONE', #2481, 1000.000000000000000 ) ;
#4690 = ORIENTED_EDGE ( 'NONE', *, *, #63, .T. ) ;
#4691 = AXIS2_PLACEMENT_3D ( 'NONE', #3235, #5622, #428 ) ;
#4692 = CARTESIAN_POINT ( 'NONE',  ( -1.791414999999999980, 2.000000000000000000, 0.7982930000000000303 ) ) ;
#4693 = CARTESIAN_POINT ( 'NONE',  ( 4.020020426449000261, 1.403220536092999904, 3.256276370863999681 ) ) ;
#4694 = ORIENTED_EDGE ( 'NONE', *, *, #1219, .T. ) ;
#4695 = EDGE_LOOP ( 'NONE', ( #2774, #3870, #3965, #2483, #1414, #1605, #5625, #5057 ) ) ;
#4696 = PLANE ( 'NONE',  #3198 ) ;
#4697 = CARTESIAN_POINT ( 'NONE',  ( -3.924999999999999822, -1.425000000000000044, 0.2000000000000000111 ) ) ;
#4698 = CARTESIAN_POINT ( 'NONE',  ( -3.857423888475999707, -1.510977012262999963, 3.500000000000000000 ) ) ;
#4699 = CARTESIAN_POINT ( 'NONE',  ( 3.161627999999999883, 1.750000000000000000, 0.2500000000000000000 ) ) ;
#4700 = ORIENTED_EDGE ( 'NONE', *, *, #3676, .T. ) ;
#4701 = ADVANCED_FACE ( 'NONE', ( #2271 ), #5657, .T. ) ;
#4702 = DIRECTION ( 'NONE',  ( 0.000000000000000000, 1.000000000000000000, 0.000000000000000000 ) ) ;
#4703 = CARTESIAN_POINT ( 'NONE',  ( 3.750000000000000000, 1.399999999999999911, 3.285203000000000095 ) ) ;
#4704 = EDGE_CURVE ( 'NONE', #3212, #1531, #1817, .T. ) ;
#4705 = ORIENTED_EDGE ( 'NONE', *, *, #512, .T. ) ;
#4706 = LINE ( 'NONE', #3484, #1537 ) ;
#4707 = CARTESIAN_POINT ( 'NONE',  ( 4.033925927124999866, -1.486319999999999864, 3.174999999999999822 ) ) ;
#4708 = LINE ( 'NONE', #4593, #3179 ) ;
#4709 = CARTESIAN_POINT ( 'NONE',  ( 3.826036300235000187, -1.425000000000000044, 3.299999999999999822 ) ) ;
#4710 = LINE ( 'NONE', #550, #4552 ) ;
#4711 = ADVANCED_FACE ( 'NONE', ( #2299 ), #1485, .T. ) ;
#4712 = CARTESIAN_POINT ( 'NONE',  ( -3.927619652509000137, 1.536251226543999815, 3.231955020132999845 ) ) ;
#4713 = CARTESIAN_POINT ( 'NONE',  ( -3.984144000000000130, 0.05683999999999999470, 0.7982930000000000303 ) ) ;
#4714 = ORIENTED_EDGE ( 'NONE', *, *, #5301, .T. ) ;
#4715 = EDGE_LOOP ( 'NONE', ( #3878, #5372, #1358, #3476 ) ) ;
#4716 = CARTESIAN_POINT ( 'NONE',  ( -3.230900000000000105, 1.619999999999999885, 0.2000000000000000111 ) ) ;
#4717 = DIRECTION ( 'NONE',  ( -1.200000000000000024E-16, 0.000000000000000000, 1.000000000000000000 ) ) ;
#4718 = EDGE_CURVE ( 'NONE', #5021, #1784, #1850, .T. ) ;
#4719 = EDGE_LOOP ( 'NONE', ( #2935, #1775, #3603, #5322, #1724, #5928 ) ) ;
#4720 = DIRECTION ( 'NONE',  ( 0.000000000000000000, 0.000000000000000000, 1.000000000000000000 ) ) ;
#4721 = PLANE ( 'NONE',  #400 ) ;
#4722 = ORIENTED_EDGE ( 'NONE', *, *, #1666, .F. ) ;
#4723 = ORIENTED_EDGE ( 'NONE', *, *, #1105, .F. ) ;
#4724 = DIRECTION ( 'NONE',  ( 0.000000000000000000, 0.000000000000000000, 1.000000000000000000 ) ) ;
#4725 = VECTOR ( 'NONE', #4903, 1000.000000000000000 ) ;
#4726 = DIRECTION ( 'NONE',  ( -1.000000000000000000, 0.000000000000000000, 0.000000000000000000 ) ) ;
#4727 = AXIS2_PLACEMENT_3D ( 'NONE', #1220, #4922, #2611 ) ;
#4728 = LINE ( 'NONE', #1966, #4953 ) ;
#4729 = LINE ( 'NONE', #3877, #3971 ) ;
#4730 = ORIENTED_EDGE ( 'NONE', *, *, #1972, .F. ) ;
#4731 = CARTESIAN_POINT ( 'NONE',  ( -2.217499999999999805, 1.550000000000000044, 0.6690000000000000391 ) ) ;
#4732 = LINE ( 'NONE', #3422, #2363 ) ;
#4733 = ORIENTED_EDGE ( 'NONE', *, *, #3640, .F. ) ;
#4734 = DIRECTION ( 'NONE',  ( -1.000000000000000000, 1.100000000000000002E-16, 0.000000000000000000 ) ) ;
#4735 = CARTESIAN_POINT ( 'NONE',  ( -3.882022376557999976, 1.526548965231999899, 3.248018753955999927 ) ) ;
#4736 = CARTESIAN_POINT ( 'NONE',  ( -3.893723720064000027, -1.531213651940000142, 3.240948084664000195 ) ) ;
#4737 = AXIS2_PLACEMENT_3D ( 'NONE', #489, #5131, #973 ) ;
#4738 = VECTOR ( 'NONE', #2789, 1000.000000000000000 ) ;
#4739 = AXIS2_PLACEMENT_3D ( 'NONE', #422, #5978, #5062 ) ;
#4740 = CARTESIAN_POINT ( 'NONE',  ( -4.049999999999999822, 1.425000000000000044, 3.174999999999999822 ) ) ;
#4742 = ORIENTED_EDGE ( 'NONE', *, *, #2069, .F. ) ;
#4741 = VECTOR ( 'NONE', #3821, 1000.000000000000000 ) ;
#4743 = CARTESIAN_POINT ( 'NONE',  ( 3.750000000000000000, 1.399999999999999911, 0.7852030000000000953 ) ) ;
#4744 = CARTESIAN_POINT ( 'NONE',  ( -4.049999999999999822, -1.550000000000000044, 0.3250000000000000111 ) ) ;
#4745 = ORIENTED_EDGE ( 'NONE', *, *, #3899, .F. ) ;
#4746 = ORIENTED_EDGE ( 'NONE', *, *, #1879, .T. ) ;
#4747 = CARTESIAN_POINT ( 'NONE',  ( -1.791414999999999980, -1.550000000000000044, 0.4594964999999999744 ) ) ;
#4748 = CARTESIAN_POINT ( 'NONE',  ( -1.791414999999999980, -1.550000000000000044, 0.4594964999999999744 ) ) ;
#4749 = AXIS2_PLACEMENT_3D ( 'NONE', #5845, #4418, #251 ) ;
#4750 = VECTOR ( 'NONE', #5141, 1000.000000000000000 ) ;
#4751 = VERTEX_POINT ( 'NONE', #2758 ) ;
#4752 = VECTOR ( 'NONE', #4307, 1000.000000000000000 ) ;
#4753 = CARTESIAN_POINT ( 'NONE',  ( 3.825400000000000134, -1.436262999999999845, 3.299491545218999899 ) ) ;
#4754 = CARTESIAN_POINT ( 'NONE',  ( -0.2130505000000000038, -1.550000000000000044, 0.2500269999999999992 ) ) ;
#4755 = ORIENTED_EDGE ( 'NONE', *, *, #4114, .F. ) ;
#4756 = EDGE_LOOP ( 'NONE', ( #5380, #2660, #2133, #894 ) ) ;
#4757 = AXIS2_PLACEMENT_3D ( 'NONE', #468, #1867, #5111 ) ;
#4758 = CARTESIAN_POINT ( 'NONE',  ( -4.049999999999999822, 1.750000000000000000, 0.2000000000000000111 ) ) ;
#4759 = EDGE_CURVE ( 'NONE', #3128, #3622, #5559, .T. ) ;
#4760 = DIRECTION ( 'NONE',  ( 0.000000000000000000, -1.000000000000000000, 2.200000000000000003E-16 ) ) ;
#4761 = VECTOR ( 'NONE', #3208, 1000.000000000000000 ) ;
#4762 = CARTESIAN_POINT ( 'NONE',  ( -3.895687823724999888, -1.533608080278000108, 3.497744781978999740 ) ) ;
#4763 = CARTESIAN_POINT ( 'NONE',  ( -1.259549999999999947, 1.489999999999999991, 0.2000000000000000111 ) ) ;
#4764 = EDGE_LOOP ( 'NONE', ( #5441, #1558, #5561, #2405 ) ) ;
#4765 = VECTOR ( 'NONE', #4117, 1000.000000000000000 ) ;
#4766 = CARTESIAN_POINT ( 'NONE',  ( -3.172874999999999890, -1.550000000000000044, 0.7982930000000000303 ) ) ;
#4767 = VERTEX_POINT ( 'NONE', #4703 ) ;
#4768 = ORIENTED_EDGE ( 'NONE', *, *, #5082, .T. ) ;
#4769 = CARTESIAN_POINT ( 'NONE',  ( 3.946599196382000407, 1.534900398877000027, 3.497555733436000125 ) ) ;
#4770 = CARTESIAN_POINT ( 'NONE',  ( 3.161627999999999883, -1.425000000000000044, 0.3250000000000000111 ) ) ;
#4771 = FACE_OUTER_BOUND ( 'NONE', #4577, .T. ) ;
#4772 = DIRECTION ( 'NONE',  ( -1.000000000000000000, 0.000000000000000000, 0.000000000000000000 ) ) ;
#4773 = CARTESIAN_POINT ( 'NONE',  ( -3.937954652076999462, 1.535551058756000176, 3.232020883465999805 ) ) ;
#4774 = CARTESIAN_POINT ( 'NONE',  ( -3.750000000000000000, -1.399999999999999911, 0.7852030000000000953 ) ) ;
#4775 = B_SPLINE_CURVE_WITH_KNOTS ( 'NONE', 8,
 ( #325, #494, #2175, #5884, #1721, #5460, #3115, #4972, #2657, #1495, #5751, #621, #5721, #688, #2464, #127, #3432, #2401, #191, #1980, #3310, #3339, #5287 ),
 .UNSPECIFIED., .F., .F.,
 ( 9, 7, 7, 9 ),
 ( 0.000000000000000000, 0.6739157951559999749, 0.9286637682769999236, 1.000000000000000000 ),
 .UNSPECIFIED. ) ;
#4776 = ORIENTED_EDGE ( 'NONE', *, *, #1477, .T. ) ;
#4777 = VERTEX_POINT ( 'NONE', #3793 ) ;
#4778 = EDGE_CURVE ( 'NONE', #4777, #262, #5983, .T. ) ;
#4779 = LINE ( 'NONE', #3926, #4015 ) ;
#4780 = CARTESIAN_POINT ( 'NONE',  ( -3.975672306691000468, -1.523339296524999886, 3.234139516226000488 ) ) ;
#4781 = CARTESIAN_POINT ( 'NONE',  ( -4.023930581114998795, -1.419034264580000038, 3.251407743299000064 ) ) ;
#4782 = CARTESIAN_POINT ( 'NONE',  ( 3.924999999999999822, -1.550000000000000044, 0.7982930000000000303 ) ) ;
#4783 = ORIENTED_EDGE ( 'NONE', *, *, #4937, .T. ) ;
#4784 = VERTEX_POINT ( 'NONE', #908 ) ;
#4785 = ADVANCED_FACE ( 'NONE', ( #1368, #1393 ), #2391, .T. ) ;
#4786 = CARTESIAN_POINT ( 'NONE',  ( -1.750000000000000000, 0.7500000000000000000, 6.010705999999999882 ) ) ;
#4787 = EDGE_CURVE ( 'NONE', #269, #3017, #5471, .T. ) ;
#4788 = EDGE_CURVE ( 'NONE', #623, #5240, #4732, .T. ) ;
#4789 = VECTOR ( 'NONE', #5343, 1000.000000000000000 ) ;
#4790 = DIRECTION ( 'NONE',  ( 1.000000000000000000, 0.000000000000000000, 0.000000000000000000 ) ) ;
#4791 = DIRECTION ( 'NONE',  ( 1.000000000000000000, 0.000000000000000000, 0.000000000000000000 ) ) ;
#4792 = ORIENTED_EDGE ( 'NONE', *, *, #5970, .T. ) ;
#4793 = DIRECTION ( 'NONE',  ( -1.000000000000000000, 0.000000000000000000, 0.000000000000000000 ) ) ;
#4794 = EDGE_LOOP ( 'NONE', ( #126, #3811, #349, #346 ) ) ;
#4795 = DIRECTION ( 'NONE',  ( 0.000000000000000000, -1.000000000000000000, 0.000000000000000000 ) ) ;
#4796 = VERTEX_POINT ( 'NONE', #3883 ) ;
#4797 = CARTESIAN_POINT ( 'NONE',  ( -3.843766724633000287, 1.495428784677999889, 3.279041371758000256 ) ) ;
#4798 = CARTESIAN_POINT ( 'NONE',  ( -3.885772725825000329, -1.528265105725999939, 3.245557244097000194 ) ) ;
#4799 = LINE ( 'NONE', #4318, #3481 ) ;
#4800 = FACE_OUTER_BOUND ( 'NONE', #1874, .T. ) ;
#4801 = LINE ( 'NONE', #5196, #2999 ) ;
#4802 = CARTESIAN_POINT ( 'NONE',  ( 3.750000000000000000, 1.399999999999999911, 0.7982930000000000303 ) ) ;
#4803 = ORIENTED_EDGE ( 'NONE', *, *, #440, .T. ) ;
#4804 = ORIENTED_EDGE ( 'NONE', *, *, #3889, .F. ) ;
#4805 = CARTESIAN_POINT ( 'NONE',  ( 0.000000000000000000, 1.650500000000000078, 0.7075000000000000178 ) ) ;
#4806 = CARTESIAN_POINT ( 'NONE',  ( -4.049999999999999822, 1.550000000000000044, 0.7982930000000000303 ) ) ;
#4807 = DIRECTION ( 'NONE',  ( 0.000000000000000000, 1.000000000000000000, 0.000000000000000000 ) ) ;
#4808 = LINE ( 'NONE', #4754, #5347 ) ;
#4809 = VERTEX_POINT ( 'NONE', #614 ) ;
#4810 = ORIENTED_EDGE ( 'NONE', *, *, #5352, .T. ) ;
#4811 = DIRECTION ( 'NONE',  ( 1.000000000000000000, 0.000000000000000000, 0.000000000000000000 ) ) ;
#4812 = EDGE_CURVE ( 'NONE', #3511, #5761, #245, .T. ) ;
#4813 = DIRECTION ( 'NONE',  ( -1.000000000000000000, 0.000000000000000000, 0.000000000000000000 ) ) ;
#4814 = VECTOR ( 'NONE', #765, 1000.000000000000000 ) ;
#4815 = ORIENTED_EDGE ( 'NONE', *, *, #1100, .T. ) ;
#4816 = ORIENTED_EDGE ( 'NONE', *, *, #370, .F. ) ;
#4817 = CARTESIAN_POINT ( 'NONE',  ( 0.1007989999999999997, -0.9499999999999999556, 0.000000000000000000 ) ) ;
#4818 = ORIENTED_EDGE ( 'NONE', *, *, #5644, .T. ) ;
#4819 = EDGE_CURVE ( 'NONE', #2056, #3092, #213, .T. ) ;
#4820 = EDGE_CURVE ( 'NONE', #3689, #1320, #4856, .T. ) ;
#4821 = FACE_OUTER_BOUND ( 'NONE', #4329, .T. ) ;
#4822 = CARTESIAN_POINT ( 'NONE',  ( -0.9724999999999999201, -1.650500000000000078, 1.641000000000000014 ) ) ;
#4823 = VECTOR ( 'NONE', #5401, 1000.000000000000000 ) ;
#4824 = DIRECTION ( 'NONE',  ( 0.000000000000000000, 1.000000000000000000, 0.000000000000000000 ) ) ;
#4825 = DIRECTION ( 'NONE',  ( 0.000000000000000000, 0.000000000000000000, 1.000000000000000000 ) ) ;
#4826 = FACE_OUTER_BOUND ( 'NONE', #5454, .T. ) ;
#4827 = DIRECTION ( 'NONE',  ( 0.000000000000000000, 0.000000000000000000, 1.000000000000000000 ) ) ;
#4828 = ORIENTED_EDGE ( 'NONE', *, *, #3847, .F. ) ;
#4829 = CARTESIAN_POINT ( 'NONE',  ( -1.750000000000000000, -0.7500000000000000000, 6.010705999999999882 ) ) ;
#4830 = LINE ( 'NONE', #2433, #2032 ) ;
#4831 = VECTOR ( 'NONE', #3796, 1000.000000000000000 ) ;
#4832 = VERTEX_POINT ( 'NONE', #1056 ) ;
#4833 = DIRECTION ( 'NONE',  ( 0.000000000000000000, 1.000000000000000000, 0.000000000000000000 ) ) ;
#4834 = CARTESIAN_POINT ( 'NONE',  ( -3.924999999999999822, 1.425000000000000044, 0.7982930000000000303 ) ) ;
#4835 = VECTOR ( 'NONE', #2251, 1000.000000000000000 ) ;
#4836 = CIRCLE ( 'NONE', #2221, 0.09999999999999982514 ) ;
#4837 = VECTOR ( 'NONE', #3980, 1000.000000000000000 ) ;
#4838 = ORIENTED_EDGE ( 'NONE', *, *, #4417, .T. ) ;
#4839 = DIRECTION ( 'NONE',  ( 1.100000000000000002E-16, 1.000000000000000000, -2.200000000000000003E-16 ) ) ;
#4840 = CARTESIAN_POINT ( 'NONE',  ( -4.025031943115999766, 1.427366478896999968, 3.249958712413000050 ) ) ;
#4841 = ORIENTED_EDGE ( 'NONE', *, *, #2447, .F. ) ;
#4842 = ORIENTED_EDGE ( 'NONE', *, *, #1100, .F. ) ;
#4843 = MECHANICAL_DESIGN_GEOMETRIC_PRESENTATION_REPRESENTATION (  '', ( #2895 ), #2709 ) ;
#4844 = VECTOR ( 'NONE', #5787, 1000.000000000000000 ) ;
#4845 = DIRECTION ( 'NONE',  ( 0.000000000000000000, 0.000000000000000000, -1.000000000000000000 ) ) ;
#4846 = AXIS2_PLACEMENT_3D ( 'NONE', #4774, #4322, #1653 ) ;
#4847 = AXIS2_PLACEMENT_3D ( 'NONE', #3062, #4920, #4012 ) ;
#4848 = LINE ( 'NONE', #1632, #4366 ) ;
#4849 = CARTESIAN_POINT ( 'NONE',  ( 3.984144000000000130, 1.517189772232999889, 3.235233156646999841 ) ) ;
#4850 = ORIENTED_EDGE ( 'NONE', *, *, #892, .F. ) ;
#4851 = EDGE_LOOP ( 'NONE', ( #2110, #5855, #1396, #1741, #1315, #5993, #1818, #5579 ) ) ;
#4852 = B_SPLINE_CURVE_WITH_KNOTS ( 'NONE', 4,
 ( #3890, #2096, #4414, #5748, #3010 ),
 .UNSPECIFIED., .F., .F.,
 ( 5, 5 ),
 ( 0.000000000000000000, 1.000000000000000000 ),
 .UNSPECIFIED. ) ;
#4853 = CYLINDRICAL_SURFACE ( 'NONE', #429, 0.1250000000000001110 ) ;
#4854 = VERTEX_POINT ( 'NONE', #709 ) ;
#4855 = EDGE_CURVE ( 'NONE', #4272, #4587, #5311, .T. ) ;
#4856 = LINE ( 'NONE', #1610, #5473 ) ;
#4857 = EDGE_CURVE ( 'NONE', #1385, #4968, #5280, .T. ) ;
#4858 = AXIS2_PLACEMENT_3D ( 'NONE', #840, #386, #5026 ) ;
#4859 = VECTOR ( 'NONE', #5950, 1000.000000000000000 ) ;
#4860 = ORIENTED_EDGE ( 'NONE', *, *, #3438, .T. ) ;
#4861 = LINE ( 'NONE', #4981, #571 ) ;
#4862 = CARTESIAN_POINT ( 'NONE',  ( -3.882022376559000065, -1.526548965231999899, 3.248018753955000282 ) ) ;
#4863 = EDGE_CURVE ( 'NONE', #165, #5366, #1205, .T. ) ;
#4864 = PLANE ( 'NONE',  #1930 ) ;
#4865 = EDGE_CURVE ( 'NONE', #366, #2412, #2871, .T. ) ;
#4866 = LINE ( 'NONE', #619, #3653 ) ;
#4867 = ADVANCED_FACE ( 'NONE', ( #5707 ), #2062, .F. ) ;
#4868 = DIRECTION ( 'NONE',  ( 1.000000000000000000, 0.000000000000000000, 0.000000000000000000 ) ) ;
#4869 = LINE ( 'NONE', #4392, #3495 ) ;
#4870 = VERTEX_POINT ( 'NONE', #4408 ) ;
#4871 = DIRECTION ( 'NONE',  ( -0.1022884097150042471, -0.9947547844760413760, 0.000000000000000000 ) ) ;
#4872 = DIRECTION ( 'NONE',  ( 0.000000000000000000, 0.000000000000000000, 1.000000000000000000 ) ) ;
#4873 = DIRECTION ( 'NONE',  ( 1.000000000000000000, 0.000000000000000000, 0.000000000000000000 ) ) ;
#4874 = ORIENTED_EDGE ( 'NONE', *, *, #3075, .F. ) ;
#4875 = PLANE ( 'NONE',  #3979 ) ;
#4876 = CARTESIAN_POINT ( 'NONE',  ( 2.229423999999999850, -1.500000000000000000, 0.2500000000000000000 ) ) ;
#4877 = ORIENTED_EDGE ( 'NONE', *, *, #4344, .F. ) ;
#4878 = ORIENTED_EDGE ( 'NONE', *, *, #2562, .T. ) ;
#4879 = DIRECTION ( 'NONE',  ( 0.000000000000000000, -1.000000000000000000, 0.000000000000000000 ) ) ;
#4880 = DIRECTION ( 'NONE',  ( 1.000000000000000000, 0.000000000000000000, 0.000000000000000000 ) ) ;
#4881 = DIRECTION ( 'NONE',  ( 0.000000000000000000, 0.000000000000000000, 1.000000000000000000 ) ) ;
#4882 = EDGE_LOOP ( 'NONE', ( #4985, #1928, #246, #3616 ) ) ;
#4883 = ORIENTED_EDGE ( 'NONE', *, *, #3519, .F. ) ;
#4884 = DIRECTION ( 'NONE',  ( 0.000000000000000000, 0.000000000000000000, 1.000000000000000000 ) ) ;
#4885 = CARTESIAN_POINT ( 'NONE',  ( 4.007908877774000622, 1.378528017842000297, 3.500000000000000000 ) ) ;
#4886 = AXIS2_PLACEMENT_3D ( 'NONE', #1699, #764, #2513 ) ;
#4887 = EDGE_CURVE ( 'NONE', #4336, #5292, #3913, .T. ) ;
#4888 = CARTESIAN_POINT ( 'NONE',  ( -4.049999999999999822, 1.489999999999999991, 0.2182292174799999873 ) ) ;
#4889 = CARTESIAN_POINT ( 'NONE',  ( 4.019869938203000537, -1.470871882705000244, 3.499244407579999994 ) ) ;
#4890 = AXIS2_PLACEMENT_3D ( 'NONE', #1971, #3848, #3393 ) ;
#4891 = EDGE_CURVE ( 'NONE', #4951, #2053, #2424, .T. ) ;
#4892 = FACE_OUTER_BOUND ( 'NONE', #1663, .T. ) ;
#4893 = EDGE_CURVE ( 'NONE', #2443, #4767, #5772, .T. ) ;
#4894 = PLANE ( 'NONE',  #3667 ) ;
#4895 = DIRECTION ( 'NONE',  ( 0.000000000000000000, 0.000000000000000000, -1.000000000000000000 ) ) ;
#4896 = EDGE_CURVE ( 'NONE', #5767, #2312, #1577, .T. ) ;
#4897 = LINE ( 'NONE', #1708, #6009 ) ;
#4898 = CARTESIAN_POINT ( 'NONE',  ( -1.550000000000000044, 0.5500000000000000444, 6.210706000000000060 ) ) ;
#4899 = ORIENTED_EDGE ( 'NONE', *, *, #784, .T. ) ;
#4900 = FACE_OUTER_BOUND ( 'NONE', #1162, .T. ) ;
#4901 = DIRECTION ( 'NONE',  ( 1.000000000000000000, 0.000000000000000000, 0.000000000000000000 ) ) ;
#4902 = EDGE_CURVE ( 'NONE', #3212, #3054, #734, .T. ) ;
#4903 = DIRECTION ( 'NONE',  ( 0.000000000000000000, 0.000000000000000000, -1.000000000000000000 ) ) ;
#4904 = ORIENTED_EDGE ( 'NONE', *, *, #1268, .T. ) ;
#4905 = CARTESIAN_POINT ( 'NONE',  ( -1.730900000000000105, -1.489999999999999991, 0.06912600000000000688 ) ) ;
#4906 = ADVANCED_FACE ( 'NONE', ( #5681 ), #2965, .F. ) ;
#4907 = ORIENTED_EDGE ( 'NONE', *, *, #5944, .T. ) ;
#4908 = ORIENTED_EDGE ( 'NONE', *, *, #4630, .T. ) ;
#4909 = DIRECTION ( 'NONE',  ( 0.000000000000000000, 1.000000000000000000, 0.000000000000000000 ) ) ;
#4910 =( NAMED_UNIT ( * ) SI_UNIT ( $, .STERADIAN. ) SOLID_ANGLE_UNIT ( ) );
#4911 = LINE ( 'NONE', #2394, #2309 ) ;
#4912 = LINE ( 'NONE', #3630, #3754 ) ;
#4913 = ORIENTED_EDGE ( 'NONE', *, *, #4857, .T. ) ;
#4914 = ORIENTED_EDGE ( 'NONE', *, *, #152, .T. ) ;
#4915 = CARTESIAN_POINT ( 'NONE',  ( 1.730900000000000105, -1.934747999999999912, 0.06912600000000000688 ) ) ;
#4916 = CARTESIAN_POINT ( 'NONE',  ( -3.924999999999999822, 1.336263800002999824, 3.299999999999999822 ) ) ;
#4917 = CARTESIAN_POINT ( 'NONE',  ( 3.161627999999999883, -1.550000000000000044, 0.7982930000000000303 ) ) ;
#4918 = VERTEX_POINT ( 'NONE', #2031 ) ;
#4919 = CARTESIAN_POINT ( 'NONE',  ( -1.730900000000000105, 0.1299999999999999767, 0.2000000000000000111 ) ) ;
#4920 = DIRECTION ( 'NONE',  ( -1.100000000000000002E-16, -1.000000000000000000, 2.200000000000000003E-16 ) ) ;
#4921 = VECTOR ( 'NONE', #3959, 1000.000000000000000 ) ;
#4922 = DIRECTION ( 'NONE',  ( -0.000000000000000000, 1.000000000000000000, 0.000000000000000000 ) ) ;
#4923 = ORIENTED_EDGE ( 'NONE', *, *, #369, .T. ) ;
#4924 = CARTESIAN_POINT ( 'NONE',  ( 1.791398999999999964, 2.000000000000000000, 0.2500269999999999992 ) ) ;
#4925 = DIRECTION ( 'NONE',  ( 1.000000000000000000, 0.000000000000000000, 0.000000000000000000 ) ) ;
#4926 = ORIENTED_EDGE ( 'NONE', *, *, #587, .F. ) ;
#4927 = CARTESIAN_POINT ( 'NONE',  ( -4.000000000000000000, -1.369668405625000140, 3.500000000000000000 ) ) ;
#4928 = LINE ( 'NONE', #750, #1550 ) ;
#4929 = EDGE_CURVE ( 'NONE', #1706, #5332, #2518, .T. ) ;
#4930 = DIRECTION ( 'NONE',  ( 0.000000000000000000, -1.000000000000000000, 0.000000000000000000 ) ) ;
#4931 = CARTESIAN_POINT ( 'NONE',  ( -2.217499999999999805, 3.100000000000000083E-16, 0.3948499999999999788 ) ) ;
#4932 = ORIENTED_EDGE ( 'NONE', *, *, #1734, .F. ) ;
#4933 = ORIENTED_EDGE ( 'NONE', *, *, #4973, .F. ) ;
#4934 = LINE ( 'NONE', #2233, #307 ) ;
#4935 = AXIS2_PLACEMENT_3D ( 'NONE', #1621, #255, #2103 ) ;
#4936 = AXIS2_PLACEMENT_3D ( 'NONE', #4432, #266, #5370 ) ;
#4937 = EDGE_CURVE ( 'NONE', #1532, #5781, #642, .T. ) ;
#4938 = VECTOR ( 'NONE', #3244, 1000.000000000000000 ) ;
#4939 = DIRECTION ( 'NONE',  ( 1.000000000000000000, 0.000000000000000000, 0.000000000000000000 ) ) ;
#4940 = VECTOR ( 'NONE', #1093, 1000.000000000000000 ) ;
#4941 = CARTESIAN_POINT ( 'NONE',  ( 1.791398999999999964, -1.750000000000000000, 0.2500269999999999992 ) ) ;
#4942 = CARTESIAN_POINT ( 'NONE',  ( -3.848344209621000100, -1.500000000000000000, 3.500000000000000000 ) ) ;
#4943 = EDGE_LOOP ( 'NONE', ( #5699, #1959, #2813, #2649, #2863, #2759 ) ) ;
#4944 = ORIENTED_EDGE ( 'NONE', *, *, #1373, .F. ) ;
#4945 = ADVANCED_FACE ( 'NONE', ( #4005 ), #2690, .F. ) ;
#4946 = CARTESIAN_POINT ( 'NONE',  ( -3.172874999999999890, 1.425000000000000044, 0.3250000000000000111 ) ) ;
#4947 = DIRECTION ( 'NONE',  ( 0.000000000000000000, 0.000000000000000000, -1.000000000000000000 ) ) ;
#4948 = DIRECTION ( 'NONE',  ( 0.000000000000000000, 2.200000000000000003E-16, 1.000000000000000000 ) ) ;
#4949 = VECTOR ( 'NONE', #4532, 1000.000000000000000 ) ;
#4950 = DIRECTION ( 'NONE',  ( 1.000000000000000000, 0.000000000000000000, 0.000000000000000000 ) ) ;
#4951 = VERTEX_POINT ( 'NONE', #5835 ) ;
#4952 = DIRECTION ( 'NONE',  ( 0.000000000000000000, 0.000000000000000000, -1.000000000000000000 ) ) ;
#4953 = VECTOR ( 'NONE', #1480, 1000.000000000000000 ) ;
#4954 = EDGE_LOOP ( 'NONE', ( #1498, #2300, #4046, #3076 ) ) ;
#4955 = AXIS2_PLACEMENT_3D ( 'NONE', #5577, #2285, #5610 ) ;
#4956 = CARTESIAN_POINT ( 'NONE',  ( -2.218206999999999596, 0.9499999999999999556, 0.000000000000000000 ) ) ;
#4957 = VECTOR ( 'NONE', #5792, 1000.000000000000000 ) ;
#4958 = VERTEX_POINT ( 'NONE', #4916 ) ;
#4959 = CARTESIAN_POINT ( 'NONE',  ( 3.772886000000000184, -1.486319999999999864, 0.7982930000000000303 ) ) ;
#4960 = DIRECTION ( 'NONE',  ( 1.000000000000000000, 0.000000000000000000, 0.000000000000000000 ) ) ;
#4961 = ORIENTED_EDGE ( 'NONE', *, *, #1219, .F. ) ;
#4962 = VECTOR ( 'NONE', #5548, 1000.000000000000000 ) ;
#4963 = CARTESIAN_POINT ( 'NONE',  ( -4.024470953467000456, -1.453849200055000068, 3.498800864165999780 ) ) ;
#4964 = LINE ( 'NONE', #2224, #4835 ) ;
#4965 = EDGE_CURVE ( 'NONE', #1636, #5999, #845, .T. ) ;
#4966 = CARTESIAN_POINT ( 'NONE',  ( -3.966692479433999274, 1.528295832246000074, 3.498467189876000027 ) ) ;
#4967 = VERTEX_POINT ( 'NONE', #2604 ) ;
#4968 = VERTEX_POINT ( 'NONE', #356 ) ;
#4969 = CARTESIAN_POINT ( 'NONE',  ( 2.229423999999999850, 0.1250000000000000000, 0.000000000000000000 ) ) ;
#4970 = EDGE_CURVE ( 'NONE', #165, #993, #4033, .T. ) ;
#4971 = CIRCLE ( 'NONE', #2947, 0.2000000000000000944 ) ;
#4972 = CARTESIAN_POINT ( 'NONE',  ( -3.999254065828999227, 1.367727773556999926, 3.276003139990999902 ) ) ;
#4973 = EDGE_CURVE ( 'NONE', #4016, #5761, #4436, .T. ) ;
#4974 = LINE ( 'NONE', #3081, #2791 ) ;
#4975 = ORIENTED_EDGE ( 'NONE', *, *, #851, .T. ) ;
#4976 = ORIENTED_EDGE ( 'NONE', *, *, #2190, .T. ) ;
#4977 = CARTESIAN_POINT ( 'NONE',  ( -1.259549999999999947, 1.489999999999999991, 0.7982930000000000303 ) ) ;
#4978 = EDGE_CURVE ( 'NONE', #1636, #3281, #3635, .T. ) ;
#4979 = EDGE_CURVE ( 'NONE', #4591, #417, #3088, .T. ) ;
#4980 = LINE ( 'NONE', #820, #4045 ) ;
#4981 = CARTESIAN_POINT ( 'NONE',  ( 1.791398999999999964, 2.000000000000000000, 0.2500269999999999992 ) ) ;
#4982 = ORIENTED_EDGE ( 'NONE', *, *, #3775, .F. ) ;
#4983 = CARTESIAN_POINT ( 'NONE',  ( 4.033925927124999866, -1.486319999999999864, 0.7982930000000000303 ) ) ;
#4984 = EDGE_CURVE ( 'NONE', #866, #3083, #2240, .T. ) ;
#4985 = ORIENTED_EDGE ( 'NONE', *, *, #214, .F. ) ;
#4986 = EDGE_CURVE ( 'NONE', #5831, #462, #2209, .T. ) ;
#4987 = AXIS2_PLACEMENT_3D ( 'NONE', #4805, #4871, #654 ) ;
#4988 = CARTESIAN_POINT ( 'NONE',  ( -0.2500000000000000000, 0.7500000000000000000, 6.010705999999999882 ) ) ;
#4989 = VECTOR ( 'NONE', #3210, 1000.000000000000000 ) ;
#4990 = DIRECTION ( 'NONE',  ( 0.000000000000000000, -1.000000000000000000, 2.200000000000000003E-16 ) ) ;
#4991 = DIRECTION ( 'NONE',  ( 0.000000000000000000, 0.000000000000000000, 1.000000000000000000 ) ) ;
#4992 = ORIENTED_EDGE ( 'NONE', *, *, #5651, .F. ) ;
#4993 = CARTESIAN_POINT ( 'NONE',  ( 3.984144000000000130, 1.517189772232999889, 3.235233156646999841 ) ) ;
#4994 = CARTESIAN_POINT ( 'NONE',  ( -3.881518001641000026, 1.528326527769999998, 3.498522030289999751 ) ) ;
#4995 = ORIENTED_EDGE ( 'NONE', *, *, #63, .F. ) ;
#4996 = ORIENTED_EDGE ( 'NONE', *, *, #5225, .T. ) ;
#4997 = DIRECTION ( 'NONE',  ( 1.000000000000000000, 0.000000000000000000, 0.000000000000000000 ) ) ;
#4998 = DIRECTION ( 'NONE',  ( 0.000000000000000000, 0.000000000000000000, 1.000000000000000000 ) ) ;
#4999 = CARTESIAN_POINT ( 'NONE',  ( 3.920920838333999736, -1.536245907696999868, 3.232003063942999965 ) ) ;
#5000 = CARTESIAN_POINT ( 'NONE',  ( -0.2500000000000000000, -0.7500000000000000000, 6.010705999999999882 ) ) ;
#5001 = ORIENTED_EDGE ( 'NONE', *, *, #3249, .F. ) ;
#5002 = ORIENTED_EDGE ( 'NONE', *, *, #2216, .F. ) ;
#5003 = FACE_BOUND ( 'NONE', #4715, .T. ) ;
#5004 = CARTESIAN_POINT ( 'NONE',  ( -4.049999999999999822, 1.550000000000000044, 3.174999999999999822 ) ) ;
#5005 = EDGE_CURVE ( 'NONE', #2053, #509, #306, .T. ) ;
#5006 = EDGE_CURVE ( 'NONE', #2249, #5821, #272, .T. ) ;
#5007 = EDGE_CURVE ( 'NONE', #1996, #2674, #2639, .T. ) ;
#5008 = DIRECTION ( 'NONE',  ( 1.000000000000000000, 0.000000000000000000, 0.000000000000000000 ) ) ;
#5009 = DIRECTION ( 'NONE',  ( 0.000000000000000000, 0.000000000000000000, 1.000000000000000000 ) ) ;
#5010 = CARTESIAN_POINT ( 'NONE',  ( 3.230900000000000105, 1.489999999999999991, 0.7982930000000000303 ) ) ;
#5011 = LINE ( 'NONE', #1707, #2205 ) ;
#5012 = ORIENTED_EDGE ( 'NONE', *, *, #3620, .F. ) ;
#5013 = DIRECTION ( 'NONE',  ( -1.000000000000000000, 0.000000000000000000, 0.000000000000000000 ) ) ;
#5014 = DIRECTION ( 'NONE',  ( -1.000000000000000000, 0.000000000000000000, 0.000000000000000000 ) ) ;
#5015 = AXIS2_PLACEMENT_3D ( 'NONE', #2323, #506, #751 ) ;
#5016 = ORIENTED_EDGE ( 'NONE', *, *, #1187, .F. ) ;
#5017 = CARTESIAN_POINT ( 'NONE',  ( 3.984144000000000130, 1.535122601059000003, 3.174999999999999822 ) ) ;
#5018 = CIRCLE ( 'NONE', #3166, 0.2499999999999997780 ) ;
#5019 = ORIENTED_EDGE ( 'NONE', *, *, #4965, .F. ) ;
#5020 = CARTESIAN_POINT ( 'NONE',  ( -3.936077135320999787, 1.536249565899000080, 3.497357977745000124 ) ) ;
#5021 = VERTEX_POINT ( 'NONE', #5375 ) ;
#5022 = VERTEX_POINT ( 'NONE', #1276 ) ;
#5023 = CARTESIAN_POINT ( 'NONE',  ( -1.186863157169000038, -1.772542484027999965, 0.7982930000000000303 ) ) ;
#5024 = CARTESIAN_POINT ( 'NONE',  ( 3.924999999999999822, -1.536262199996999867, 3.231971245833999973 ) ) ;
#5025 = CIRCLE ( 'NONE', #569, 0.1250000000000001110 ) ;
#5026 = DIRECTION ( 'NONE',  ( 0.000000000000000000, -1.000000000000000000, 0.000000000000000000 ) ) ;
#5027 = ORIENTED_EDGE ( 'NONE', *, *, #3553, .T. ) ;
#5028 = EDGE_LOOP ( 'NONE', ( #3700, #215, #412, #5899 ) ) ;
#5029 = AXIS2_PLACEMENT_3D ( 'NONE', #5536, #5070, #910 ) ;
#5030 = DIRECTION ( 'NONE',  ( 0.000000000000000000, 1.000000000000000000, -2.299999999999999903E-16 ) ) ;
#5031 = LINE ( 'NONE', #2838, #64 ) ;
#5032 = VECTOR ( 'NONE', #3907, 1000.000000000000000 ) ;
#5033 = AXIS2_PLACEMENT_3D ( 'NONE', #544, #122, #4462 ) ;
#5034 = CARTESIAN_POINT ( 'NONE',  ( 3.909012055931999186, 1.535067027953999963, 3.234281078156999722 ) ) ;
#5035 = ORIENTED_EDGE ( 'NONE', *, *, #4788, .F. ) ;
#5036 = EDGE_CURVE ( 'NONE', #1195, #3581, #1212, .T. ) ;
#5037 = CARTESIAN_POINT ( 'NONE',  ( 0.2500000000000000000, -0.1499999999999999944, -3.195100000000000051 ) ) ;
#5038 = FACE_OUTER_BOUND ( 'NONE', #3, .T. ) ;
#5039 = VECTOR ( 'NONE', #1206, 1000.000000000000000 ) ;
#5040 = CARTESIAN_POINT ( 'NONE',  ( 2.229423999999999850, 1.750000000000000000, 0.1250134999999999996 ) ) ;
#5041 = VECTOR ( 'NONE', #4960, 1000.000000000000000 ) ;
#5042 = VECTOR ( 'NONE', #725, 1000.000000000000000 ) ;
#5043 = LINE ( 'NONE', #5562, #4059 ) ;
#5044 = DIRECTION ( 'NONE',  ( 0.000000000000000000, -1.000000000000000000, 2.200000000000000003E-16 ) ) ;
#5045 = ADVANCED_FACE ( 'NONE', ( #3545 ), #5405, .F. ) ;
#5046 = ORIENTED_EDGE ( 'NONE', *, *, #5458, .T. ) ;
#5047 = DIRECTION ( 'NONE',  ( 0.000000000000000000, -1.000000000000000000, 0.000000000000000000 ) ) ;
#5048 = EDGE_CURVE ( 'NONE', #2721, #5952, #4980, .T. ) ;
#5049 = CIRCLE ( 'NONE', #2330, 0.1250000000000001110 ) ;
#5050 = VECTOR ( 'NONE', #2681, 1000.000000000000000 ) ;
#5051 = CARTESIAN_POINT ( 'NONE',  ( -3.172874999999999890, 1.550000000000000044, 0.7982930000000000303 ) ) ;
#5052 = EDGE_LOOP ( 'NONE', ( #5186, #4198, #5674, #652 ) ) ;
#5053 = ORIENTED_EDGE ( 'NONE', *, *, #1029, .T. ) ;
#5054 = LINE ( 'NONE', #2626, #5050 ) ;
#5055 = FACE_OUTER_BOUND ( 'NONE', #3835, .T. ) ;
#5056 = CYLINDRICAL_SURFACE ( 'NONE', #3277, 0.09999999999999982514 ) ;
#5057 = ORIENTED_EDGE ( 'NONE', *, *, #989, .T. ) ;
#5058 = ORIENTED_EDGE ( 'NONE', *, *, #5188, .T. ) ;
#5059 = CARTESIAN_POINT ( 'NONE',  ( -3.230900000000000105, 1.489999999999999991, 0.06912600000000000688 ) ) ;
#5060 = LINE ( 'NONE', #1839, #656 ) ;
#5061 = B_SPLINE_CURVE_WITH_KNOTS ( 'NONE', 6,
 ( #155, #3426, #3362, #5217, #4769, #2458, #4316, #2488, #1000, #4345, #181, #92 ),
 .UNSPECIFIED., .F., .F.,
 ( 7, 5, 7 ),
 ( 0.000000000000000000, 0.4132964352780000294, 1.000000000000000000 ),
 .UNSPECIFIED. ) ;
#5062 = DIRECTION ( 'NONE',  ( 1.000000000000000000, 0.000000000000000000, 0.000000000000000000 ) ) ;
#5063 = ORIENTED_EDGE ( 'NONE', *, *, #1838, .F. ) ;
#5064 = LINE ( 'NONE', #3177, #2800 ) ;
#5065 = CYLINDRICAL_SURFACE ( 'NONE', #3984, 0.2500000000000002220 ) ;
#5066 = CARTESIAN_POINT ( 'NONE',  ( 1.800000000000000044, -0.4625000000000000222, 3.500000000000000000 ) ) ;
#5067 = EDGE_CURVE ( 'NONE', #3309, #1731, #4237, .T. ) ;
#5068 = EDGE_CURVE ( 'NONE', #5879, #4292, #3295, .T. ) ;
#5069 = VERTEX_POINT ( 'NONE', #1360 ) ;
#5070 = DIRECTION ( 'NONE',  ( 0.000000000000000000, -1.000000000000000000, 0.000000000000000000 ) ) ;
#5071 = EDGE_CURVE ( 'NONE', #5269, #4542, #535, .T. ) ;
#5072 = DIRECTION ( 'NONE',  ( 1.000000000000000000, 0.000000000000000000, 0.000000000000000000 ) ) ;
#5073 = VERTEX_POINT ( 'NONE', #5117 ) ;
#5074 = CARTESIAN_POINT ( 'NONE',  ( 3.925399999999999778, 1.436262999999999845, 3.500000000000000000 ) ) ;
#5075 = ADVANCED_FACE ( 'NONE', ( #1871 ), #2752, .F. ) ;
#5076 = CIRCLE ( 'NONE', #2356, 0.2500000000000000000 ) ;
#5077 = ADVANCED_FACE ( 'NONE', ( #1327 ), #5581, .F. ) ;
#5079 = EDGE_CURVE ( 'NONE', #3060, #1891, #2724, .T. ) ;
#5078 = ORIENTED_EDGE ( 'NONE', *, *, #5719, .F. ) ;
#5080 = ORIENTED_EDGE ( 'NONE', *, *, #4887, .F. ) ;
#5081 = DIRECTION ( 'NONE',  ( 0.5773502691896257311, -0.5773502691896257311, 0.5773502691896257311 ) ) ;
#5082 = EDGE_CURVE ( 'NONE', #4569, #2750, #5031, .T. ) ;
#5083 = DIRECTION ( 'NONE',  ( 0.000000000000000000, 0.000000000000000000, -1.000000000000000000 ) ) ;
#5084 = DIRECTION ( 'NONE',  ( -1.000000000000000000, 0.000000000000000000, 0.000000000000000000 ) ) ;
#5085 = ORIENTED_EDGE ( 'NONE', *, *, #2926, .T. ) ;
#5086 = ORIENTED_EDGE ( 'NONE', *, *, #4812, .F. ) ;
#5087 = FACE_OUTER_BOUND ( 'NONE', #4719, .T. ) ;
#5088 = FACE_OUTER_BOUND ( 'NONE', #3313, .T. ) ;
#5089 = CARTESIAN_POINT ( 'NONE',  ( 3.829898468070999762, 1.466351475864999809, 3.293073504375999772 ) ) ;
#5090 = ORIENTED_EDGE ( 'NONE', *, *, #2637, .T. ) ;
#5091 = CARTESIAN_POINT ( 'NONE',  ( 4.019509192044999679, 1.471658165141000119, 3.243028839618999903 ) ) ;
#5092 = DIRECTION ( 'NONE',  ( 0.000000000000000000, -1.000000000000000000, 0.000000000000000000 ) ) ;
#5093 = CARTESIAN_POINT ( 'NONE',  ( 3.936829623545000434, -1.336216481129999911, 3.299999999999999822 ) ) ;
#5094 = VERTEX_POINT ( 'NONE', #447 ) ;
#5095 = DIRECTION ( 'NONE',  ( 1.000000000000000000, 0.000000000000000000, 6.000000000000000121E-17 ) ) ;
#5096 = DIRECTION ( 'NONE',  ( -1.000000000000000000, 0.000000000000000000, 0.000000000000000000 ) ) ;
#5097 = VERTEX_POINT ( 'NONE', #988 ) ;
#5098 = DIRECTION ( 'NONE',  ( 0.000000000000000000, 1.000000000000000000, -2.200000000000000003E-16 ) ) ;
#5099 = CARTESIAN_POINT ( 'NONE',  ( 4.049999999999999822, 1.550000000000000044, 0.7982930000000000303 ) ) ;
#5100 = EDGE_LOOP ( 'NONE', ( #6006, #4502, #2287, #3974 ) ) ;
#5101 = AXIS2_PLACEMENT_3D ( 'NONE', #3071, #2620, #2138 ) ;
#5102 = PLANE ( 'NONE',  #1830 ) ;
#5103 = DIRECTION ( 'NONE',  ( 1.000000000000000000, 0.000000000000000000, 0.000000000000000000 ) ) ;
#5104 = ORIENTED_EDGE ( 'NONE', *, *, #3741, .T. ) ;
#5105 = ORIENTED_EDGE ( 'NONE', *, *, #5411, .F. ) ;
#5106 = ADVANCED_FACE ( 'NONE', ( #5520 ), #5554, .F. ) ;
#5107 = LINE ( 'NONE', #2349, #3223 ) ;
#5108 = LINE ( 'NONE', #4748, #3684 ) ;
#5109 = VECTOR ( 'NONE', #3063, 1000.000000000000000 ) ;
#5110 = CYLINDRICAL_SURFACE ( 'NONE', #3873, 0.1250000000000001110 ) ;
#5111 = DIRECTION ( 'NONE',  ( 1.000000000000000000, 0.000000000000000000, 0.000000000000000000 ) ) ;
#5112 = ORIENTED_EDGE ( 'NONE', *, *, #297, .T. ) ;
#5113 = EDGE_LOOP ( 'NONE', ( #4031, #5229, #4087, #3232 ) ) ;
#5114 = EDGE_CURVE ( 'NONE', #4594, #1565, #1451, .T. ) ;
#5115 = CARTESIAN_POINT ( 'NONE',  ( -3.172874999999999890, 2.000000000000000000, 0.7982930000000000303 ) ) ;
#5116 = EDGE_CURVE ( 'NONE', #985, #2249, #5614, .T. ) ;
#5117 = CARTESIAN_POINT ( 'NONE',  ( 3.924999999999999822, 1.336263800002999824, 3.299999999999999822 ) ) ;
#5118 = EDGE_CURVE ( 'NONE', #5847, #826, #2387, .T. ) ;
#5119 = DIRECTION ( 'NONE',  ( 0.000000000000000000, -1.000000000000000000, 0.000000000000000000 ) ) ;
#5120 = DIRECTION ( 'NONE',  ( -1.000000000000000000, 0.000000000000000000, 0.000000000000000000 ) ) ;
#5121 = ORIENTED_EDGE ( 'NONE', *, *, #635, .F. ) ;
#5122 = LINE ( 'NONE', #1875, #193 ) ;
#5123 = CARTESIAN_POINT ( 'NONE',  ( -4.336450000000000138, 0.9499999999999999556, 0.000000000000000000 ) ) ;
#5124 = CARTESIAN_POINT ( 'NONE',  ( 3.999254065828000027, -1.367727773556999926, 3.276003139990999902 ) ) ;
#5125 = AXIS2_PLACEMENT_3D ( 'NONE', #1936, #1238, #666 ) ;
#5126 = VECTOR ( 'NONE', #84, 1000.000000000000000 ) ;
#5127 = VECTOR ( 'NONE', #3412, 1000.000000000000000 ) ;
#5128 = EDGE_LOOP ( 'NONE', ( #3354, #880, #290, #1287 ) ) ;
#5129 = CARTESIAN_POINT ( 'NONE',  ( -3.924999999999999822, 1.536262199996999867, 3.231971245833999973 ) ) ;
#5130 = AXIS2_PLACEMENT_3D ( 'NONE', #5568, #4998, #8 ) ;
#5131 = DIRECTION ( 'NONE',  ( 1.000000000000000000, 0.000000000000000000, 0.000000000000000000 ) ) ;
#5132 = AXIS2_PLACEMENT_3D ( 'NONE', #3224, #5083, #923 ) ;
#5133 = ORIENTED_EDGE ( 'NONE', *, *, #114, .T. ) ;
#5134 = DIRECTION ( 'NONE',  ( 1.000000000000000000, 0.000000000000000000, 0.000000000000000000 ) ) ;
#5135 = PLANE ( 'NONE',  #3377 ) ;
#5136 = CIRCLE ( 'NONE', #2520, 0.09999999999999982514 ) ;
#5137 = EDGE_CURVE ( 'NONE', #4261, #5402, #2290, .T. ) ;
#5138 = CIRCLE ( 'NONE', #3196, 0.1250000000000001110 ) ;
#5139 = EDGE_LOOP ( 'NONE', ( #102, #2435, #3800, #423 ) ) ;
#5140 = CARTESIAN_POINT ( 'NONE',  ( -4.250000000000000000, 1.486319999999999864, 1.824217499999999825 ) ) ;
#5141 = DIRECTION ( 'NONE',  ( 0.000000000000000000, -1.000000000000000000, 0.000000000000000000 ) ) ;
#5142 = VERTEX_POINT ( 'NONE', #6002 ) ;
#5143 = ORIENTED_EDGE ( 'NONE', *, *, #990, .T. ) ;
#5144 = LINE ( 'NONE', #1865, #3204 ) ;
#5145 = DIRECTION ( 'NONE',  ( 1.000000000000000000, 0.000000000000000000, 0.000000000000000000 ) ) ;
#5146 = VECTOR ( 'NONE', #1102, 1000.000000000000000 ) ;
#5147 = AXIS2_PLACEMENT_3D ( 'NONE', #875, #2722, #5553 ) ;
#5148 = EDGE_CURVE ( 'NONE', #3083, #161, #4637, .T. ) ;
#5149 = EDGE_LOOP ( 'NONE', ( #2092, #4723, #4582, #4477, #3434, #3239 ) ) ;
#5150 = CYLINDRICAL_SURFACE ( 'NONE', #870, 0.09999999999999982514 ) ;
#5151 = CARTESIAN_POINT ( 'NONE',  ( 4.016305637535999118, 1.393941511028000013, 3.260496662946000157 ) ) ;
#5152 = VERTEX_POINT ( 'NONE', #5976 ) ;
#5153 = ORIENTED_EDGE ( 'NONE', *, *, #4036, .F. ) ;
#5154 = ADVANCED_FACE ( 'NONE', ( #5088 ), #4145, .T. ) ;
#5155 = DIRECTION ( 'NONE',  ( 0.000000000000000000, 1.000000000000000000, 0.000000000000000000 ) ) ;
#5156 = DIRECTION ( 'NONE',  ( 0.000000000000000000, 1.000000000000000000, 0.000000000000000000 ) ) ;
#5157 = FACE_OUTER_BOUND ( 'NONE', #2680, .T. ) ;
#5158 = DIRECTION ( 'NONE',  ( 0.000000000000000000, 0.000000000000000000, 1.000000000000000000 ) ) ;
#5159 = EDGE_LOOP ( 'NONE', ( #3304, #1797, #1178, #1127, #5895, #2841 ) ) ;
#5160 = EDGE_CURVE ( 'NONE', #705, #354, #5060, .T. ) ;
#5161 = LINE ( 'NONE', #994, #4761 ) ;
#5162 = CARTESIAN_POINT ( 'NONE',  ( -4.257242999999999888, -1.550000000000000044, 0.7982930000000000303 ) ) ;
#5163 = ADVANCED_FACE ( 'NONE', ( #3229 ), #928, .T. ) ;
#5164 = CARTESIAN_POINT ( 'NONE',  ( -4.250000000000000000, 1.500000000000000000, 0.2500000000000000000 ) ) ;
#5165 = ORIENTED_EDGE ( 'NONE', *, *, #2042, .F. ) ;
#5166 = ADVANCED_FACE ( 'NONE', ( #4484 ), #4423, .F. ) ;
#5167 = CARTESIAN_POINT ( 'NONE',  ( -3.893723720061999849, 1.531213651939000053, 3.240948084665000284 ) ) ;
#5168 = PLANE ( 'NONE',  #2122 ) ;
#5169 = DIRECTION ( 'NONE',  ( 1.000000000000000000, 0.000000000000000000, 0.000000000000000000 ) ) ;
#5170 = CARTESIAN_POINT ( 'NONE',  ( 3.984144000000000130, 1.750000000000000000, -0.1499999999999999944 ) ) ;
#5171 = CARTESIAN_POINT ( 'NONE',  ( 3.935560839402000521, -1.536304443692000143, 3.231888745856000167 ) ) ;
#5172 = DIRECTION ( 'NONE',  ( -1.000000000000000000, 0.000000000000000000, 0.000000000000000000 ) ) ;
#5173 = VERTEX_POINT ( 'NONE', #1965 ) ;
#5174 = ORIENTED_EDGE ( 'NONE', *, *, #3141, .T. ) ;
#5175 = DIRECTION ( 'NONE',  ( -0.000000000000000000, 1.000000000000000000, 0.000000000000000000 ) ) ;
#5176 = DIRECTION ( 'NONE',  ( 0.000000000000000000, 0.000000000000000000, 1.000000000000000000 ) ) ;
#5177 = VECTOR ( 'NONE', #4795, 1000.000000000000000 ) ;
#5178 = LINE ( 'NONE', #2861, #190 ) ;
#5179 = CARTESIAN_POINT ( 'NONE',  ( 3.959445687297999505, 1.340734696062000131, 3.296311140315000277 ) ) ;
#5180 = ORIENTED_EDGE ( 'NONE', *, *, #2917, .F. ) ;
#5181 = VERTEX_POINT ( 'NONE', #4275 ) ;
#5182 = LINE ( 'NONE', #2865, #2621 ) ;
#5183 = FACE_OUTER_BOUND ( 'NONE', #4323, .T. ) ;
#5184 = CARTESIAN_POINT ( 'NONE',  ( -0.2130505000000000038, 1.550000000000000044, 0.2500269999999999992 ) ) ;
#5185 = FACE_OUTER_BOUND ( 'NONE', #2286, .T. ) ;
#5186 = ORIENTED_EDGE ( 'NONE', *, *, #2746, .F. ) ;
#5187 = LINE ( 'NONE', #1969, #4741 ) ;
#5188 = EDGE_CURVE ( 'NONE', #3182, #2381, #3463, .T. ) ;
#5189 = DIRECTION ( 'NONE',  ( 0.000000000000000000, 1.000000000000000000, 0.000000000000000000 ) ) ;
#5190 = EDGE_LOOP ( 'NONE', ( #5027, #3885, #1118, #4068 ) ) ;
#5191 = DIRECTION ( 'NONE',  ( 0.000000000000000000, 0.000000000000000000, 1.000000000000000000 ) ) ;
#5192 = CARTESIAN_POINT ( 'NONE',  ( -1.750000000000000000, 0.6500000000000000222, 6.110705999999999527 ) ) ;
#5193 = CARTESIAN_POINT ( 'NONE',  ( -3.878422310335999601, -1.524692067354999958, 3.250521066638000001 ) ) ;
#5194 = DIRECTION ( 'NONE',  ( 1.000000000000000000, 0.000000000000000000, 0.000000000000000000 ) ) ;
#5195 = ORIENTED_EDGE ( 'NONE', *, *, #2198, .F. ) ;
#5196 = CARTESIAN_POINT ( 'NONE',  ( -2.217499999999999805, 1.550000000000000044, 0.6690000000000000391 ) ) ;
#5197 = ORIENTED_EDGE ( 'NONE', *, *, #4140, .T. ) ;
#5198 = VERTEX_POINT ( 'NONE', #2588 ) ;
#5199 = CARTESIAN_POINT ( 'NONE',  ( -1.259549999999999947, 1.489999999999999991, 0.2000000000000000111 ) ) ;
#5200 = CARTESIAN_POINT ( 'NONE',  ( 3.230900000000000105, 0.06827900000000000635, 0.7982930000000000303 ) ) ;
#5201 = ORIENTED_EDGE ( 'NONE', *, *, #373, .F. ) ;
#5202 = DIRECTION ( 'NONE',  ( 0.000000000000000000, 0.000000000000000000, 1.000000000000000000 ) ) ;
#5203 = DIRECTION ( 'NONE',  ( 1.000000000000000000, 0.000000000000000000, 0.000000000000000000 ) ) ;
#5204 = VERTEX_POINT ( 'NONE', #3021 ) ;
#5205 = ORIENTED_EDGE ( 'NONE', *, *, #5656, .T. ) ;
#5206 = CYLINDRICAL_SURFACE ( 'NONE', #1943, 0.1250000000000001110 ) ;
#5207 = AXIS2_PLACEMENT_3D ( 'NONE', #2068, #3921, #2097 ) ;
#5208 = SPHERICAL_SURFACE ( 'NONE', #5701, 0.1250000000000000000 ) ;
#5209 = B_SPLINE_CURVE_WITH_KNOTS ( 'NONE', 7,
 ( #5129, #2367, #1058, #578, #4218, #5660, #3887, #5167, #1032, #2876, #4735, #4286, #59, #1490, #3336, #616, #4797, #1120, #1975, #1462, #5685, #646, #2911, #2940, #2428, #123 ),
 .UNSPECIFIED., .F., .F.,
 ( 8, 6, 6, 6, 8 ),
 ( 0.000000000000000000, 0.1523904731390000045, 0.3321959127939999590, 0.7620035509270000063, 1.000000000000000000 ),
 .UNSPECIFIED. ) ;
#5210 = CARTESIAN_POINT ( 'NONE',  ( -2.217499999999999805, -1.550000000000000044, 0.2500269999999999992 ) ) ;
#5211 = FACE_OUTER_BOUND ( 'NONE', #90, .T. ) ;
#5212 = ORIENTED_EDGE ( 'NONE', *, *, #2120, .T. ) ;
#5213 = CARTESIAN_POINT ( 'NONE',  ( -4.250000000000000000, 1.750000000000000000, 3.250000000000000000 ) ) ;
#5214 = VECTOR ( 'NONE', #2273, 1000.000000000000000 ) ;
#5215 = ADVANCED_FACE ( 'NONE', ( #116 ), #2416, .T. ) ;
#5216 = ORIENTED_EDGE ( 'NONE', *, *, #3190, .T. ) ;
#5217 = CARTESIAN_POINT ( 'NONE',  ( 3.956875466507999928, 1.532228937203000019, 3.497947197547000009 ) ) ;
#5218 = CARTESIAN_POINT ( 'NONE',  ( -3.901469443028999784, -1.533427734450000024, 3.237228367421999931 ) ) ;
#5219 = CIRCLE ( 'NONE', #6000, 0.1250000000000001110 ) ;
#5220 = AXIS2_PLACEMENT_3D ( 'NONE', #1902, #1572, #5618 ) ;
#5221 = CARTESIAN_POINT ( 'NONE',  ( 3.161627999999999883, 2.000000000000000000, 0.7982930000000000303 ) ) ;
#5222 = CARTESIAN_POINT ( 'NONE',  ( -2.218206999999999596, 2.000000000000000000, 0.2500269999999999992 ) ) ;
#5223 = AXIS2_PLACEMENT_3D ( 'NONE', #650, #588, #99 ) ;
#5224 = VECTOR ( 'NONE', #944, 1000.000000000000000 ) ;
#5225 = EDGE_CURVE ( 'NONE', #130, #4658, #3815, .T. ) ;
#5226 = CARTESIAN_POINT ( 'NONE',  ( -3.981497002612999658, 1.519111203301999780, 3.234891446527000003 ) ) ;
#5227 = CARTESIAN_POINT ( 'NONE',  ( 4.025712026542999311, -1.439992444257999882, 3.248044900637000243 ) ) ;
#5228 = ORIENTED_EDGE ( 'NONE', *, *, #3938, .T. ) ;
#5229 = ORIENTED_EDGE ( 'NONE', *, *, #256, .T. ) ;
#5230 = FACE_OUTER_BOUND ( 'NONE', #1279, .T. ) ;
#5231 = DIRECTION ( 'NONE',  ( 1.000000000000000000, 0.000000000000000000, 0.000000000000000000 ) ) ;
#5232 = EDGE_CURVE ( 'NONE', #235, #5966, #1720, .T. ) ;
#5233 = VECTOR ( 'NONE', #4167, 1000.000000000000000 ) ;
#5234 = ORIENTED_EDGE ( 'NONE', *, *, #844, .T. ) ;
#5235 = AXIS2_PLACEMENT_3D ( 'NONE', #2757, #4100, #5527 ) ;
#5236 = CARTESIAN_POINT ( 'NONE',  ( -3.924999999999999822, -1.336263800002999824, 3.299999999999999822 ) ) ;
#5237 = PRODUCT ( 'Slide Switch', 'Slide Switch', '', ( #5251 ) ) ;
#5238 = LINE ( 'NONE', #1133, #1754 ) ;
#5239 = ORIENTED_EDGE ( 'NONE', *, *, #4082, .T. ) ;
#5240 = VERTEX_POINT ( 'NONE', #568 ) ;
#5241 = CARTESIAN_POINT ( 'NONE',  ( -0.5095499999999999474, -1.489999999999999991, 0.7982930000000000303 ) ) ;
#5242 = VECTOR ( 'NONE', #2540, 1000.000000000000000 ) ;
#5243 = CARTESIAN_POINT ( 'NONE',  ( 3.230900000000000105, -1.750000000000000000, 0.2000000000000000111 ) ) ;
#5244 = LINE ( 'NONE', #3756, #4461 ) ;
#5245 = ORIENTED_EDGE ( 'NONE', *, *, #5521, .T. ) ;
#5246 = VECTOR ( 'NONE', #867, 1000.000000000000000 ) ;
#5247 = DIRECTION ( 'NONE',  ( 1.000000000000000000, 0.000000000000000000, 0.000000000000000000 ) ) ;
#5248 = ORIENTED_EDGE ( 'NONE', *, *, #2846, .F. ) ;
#5249 = CARTESIAN_POINT ( 'NONE',  ( 4.024593181392000396, -1.423495582804999993, 3.250539912498000117 ) ) ;
#5250 = ORIENTED_EDGE ( 'NONE', *, *, #3739, .F. ) ;
#5251 = PRODUCT_CONTEXT ( 'NONE', #620, 'mechanical' ) ;
#5252 = DIRECTION ( 'NONE',  ( 0.000000000000000000, 0.000000000000000000, -1.000000000000000000 ) ) ;
#5253 = FACE_OUTER_BOUND ( 'NONE', #2688, .T. ) ;
#5254 = DIRECTION ( 'NONE',  ( 0.000000000000000000, -1.000000000000000000, 0.000000000000000000 ) ) ;
#5255 = DIRECTION ( 'NONE',  ( 0.000000000000000000, 0.000000000000000000, 1.000000000000000000 ) ) ;
#5256 = EDGE_CURVE ( 'NONE', #2653, #2408, #3786, .T. ) ;
#5257 = CARTESIAN_POINT ( 'NONE',  ( -3.928931022022999819, 1.536213597374999962, 3.231953251258000037 ) ) ;
#5258 = FACE_OUTER_BOUND ( 'NONE', #4882, .T. ) ;
#5259 = ORIENTED_EDGE ( 'NONE', *, *, #3286, .F. ) ;
#5260 = ORIENTED_EDGE ( 'NONE', *, *, #4896, .T. ) ;
#5261 = CARTESIAN_POINT ( 'NONE',  ( -1.800000000000000044, 0.8249999999999999556, 3.500000000000000000 ) ) ;
#5262 = CARTESIAN_POINT ( 'NONE',  ( -3.924999999999999822, -1.536262199996999867, 3.231971245833999973 ) ) ;
#5263 = ADVANCED_FACE ( 'NONE', ( #284 ), #5208, .F. ) ;
#5264 = EDGE_CURVE ( 'NONE', #4420, #573, #4302, .T. ) ;
#5265 = EDGE_CURVE ( 'NONE', #3846, #4453, #2392, .T. ) ;
#5266 = APPLICATION_CONTEXT ( 'automotive_design' ) ;
#5267 = CARTESIAN_POINT ( 'NONE',  ( -4.016305637535999118, -1.393941511028000013, 3.260496662946000157 ) ) ;
#5268 = DIRECTION ( 'NONE',  ( -1.000000000000000000, 0.000000000000000000, 0.000000000000000000 ) ) ;
#5269 = VERTEX_POINT ( 'NONE', #1198 ) ;
#5270 = VERTEX_POINT ( 'NONE', #1019 ) ;
#5271 = DIRECTION ( 'NONE',  ( 1.000000000000000000, 0.000000000000000000, 0.000000000000000000 ) ) ;
#5272 = ADVANCED_FACE ( 'NONE', ( #5183 ), #5363, .T. ) ;
#5273 = VECTOR ( 'NONE', #2498, 1000.000000000000000 ) ;
#5274 = ORIENTED_EDGE ( 'NONE', *, *, #5967, .F. ) ;
#5275 = ORIENTED_EDGE ( 'NONE', *, *, #4340, .T. ) ;
#5276 = DIRECTION ( 'NONE',  ( 0.000000000000000000, 1.000000000000000000, 0.000000000000000000 ) ) ;
#5277 = CARTESIAN_POINT ( 'NONE',  ( -3.984144000000000130, -1.535122601059000003, 0.7982930000000000303 ) ) ;
#5278 = DIRECTION ( 'NONE',  ( 0.000000000000000000, 0.000000000000000000, -1.000000000000000000 ) ) ;
#5279 = ORIENTED_EDGE ( 'NONE', *, *, #2324, .T. ) ;
#5280 = LINE ( 'NONE', #1147, #523 ) ;
#5281 = EDGE_LOOP ( 'NONE', ( #4883, #2063, #1794, #5462, #3419, #5388 ) ) ;
#5282 = CYLINDRICAL_SURFACE ( 'NONE', #5734, 0.1250000000000001110 ) ;
#5283 = DIRECTION ( 'NONE',  ( 1.000000000000000000, 0.000000000000000000, 0.000000000000000000 ) ) ;
#5284 = DIRECTION ( 'NONE',  ( 1.000000000000000000, 0.000000000000000000, 0.000000000000000000 ) ) ;
#5285 = DIRECTION ( 'NONE',  ( 0.000000000000000000, -1.000000000000000000, 2.200000000000000003E-16 ) ) ;
#5286 = CARTESIAN_POINT ( 'NONE',  ( 2.229423999999999850, -1.489999999999999991, 0.2182292174799999873 ) ) ;
#5287 = CARTESIAN_POINT ( 'NONE',  ( -4.024763699764998925, 1.425000000000000044, 3.250314037264999900 ) ) ;
#5288 = DIRECTION ( 'NONE',  ( 1.000000000000000000, 0.000000000000000000, 0.000000000000000000 ) ) ;
#5289 = ORIENTED_EDGE ( 'NONE', *, *, #334, .T. ) ;
#5290 = FACE_OUTER_BOUND ( 'NONE', #16, .T. ) ;
#5291 = CARTESIAN_POINT ( 'NONE',  ( -3.826036300235000187, -1.425000000000000044, 3.299999999999999822 ) ) ;
#5292 = VERTEX_POINT ( 'NONE', #1992 ) ;
#5293 = EDGE_CURVE ( 'NONE', #812, #4784, #726, .T. ) ;
#5294 = DIRECTION ( 'NONE',  ( 1.000000000000000000, 0.000000000000000000, 0.000000000000000000 ) ) ;
#5295 = CARTESIAN_POINT ( 'NONE',  ( -3.172874999999999890, -1.489999999999999991, 0.2000000000000000111 ) ) ;
#5296 = ORIENTED_EDGE ( 'NONE', *, *, #558, .F. ) ;
#5297 = EDGE_CURVE ( 'NONE', #5022, #945, #2104, .T. ) ;
#5298 = ORIENTED_EDGE ( 'NONE', *, *, #1292, .F. ) ;
#5299 = DIRECTION ( 'NONE',  ( -1.000000000000000000, 0.000000000000000000, 0.000000000000000000 ) ) ;
#5300 = CARTESIAN_POINT ( 'NONE',  ( -2.217499999999999805, 1.550000000000000044, 0.2500269999999999992 ) ) ;
#5301 = EDGE_CURVE ( 'NONE', #2832, #2256, #3472, .T. ) ;
#5302 = FACE_OUTER_BOUND ( 'NONE', #430, .T. ) ;
#5303 = EDGE_CURVE ( 'NONE', #5999, #1172, #5325, .T. ) ;
#5304 = VECTOR ( 'NONE', #5922, 1000.000000000000000 ) ;
#5305 = ORIENTED_EDGE ( 'NONE', *, *, #3807, .T. ) ;
#5306 = ORIENTED_EDGE ( 'NONE', *, *, #595, .F. ) ;
#5307 = CARTESIAN_POINT ( 'NONE',  ( -1.791414999999999980, -1.550000000000000044, 0.4991464999999999375 ) ) ;
#5308 = ORIENTED_EDGE ( 'NONE', *, *, #5392, .F. ) ;
#5309 = EDGE_CURVE ( 'NONE', #2614, #980, #5818, .T. ) ;
#5310 = DIRECTION ( 'NONE',  ( -0.000000000000000000, 1.000000000000000000, 0.000000000000000000 ) ) ;
#5311 = LINE ( 'NONE', #575, #5177 ) ;
#5312 = VECTOR ( 'NONE', #4475, 1000.000000000000000 ) ;
#5313 = ORIENTED_EDGE ( 'NONE', *, *, #2114, .F. ) ;
#5314 = LINE ( 'NONE', #5805, #2528 ) ;
#5315 = LINE ( 'NONE', #335, #5617 ) ;
#5316 = CARTESIAN_POINT ( 'NONE',  ( -3.825400000000000134, -1.441361728586000091, 3.299030253009000102 ) ) ;
#5317 = CARTESIAN_POINT ( 'NONE',  ( -0.3499999999999999778, -0.7500000000000000000, 6.110705999999999527 ) ) ;
#5318 = PLANE ( 'NONE',  #5207 ) ;
#5319 = VECTOR ( 'NONE', #60, 1000.000000000000000 ) ;
#5320 = LINE ( 'NONE', #3986, #1548 ) ;
#5321 = CARTESIAN_POINT ( 'NONE',  ( -0.9724999999999999201, -1.750500000000000167, 0.7075000000000000178 ) ) ;
#5322 = ORIENTED_EDGE ( 'NONE', *, *, #513, .F. ) ;
#5323 = LINE ( 'NONE', #625, #3619 ) ;
#5324 = CARTESIAN_POINT ( 'NONE',  ( 2.750000000000000000, -0.1499999999999999944, -3.195100000000000051 ) ) ;
#5325 = LINE ( 'NONE', #2564, #4921 ) ;
#5326 = CIRCLE ( 'NONE', #5427, 0.1250000000000001110 ) ;
#5327 = AXIS2_PLACEMENT_3D ( 'NONE', #352, #4028, #5485 ) ;
#5328 = VERTEX_POINT ( 'NONE', #5850 ) ;
#5329 = LINE ( 'NONE', #3962, #5629 ) ;
#5330 = CARTESIAN_POINT ( 'NONE',  ( -1.791414999999999980, 2.000000000000000000, 0.7982930000000000303 ) ) ;
#5331 = ORIENTED_EDGE ( 'NONE', *, *, #4778, .F. ) ;
#5332 = VERTEX_POINT ( 'NONE', #5418 ) ;
#5333 = VECTOR ( 'NONE', #3540, 1000.000000000000000 ) ;
#5334 = AXIS2_PLACEMENT_3D ( 'NONE', #3159, #4196, #3738 ) ;
#5335 = DIRECTION ( 'NONE',  ( 0.000000000000000000, 0.000000000000000000, 1.000000000000000000 ) ) ;
#5336 = EDGE_CURVE ( 'NONE', #2312, #3060, #1714, .T. ) ;
#5337 = CIRCLE ( 'NONE', #3875, 0.1250000000000001110 ) ;
#5338 = EDGE_CURVE ( 'NONE', #58, #4373, #2168, .T. ) ;
#5339 = CARTESIAN_POINT ( 'NONE',  ( 3.230900000000000105, 1.750000000000000000, 0.2000000000000000111 ) ) ;
#5340 = CARTESIAN_POINT ( 'NONE',  ( 3.973374076901999619, 1.524056422277000111, 3.234008735208000029 ) ) ;
#5341 = EDGE_LOOP ( 'NONE', ( #5977, #4193, #1265, #3443, #4216, #4664, #1319, #5949, #3319, #4169, #3517, #4433 ) ) ;
#5342 = ORIENTED_EDGE ( 'NONE', *, *, #2477, .F. ) ;
#5343 = DIRECTION ( 'NONE',  ( 0.000000000000000000, 1.000000000000000000, 0.000000000000000000 ) ) ;
#5344 = ORIENTED_EDGE ( 'NONE', *, *, #814, .F. ) ;
#5345 = CIRCLE ( 'NONE', #3107, 0.1101226010590001386 ) ;
#5346 = DIRECTION ( 'NONE',  ( 0.5773502691896257311, 0.5773502691896257311, 0.5773502691896257311 ) ) ;
#5347 = VECTOR ( 'NONE', #2081, 1000.000000000000000 ) ;
#5348 = EDGE_CURVE ( 'NONE', #5966, #1043, #2580, .T. ) ;
#5349 = AXIS2_PLACEMENT_3D ( 'NONE', #105, #3221, #3685 ) ;
#5350 = VERTEX_POINT ( 'NONE', #2914 ) ;
#5351 =( NAMED_UNIT ( * ) SI_UNIT ( $, .STERADIAN. ) SOLID_ANGLE_UNIT ( ) );
#5352 = EDGE_CURVE ( 'NONE', #826, #1644, #4866, .T. ) ;
#5353 = CARTESIAN_POINT ( 'NONE',  ( 3.161627999999999883, 1.500000000000000000, 0.000000000000000000 ) ) ;
#5354 = CARTESIAN_POINT ( 'NONE',  ( 3.984144000000000130, 1.886319999999999997, -0.2999999999999999889 ) ) ;
#5355 = LINE ( 'NONE', #1188, #2790 ) ;
#5356 = FACE_OUTER_BOUND ( 'NONE', #3781, .T. ) ;
#5357 = ADVANCED_FACE ( 'NONE', ( #3854 ), #5318, .F. ) ;
#5358 = FACE_OUTER_BOUND ( 'NONE', #3167, .T. ) ;
#5359 = CARTESIAN_POINT ( 'NONE',  ( 4.025049529097000089, -1.447563505708000076, 3.246868664398000259 ) ) ;
#5360 = ORIENTED_EDGE ( 'NONE', *, *, #1303, .F. ) ;
#5361 = CARTESIAN_POINT ( 'NONE',  ( 1.791398999999999964, -1.550000000000000044, 0.1853635000000000144 ) ) ;
#5362 = LINE ( 'NONE', #1823, #2023 ) ;
#5363 = PLANE ( 'NONE',  #3073 ) ;
#5364 = ORIENTED_EDGE ( 'NONE', *, *, #3367, .T. ) ;
#5365 = CARTESIAN_POINT ( 'NONE',  ( -4.023367822700000040, -1.416112383366999961, 3.252131071371000104 ) ) ;
#5366 = VERTEX_POINT ( 'NONE', #5286 ) ;
#5367 = EDGE_LOOP ( 'NONE', ( #1749, #3742, #1505, #2195, #576, #2466 ) ) ;
#5368 = CARTESIAN_POINT ( 'NONE',  ( -1.730900000000000105, 1.489999999999999991, 0.06912600000000000688 ) ) ;
#5369 = CARTESIAN_POINT ( 'NONE',  ( -0.9041169270900000221, 1.743468321552000155, 0.7982930000000000303 ) ) ;
#5370 = DIRECTION ( 'NONE',  ( 0.000000000000000000, 0.000000000000000000, -1.000000000000000000 ) ) ;
#5371 = DIRECTION ( 'NONE',  ( 0.000000000000000000, 0.000000000000000000, 1.000000000000000000 ) ) ;
#5372 = ORIENTED_EDGE ( 'NONE', *, *, #4072, .T. ) ;
#5373 = VERTEX_POINT ( 'NONE', #716 ) ;
#5374 = CARTESIAN_POINT ( 'NONE',  ( -2.750000000000000000, -0.1499999999999999944, 0.2000000000000000111 ) ) ;
#5375 = CARTESIAN_POINT ( 'NONE',  ( -3.172874999999999890, 1.500000000000000000, 0.000000000000000000 ) ) ;
#5376 = AXIS2_PLACEMENT_3D ( 'NONE', #3132, #1316, #4047 ) ;
#5377 = CARTESIAN_POINT ( 'NONE',  ( 3.230900000000000105, -1.550000000000000044, 0.7982930000000000303 ) ) ;
#5378 = CARTESIAN_POINT ( 'NONE',  ( 4.025400000000000311, -1.445061541462000054, 3.498706332850999523 ) ) ;
#5379 = VECTOR ( 'NONE', #2996, 1000.000000000000000 ) ;
#5380 = ORIENTED_EDGE ( 'NONE', *, *, #754, .T. ) ;
#5381 = ADVANCED_FACE ( 'NONE', ( #5356 ), #2462, .F. ) ;
#5382 = CARTESIAN_POINT ( 'NONE',  ( -3.172874999999999890, -1.500000000000000000, 0.2500000000000000000 ) ) ;
#5383 = ORIENTED_EDGE ( 'NONE', *, *, #3746, .T. ) ;
#5384 = DIRECTION ( 'NONE',  ( 0.000000000000000000, 1.000000000000000000, 0.000000000000000000 ) ) ;
#5385 = ORIENTED_EDGE ( 'NONE', *, *, #5455, .F. ) ;
#5386 = CARTESIAN_POINT ( 'NONE',  ( -3.172874999999999890, 1.750000000000000000, -0.1412950000000000039 ) ) ;
#5387 = DIRECTION ( 'NONE',  ( -1.000000000000000000, 0.000000000000000000, 0.000000000000000000 ) ) ;
#5388 = ORIENTED_EDGE ( 'NONE', *, *, #178, .F. ) ;
#5389 = CARTESIAN_POINT ( 'NONE',  ( -4.011969606392999488, -1.486319999999999864, 3.499713292642999907 ) ) ;
#5390 = DIRECTION ( 'NONE',  ( 1.000000000000000000, 0.000000000000000000, 0.000000000000000000 ) ) ;
#5391 = EDGE_CURVE ( 'NONE', #5503, #1766, #5688, .T. ) ;
#5392 = EDGE_CURVE ( 'NONE', #5800, #5152, #2527, .T. ) ;
#5393 = DIRECTION ( 'NONE',  ( 0.000000000000000000, 0.000000000000000000, 1.000000000000000000 ) ) ;
#5394 = EDGE_CURVE ( 'NONE', #1956, #812, #1123, .T. ) ;
#5395 = CARTESIAN_POINT ( 'NONE',  ( -3.895687823724999888, 1.533608080278000108, 3.497744781978999740 ) ) ;
#5396 = ORIENTED_EDGE ( 'NONE', *, *, #4215, .T. ) ;
#5397 = ORIENTED_EDGE ( 'NONE', *, *, #4344, .T. ) ;
#5398 = CARTESIAN_POINT ( 'NONE',  ( -2.990450000000000053, -1.489999999999999991, 0.2000000000000000111 ) ) ;
#5399 = CARTESIAN_POINT ( 'NONE',  ( 2.229423999999999850, 1.489999999999999991, 0.1595765000000000100 ) ) ;
#5400 = CARTESIAN_POINT ( 'NONE',  ( 2.229423999999999850, 1.875000000000000000, 0.2000000000000000111 ) ) ;
#5401 = DIRECTION ( 'NONE',  ( 0.000000000000000000, 0.000000000000000000, 1.000000000000000000 ) ) ;
#5402 = VERTEX_POINT ( 'NONE', #3952 ) ;
#5403 = VERTEX_POINT ( 'NONE', #2555 ) ;
#5404 = PLANE ( 'NONE',  #2459 ) ;
#5405 = PLANE ( 'NONE',  #3257 ) ;
#5406 = CARTESIAN_POINT ( 'NONE',  ( 4.007908877774000622, -1.378528017842000297, 3.500000000000000000 ) ) ;
#5407 = ORIENTED_EDGE ( 'NONE', *, *, #1633, .F. ) ;
#5408 = LINE ( 'NONE', #2694, #4097 ) ;
#5409 = VERTEX_POINT ( 'NONE', #3464 ) ;
#5410 = FACE_OUTER_BOUND ( 'NONE', #309, .T. ) ;
#5411 = EDGE_CURVE ( 'NONE', #5463, #4784, #158, .T. ) ;
#5412 = VERTEX_POINT ( 'NONE', #5809 ) ;
#5413 = LINE ( 'NONE', #2615, #4949 ) ;
#5414 = ADVANCED_FACE ( 'NONE', ( #3366 ), #2009, .F. ) ;
#5415 = CARTESIAN_POINT ( 'NONE',  ( -4.024763699764998925, -1.425000000000000044, 3.250314037264999900 ) ) ;
#5416 = ORIENTED_EDGE ( 'NONE', *, *, #233, .F. ) ;
#5417 = FACE_OUTER_BOUND ( 'NONE', #3126, .T. ) ;
#5418 = CARTESIAN_POINT ( 'NONE',  ( 3.984144000000000130, 1.750000000000000000, 3.250000000000000000 ) ) ;
#5419 = ADVANCED_FACE ( 'NONE', ( #4800 ), #3011, .F. ) ;
#5420 = AXIS2_PLACEMENT_3D ( 'NONE', #1313, #2247, #2338 ) ;
#5421 = ADVANCED_FACE ( 'NONE', ( #683 ), #649, .F. ) ;
#5422 = DIRECTION ( 'NONE',  ( -3.999999999999999916E-16, 0.000000000000000000, 1.000000000000000000 ) ) ;
#5423 = EDGE_CURVE ( 'NONE', #4583, #4016, #1090, .T. ) ;
#5424 = ORIENTED_EDGE ( 'NONE', *, *, #5608, .T. ) ;
#5425 = ORIENTED_EDGE ( 'NONE', *, *, #230, .F. ) ;
#5426 = LINE ( 'NONE', #3162, #2146 ) ;
#5427 = AXIS2_PLACEMENT_3D ( 'NONE', #3338, #5194, #1034 ) ;
#5428 = VECTOR ( 'NONE', #1805, 1000.000000000000000 ) ;
#5429 = CIRCLE ( 'NONE', #1650, 0.2500000000000000000 ) ;
#5430 = CARTESIAN_POINT ( 'NONE',  ( -3.984144000000000130, 1.750000000000000000, 1.824217499999999825 ) ) ;
#5431 = AXIS2_PLACEMENT_3D ( 'NONE', #5939, #1746, #5453 ) ;
#5432 = CARTESIAN_POINT ( 'NONE',  ( -0.5095499999999999474, -1.489999999999999991, 0.2000000000000000111 ) ) ;
#5433 = DIRECTION ( 'NONE',  ( 1.000000000000000000, 0.000000000000000000, 0.000000000000000000 ) ) ;
#5434 = ORIENTED_EDGE ( 'NONE', *, *, #2663, .F. ) ;
#5435 = ORIENTED_EDGE ( 'NONE', *, *, #1674, .T. ) ;
#5436 = DIRECTION ( 'NONE',  ( 1.000000000000000000, 0.000000000000000000, 0.000000000000000000 ) ) ;
#5437 = CARTESIAN_POINT ( 'NONE',  ( -3.750000000000000000, -1.399999999999999911, 3.285203000000000095 ) ) ;
#5438 = VECTOR ( 'NONE', #2870, 1000.000000000000000 ) ;
#5439 = B_SPLINE_CURVE_WITH_KNOTS ( 'NONE', 5,
 ( #4849, #1695, #2849, #91, #5340, #736, #2573, #3795, #3973, #5659, #3335, #1488, #1031, #1603, #3449, #1140, #2992, #3601 ),
 .UNSPECIFIED., .F., .F.,
 ( 6, 4, 4, 4, 6 ),
 ( 0.000000000000000000, 0.2091574966079999820, 0.5758753596350000281, 0.8754470435060000000, 1.000000000000000000 ),
 .UNSPECIFIED. ) ;
#5440 = DIRECTION ( 'NONE',  ( 1.000000000000000000, 0.000000000000000000, 0.000000000000000000 ) ) ;
#5441 = ORIENTED_EDGE ( 'NONE', *, *, #1191, .T. ) ;
#5442 = FACE_OUTER_BOUND ( 'NONE', #2905, .T. ) ;
#5443 = EDGE_LOOP ( 'NONE', ( #3623, #5789, #1623, #4291 ) ) ;
#5444 = CARTESIAN_POINT ( 'NONE',  ( 3.984144000000000130, -1.517189772232999889, 3.235233156646999841 ) ) ;
#5445 = AXIS2_PLACEMENT_3D ( 'NONE', #4274, #4207, #3350 ) ;
#5446 = ORIENTED_EDGE ( 'NONE', *, *, #583, .T. ) ;
#5447 = LINE ( 'NONE', #341, #2899 ) ;
#5448 = CARTESIAN_POINT ( 'NONE',  ( 2.250000000000000000, 0.1499999999999999944, 0.2100000000000000200 ) ) ;
#5449 = ORIENTED_EDGE ( 'NONE', *, *, #4819, .F. ) ;
#5450 = CARTESIAN_POINT ( 'NONE',  ( 3.946599196382000407, -1.534900398877000027, 3.497555733436000125 ) ) ;
#5451 = CARTESIAN_POINT ( 'NONE',  ( 1.800000000000000044, -0.3624999999999999889, 3.299999999999999822 ) ) ;
#5452 = ORIENTED_EDGE ( 'NONE', *, *, #2253, .F. ) ;
#5453 = DIRECTION ( 'NONE',  ( 1.000000000000000000, 0.000000000000000000, 0.000000000000000000 ) ) ;
#5454 = EDGE_LOOP ( 'NONE', ( #5245, #811, #565, #2894 ) ) ;
#5456 = VERTEX_POINT ( 'NONE', #2040 ) ;
#5455 = EDGE_CURVE ( 'NONE', #5839, #5800, #1582, .T. ) ;
#5457 = LINE ( 'NONE', #1321, #4765 ) ;
#5458 = EDGE_CURVE ( 'NONE', #3559, #3431, #3891, .T. ) ;
#5459 = ADVANCED_FACE ( 'NONE', ( #5778 ), #221, .T. ) ;
#5460 = CARTESIAN_POINT ( 'NONE',  ( -3.980905650031999254, 1.351178743106999924, 3.288052940221999787 ) ) ;
#5461 = SPHERICAL_SURFACE ( 'NONE', #869, 0.1250000000000000000 ) ;
#5462 = ORIENTED_EDGE ( 'NONE', *, *, #596, .T. ) ;
#5463 = VERTEX_POINT ( 'NONE', #4013 ) ;
#5464 = DIRECTION ( 'NONE',  ( -0.000000000000000000, 1.000000000000000000, 0.000000000000000000 ) ) ;
#5465 = DIRECTION ( 'NONE',  ( 0.000000000000000000, 0.000000000000000000, 1.000000000000000000 ) ) ;
#5466 = DIRECTION ( 'NONE',  ( 0.000000000000000000, 0.000000000000000000, -1.000000000000000000 ) ) ;
#5467 = EDGE_LOOP ( 'NONE', ( #756, #2687, #42, #2699, #2979, #12, #5248, #2165 ) ) ;
#5468 = DIRECTION ( 'NONE',  ( 0.000000000000000000, -1.000000000000000000, 0.000000000000000000 ) ) ;
#5469 = DIRECTION ( 'NONE',  ( 0.000000000000000000, -1.000000000000000000, 0.000000000000000000 ) ) ;
#5470 = VECTOR ( 'NONE', #981, 1000.000000000000000 ) ;
#5471 = B_SPLINE_CURVE_WITH_KNOTS ( 'NONE', 8,
 ( #5587, #5093, #4617, #2819, #4243, #933, #2783, #5124, #4644, #995, #485, #2333, #4186, #4674, #514, #26, #4214, #1878, #2845, #4283, #5744, #5249, #3457 ),
 .UNSPECIFIED., .F., .F.,
 ( 9, 7, 7, 9 ),
 ( 0.000000000000000000, 0.6739157951629999310, 0.9286637682789999904, 1.000000000000000000 ),
 .UNSPECIFIED. ) ;
#5472 = LINE ( 'NONE', #5040, #2973 ) ;
#5473 = VECTOR ( 'NONE', #4311, 1000.000000000000000 ) ;
#5474 = CARTESIAN_POINT ( 'NONE',  ( -4.033925927124999866, 1.486319999999999864, 0.7982930000000000303 ) ) ;
#5475 = CARTESIAN_POINT ( 'NONE',  ( 4.049999999999999822, 1.425000000000000044, 0.2000000000000000111 ) ) ;
#5476 = ORIENTED_EDGE ( 'NONE', *, *, #4188, .T. ) ;
#5477 = DIRECTION ( 'NONE',  ( 0.000000000000000000, -1.000000000000000000, 0.000000000000000000 ) ) ;
#5478 = CARTESIAN_POINT ( 'NONE',  ( 3.825505760075999628, 1.430627155102000003, 3.299915783332000085 ) ) ;
#5479 = PLANE ( 'NONE',  #5334 ) ;
#5480 = ORIENTED_EDGE ( 'NONE', *, *, #2664, .T. ) ;
#5481 = ORIENTED_EDGE ( 'NONE', *, *, #6012, .F. ) ;
#5482 = CARTESIAN_POINT ( 'NONE',  ( -4.250000000000000000, -1.486319999999999864, 3.250000000000000000 ) ) ;
#5483 = EDGE_CURVE ( 'NONE', #1420, #4832, #5011, .T. ) ;
#5484 = ADVANCED_FACE ( 'NONE', ( #2697 ), #5498, .F. ) ;
#5485 = DIRECTION ( 'NONE',  ( 1.000000000000000000, 0.000000000000000000, 0.000000000000000000 ) ) ;
#5486 = ORIENTED_EDGE ( 'NONE', *, *, #5005, .T. ) ;
#5487 = VERTEX_POINT ( 'NONE', #3641 ) ;
#5488 = DIRECTION ( 'NONE',  ( 1.000000000000000000, 0.000000000000000000, 0.000000000000000000 ) ) ;
#5489 = DIRECTION ( 'NONE',  ( 0.000000000000000000, 0.000000000000000000, 1.000000000000000000 ) ) ;
#5490 = EDGE_CURVE ( 'NONE', #4474, #5767, #3180, .T. ) ;
#5491 = ORIENTED_EDGE ( 'NONE', *, *, #5490, .F. ) ;
#5492 = EDGE_CURVE ( 'NONE', #5073, #2792, #2397, .T. ) ;
#5493 = CARTESIAN_POINT ( 'NONE',  ( 3.885772725825000329, 1.528265105725999939, 3.245557244097000194 ) ) ;
#5494 = EDGE_LOOP ( 'NONE', ( #3867, #11, #613, #3488, #2156, #1608 ) ) ;
#5495 = EDGE_CURVE ( 'NONE', #1565, #1384, #5472, .T. ) ;
#5496 = CARTESIAN_POINT ( 'NONE',  ( -1.730900000000000105, -1.619999999999999885, 0.7982930000000000303 ) ) ;
#5497 = CARTESIAN_POINT ( 'NONE',  ( -2.218206999999999596, 1.489999999999999991, -0.1067319999999999935 ) ) ;
#5498 = PLANE ( 'NONE',  #663 ) ;
#5499 = ORIENTED_EDGE ( 'NONE', *, *, #2454, .T. ) ;
#5500 = CARTESIAN_POINT ( 'NONE',  ( -1.800000000000000044, -0.8249999999999999556, 3.299999999999999822 ) ) ;
#5501 = CARTESIAN_POINT ( 'NONE',  ( -4.025400000000000311, 1.445061541462000054, 3.498706332850999523 ) ) ;
#5502 = VECTOR ( 'NONE', #5878, 1000.000000000000000 ) ;
#5503 = VERTEX_POINT ( 'NONE', #4101 ) ;
#5504 = CARTESIAN_POINT ( 'NONE',  ( 3.984144000000000130, -1.517189772232999889, 3.499408323298999868 ) ) ;
#5505 = CARTESIAN_POINT ( 'NONE',  ( -3.750000000000000000, 1.399999999999999911, 3.285203000000000095 ) ) ;
#5506 = VECTOR ( 'NONE', #2492, 1000.000000000000000 ) ;
#5507 = VERTEX_POINT ( 'NONE', #4988 ) ;
#5508 = FACE_OUTER_BOUND ( 'NONE', #939, .T. ) ;
#5509 = ORIENTED_EDGE ( 'NONE', *, *, #2105, .F. ) ;
#5510 = ORIENTED_EDGE ( 'NONE', *, *, #515, .F. ) ;
#5511 = CARTESIAN_POINT ( 'NONE',  ( -3.172874999999999890, 0.9499999999999999556, -0.4726099999999999746 ) ) ;
#5512 = DIRECTION ( 'NONE',  ( 0.000000000000000000, 0.000000000000000000, -1.000000000000000000 ) ) ;
#5513 = VECTOR ( 'NONE', #5563, 1000.000000000000114 ) ;
#5514 = CARTESIAN_POINT ( 'NONE',  ( 4.024763699764998925, 1.425000000000000044, 3.250314037264999900 ) ) ;
#5515 = ORIENTED_EDGE ( 'NONE', *, *, #677, .T. ) ;
#5516 = ORIENTED_EDGE ( 'NONE', *, *, #4718, .F. ) ;
#5517 = AXIS2_PLACEMENT_3D ( 'NONE', #1799, #3647, #125 ) ;
#5518 = CIRCLE ( 'NONE', #280, 0.2000000000000000944 ) ;
#5519 = EDGE_CURVE ( 'NONE', #1758, #1868, #1767, .T. ) ;
#5520 = FACE_OUTER_BOUND ( 'NONE', #5790, .T. ) ;
#5521 = EDGE_CURVE ( 'NONE', #5292, #3136, #2128, .T. ) ;
#5522 = ADVANCED_FACE ( 'NONE', ( #883 ), #2730, .F. ) ;
#5523 = AXIS2_PLACEMENT_3D ( 'NONE', #2210, #1332, #5925 ) ;
#5524 = CARTESIAN_POINT ( 'NONE',  ( 3.920920838333999736, 1.536245907696999868, 3.232003063942999965 ) ) ;
#5525 = ORIENTED_EDGE ( 'NONE', *, *, #3785, .F. ) ;
#5526 = FACE_OUTER_BOUND ( 'NONE', #5341, .T. ) ;
#5527 = DIRECTION ( 'NONE',  ( 1.000000000000000000, 0.000000000000000000, 0.000000000000000000 ) ) ;
#5528 = ADVANCED_FACE ( 'NONE', ( #3985 ), #1311, .F. ) ;
#5529 = VECTOR ( 'NONE', #1736, 1000.000000000000000 ) ;
#5530 = AXIS2_PLACEMENT_3D ( 'NONE', #917, #40, #5172 ) ;
#5531 = CARTESIAN_POINT ( 'NONE',  ( 3.750000000000000000, -1.399999999999999911, 0.7852030000000000953 ) ) ;
#5532 = ADVANCED_FACE ( 'NONE', ( #5410 ), #5958, .F. ) ;
#5533 = CIRCLE ( 'NONE', #3006, 0.2500000000000002220 ) ;
#5535 = ORIENTED_EDGE ( 'NONE', *, *, #324, .F. ) ;
#5534 = VECTOR ( 'NONE', #3774, 1000.000000000000000 ) ;
#5536 = CARTESIAN_POINT ( 'NONE',  ( -4.250000000000000000, -1.750000000000000000, 0.2000000000000000111 ) ) ;
#5537 = CARTESIAN_POINT ( 'NONE',  ( -2.218206999999999596, 0.1250000000000000000, 0.000000000000000000 ) ) ;
#5538 = ORIENTED_EDGE ( 'NONE', *, *, #664, .T. ) ;
#5539 = LINE ( 'NONE', #3705, #4505 ) ;
#5540 = PLANE ( 'NONE',  #4062 ) ;
#5541 = VECTOR ( 'NONE', #1448, 1000.000000000000000 ) ;
#5542 = EDGE_CURVE ( 'NONE', #5173, #5931, #827, .T. ) ;
#5543 = ORIENTED_EDGE ( 'NONE', *, *, #3446, .F. ) ;
#5544 = VECTOR ( 'NONE', #813, 1000.000000000000000 ) ;
#5545 = LINE ( 'NONE', #3340, #2130 ) ;
#5546 = VERTEX_POINT ( 'NONE', #3097 ) ;
#5547 = EDGE_LOOP ( 'NONE', ( #5452, #4995, #444, #3645 ) ) ;
#5548 = DIRECTION ( 'NONE',  ( 0.000000000000000000, -2.200000000000000003E-16, -1.000000000000000000 ) ) ;
#5549 = CARTESIAN_POINT ( 'NONE',  ( -3.925399999999999778, 1.436262999999999845, 3.648434999999999651 ) ) ;
#5550 = FACE_OUTER_BOUND ( 'NONE', #5639, .T. ) ;
#5551 = ORIENTED_EDGE ( 'NONE', *, *, #552, .T. ) ;
#5552 = ORIENTED_EDGE ( 'NONE', *, *, #1302, .F. ) ;
#5553 = DIRECTION ( 'NONE',  ( 1.000000000000000000, 0.000000000000000000, 0.000000000000000000 ) ) ;
#5554 = CYLINDRICAL_SURFACE ( 'NONE', #3558, 0.1250000000000001110 ) ;
#5555 = CARTESIAN_POINT ( 'NONE',  ( 3.834871788332000264, 1.479725397542000165, 3.287764784009000074 ) ) ;
#5556 = VERTEX_POINT ( 'NONE', #4956 ) ;
#5557 = CARTESIAN_POINT ( 'NONE',  ( 4.025365217978000842, 1.432119516068000031, 3.249240045271000188 ) ) ;
#5558 = CARTESIAN_POINT ( 'NONE',  ( -4.250000000000000000, -1.750000000000000000, 0.7982930000000000303 ) ) ;
#5559 = LINE ( 'NONE', #5066, #3046 ) ;
#5560 = EDGE_CURVE ( 'NONE', #5902, #4751, #2644, .T. ) ;
#5561 = ORIENTED_EDGE ( 'NONE', *, *, #1294, .F. ) ;
#5562 = CARTESIAN_POINT ( 'NONE',  ( -4.424314999999999998, -1.486319999999999864, 0.7982930000000000303 ) ) ;
#5563 = DIRECTION ( 'NONE',  ( -0.5773502691896257311, -0.5773502691896257311, 0.5773502691896257311 ) ) ;
#5564 = EDGE_LOOP ( 'NONE', ( #5153, #4053, #2030, #2835 ) ) ;
#5565 = DIRECTION ( 'NONE',  ( 1.000000000000000000, 0.000000000000000000, 0.000000000000000000 ) ) ;
#5566 = ORIENTED_EDGE ( 'NONE', *, *, #2197, .T. ) ;
#5567 = EDGE_CURVE ( 'NONE', #1807, #4531, #339, .T. ) ;
#5568 = CARTESIAN_POINT ( 'NONE',  ( 3.924999999999999822, -1.425000000000000044, 0.2000000000000000111 ) ) ;
#5569 = CARTESIAN_POINT ( 'NONE',  ( 3.750000000000000000, -1.399999999999999911, 0.7852030000000000953 ) ) ;
#5570 = ORIENTED_EDGE ( 'NONE', *, *, #4425, .F. ) ;
#5571 = ORIENTED_EDGE ( 'NONE', *, *, #814, .T. ) ;
#5572 = EDGE_CURVE ( 'NONE', #4272, #5069, #2245, .T. ) ;
#5573 = FACE_OUTER_BOUND ( 'NONE', #1907, .T. ) ;
#5574 = CARTESIAN_POINT ( 'NONE',  ( 4.250000000000000000, 1.550000000000000044, 0.7982930000000000303 ) ) ;
#5575 = EDGE_CURVE ( 'NONE', #5402, #1868, #364, .T. ) ;
#5576 = CARTESIAN_POINT ( 'NONE',  ( 3.874960644837999624, -1.522701579945999972, 3.253040835905000261 ) ) ;
#5577 = CARTESIAN_POINT ( 'NONE',  ( 3.230900000000000105, 1.886557999999999957, 0.06912600000000000688 ) ) ;
#5578 = ORIENTED_EDGE ( 'NONE', *, *, #3444, .T. ) ;
#5579 = ORIENTED_EDGE ( 'NONE', *, *, #2880, .F. ) ;
#5580 = DIRECTION ( 'NONE',  ( 1.000000000000000000, 0.000000000000000000, 0.000000000000000000 ) ) ;
#5581 = SPHERICAL_SURFACE ( 'NONE', #1424, 0.1250000000000000000 ) ;
#5582 = CARTESIAN_POINT ( 'NONE',  ( 1.791398999999999964, -1.550000000000000044, 0.3250000000000000111 ) ) ;
#5583 = CARTESIAN_POINT ( 'NONE',  ( 3.828410441494999983, 1.461484456200000004, 3.294741368807000192 ) ) ;
#5584 = VERTEX_POINT ( 'NONE', #5444 ) ;
#5585 = CARTESIAN_POINT ( 'NONE',  ( 4.025232533705999316, 1.429740458234000089, 3.249600613771999935 ) ) ;
#5586 = DIRECTION ( 'NONE',  ( 1.000000000000000000, 0.000000000000000000, 0.000000000000000000 ) ) ;
#5587 = CARTESIAN_POINT ( 'NONE',  ( 3.924999999999999822, -1.336263800002999824, 3.299999999999999822 ) ) ;
#5588 = ORIENTED_EDGE ( 'NONE', *, *, #3259, .F. ) ;
#5589 = CARTESIAN_POINT ( 'NONE',  ( 2.250000000000000000, -0.1499999999999999944, 0.2100000000000000200 ) ) ;
#5590 = PLANE ( 'NONE',  #1921 ) ;
#5591 = ORIENTED_EDGE ( 'NONE', *, *, #3072, .F. ) ;
#5592 = DIRECTION ( 'NONE',  ( 0.000000000000000000, -1.000000000000000000, 2.200000000000000003E-16 ) ) ;
#5593 = CARTESIAN_POINT ( 'NONE',  ( 2.228499999999999925, 1.000000000000000000, 0.2500269999999999992 ) ) ;
#5594 = EDGE_CURVE ( 'NONE', #3083, #1071, #4528, .T. ) ;
#5595 = EDGE_CURVE ( 'NONE', #842, #3725, #4912, .T. ) ;
#5596 = EDGE_CURVE ( 'NONE', #672, #1409, #3261, .T. ) ;
#5597 = VECTOR ( 'NONE', #4208, 1000.000000000000000 ) ;
#5598 = CARTESIAN_POINT ( 'NONE',  ( -3.984144000000000130, -1.535122601059000003, 3.174999999999999822 ) ) ;
#5599 = DIRECTION ( 'NONE',  ( 0.000000000000000000, 0.000000000000000000, 1.000000000000000000 ) ) ;
#5600 = ORIENTED_EDGE ( 'NONE', *, *, #2926, .F. ) ;
#5601 = ORIENTED_EDGE ( 'NONE', *, *, #5677, .F. ) ;
#5602 = CARTESIAN_POINT ( 'NONE',  ( -3.984144000000000130, -1.886319999999999997, -0.2999999999999999889 ) ) ;
#5603 = CARTESIAN_POINT ( 'NONE',  ( 4.250000000000000000, 0.1250000000000000000, 0.7982930000000000303 ) ) ;
#5604 = EDGE_CURVE ( 'NONE', #1898, #3395, #5830, .T. ) ;
#5605 = AXIS2_PLACEMENT_3D ( 'NONE', #1615, #312, #2160 ) ;
#5606 = EDGE_CURVE ( 'NONE', #5069, #1659, #2631, .T. ) ;
#5607 = ORIENTED_EDGE ( 'NONE', *, *, #1675, .F. ) ;
#5608 = EDGE_CURVE ( 'NONE', #3054, #1898, #1757, .T. ) ;
#5609 = CARTESIAN_POINT ( 'NONE',  ( 3.843766724633000287, -1.495428784677999889, 3.279041371758000256 ) ) ;
#5610 = DIRECTION ( 'NONE',  ( 0.000000000000000000, 1.000000000000000000, 0.000000000000000000 ) ) ;
#5611 = ORIENTED_EDGE ( 'NONE', *, *, #2372, .T. ) ;
#5612 = ORIENTED_EDGE ( 'NONE', *, *, #4114, .T. ) ;
#5613 = CARTESIAN_POINT ( 'NONE',  ( 3.924999999999999822, -1.550000000000000044, 0.2000000000000000111 ) ) ;
#5614 = LINE ( 'NONE', #80, #934 ) ;
#5615 = EDGE_CURVE ( 'NONE', #2893, #2408, #5851, .T. ) ;
#5616 = DIRECTION ( 'NONE',  ( -1.200000000000000024E-16, 0.000000000000000000, 1.000000000000000000 ) ) ;
#5617 = VECTOR ( 'NONE', #3580, 1000.000000000000114 ) ;
#5618 = DIRECTION ( 'NONE',  ( -1.000000000000000000, 0.000000000000000000, 0.000000000000000000 ) ) ;
#5619 = ORIENTED_EDGE ( 'NONE', *, *, #5521, .F. ) ;
#5620 = LINE ( 'NONE', #5496, #390 ) ;
#5621 = DIRECTION ( 'NONE',  ( 1.100000000000000002E-16, 1.000000000000000000, -2.200000000000000003E-16 ) ) ;
#5622 = DIRECTION ( 'NONE',  ( 0.000000000000000000, 0.000000000000000000, 1.000000000000000000 ) ) ;
#5623 = CIRCLE ( 'NONE', #278, 0.2000000000000000944 ) ;
#5624 = AXIS2_PLACEMENT_3D ( 'NONE', #4606, #2176, #3571 ) ;
#5625 = ORIENTED_EDGE ( 'NONE', *, *, #2379, .F. ) ;
#5626 = CARTESIAN_POINT ( 'NONE',  ( 4.250000000000000000, -1.750000000000000000, 0.7982930000000000303 ) ) ;
#5627 = VECTOR ( 'NONE', #703, 1000.000000000000000 ) ;
#5628 = DIRECTION ( 'NONE',  ( 0.000000000000000000, 0.000000000000000000, 1.000000000000000000 ) ) ;
#5629 = VECTOR ( 'NONE', #4807, 1000.000000000000000 ) ;
#5630 = CARTESIAN_POINT ( 'NONE',  ( -1.791414999999999980, 1.550000000000000044, 0.3250000000000000111 ) ) ;
#5631 = DIRECTION ( 'NONE',  ( 0.000000000000000000, 0.000000000000000000, 1.000000000000000000 ) ) ;
#5632 = VECTOR ( 'NONE', #1791, 1000.000000000000000 ) ;
#5633 = AXIS2_PLACEMENT_3D ( 'NONE', #5933, #2194, #805 ) ;
#5634 = CIRCLE ( 'NONE', #5235, 0.1250000000000001110 ) ;
#5635 = VERTEX_POINT ( 'NONE', #3572 ) ;
#5636 = DIRECTION ( 'NONE',  ( 0.000000000000000000, -1.200000000000000024E-16, -1.000000000000000000 ) ) ;
#5637 = DIRECTION ( 'NONE',  ( 1.000000000000000000, 0.000000000000000000, 0.000000000000000000 ) ) ;
#5638 = EDGE_LOOP ( 'NONE', ( #1242, #2211, #1919, #4705 ) ) ;
#5639 = EDGE_LOOP ( 'NONE', ( #3719, #1299, #4465, #1456, #2456, #2496 ) ) ;
#5640 = DIRECTION ( 'NONE',  ( 0.000000000000000000, -1.000000000000000000, 0.000000000000000000 ) ) ;
#5641 = CARTESIAN_POINT ( 'NONE',  ( 4.250000000000000000, -1.550000000000000044, 0.2000000000000000111 ) ) ;
#5642 = VECTOR ( 'NONE', #3814, 1000.000000000000000 ) ;
#5643 = ORIENTED_EDGE ( 'NONE', *, *, #844, .F. ) ;
#5644 = EDGE_CURVE ( 'NONE', #509, #4767, #2236, .T. ) ;
#5645 = CARTESIAN_POINT ( 'NONE',  ( -1.791414999999999980, 1.750000000000000000, 0.7982930000000000303 ) ) ;
#5646 = CARTESIAN_POINT ( 'NONE',  ( 4.024176171141999880, 1.420511724940000109, 3.251088060527999701 ) ) ;
#5647 = VERTEX_POINT ( 'NONE', #4942 ) ;
#5648 = VERTEX_POINT ( 'NONE', #5000 ) ;
#5649 = DIRECTION ( 'NONE',  ( -1.000000000000000000, 0.000000000000000000, 0.000000000000000000 ) ) ;
#5650 = DIRECTION ( 'NONE',  ( 0.000000000000000000, 0.000000000000000000, 1.000000000000000000 ) ) ;
#5651 = EDGE_CURVE ( 'NONE', #2884, #785, #3602, .T. ) ;
#5652 = DIRECTION ( 'NONE',  ( 1.000000000000000000, 0.000000000000000000, 0.000000000000000000 ) ) ;
#5653 = LINE ( 'NONE', #508, #2896 ) ;
#5654 = ORIENTED_EDGE ( 'NONE', *, *, #641, .T. ) ;
#5655 = DIRECTION ( 'NONE',  ( 0.000000000000000000, 1.000000000000000000, 0.000000000000000000 ) ) ;
#5656 = EDGE_CURVE ( 'NONE', #4918, #4190, #71, .T. ) ;
#5657 = CYLINDRICAL_SURFACE ( 'NONE', #1305, 0.2500000000000000000 ) ;
#5658 = ORIENTED_EDGE ( 'NONE', *, *, #305, .F. ) ;
#5659 = CARTESIAN_POINT ( 'NONE',  ( 3.944587069625999476, 1.534469302689000170, 3.232187917797999965 ) ) ;
#5660 = CARTESIAN_POINT ( 'NONE',  ( -3.905184045600000431, 1.534323617610999779, 3.235650937848999931 ) ) ;
#5661 = CARTESIAN_POINT ( 'NONE',  ( -3.834871788332000264, -1.479725397542000165, 3.287764784009000074 ) ) ;
#5662 = DIRECTION ( 'NONE',  ( 0.000000000000000000, 1.000000000000000000, 0.000000000000000000 ) ) ;
#5663 = DIRECTION ( 'NONE',  ( -1.000000000000000000, 0.000000000000000000, 0.000000000000000000 ) ) ;
#5664 = CARTESIAN_POINT ( 'NONE',  ( -3.172874999999999890, -0.9499999999999999556, 0.000000000000000000 ) ) ;
#5665 = EDGE_LOOP ( 'NONE', ( #2467, #5771, #3995, #4244 ) ) ;
#5666 = ORIENTED_EDGE ( 'NONE', *, *, #2253, .T. ) ;
#5667 = LINE ( 'NONE', #1410, #4481 ) ;
#5668 = DIRECTION ( 'NONE',  ( -1.000000000000000000, 0.000000000000000000, 0.000000000000000000 ) ) ;
#5669 = AXIS2_PLACEMENT_3D ( 'NONE', #96, #3273, #5592 ) ;
#5670 = EDGE_LOOP ( 'NONE', ( #3176, #3145, #2280, #806 ) ) ;
#5671 = VECTOR ( 'NONE', #5833, 1000.000000000000000 ) ;
#5672 = FACE_OUTER_BOUND ( 'NONE', #1006, .T. ) ;
#5673 = LINE ( 'NONE', #1503, #2326 ) ;
#5674 = ORIENTED_EDGE ( 'NONE', *, *, #1472, .T. ) ;
#5675 = ORIENTED_EDGE ( 'NONE', *, *, #264, .T. ) ;
#5676 = CARTESIAN_POINT ( 'NONE',  ( 2.500000000000000000, 0.1499999999999999944, -3.195100000000000051 ) ) ;
#5677 = EDGE_CURVE ( 'NONE', #1706, #1043, #4238, .T. ) ;
#5678 = FACE_OUTER_BOUND ( 'NONE', #3055, .T. ) ;
#5679 = DIRECTION ( 'NONE',  ( 0.000000000000000000, 0.000000000000000000, 1.000000000000000000 ) ) ;
#5680 = ORIENTED_EDGE ( 'NONE', *, *, #4351, .F. ) ;
#5681 = FACE_OUTER_BOUND ( 'NONE', #1470, .T. ) ;
#5682 = EDGE_CURVE ( 'NONE', #5069, #653, #5018, .T. ) ;
#5683 = EDGE_CURVE ( 'NONE', #2515, #632, #684, .T. ) ;
#5684 = ORIENTED_EDGE ( 'NONE', *, *, #1260, .F. ) ;
#5685 = CARTESIAN_POINT ( 'NONE',  ( -3.828410441496000072, 1.461484456203000049, 3.294741368806000548 ) ) ;
#5686 = LINE ( 'NONE', #2522, #3665 ) ;
#5687 = DIRECTION ( 'NONE',  ( 1.000000000000000000, -1.100000000000000002E-16, 1.100000000000000002E-16 ) ) ;
#5688 = LINE ( 'NONE', #188, #457 ) ;
#5689 = CARTESIAN_POINT ( 'NONE',  ( 3.984144000000000130, -1.517189772232999889, 3.235233156646999841 ) ) ;
#5690 = PLANE ( 'NONE',  #2613 ) ;
#5691 = ORIENTED_EDGE ( 'NONE', *, *, #1804, .T. ) ;
#5692 = ORIENTED_EDGE ( 'NONE', *, *, #752, .F. ) ;
#5693 = CARTESIAN_POINT ( 'NONE',  ( 1.730900000000000105, 1.619999999999999885, 0.2000000000000000111 ) ) ;
#5694 = LINE ( 'NONE', #4263, #2037 ) ;
#5695 = ORIENTED_EDGE ( 'NONE', *, *, #4188, .F. ) ;
#5696 = CARTESIAN_POINT ( 'NONE',  ( 0.000000000000000000, 1.650500000000000078, 0.7982930000000000303 ) ) ;
#5697 = DIRECTION ( 'NONE',  ( 1.000000000000000000, 0.000000000000000000, 0.000000000000000000 ) ) ;
#5698 = ORIENTED_EDGE ( 'NONE', *, *, #823, .T. ) ;
#5699 = ORIENTED_EDGE ( 'NONE', *, *, #3355, .F. ) ;
#5700 = FACE_OUTER_BOUND ( 'NONE', #160, .T. ) ;
#5701 = AXIS2_PLACEMENT_3D ( 'NONE', #2446, #1687, #4726 ) ;
#5702 = FACE_BOUND ( 'NONE', #660, .T. ) ;
#5703 = DIRECTION ( 'NONE',  ( 0.000000000000000000, 1.000000000000000000, 0.000000000000000000 ) ) ;
#5704 = VERTEX_POINT ( 'NONE', #416 ) ;
#5705 = ADVANCED_FACE ( 'NONE', ( #3655 ), #1442, .F. ) ;
#5706 = ORIENTED_EDGE ( 'NONE', *, *, #1487, .T. ) ;
#5707 = FACE_OUTER_BOUND ( 'NONE', #4226, .T. ) ;
#5708 = CIRCLE ( 'NONE', #1251, 0.2500000000000000000 ) ;
#5709 = CARTESIAN_POINT ( 'NONE',  ( 2.229423999999999850, -1.750000000000000000, 0.1250134999999999996 ) ) ;
#5710 = CARTESIAN_POINT ( 'NONE',  ( 2.229423999999999850, 1.750000000000000000, 0.2500269999999999992 ) ) ;
#5711 = ADVANCED_FACE ( 'NONE', ( #5550 ), #5056, .F. ) ;
#5712 = LINE ( 'NONE', #3398, #4187 ) ;
#5713 = EDGE_CURVE ( 'NONE', #1339, #769, #2862, .T. ) ;
#5714 = AXIS2_PLACEMENT_3D ( 'NONE', #4740, #4623, #4221 ) ;
#5715 = VECTOR ( 'NONE', #4280, 1000.000000000000000 ) ;
#5716 = CARTESIAN_POINT ( 'NONE',  ( -2.218206999999999596, 0.2250000000000000056, 0.2000000000000000111 ) ) ;
#5717 = DIRECTION ( 'NONE',  ( 0.000000000000000000, 0.000000000000000000, 1.000000000000000000 ) ) ;
#5718 = ADVANCED_FACE ( 'NONE', ( #984 ), #2834, .T. ) ;
#5719 = EDGE_CURVE ( 'NONE', #980, #3904, #5997, .T. ) ;
#5720 = VECTOR ( 'NONE', #4391, 1000.000000000000000 ) ;
#5721 = CARTESIAN_POINT ( 'NONE',  ( -4.018279531506000701, 1.398486654338999990, 3.258308326090000318 ) ) ;
#5722 = DIRECTION ( 'NONE',  ( -0.1022884097150042471, 0.9947547844760413760, 0.000000000000000000 ) ) ;
#5723 = ORIENTED_EDGE ( 'NONE', *, *, #4529, .F. ) ;
#5724 = ORIENTED_EDGE ( 'NONE', *, *, #3410, .T. ) ;
#5725 = FACE_OUTER_BOUND ( 'NONE', #3373, .T. ) ;
#5726 = DIRECTION ( 'NONE',  ( 0.000000000000000000, 1.000000000000000000, 0.000000000000000000 ) ) ;
#5727 = VECTOR ( 'NONE', #574, 1000.000000000000000 ) ;
#5728 = EDGE_LOOP ( 'NONE', ( #5434, #885, #1698, #5216 ) ) ;
#5729 = CIRCLE ( 'NONE', #790, 0.2500000000000000000 ) ;
#5730 = DIRECTION ( 'NONE',  ( 0.000000000000000000, -2.299999999999999903E-16, -1.000000000000000000 ) ) ;
#5731 = DIRECTION ( 'NONE',  ( 0.000000000000000000, -1.000000000000000000, 0.000000000000000000 ) ) ;
#5732 = ORIENTED_EDGE ( 'NONE', *, *, #36, .T. ) ;
#5733 = ORIENTED_EDGE ( 'NONE', *, *, #5594, .F. ) ;
#5734 = AXIS2_PLACEMENT_3D ( 'NONE', #711, #3004, #3916 ) ;
#5735 = DIRECTION ( 'NONE',  ( 0.000000000000000000, 0.000000000000000000, 1.000000000000000000 ) ) ;
#5736 = VECTOR ( 'NONE', #481, 1000.000000000000000 ) ;
#5737 = LINE ( 'NONE', #4460, #1352 ) ;
#5738 = CARTESIAN_POINT ( 'NONE',  ( -4.250000000000000000, 1.750000000000000000, 0.7982930000000000303 ) ) ;
#5739 = ORIENTED_EDGE ( 'NONE', *, *, #287, .T. ) ;
#5740 = AXIS2_PLACEMENT_3D ( 'NONE', #5602, #4171, #1471 ) ;
#5741 = CYLINDRICAL_SURFACE ( 'NONE', #4886, 0.2500000000000000000 ) ;
#5742 = VERTEX_POINT ( 'NONE', #1834 ) ;
#5743 = LINE ( 'NONE', #1400, #1099 ) ;
#5744 = CARTESIAN_POINT ( 'NONE',  ( 4.024397188044000373, -1.421999075186999972, 3.250798344717999999 ) ) ;
#5745 = ORIENTED_EDGE ( 'NONE', *, *, #1406, .F. ) ;
#5746 = LINE ( 'NONE', #5626, #4831 ) ;
#5747 = CARTESIAN_POINT ( 'NONE',  ( -4.011969606392999488, 1.486319999999999864, 3.648434999999999651 ) ) ;
#5748 = CARTESIAN_POINT ( 'NONE',  ( 3.825717800512999922, -1.427809847352000006, 3.299999999999999822 ) ) ;
#5749 = DIRECTION ( 'NONE',  ( 1.000000000000000000, 0.000000000000000000, 0.000000000000000000 ) ) ;
#5750 = EDGE_CURVE ( 'NONE', #2994, #2408, #1947, .T. ) ;
#5751 = CARTESIAN_POINT ( 'NONE',  ( -4.014119561368000966, 1.389590408937999788, 3.262782584527999852 ) ) ;
#5752 = CARTESIAN_POINT ( 'NONE',  ( -1.730900000000000105, -1.750000000000000000, 0.2000000000000000111 ) ) ;
#5753 = EDGE_LOOP ( 'NONE', ( #2192, #4578, #4096, #138 ) ) ;
#5754 = CARTESIAN_POINT ( 'NONE',  ( -0.4500000000000000111, -0.7500000000000000000, 6.210706000000000060 ) ) ;
#5755 = LINE ( 'NONE', #3507, #4269 ) ;
#5756 = ADVANCED_FACE ( 'NONE', ( #952 ), #4721, .F. ) ;
#5757 = EDGE_CURVE ( 'NONE', #3689, #3215, #4119, .T. ) ;
#5758 = CARTESIAN_POINT ( 'NONE',  ( 4.250000000000000000, 4.999999999999999895E-17, 0.4991464999999999375 ) ) ;
#5759 = DIRECTION ( 'NONE',  ( 0.000000000000000000, 1.000000000000000000, 0.000000000000000000 ) ) ;
#5760 = ORIENTED_EDGE ( 'NONE', *, *, #1747, .F. ) ;
#5761 = VERTEX_POINT ( 'NONE', #4632 ) ;
#5762 = AXIS2_PLACEMENT_3D ( 'NONE', #4, #459, #3188 ) ;
#5763 = CARTESIAN_POINT ( 'NONE',  ( -1.800000000000000044, -1.287500000000000089, 3.500000000000000000 ) ) ;
#5764 = VECTOR ( 'NONE', #673, 1000.000000000000000 ) ;
#5765 = CARTESIAN_POINT ( 'NONE',  ( 2.229423999999999850, -1.750000000000000000, 0.2500269999999999992 ) ) ;
#5766 = PLANE ( 'NONE',  #5033 ) ;
#5767 = VERTEX_POINT ( 'NONE', #2803 ) ;
#5768 = ORIENTED_EDGE ( 'NONE', *, *, #1804, .F. ) ;
#5769 = CARTESIAN_POINT ( 'NONE',  ( -4.049999999999999822, -1.550000000000000044, 0.2000000000000000111 ) ) ;
#5770 = LINE ( 'NONE', #3976, #5671 ) ;
#5771 = ORIENTED_EDGE ( 'NONE', *, *, #4007, .F. ) ;
#5772 = LINE ( 'NONE', #2000, #238 ) ;
#5773 = VERTEX_POINT ( 'NONE', #3253 ) ;
#5774 = CARTESIAN_POINT ( 'NONE',  ( -3.984144000000000130, 1.517189772232999889, 3.235233156646999841 ) ) ;
#5775 = DIRECTION ( 'NONE',  ( 0.000000000000000000, -1.000000000000000000, 0.000000000000000000 ) ) ;
#5776 = DIRECTION ( 'NONE',  ( 0.000000000000000000, 0.000000000000000000, -1.000000000000000000 ) ) ;
#5777 = CARTESIAN_POINT ( 'NONE',  ( -4.250000000000000000, -1.500000000000000000, -6.000000000000000121E-17 ) ) ;
#5778 = FACE_OUTER_BOUND ( 'NONE', #5052, .T. ) ;
#5779 = CARTESIAN_POINT ( 'NONE',  ( 3.946130208314999610, -1.535008324987999995, 3.232070597147000068 ) ) ;
#5780 = CARTESIAN_POINT ( 'NONE',  ( -3.172874999999999890, 0.9499999999999999556, 0.2000000000000000111 ) ) ;
#5781 = VERTEX_POINT ( 'NONE', #4663 ) ;
#5782 = EDGE_CURVE ( 'NONE', #5073, #4626, #4102, .T. ) ;
#5783 = CARTESIAN_POINT ( 'NONE',  ( -4.250000000000000000, -1.750000000000000000, 0.2000000000000000111 ) ) ;
#5784 = DIRECTION ( 'NONE',  ( 1.000000000000000000, 0.000000000000000000, 0.000000000000000000 ) ) ;
#5785 = CARTESIAN_POINT ( 'NONE',  ( -2.217499999999999805, -1.425000000000000044, 0.3250000000000000111 ) ) ;
#5786 = EDGE_CURVE ( 'NONE', #269, #5073, #1356, .T. ) ;
#5787 = DIRECTION ( 'NONE',  ( 0.000000000000000000, -1.000000000000000000, 2.200000000000000003E-16 ) ) ;
#5788 = PLANE ( 'NONE',  #1066 ) ;
#5789 = ORIENTED_EDGE ( 'NONE', *, *, #1408, .F. ) ;
#5790 = EDGE_LOOP ( 'NONE', ( #4058, #502, #2474, #1515 ) ) ;
#5791 = EDGE_CURVE ( 'NONE', #1016, #3915, #443, .T. ) ;
#5792 = DIRECTION ( 'NONE',  ( 1.000000000000000000, 0.000000000000000000, 0.000000000000000000 ) ) ;
#5793 = ADVANCED_FACE ( 'NONE', ( #1045 ), #3839, .F. ) ;
#5794 = CARTESIAN_POINT ( 'NONE',  ( -4.049999999999999822, -1.750000000000000000, 0.2000000000000000111 ) ) ;
#5795 = CARTESIAN_POINT ( 'NONE',  ( 3.984144000000000130, -1.517189772232999889, 3.648400000000000087 ) ) ;
#5796 = VECTOR ( 'NONE', #2808, 1000.000000000000000 ) ;
#5797 = EDGE_LOOP ( 'NONE', ( #5941, #4143, #313, #566, #1497, #1216, #3936, #4464 ) ) ;
#5798 = ORIENTED_EDGE ( 'NONE', *, *, #2814, .T. ) ;
#5799 = LINE ( 'NONE', #1211, #3914 ) ;
#5800 = VERTEX_POINT ( 'NONE', #1988 ) ;
#5801 = ADVANCED_FACE ( 'NONE', ( #602 ), #5788, .F. ) ;
#5802 = CARTESIAN_POINT ( 'NONE',  ( -3.750000000000000000, -1.399999999999999911, 0.7852030000000000953 ) ) ;
#5803 = VECTOR ( 'NONE', #5918, 1000.000000000000000 ) ;
#5804 = ORIENTED_EDGE ( 'NONE', *, *, #1675, .T. ) ;
#5805 = CARTESIAN_POINT ( 'NONE',  ( -4.336450000000000138, 0.9499999999999999556, 0.000000000000000000 ) ) ;
#5806 = CYLINDRICAL_SURFACE ( 'NONE', #4249, 0.2500000000000000000 ) ;
#5807 = FACE_OUTER_BOUND ( 'NONE', #590, .T. ) ;
#5808 = CARTESIAN_POINT ( 'NONE',  ( -3.172874999999999890, -1.500000000000000000, 0.000000000000000000 ) ) ;
#5809 = CARTESIAN_POINT ( 'NONE',  ( -3.825400000000000134, 1.436262999999999845, 3.299491545218999899 ) ) ;
#5810 = VERTEX_POINT ( 'NONE', #2892 ) ;
#5811 = CIRCLE ( 'NONE', #1642, 0.1250000000000001110 ) ;
#5812 = LINE ( 'NONE', #4959, #4164 ) ;
#5813 = LINE ( 'NONE', #3370, #3585 ) ;
#5814 = VECTOR ( 'NONE', #3496, 1000.000000000000000 ) ;
#5815 = VERTEX_POINT ( 'NONE', #4782 ) ;
#5816 = DIRECTION ( 'NONE',  ( 1.000000000000000000, -2.100000000000000104E-16, 3.999999999999999916E-16 ) ) ;
#5817 = DIRECTION ( 'NONE',  ( 0.000000000000000000, 0.000000000000000000, 1.000000000000000000 ) ) ;
#5818 = LINE ( 'NONE', #3047, #4725 ) ;
#5819 = EDGE_LOOP ( 'NONE', ( #3316, #2784, #5090, #4746, #3636, #1349, #2353, #1389, #538, #1379, #893, #1525, #1038, #3109, #4133, #322, #3749, #4554, #3574, #2993, #5723, #5112, #4494, #2976, #1475, #1091, #3604, #517, #1249, #5425, #3690, #5882, #5607, #2340, #3345, #2117, #3361, #4126, #2046, #1545, #802, #3538, #3841, #3840, #3682, #4914, #4776, #33 ) ) ;
#5820 = CARTESIAN_POINT ( 'NONE',  ( -2.500000000000000000, 0.1499999999999999944, -1.558787894279999975 ) ) ;
#5821 = VERTEX_POINT ( 'NONE', #3023 ) ;
#5822 = ORIENTED_EDGE ( 'NONE', *, *, #4984, .F. ) ;
#5823 = AXIS2_PLACEMENT_3D ( 'NONE', #721, #746, #3129 ) ;
#5824 = VECTOR ( 'NONE', #2882, 1000.000000000000000 ) ;
#5825 = DIRECTION ( 'NONE',  ( 1.000000000000000000, 0.000000000000000000, 0.000000000000000000 ) ) ;
#5826 = VECTOR ( 'NONE', #5960, 1000.000000000000000 ) ;
#5827 = VECTOR ( 'NONE', #25, 1000.000000000000000 ) ;
#5828 =( LENGTH_UNIT ( ) NAMED_UNIT ( * ) SI_UNIT ( .MILLI., .METRE. ) );
#5829 = PLANE ( 'NONE',  #956 ) ;
#5830 = LINE ( 'NONE', #1696, #5803 ) ;
#5831 = VERTEX_POINT ( 'NONE', #2954 ) ;
#5832 = ORIENTED_EDGE ( 'NONE', *, *, #3332, .F. ) ;
#5833 = DIRECTION ( 'NONE',  ( 2.100000000000000104E-16, 1.000000000000000000, -2.200000000000000003E-16 ) ) ;
#5834 = AXIS2_PLACEMENT_3D ( 'NONE', #3726, #3758, #3663 ) ;
#5835 = CARTESIAN_POINT ( 'NONE',  ( -3.750000000000000000, -1.399999999999999911, 0.7982930000000000303 ) ) ;
#5836 = AXIS2_PLACEMENT_3D ( 'NONE', #4514, #2202, #4604 ) ;
#5837 = DIRECTION ( 'NONE',  ( 1.000000000000000000, 0.000000000000000000, 0.000000000000000000 ) ) ;
#5838 = LINE ( 'NONE', #3917, #83 ) ;
#5839 = VERTEX_POINT ( 'NONE', #232 ) ;
#5840 = CARTESIAN_POINT ( 'NONE',  ( -2.250000000000000000, -0.1499999999999999944, -3.195100000000000051 ) ) ;
#5841 = EDGE_LOOP ( 'NONE', ( #2320, #1827, #3418 ) ) ;
#5842 = CARTESIAN_POINT ( 'NONE',  ( -4.250000000000000000, -1.750000000000000000, 0.000000000000000000 ) ) ;
#5843 = EDGE_CURVE ( 'NONE', #3150, #5456, #4808, .T. ) ;
#5844 = ORIENTED_EDGE ( 'NONE', *, *, #1633, .T. ) ;
#5845 = CARTESIAN_POINT ( 'NONE',  ( -1.730900000000000105, -1.489999999999999991, 0.06912600000000000688 ) ) ;
#5846 = CARTESIAN_POINT ( 'NONE',  ( -1.730900000000000105, -1.489999999999999991, 0.7982930000000000303 ) ) ;
#5847 = VERTEX_POINT ( 'NONE', #697 ) ;
#5848 = LINE ( 'NONE', #4509, #4110 ) ;
#5849 = CARTESIAN_POINT ( 'NONE',  ( -4.250000000000000000, 1.750000000000000000, 0.2500000000000000000 ) ) ;
#5850 = CARTESIAN_POINT ( 'NONE',  ( 1.730900000000000105, -1.750000000000000000, 0.7982930000000000303 ) ) ;
#5851 = B_SPLINE_CURVE_WITH_KNOTS ( 'NONE', 4,
 ( #3053, #872, #1783, #3082, #2685, #1271, #1323, #1208 ),
 .UNSPECIFIED., .F., .F.,
 ( 5, 3, 5 ),
 ( 0.000000000000000000, 0.4772337917290000453, 1.000000000000000000 ),
 .UNSPECIFIED. ) ;
#5852 = VERTEX_POINT ( 'NONE', #2441 ) ;
#5853 = PLANE ( 'NONE',  #5916 ) ;
#5854 = ORIENTED_EDGE ( 'NONE', *, *, #3628, .F. ) ;
#5855 = ORIENTED_EDGE ( 'NONE', *, *, #2927, .T. ) ;
#5856 = FACE_OUTER_BOUND ( 'NONE', #2206, .T. ) ;
#5857 = PRESENTATION_STYLE_ASSIGNMENT (( #296 ) ) ;
#5858 = CARTESIAN_POINT ( 'NONE',  ( -3.924999999999999822, 1.550000000000000044, 0.2000000000000000111 ) ) ;
#5859 = DIRECTION ( 'NONE',  ( 0.000000000000000000, 1.000000000000000000, 0.000000000000000000 ) ) ;
#5860 = ORIENTED_EDGE ( 'NONE', *, *, #2778, .T. ) ;
#5861 = ORIENTED_EDGE ( 'NONE', *, *, #1849, .F. ) ;
#5862 = FACE_OUTER_BOUND ( 'NONE', #4633, .T. ) ;
#5863 = EDGE_CURVE ( 'NONE', #3543, #2412, #2502, .T. ) ;
#5864 = DIRECTION ( 'NONE',  ( 1.000000000000000000, 0.000000000000000000, 0.000000000000000000 ) ) ;
#5865 = AXIS2_PLACEMENT_3D ( 'NONE', #4915, #2119, #4884 ) ;
#5866 = LINE ( 'NONE', #1645, #5814 ) ;
#5867 = CARTESIAN_POINT ( 'NONE',  ( 1.800000000000000044, 0.8249999999999999556, 2.661262999999999934 ) ) ;
#5868 = CARTESIAN_POINT ( 'NONE',  ( 3.924999999999999822, -1.425000000000000044, 3.174999999999999822 ) ) ;
#5869 = ADVANCED_FACE ( 'NONE', ( #2019 ), #1961, .T. ) ;
#5870 = DIRECTION ( 'NONE',  ( 1.000000000000000000, 0.000000000000000000, 0.000000000000000000 ) ) ;
#5871 = EDGE_CURVE ( 'NONE', #5463, #3327, #659, .T. ) ;
#5872 = EDGE_CURVE ( 'NONE', #3309, #1016, #5913, .T. ) ;
#5873 = ORIENTED_EDGE ( 'NONE', *, *, #789, .F. ) ;
#5874 = DIRECTION ( 'NONE',  ( 1.000000000000000000, 0.000000000000000000, 0.000000000000000000 ) ) ;
#5875 = CARTESIAN_POINT ( 'NONE',  ( 3.826036300235000187, 1.425000000000000044, 3.299999999999999822 ) ) ;
#5876 = ORIENTED_EDGE ( 'NONE', *, *, #2226, .T. ) ;
#5877 = CYLINDRICAL_SURFACE ( 'NONE', #5376, 0.1250000000000001110 ) ;
#5878 = DIRECTION ( 'NONE',  ( 0.000000000000000000, -1.000000000000000000, 0.000000000000000000 ) ) ;
#5879 = VERTEX_POINT ( 'NONE', #4399 ) ;
#5880 = CARTESIAN_POINT ( 'NONE',  ( -4.049999999999999822, 1.425000000000000044, 0.3250000000000000111 ) ) ;
#5881 = EDGE_LOOP ( 'NONE', ( #5486, #965, #794, #2610 ) ) ;
#5882 = ORIENTED_EDGE ( 'NONE', *, *, #3860, .F. ) ;
#5883 = FACE_OUTER_BOUND ( 'NONE', #3549, .T. ) ;
#5884 = CARTESIAN_POINT ( 'NONE',  ( -3.959445687297999505, 1.340734696062000131, 3.296311140315000277 ) ) ;
#5885 = CARTESIAN_POINT ( 'NONE',  ( 3.912921632551999984, -1.535640494107999965, 3.233184741356000202 ) ) ;
#5886 = DIRECTION ( 'NONE',  ( 0.000000000000000000, 1.000000000000000000, 0.000000000000000000 ) ) ;
#5887 = ORIENTED_EDGE ( 'NONE', *, *, #1635, .T. ) ;
#5888 = ORIENTED_EDGE ( 'NONE', *, *, #892, .T. ) ;
#5889 = CARTESIAN_POINT ( 'NONE',  ( -3.984144000000000130, -1.425000000000000044, 3.174999999999999822 ) ) ;
#5890 = DIRECTION ( 'NONE',  ( 1.000000000000000000, 0.000000000000000000, 0.000000000000000000 ) ) ;
#5891 = VECTOR ( 'NONE', #1658, 1000.000000000000000 ) ;
#5892 = CARTESIAN_POINT ( 'NONE',  ( -4.250000000000000000, -1.750000000000000000, 0.000000000000000000 ) ) ;
#5893 = ORIENTED_EDGE ( 'NONE', *, *, #4340, .F. ) ;
#5894 = PLANE ( 'NONE',  #3535 ) ;
#5895 = ORIENTED_EDGE ( 'NONE', *, *, #1520, .F. ) ;
#5896 = AXIS2_PLACEMENT_3D ( 'NONE', #275, #5870, #5384 ) ;
#5897 = CARTESIAN_POINT ( 'NONE',  ( 3.924999999999999822, -1.425000000000000044, 3.174999999999999822 ) ) ;
#5898 = EDGE_CURVE ( 'NONE', #340, #2230, #111, .T. ) ;
#5899 = ORIENTED_EDGE ( 'NONE', *, *, #3813, .T. ) ;
#5900 = CARTESIAN_POINT ( 'NONE',  ( -3.825400000000000134, -1.436262999999999845, -0.2999999999999999889 ) ) ;
#5901 = LINE ( 'NONE', #4568, #4369 ) ;
#5902 = VERTEX_POINT ( 'NONE', #3441 ) ;
#5903 = CARTESIAN_POINT ( 'NONE',  ( -4.025400000000000311, -1.423952829370999984, 3.498706332850999523 ) ) ;
#5904 = LINE ( 'NONE', #5451, #3106 ) ;
#5905 = ADVANCED_FACE ( 'NONE', ( #1626 ), #2410, .F. ) ;
#5906 = DIRECTION ( 'NONE',  ( 0.000000000000000000, 1.000000000000000000, 0.000000000000000000 ) ) ;
#5907 = ORIENTED_EDGE ( 'NONE', *, *, #1595, .T. ) ;
#5908 = ORIENTED_EDGE ( 'NONE', *, *, #4043, .T. ) ;
#5909 = LINE ( 'NONE', #837, #1175 ) ;
#5910 = B_SPLINE_CURVE_WITH_KNOTS ( 'NONE', 4,
 ( #5935, #777, #808, #2650, #408 ),
 .UNSPECIFIED., .F., .F.,
 ( 5, 5 ),
 ( 0.000000000000000000, 1.000000000000000000 ),
 .UNSPECIFIED. ) ;
#5911 = AXIS2_PLACEMENT_3D ( 'NONE', #1052, #117, #1508 ) ;
#5912 = AXIS2_PLACEMENT_3D ( 'NONE', #2026, #5703, #1938 ) ;
#5913 = CIRCLE ( 'NONE', #4064, 0.2500000000000000000 ) ;
#5914 = VECTOR ( 'NONE', #2374, 1000.000000000000000 ) ;
#5915 = DIRECTION ( 'NONE',  ( 1.000000000000000000, 0.000000000000000000, 0.000000000000000000 ) ) ;
#5916 = AXIS2_PLACEMENT_3D ( 'NONE', #4931, #2142, #5422 ) ;
#5917 = CARTESIAN_POINT ( 'NONE',  ( -4.250000000000000000, -1.750000000000000000, 0.7982930000000000303 ) ) ;
#5918 = DIRECTION ( 'NONE',  ( 0.000000000000000000, 1.000000000000000000, 0.000000000000000000 ) ) ;
#5919 = ORIENTED_EDGE ( 'NONE', *, *, #3735, .F. ) ;
#5920 = ORIENTED_EDGE ( 'NONE', *, *, #512, .F. ) ;
#5921 = DIRECTION ( 'NONE',  ( 0.000000000000000000, -1.000000000000000000, 0.000000000000000000 ) ) ;
#5922 = DIRECTION ( 'NONE',  ( 0.000000000000000000, 0.000000000000000000, 1.000000000000000000 ) ) ;
#5923 = CIRCLE ( 'NONE', #4563, 0.1089259271250002103 ) ;
#5924 = VECTOR ( 'NONE', #3020, 1000.000000000000000 ) ;
#5925 = DIRECTION ( 'NONE',  ( 0.000000000000000000, -1.000000000000000000, 0.000000000000000000 ) ) ;
#5926 = ORIENTED_EDGE ( 'NONE', *, *, #896, .T. ) ;
#5927 = DIRECTION ( 'NONE',  ( -1.000000000000000000, 1.100000000000000002E-16, 0.000000000000000000 ) ) ;
#5928 = ORIENTED_EDGE ( 'NONE', *, *, #4014, .F. ) ;
#5929 = CARTESIAN_POINT ( 'NONE',  ( 2.228499999999999925, -1.550000000000000044, 0.1207000000000000017 ) ) ;
#5930 = VECTOR ( 'NONE', #510, 1000.000000000000000 ) ;
#5931 = VERTEX_POINT ( 'NONE', #5295 ) ;
#5932 = DIRECTION ( 'NONE',  ( -1.000000000000000000, 0.000000000000000000, 0.000000000000000000 ) ) ;
#5933 = CARTESIAN_POINT ( 'NONE',  ( -3.230900000000000105, 1.489999999999999991, 0.06912600000000000688 ) ) ;
#5934 = ORIENTED_EDGE ( 'NONE', *, *, #2197, .F. ) ;
#5935 = CARTESIAN_POINT ( 'NONE',  ( -3.825400000000000134, -1.436262999999999845, 3.299491545218999899 ) ) ;
#5936 = CARTESIAN_POINT ( 'NONE',  ( -0.2500000000000000000, 0.7500000000000000000, 3.285203000000000095 ) ) ;
#5937 = EDGE_CURVE ( 'NONE', #4088, #4499, #5238, .T. ) ;
#5938 = EDGE_CURVE ( 'NONE', #980, #5487, #5673, .T. ) ;
#5939 = CARTESIAN_POINT ( 'NONE',  ( 2.500000000000000000, -0.1499999999999999944, -3.195100000000000051 ) ) ;
#5940 = ORIENTED_EDGE ( 'NONE', *, *, #1294, .T. ) ;
#5941 = ORIENTED_EDGE ( 'NONE', *, *, #3368, .F. ) ;
#5942 = DIRECTION ( 'NONE',  ( -1.000000000000000000, 0.000000000000000000, 0.000000000000000000 ) ) ;
#5943 = EDGE_CURVE ( 'NONE', #2910, #470, #2929, .T. ) ;
#5944 = EDGE_CURVE ( 'NONE', #121, #2412, #167, .T. ) ;
#5945 = CIRCLE ( 'NONE', #4396, 0.1250000000000001110 ) ;
#5946 = DIRECTION ( 'NONE',  ( 1.000000000000000000, 0.000000000000000000, 0.000000000000000000 ) ) ;
#5947 = CARTESIAN_POINT ( 'NONE',  ( -1.750000000000000000, 0.5500000000000000444, 6.210706000000000060 ) ) ;
#5948 = ORIENTED_EDGE ( 'NONE', *, *, #3628, .T. ) ;
#5949 = ORIENTED_EDGE ( 'NONE', *, *, #2846, .T. ) ;
#5950 = DIRECTION ( 'NONE',  ( 0.000000000000000000, 0.000000000000000000, 1.000000000000000000 ) ) ;
#5951 = CARTESIAN_POINT ( 'NONE',  ( 4.024470953467000456, 1.453849200055000068, 3.498800864165999780 ) ) ;
#5952 = VERTEX_POINT ( 'NONE', #4363 ) ;
#5953 = CARTESIAN_POINT ( 'NONE',  ( 3.863614994243000034, 1.515463044601999876, 3.261626352871999757 ) ) ;
#5954 = ORIENTED_EDGE ( 'NONE', *, *, #2704, .T. ) ;
#5955 = CARTESIAN_POINT ( 'NONE',  ( 4.022174701864000390, 1.463793973035999896, 3.244306531864999510 ) ) ;
#5956 = FACE_OUTER_BOUND ( 'NONE', #2264, .T. ) ;
#5957 = AXIS2_PLACEMENT_3D ( 'NONE', #3216, #4162, #2738 ) ;
#5958 = PLANE ( 'NONE',  #4727 ) ;
#5959 = FACE_OUTER_BOUND ( 'NONE', #5028, .T. ) ;
#5960 = DIRECTION ( 'NONE',  ( 1.000000000000000000, 0.000000000000000000, 0.000000000000000000 ) ) ;
#5961 = ORIENTED_EDGE ( 'NONE', *, *, #3625, .T. ) ;
#5962 = CARTESIAN_POINT ( 'NONE',  ( -3.826036300235000187, 1.425000000000000044, 3.299999999999999822 ) ) ;
#5963 = CYLINDRICAL_SURFACE ( 'NONE', #5517, 0.2499999999999997780 ) ;
#5964 = EDGE_CURVE ( 'NONE', #731, #85, #912, .T. ) ;
#5965 = ORIENTED_EDGE ( 'NONE', *, *, #1886, .F. ) ;
#5966 = VERTEX_POINT ( 'NONE', #5774 ) ;
#5967 = EDGE_CURVE ( 'NONE', #208, #5152, #645, .T. ) ;
#5968 = LINE ( 'NONE', #3997, #4282 ) ;
#5969 = EDGE_CURVE ( 'NONE', #993, #3309, #3425, .T. ) ;
#5970 = EDGE_CURVE ( 'NONE', #1636, #161, #2093, .T. ) ;
#5971 = LINE ( 'NONE', #2684, #2991 ) ;
#5972 = CARTESIAN_POINT ( 'NONE',  ( 3.936829623545000434, 1.336216481129999911, 3.299999999999999822 ) ) ;
#5973 = ORIENTED_EDGE ( 'NONE', *, *, #2705, .T. ) ;
#5974 = EDGE_LOOP ( 'NONE', ( #4634, #3591, #5396, #2263 ) ) ;
#5975 = ADVANCED_FACE ( 'NONE', ( #3494 ), #2486, .T. ) ;
#5976 = CARTESIAN_POINT ( 'NONE',  ( -1.791414999999999980, -1.750000000000000000, 0.2500269999999999992 ) ) ;
#5977 = ORIENTED_EDGE ( 'NONE', *, *, #5036, .F. ) ;
#5978 = DIRECTION ( 'NONE',  ( 0.000000000000000000, 0.000000000000000000, 1.000000000000000000 ) ) ;
#5979 = ORIENTED_EDGE ( 'NONE', *, *, #5786, .T. ) ;
#5980 = PLANE ( 'NONE',  #5834 ) ;
#5981 = CARTESIAN_POINT ( 'NONE',  ( -3.230900000000000105, 1.750000000000000000, 0.7982930000000000303 ) ) ;
#5982 = ADVANCED_FACE ( 'NONE', ( #3396 ), #5282, .F. ) ;
#5983 = LINE ( 'NONE', #4590, #4989 ) ;
#5984 = ORIENTED_EDGE ( 'NONE', *, *, #3141, .F. ) ;
#5985 = CARTESIAN_POINT ( 'NONE',  ( -3.924999999999999822, 1.425000000000000044, 3.174999999999999822 ) ) ;
#5986 = FACE_OUTER_BOUND ( 'NONE', #3025, .T. ) ;
#5987 = VECTOR ( 'NONE', #3831, 1000.000000000000000 ) ;
#5988 = ORIENTED_EDGE ( 'NONE', *, *, #3553, .F. ) ;
#5989 = CARTESIAN_POINT ( 'NONE',  ( -4.250000000000000000, 1.500000000000000000, -6.000000000000000121E-17 ) ) ;
#5990 = ORIENTED_EDGE ( 'NONE', *, *, #4986, .T. ) ;
#5991 = CARTESIAN_POINT ( 'NONE',  ( 3.230900000000000105, 1.750000000000000000, 0.7982930000000000303 ) ) ;
#5992 = ORIENTED_EDGE ( 'NONE', *, *, #3555, .F. ) ;
#5993 = ORIENTED_EDGE ( 'NONE', *, *, #5964, .T. ) ;
#5994 = CARTESIAN_POINT ( 'NONE',  ( 2.229423999999999850, 1.489999999999999991, 0.2000000000000000111 ) ) ;
#5995 = AXIS2_PLACEMENT_3D ( 'NONE', #3269, #857, #5013 ) ;
#5996 = CARTESIAN_POINT ( 'NONE',  ( -2.250000000000000000, 0.1499999999999999944, -3.195100000000000051 ) ) ;
#5997 = LINE ( 'NONE', #4142, #3788 ) ;
#5998 = ORIENTED_EDGE ( 'NONE', *, *, #6012, .T. ) ;
#5999 = VERTEX_POINT ( 'NONE', #5377 ) ;
#6000 = AXIS2_PLACEMENT_3D ( 'NONE', #2901, #2839, #144 ) ;
#6001 = VECTOR ( 'NONE', #5466, 1000.000000000000000 ) ;
#6002 = CARTESIAN_POINT ( 'NONE',  ( -3.172874999999999890, 1.489999999999999991, 0.2182292174799999873 ) ) ;
#6003 = EDGE_CURVE ( 'NONE', #5142, #1363, #4437, .T. ) ;
#6004 = VECTOR ( 'NONE', #3289, 1000.000000000000000 ) ;
#6005 = DIRECTION ( 'NONE',  ( 0.000000000000000000, 2.200000000000000003E-16, 1.000000000000000000 ) ) ;
#6006 = ORIENTED_EDGE ( 'NONE', *, *, #2746, .T. ) ;
#6007 = CARTESIAN_POINT ( 'NONE',  ( 3.924999999999999822, 1.425000000000000044, 0.7982930000000000303 ) ) ;
#6008 = CARTESIAN_POINT ( 'NONE',  ( -2.218206999999999596, -1.489999999999999991, -0.1067319999999999935 ) ) ;
#6009 = VECTOR ( 'NONE', #5874, 1000.000000000000000 ) ;
#6010 = VECTOR ( 'NONE', #5668, 1000.000000000000000 ) ;
#6011 = DIRECTION ( 'NONE',  ( 0.000000000000000000, 1.000000000000000000, 0.000000000000000000 ) ) ;
#6012 = EDGE_CURVE ( 'NONE', #5556, #1784, #5314, .T. ) ;
#6013 = ORIENTED_EDGE ( 'NONE', *, *, #4459, .T. ) ;
ENDSEC;
END-ISO-10303-21;
