ISO-10303-21;
HEADER;
FILE_DESCRIPTION (( 'STEP AP214' ),
    '1' );
FILE_NAME ('Trigger Switch.STEP',
    '2026-02-17T16:12:03',
    ( '' ),
    ( '' ),
    'SwSTEP 2.0',
    'SolidWorks 2025',
    '' );
FILE_SCHEMA (( 'AUTOMOTIVE_DESIGN' ));
ENDSEC;

DATA;
#1 = CARTESIAN_POINT ( 'NONE',  ( -18.80000000000000071, 2.799999999999999822, 1.850000000000000089 ) ) ;
#2 = EDGE_CURVE ( 'NONE', #962, #634, #964, .T. ) ;
#3 = PLANE ( 'NONE',  #255 ) ;
#4 = CARTESIAN_POINT ( 'NONE',  ( -20.50000000000000000, -10.30000000000000071, 5.150000000000000355 ) ) ;
#5 = CARTESIAN_POINT ( 'NONE',  ( -25.00000000000000000, -10.30000000000000071, 5.150000000000000355 ) ) ;
#6 = CARTESIAN_POINT ( 'NONE',  ( 2.446601887391922858, 1.410133145038516389, -5.149999999999999467 ) ) ;
#7 = VERTEX_POINT ( 'NONE', #405 ) ;
#8 = VERTEX_POINT ( 'NONE', #73 ) ;
#9 = CARTESIAN_POINT ( 'NONE',  ( 9.466666666666668561, -2.700000000000000622, -2.425000000000000266 ) ) ;
#10 = CARTESIAN_POINT ( 'NONE',  ( 2.446601887391923302, 1.410133145038516389, 5.150000000000000355 ) ) ;
#11 = CARTESIAN_POINT ( 'NONE',  ( -3.579999999999999627, -15.50000000000000000, 2.324999999999999734 ) ) ;
#12 = B_SPLINE_CURVE_WITH_KNOTS ( 'NONE', 3,
 ( #1382, #142, #381, #1053 ),
 .UNSPECIFIED., .F., .F.,
 ( 4, 4 ),
 ( 0.000000000000000000, 1.000000000000000000 ),
 .UNSPECIFIED. ) ;
#13 = FACE_OUTER_BOUND ( 'NONE', #193, .T. ) ;
#14 = CARTESIAN_POINT ( 'NONE',  ( 12.80000000000000071, -9.199999999999999289, 2.324999999999999734 ) ) ;
#15 = ORIENTED_EDGE ( 'NONE', *, *, #890, .T. ) ;
#16 = CARTESIAN_POINT ( 'NONE',  ( 2.799999999999999822, -10.30000000000000071, -5.150000000000000355 ) ) ;
#17 = EDGE_CURVE ( 'NONE', #1190, #810, #844, .T. ) ;
#18 = CARTESIAN_POINT ( 'NONE',  ( 2.799999999999999822, 7.648216714117220729E-16, 5.150000000000000355 ) ) ;
#19 = CARTESIAN_POINT ( 'NONE',  ( -1.550000000000000044, 1.265468359118931886E-16, -5.150000000000000355 ) ) ;
#20 = FACE_OUTER_BOUND ( 'NONE', #443, .T. ) ;
#21 = AXIS2_PLACEMENT_3D ( 'NONE', #552, #220, #656 ) ;
#22 = CARTESIAN_POINT ( 'NONE',  ( 9.466666666666668561, -3.200000000000000178, -2.425000000000000711 ) ) ;
#23 = VERTEX_POINT ( 'NONE', #236 ) ;
#24 = CARTESIAN_POINT ( 'NONE',  ( -21.60000000000000142, 5.028285685708570263, -2.350000000000000089 ) ) ;
#25 = CARTESIAN_POINT ( 'NONE',  ( -9.180000000000001492, -13.10000000000000142, 2.324999999999999734 ) ) ;
#26 = CARTESIAN_POINT ( 'NONE',  ( 0.000000000000000000, 0.000000000000000000, 0.000000000000000000 ) ) ;
#27 = CARTESIAN_POINT ( 'NONE',  ( 9.466666666666668561, -8.699999999999999289, 2.324999999999999734 ) ) ;
#28 = CARTESIAN_POINT ( 'NONE',  ( -14.80000000000000071, 2.799999999999999822, 5.150000000000000355 ) ) ;
#29 = PLANE ( 'NONE',  #65 ) ;
#30 = CARTESIAN_POINT ( 'NONE',  ( -22.89821200218845121, -11.84999999999999964, 5.150000000000000355 ) ) ;
#31 = DIRECTION ( 'NONE',  ( 1.000000000000000000, 0.000000000000000000, 0.000000000000000000 ) ) ;
#32 = CARTESIAN_POINT ( 'NONE',  ( 2.800000000000000266, -9.200000000000001066, 0.7416666666666664742 ) ) ;
#33 = EDGE_CURVE ( 'NONE', #1276, #1131, #1047, .T. ) ;
#34 = B_SPLINE_CURVE_WITH_KNOTS ( 'NONE', 3,
 ( #24, #909, #353, #271, #1341, #1349, #239, #1242, #589, #931 ),
 .UNSPECIFIED., .F., .F.,
 ( 4, 2, 2, 2, 4 ),
 ( 0.000000000000000000, 0.2500000000000000000, 0.5000000000000000000, 0.7500000000000000000, 1.000000000000000000 ),
 .UNSPECIFIED. ) ;
#35 = ORIENTED_EDGE ( 'NONE', *, *, #1211, .F. ) ;
#36 = ORIENTED_EDGE ( 'NONE', *, *, #442, .T. ) ;
#37 = CARTESIAN_POINT ( 'NONE',  ( 12.80000000000000071, -3.200000000000000178, 2.324999999999999734 ) ) ;
#38 = CARTESIAN_POINT ( 'NONE',  ( 12.80000000000000071, -2.700000000000000178, 2.324999999999999734 ) ) ;
#39 = AXIS2_PLACEMENT_3D ( 'NONE', #26, #927, #1372 ) ;
#40 = CARTESIAN_POINT ( 'NONE',  ( 12.80000000000000071, -9.199999999999999289, -2.425000000000000266 ) ) ;
#41 =( LENGTH_UNIT ( ) NAMED_UNIT ( * ) SI_UNIT ( .MILLI., .METRE. ) );
#42 = EDGE_LOOP ( 'NONE', ( #130, #122, #638, #1361 ) ) ;
#43 = ORIENTED_EDGE ( 'NONE', *, *, #205, .F. ) ;
#44 = FACE_BOUND ( 'NONE', #115, .T. ) ;
#45 = B_SPLINE_CURVE_WITH_KNOTS ( 'NONE', 3,
 ( #1092, #888, #1188, #304 ),
 .UNSPECIFIED., .F., .F.,
 ( 4, 4 ),
 ( 0.000000000000000000, 1.000000000000000000 ),
 .UNSPECIFIED. ) ;
#46 = CARTESIAN_POINT ( 'NONE',  ( -21.60000000000000142, 5.028285685708570263, 1.850000000000000089 ) ) ;
#47 = SHAPE_DEFINITION_REPRESENTATION ( #1050, #1285 ) ;
#48 = EDGE_CURVE ( 'NONE', #284, #8, #791, .T. ) ;
#49 = CARTESIAN_POINT ( 'NONE',  ( 1.241045432872146304, -0.9508826278067367133, 5.150000000000000355 ) ) ;
#50 = FACE_OUTER_BOUND ( 'NONE', #915, .T. ) ;
#51 = B_SPLINE_CURVE_WITH_KNOTS ( 'NONE', 3,
 ( #606, #919, #1023, #56 ),
 .UNSPECIFIED., .F., .F.,
 ( 4, 4 ),
 ( 0.000000000000000000, 1.000000000000000000 ),
 .UNSPECIFIED. ) ;
#52 = EDGE_LOOP ( 'NONE', ( #1248, #450, #1384, #238 ) ) ;
#53 = EDGE_LOOP ( 'NONE', ( #1019, #376, #901, #196 ) ) ;
#54 = CARTESIAN_POINT ( 'NONE',  ( -22.19999999999999929, -13.10000000000000142, 5.150000000000000355 ) ) ;
#55 = ADVANCED_FACE ( 'NONE', ( #20, #995, #1424 ), #1214, .F. ) ;
#56 = CARTESIAN_POINT ( 'NONE',  ( 2.799999999999999822, -9.199999999999999289, -2.425000000000000266 ) ) ;
#57 = CARTESIAN_POINT ( 'NONE',  ( 2.799999999999999822, -8.699999999999999289, 2.324999999999999734 ) ) ;
#58 = CARTESIAN_POINT ( 'NONE',  ( -21.50178799781155092, -11.84999999999999964, 5.150000000000000355 ) ) ;
#59 = ORIENTED_EDGE ( 'NONE', *, *, #2, .F. ) ;
#60 = EDGE_CURVE ( 'NONE', #1418, #514, #198, .T. ) ;
#61 = CARTESIAN_POINT ( 'NONE',  ( 12.80000000000000071, -8.699999999999999289, -2.425000000000000266 ) ) ;
#62 = ORIENTED_EDGE ( 'NONE', *, *, #1194, .T. ) ;
#63 = CARTESIAN_POINT ( 'NONE',  ( 2.799999999999999822, -8.699999999999999289, 2.324999999999999734 ) ) ;
#64 = CARTESIAN_POINT ( 'NONE',  ( -22.19999999999999929, -10.30000000000000071, -5.150000000000000355 ) ) ;
#65 = AXIS2_PLACEMENT_3D ( 'NONE', #37, #1140, #696 ) ;
#66 = EDGE_LOOP ( 'NONE', ( #96, #1403, #1353, #862 ) ) ;
#67 = B_SPLINE_CURVE_WITH_KNOTS ( 'NONE', 3,
 ( #1371, #401, #738, #407 ),
 .UNSPECIFIED., .F., .F.,
 ( 4, 4 ),
 ( 0.000000000000000000, 1.000000000000000000 ),
 .UNSPECIFIED. ) ;
#68 = CARTESIAN_POINT ( 'NONE',  ( 1.550000000000000044, -1.265468359118931886E-16, 5.150000000000000355 ) ) ;
#69 = ORIENTED_EDGE ( 'NONE', *, *, #1415, .T. ) ;
#70 = AXIS2_PLACEMENT_3D ( 'NONE', #988, #1429, #1422 ) ;
#71 = CARTESIAN_POINT ( 'NONE',  ( -1.550000000000000488, 0.2028945255443376783, -5.149999999999999467 ) ) ;
#72 = CARTESIAN_POINT ( 'NONE',  ( -20.68314724132165949, -9.514981194518115970, -5.150000000000001243 ) ) ;
#73 = CARTESIAN_POINT ( 'NONE',  ( -21.60000000000000142, 2.399999999999999911, -2.350000000000000089 ) ) ;
#74 = ORIENTED_EDGE ( 'NONE', *, *, #823, .T. ) ;
#75 = DIRECTION ( 'NONE',  ( -1.000000000000000000, 0.000000000000000000, 0.000000000000000000 ) ) ;
#76 = ORIENTED_EDGE ( 'NONE', *, *, #812, .F. ) ;
#77 = CARTESIAN_POINT ( 'NONE',  ( 0.7806094195748931597, 1.354368901949100090, -5.149999999999999467 ) ) ;
#78 = CARTESIAN_POINT ( 'NONE',  ( -20.50000000000000000, -10.13611767944740905, -5.149999999999999467 ) ) ;
#79 = ORIENTED_EDGE ( 'NONE', *, *, #276, .F. ) ;
#80 = EDGE_CURVE ( 'NONE', #262, #1418, #1245, .T. ) ;
#81 = DIRECTION ( 'NONE',  ( 0.000000000000000000, 0.000000000000000000, -1.000000000000000000 ) ) ;
#82 = ORIENTED_EDGE ( 'NONE', *, *, #805, .F. ) ;
#83 = CARTESIAN_POINT ( 'NONE',  ( 12.80000000000000071, -8.699999999999999289, -2.425000000000000266 ) ) ;
#84 = EDGE_CURVE ( 'NONE', #330, #634, #1370, .T. ) ;
#85 = ORIENTED_EDGE ( 'NONE', *, *, #332, .F. ) ;
#86 = CARTESIAN_POINT ( 'NONE',  ( 1.550000000000000044, -1.265468359118931886E-16, 5.150000000000000355 ) ) ;
#87 = CARTESIAN_POINT ( 'NONE',  ( -23.89989431673023645, -10.62665736747127987, 5.150000000000000355 ) ) ;
#88 = ORIENTED_EDGE ( 'NONE', *, *, #417, .F. ) ;
#89 = CARTESIAN_POINT ( 'NONE',  ( -22.19999999999999929, -13.10000000000000142, -5.150000000000000355 ) ) ;
#90 = B_SPLINE_CURVE_WITH_KNOTS ( 'NONE', 3,
 ( #1228, #377, #152, #689 ),
 .UNSPECIFIED., .F., .F.,
 ( 4, 4 ),
 ( 0.000000000000000000, 1.000000000000000000 ),
 .UNSPECIFIED. ) ;
#91 = ORIENTED_EDGE ( 'NONE', *, *, #481, .F. ) ;
#92 = CARTESIAN_POINT ( 'NONE',  ( 2.799999999999999822, 7.648216714117220729E-16, 5.150000000000000355 ) ) ;
#93 = ORIENTED_EDGE ( 'NONE', *, *, #219, .T. ) ;
#94 = CARTESIAN_POINT ( 'NONE',  ( -0.9525474159611199143, 1.239483605717177861, -5.149999999999999467 ) ) ;
#95 = DIRECTION ( 'NONE',  ( 1.000000000000000000, 0.000000000000000000, 0.000000000000000000 ) ) ;
#96 = ORIENTED_EDGE ( 'NONE', *, *, #1290, .T. ) ;
#97 = CARTESIAN_POINT ( 'NONE',  ( 1.354368901949102311, -0.7806094195748888298, -5.149999999999998579 ) ) ;
#98 = B_SPLINE_CURVE_WITH_KNOTS ( 'NONE', 3,
 ( #1128, #11, #911, #1224 ),
 .UNSPECIFIED., .F., .F.,
 ( 4, 4 ),
 ( 0.000000000000000000, 1.000000000000000000 ),
 .UNSPECIFIED. ) ;
#99 = CARTESIAN_POINT ( 'NONE',  ( -23.80424420077712711, -9.650293950954493383, -5.150000000000000355 ) ) ;
#100 = CARTESIAN_POINT ( 'NONE',  ( 12.80000000000000071, -3.200000000000000178, 0.7416666666666664742 ) ) ;
#101 = CARTESIAN_POINT ( 'NONE',  ( -21.50178799781155092, -8.750000000000000000, 5.150000000000000355 ) ) ;
#102 = VERTEX_POINT ( 'NONE', #991 ) ;
#103 = CARTESIAN_POINT ( 'NONE',  ( -1.550000000000000044, 1.265468359118931886E-16, -5.150000000000000355 ) ) ;
#104 = CARTESIAN_POINT ( 'NONE',  ( -9.679999999999999716, -13.10000000000000142, 0.7416666666666664742 ) ) ;
#105 = CARTESIAN_POINT ( 'NONE',  ( 12.80000000000000071, -3.199999999999999734, -0.8416666666666667851 ) ) ;
#106 = CARTESIAN_POINT ( 'NONE',  ( -1.550000000000000044, 1.265468359118931886E-16, 5.150000000000000355 ) ) ;
#107 = CARTESIAN_POINT ( 'NONE',  ( -25.00000000000000355, 0.3714935825634234079, 5.150000000000000355 ) ) ;
#108 = FACE_OUTER_BOUND ( 'NONE', #983, .T. ) ;
#109 = CARTESIAN_POINT ( 'NONE',  ( 2.799999999999999822, -2.700000000000000178, 2.324999999999999734 ) ) ;
#110 = FACE_OUTER_BOUND ( 'NONE', #622, .T. ) ;
#111 = CARTESIAN_POINT ( 'NONE',  ( -0.7800000000000000266, -15.50000000000000000, -0.8416666666666667851 ) ) ;
#112 = CARTESIAN_POINT ( 'NONE',  ( -22.57111240822613141, 2.800000000000000711, 5.149999999999999467 ) ) ;
#113 = B_SPLINE_CURVE_WITH_KNOTS ( 'NONE', 3,
 ( #14, #900, #907, #796 ),
 .UNSPECIFIED., .F., .F.,
 ( 4, 4 ),
 ( 0.000000000000000000, 1.000000000000000000 ),
 .UNSPECIFIED. ) ;
#114 = DIRECTION ( 'NONE',  ( 0.000000000000000000, 0.000000000000000000, 1.000000000000000000 ) ) ;
#115 = EDGE_LOOP ( 'NONE', ( #269, #85, #1377, #1420 ) ) ;
#116 = DIRECTION ( 'NONE',  ( 0.000000000000000000, 1.000000000000000000, 0.000000000000000000 ) ) ;
#117 = CARTESIAN_POINT ( 'NONE',  ( 1.720730815929761848, 2.239067158714905137, 5.150000000000001243 ) ) ;
#118 = CARTESIAN_POINT ( 'NONE',  ( 12.80000000000000071, -3.200000000000000178, 2.324999999999999734 ) ) ;
#119 = CARTESIAN_POINT ( 'NONE',  ( -25.00000000000000000, -10.29999999999998828, 1.716666666666666785 ) ) ;
#120 = DIRECTION ( 'NONE',  ( -1.000000000000000000, 0.000000000000000000, 0.000000000000000000 ) ) ;
#121 = B_SPLINE_CURVE_WITH_KNOTS ( 'NONE', 3,
 ( #620, #1063, #179, #1293 ),
 .UNSPECIFIED., .F., .F.,
 ( 4, 4 ),
 ( 0.000000000000000000, 1.000000000000000000 ),
 .UNSPECIFIED. ) ;
#122 = ORIENTED_EDGE ( 'NONE', *, *, #916, .T. ) ;
#123 = EDGE_CURVE ( 'NONE', #804, #570, #670, .T. ) ;
#124 = CARTESIAN_POINT ( 'NONE',  ( -23.45126290084962051, -11.49585055874501727, -5.150000000000001243 ) ) ;
#125 = CARTESIAN_POINT ( 'NONE',  ( 2.800000000000000711, -3.033333333333333215, -2.425000000000000266 ) ) ;
#126 = CARTESIAN_POINT ( 'NONE',  ( -20.50000000000000000, -10.30000000000000071, -1.716666666666666785 ) ) ;
#127 = ADVANCED_FACE ( 'NONE', ( #1117 ), #440, .F. ) ;
#128 = DIRECTION ( 'NONE',  ( -2.182042108146930006E-16, 1.000000000000000000, 0.000000000000000000 ) ) ;
#129 = CARTESIAN_POINT ( 'NONE',  ( 2.799999999999999822, -3.200000000000000178, -2.425000000000000266 ) ) ;
#130 = ORIENTED_EDGE ( 'NONE', *, *, #1362, .F. ) ;
#131 = ORIENTED_EDGE ( 'NONE', *, *, #778, .F. ) ;
#132 = CARTESIAN_POINT ( 'NONE',  ( -0.7800000000000000266, -15.50000000000000000, -2.425000000000000266 ) ) ;
#133 = ADVANCED_FACE ( 'NONE', ( #13 ), #350, .F. ) ;
#134 = CARTESIAN_POINT ( 'NONE',  ( 12.80000000000000071, -2.700000000000000178, -2.425000000000000266 ) ) ;
#135 = CARTESIAN_POINT ( 'NONE',  ( -21.50178799781155092, -11.84999999999999964, -5.150000000000000355 ) ) ;
#136 = DIRECTION ( 'NONE',  ( 0.000000000000000000, 0.000000000000000000, 1.000000000000000000 ) ) ;
#137 = AXIS2_PLACEMENT_3D ( 'NONE', #820, #712, #1148 ) ;
#138 = DIRECTION ( 'NONE',  ( -0.000000000000000000, 1.000000000000000000, 0.000000000000000000 ) ) ;
#139 = ORIENTED_EDGE ( 'NONE', *, *, #177, .F. ) ;
#140 = DIRECTION ( 'NONE',  ( 1.363776317591829836E-16, -1.000000000000000000, -9.130123557772669567E-17 ) ) ;
#141 = DIRECTION ( 'NONE',  ( 0.000000000000000000, -1.000000000000000000, 8.673617379884039416E-16 ) ) ;
#142 = CARTESIAN_POINT ( 'NONE',  ( -9.179999999999999716, -13.90000000000000036, -2.425000000000000266 ) ) ;
#143 = CARTESIAN_POINT ( 'NONE',  ( 2.800000000000000266, -9.200000000000001066, -0.8416666666666667851 ) ) ;
#144 = ORIENTED_EDGE ( 'NONE', *, *, #1273, .T. ) ;
#145 = VERTEX_POINT ( 'NONE', #1105 ) ;
#146 = ORIENTED_EDGE ( 'NONE', *, *, #731, .F. ) ;
#147 = DIRECTION ( 'NONE',  ( 0.000000000000000000, 0.000000000000000000, -1.000000000000000000 ) ) ;
#148 = CARTESIAN_POINT ( 'NONE',  ( -20.59502207162553233, -10.94837610475187439, 5.150000000000001243 ) ) ;
#149 = CARTESIAN_POINT ( 'NONE',  ( 12.80000000000000071, -8.699999999999999289, -2.425000000000000266 ) ) ;
#150 = DIRECTION ( 'NONE',  ( 1.000000000000000000, 0.000000000000000000, 0.000000000000000000 ) ) ;
#151 = ORIENTED_EDGE ( 'NONE', *, *, #340, .T. ) ;
#152 = CARTESIAN_POINT ( 'NONE',  ( -9.179999999999999716, -13.90000000000000036, 2.324999999999999734 ) ) ;
#153 = CARTESIAN_POINT ( 'NONE',  ( -9.346666666666665790, -13.10000000000000142, 2.324999999999999734 ) ) ;
#154 = B_SPLINE_CURVE_WITH_KNOTS ( 'NONE', 3,
 ( #224, #1313, #661, #109 ),
 .UNSPECIFIED., .F., .F.,
 ( 4, 4 ),
 ( 0.000000000000000000, 1.000000000000000000 ),
 .UNSPECIFIED. ) ;
#155 = CARTESIAN_POINT ( 'NONE',  ( -0.2051760871094344962, -1.550072804421049444, 5.149999999999999467 ) ) ;
#156 = CARTESIAN_POINT ( 'NONE',  ( 1.410133145038519054, -12.74660188739192357, -5.149999999999998579 ) ) ;
#157 = ORIENTED_EDGE ( 'NONE', *, *, #1237, .T. ) ;
#158 = EDGE_LOOP ( 'NONE', ( #772, #710, #254, #433 ) ) ;
#159 = ADVANCED_FACE ( 'NONE', ( #913 ), #356, .F. ) ;
#160 = CARTESIAN_POINT ( 'NONE',  ( -23.45126290084961340, -9.104149441254982378, -5.149999999999999467 ) ) ;
#161 = CARTESIAN_POINT ( 'NONE',  ( -18.80000000000000071, 2.399999999999999911, -2.350000000000000089 ) ) ;
#162 = CARTESIAN_POINT ( 'NONE',  ( 0.7826894465612987961, -1.353428523623585011, 5.149999999999999467 ) ) ;
#163 = CARTESIAN_POINT ( 'NONE',  ( -22.20000000000000284, 2.800000000000000711, -1.716666666666666785 ) ) ;
#164 = B_SPLINE_CURVE_WITH_KNOTS ( 'NONE', 3,
 ( #58, #1031, #720, #397 ),
 .UNSPECIFIED., .F., .F.,
 ( 4, 4 ),
 ( 0.000000000000000000, 1.000000000000000000 ),
 .UNSPECIFIED. ) ;
#165 = VERTEX_POINT ( 'NONE', #1225 ) ;
#166 = ORIENTED_EDGE ( 'NONE', *, *, #647, .T. ) ;
#167 = ADVANCED_FACE ( 'NONE', ( #578 ), #1017, .F. ) ;
#168 = CARTESIAN_POINT ( 'NONE',  ( 12.80000000000000071, -8.699999999999999289, 2.324999999999999734 ) ) ;
#169 = ORIENTED_EDGE ( 'NONE', *, *, #1094, .T. ) ;
#170 = CARTESIAN_POINT ( 'NONE',  ( -25.00000000000000000, -10.30000000000000071, 5.150000000000000355 ) ) ;
#171 = CARTESIAN_POINT ( 'NONE',  ( -24.92874659142706051, -11.02878517509502743, 5.150000000000001243 ) ) ;
#172 = EDGE_CURVE ( 'NONE', #549, #615, #338, .T. ) ;
#173 = EDGE_LOOP ( 'NONE', ( #743, #313, #1080, #902 ) ) ;
#174 = B_SPLINE_CURVE_WITH_KNOTS ( 'NONE', 3,
 ( #883, #551, #9, #1326 ),
 .UNSPECIFIED., .F., .F.,
 ( 4, 4 ),
 ( 0.000000000000000000, 1.000000000000000000 ),
 .UNSPECIFIED. ) ;
#175 = APPLICATION_CONTEXT ( 'automotive_design' ) ;
#176 = PLANE ( 'NONE',  #467 ) ;
#177 = EDGE_CURVE ( 'NONE', #102, #1412, #1116, .T. ) ;
#178 = ORIENTED_EDGE ( 'NONE', *, *, #546, .F. ) ;
#179 = CARTESIAN_POINT ( 'NONE',  ( -20.66666666666666430, 2.000000000000000000, -2.350000000000000089 ) ) ;
#180 = CARTESIAN_POINT ( 'NONE',  ( 2.646249976203935021E-15, -13.10000000000000142, -5.150000000000000355 ) ) ;
#181 = AXIS2_PLACEMENT_3D ( 'NONE', #1328, #1001, #1343 ) ;
#182 = VERTEX_POINT ( 'NONE', #1149 ) ;
#183 = CARTESIAN_POINT ( 'NONE',  ( 2.800000000000000266, -3.200000000000001066, -0.8416666666666667851 ) ) ;
#184 = EDGE_CURVE ( 'NONE', #1272, #1261, #532, .T. ) ;
#185 = ORIENTED_EDGE ( 'NONE', *, *, #723, .F. ) ;
#186 = CARTESIAN_POINT ( 'NONE',  ( -0.7800000000000000266, -16.00000000000000000, 2.324999999999999734 ) ) ;
#187 = FACE_OUTER_BOUND ( 'NONE', #277, .T. ) ;
#188 = ORIENTED_EDGE ( 'NONE', *, *, #1094, .F. ) ;
#189 = CARTESIAN_POINT ( 'NONE',  ( -0.2028945255443356244, -1.550000000000000488, -5.149999999999999467 ) ) ;
#190 = B_SPLINE_CURVE_WITH_KNOTS ( 'NONE', 3,
 ( #690, #597, #1251, #807 ),
 .UNSPECIFIED., .F., .F.,
 ( 4, 4 ),
 ( 0.000000000000000000, 1.000000000000000000 ),
 .UNSPECIFIED. ) ;
#191 = CARTESIAN_POINT ( 'NONE',  ( 2.799999999999999822, -10.30000000000000071, 5.150000000000000355 ) ) ;
#192 = B_SPLINE_CURVE_WITH_KNOTS ( 'NONE', 3,
 ( #1336, #458, #354, #891 ),
 .UNSPECIFIED., .F., .F.,
 ( 4, 4 ),
 ( 0.000000000000000000, 1.000000000000000000 ),
 .UNSPECIFIED. ) ;
#193 = EDGE_LOOP ( 'NONE', ( #614, #841, #391, #510 ) ) ;
#194 = CARTESIAN_POINT ( 'NONE',  ( 1.353355458987499871, 0.7828656633146828803, 5.150000000000000355 ) ) ;
#195 = CARTESIAN_POINT ( 'NONE',  ( -9.679999999999999716, -14.06666666666666643, 2.324999999999999734 ) ) ;
#196 = ORIENTED_EDGE ( 'NONE', *, *, #212, .F. ) ;
#197 = CARTESIAN_POINT ( 'NONE',  ( -22.19999999999999929, -13.10000000000000142, 5.150000000000000355 ) ) ;
#198 = B_SPLINE_CURVE_WITH_KNOTS ( 'NONE', 3,
 ( #770, #560, #671, #336 ),
 .UNSPECIFIED., .F., .F.,
 ( 4, 4 ),
 ( 0.000000000000000000, 1.000000000000000000 ),
 .UNSPECIFIED. ) ;
#199 = FACE_OUTER_BOUND ( 'NONE', #1367, .T. ) ;
#200 = ORIENTED_EDGE ( 'NONE', *, *, #33, .F. ) ;
#201 = CARTESIAN_POINT ( 'NONE',  ( 2.800000000000002043, -10.30000000000000604, -1.716666666666666785 ) ) ;
#202 = CARTESIAN_POINT ( 'NONE',  ( -22.89821200218845121, -11.84999999999999964, 5.150000000000000355 ) ) ;
#203 = ORIENTED_EDGE ( 'NONE', *, *, #1255, .F. ) ;
#204 = CARTESIAN_POINT ( 'NONE',  ( -21.21609048765101946, -11.69607266572250381, -5.150000000000000355 ) ) ;
#205 = EDGE_CURVE ( 'NONE', #645, #630, #797, .T. ) ;
#206 = AXIS2_PLACEMENT_3D ( 'NONE', #868, #1060, #539 ) ;
#207 = CARTESIAN_POINT ( 'NONE',  ( -18.80000000000000071, 2.799999999999999822, 0.4500000000000002887 ) ) ;
#208 = CARTESIAN_POINT ( 'NONE',  ( -18.80000000000000071, 5.028285685708580921, -2.350000000000000089 ) ) ;
#209 = CARTESIAN_POINT ( 'NONE',  ( 12.80000000000000071, -9.199999999999999289, 2.324999999999999734 ) ) ;
#210 = VERTEX_POINT ( 'NONE', #607 ) ;
#211 = CARTESIAN_POINT ( 'NONE',  ( -24.64660188739192748, 1.410133145038517943, -5.150000000000000355 ) ) ;
#212 = EDGE_CURVE ( 'NONE', #1131, #330, #660, .T. ) ;
#213 = CARTESIAN_POINT ( 'NONE',  ( 2.646249976203935021E-15, -13.10000000000000142, 5.150000000000000355 ) ) ;
#214 = CARTESIAN_POINT ( 'NONE',  ( -0.7800000000000000266, -15.50000000000000000, -2.425000000000000266 ) ) ;
#215 = ADVANCED_FACE ( 'NONE', ( #700 ), #1135, .F. ) ;
#216 = CARTESIAN_POINT ( 'NONE',  ( -21.60000000000000142, 2.799999999999999822, -2.349999999999999645 ) ) ;
#217 = PLANE ( 'NONE',  #248 ) ;
#218 = CARTESIAN_POINT ( 'NONE',  ( -4.523524808411243319E-15, 2.800000000000000266, -1.716666666666666785 ) ) ;
#219 = EDGE_CURVE ( 'NONE', #1391, #726, #471, .T. ) ;
#220 = DIRECTION ( 'NONE',  ( 0.000000000000000000, 0.000000000000000000, 1.000000000000000000 ) ) ;
#221 = CARTESIAN_POINT ( 'NONE',  ( 12.80000000000000071, -2.866666666666666696, 2.324999999999999734 ) ) ;
#222 = CARTESIAN_POINT ( 'NONE',  ( -25.00000000000000000, -10.30000000000000071, -5.150000000000000355 ) ) ;
#223 = PLANE ( 'NONE',  #833 ) ;
#224 = CARTESIAN_POINT ( 'NONE',  ( 2.799999999999999822, -2.700000000000000178, -2.425000000000000266 ) ) ;
#225 = CARTESIAN_POINT ( 'NONE',  ( 0.7328940762059820146, 2.727123494671284565, 5.150000000000000355 ) ) ;
#226 = CARTESIAN_POINT ( 'NONE',  ( 2.646249976203935021E-15, -13.10000000000000142, 5.150000000000000355 ) ) ;
#227 = EDGE_CURVE ( 'NONE', #23, #715, #12, .T. ) ;
#228 = CARTESIAN_POINT ( 'NONE',  ( -25.00000000000000000, 2.799999999999999822, -5.150000000000000355 ) ) ;
#229 = CARTESIAN_POINT ( 'NONE',  ( 12.80000000000000071, -2.700000000000000178, 2.324999999999999734 ) ) ;
#230 = ORIENTED_EDGE ( 'NONE', *, *, #1237, .F. ) ;
#231 = B_SPLINE_CURVE_WITH_KNOTS ( 'NONE', 3,
 ( #202, #1186, #1284, #432, #87, #1169, #416, #975, #1192, #522 ),
 .UNSPECIFIED., .F., .F.,
 ( 4, 2, 2, 2, 4 ),
 ( 0.000000000000000000, 0.2500000000000000000, 0.5000000000000000000, 0.7500000000000000000, 1.000000000000000000 ),
 .UNSPECIFIED. ) ;
#232 = ADVANCED_FACE ( 'NONE', ( #592 ), #1044, .T. ) ;
#233 = CARTESIAN_POINT ( 'NONE',  ( -23.19466512238975398, -11.71645991831562839, -5.149999999999999467 ) ) ;
#234 = DIRECTION ( 'NONE',  ( 0.000000000000000000, 0.000000000000000000, 1.000000000000000000 ) ) ;
#235 = PLANE ( 'NONE',  #465 ) ;
#236 = CARTESIAN_POINT ( 'NONE',  ( -9.180000000000001492, -13.10000000000000142, -2.425000000000000266 ) ) ;
#237 = CARTESIAN_POINT ( 'NONE',  ( 1.410133145038517277, 2.446601887391922858, -5.150000000000000355 ) ) ;
#238 = ORIENTED_EDGE ( 'NONE', *, *, #449, .F. ) ;
#239 = CARTESIAN_POINT ( 'NONE',  ( -19.68607205795154513, 5.550387823312687985, -2.350000000000000533 ) ) ;
#240 = CARTESIAN_POINT ( 'NONE',  ( 1.550000000000000044, -1.265468359118931886E-16, 5.150000000000000355 ) ) ;
#241 = CARTESIAN_POINT ( 'NONE',  ( -0.7800000000000000266, -15.50000000000000000, 2.324999999999999734 ) ) ;
#242 = DIRECTION ( 'NONE',  ( 0.000000000000000000, 0.000000000000000000, 1.000000000000000000 ) ) ;
#243 = CARTESIAN_POINT ( 'NONE',  ( -21.60000000000000142, 2.799999999999999822, 1.850000000000000089 ) ) ;
#244 = ORIENTED_EDGE ( 'NONE', *, *, #949, .F. ) ;
#245 = EDGE_LOOP ( 'NONE', ( #1165, #874, #1138, #953 ) ) ;
#246 = PRODUCT_DEFINITION ( 'UNKNOWN', '', #1405, #867 ) ;
#247 = CARTESIAN_POINT ( 'NONE',  ( -9.180000000000001492, -15.50000000000000000, 2.324999999999999734 ) ) ;
#248 = AXIS2_PLACEMENT_3D ( 'NONE', #1232, #120, #667 ) ;
#249 = CARTESIAN_POINT ( 'NONE',  ( -22.89821200218845121, -11.84999999999999964, -1.716666666666666785 ) ) ;
#250 = CARTESIAN_POINT ( 'NONE',  ( -25.00000000000000000, 7.228014483236699514E-16, 5.150000000000000355 ) ) ;
#251 = CARTESIAN_POINT ( 'NONE',  ( 0.3665191429188113248, -13.10000000000000142, -5.150000000000001243 ) ) ;
#252 = B_SPLINE_CURVE_WITH_KNOTS ( 'NONE', 3,
 ( #530, #1203, #1413, #506 ),
 .UNSPECIFIED., .F., .F.,
 ( 4, 4 ),
 ( 0.000000000000000000, 1.000000000000000000 ),
 .UNSPECIFIED. ) ;
#253 = ORIENTED_EDGE ( 'NONE', *, *, #279, .F. ) ;
#254 = ORIENTED_EDGE ( 'NONE', *, *, #633, .T. ) ;
#255 = AXIS2_PLACEMENT_3D ( 'NONE', #664, #452, #576 ) ;
#256 = CARTESIAN_POINT ( 'NONE',  ( -9.180000000000001492, -13.10000000000000142, -2.425000000000000266 ) ) ;
#257 = DIRECTION ( 'NONE',  ( 0.000000000000000000, 0.000000000000000000, -1.000000000000000000 ) ) ;
#258 = B_SPLINE_CURVE_WITH_KNOTS ( 'NONE', 3,
 ( #291, #1173, #183, #525 ),
 .UNSPECIFIED., .F., .F.,
 ( 4, 4 ),
 ( 0.000000000000000000, 1.000000000000000000 ),
 .UNSPECIFIED. ) ;
#259 = DIRECTION ( 'NONE',  ( 0.000000000000000000, 0.000000000000000000, 1.000000000000000000 ) ) ;
#260 = CARTESIAN_POINT ( 'NONE',  ( -25.00000000000000000, -10.30000000000000071, 5.150000000000000355 ) ) ;
#261 = ORIENTED_EDGE ( 'NONE', *, *, #674, .F. ) ;
#262 = VERTEX_POINT ( 'NONE', #387 ) ;
#263 = B_SPLINE_CURVE_WITH_KNOTS ( 'NONE', 3,
 ( #749, #71, #1416, #1394, #1410, #94, #431, #877, #734, #1168, #1306, #77, #403, #741, #1176, #960, #631, #515 ),
 .UNSPECIFIED., .F., .F.,
 ( 4, 2, 2, 2, 2, 2, 2, 2, 4 ),
 ( 0.000000000000000000, 0.1250000000000000000, 0.2500000000000000000, 0.3750000000000000000, 0.5000000000000000000, 0.6250000000000000000, 0.7500000000000000000, 0.8750000000000000000, 1.000000000000000000 ),
 .UNSPECIFIED. ) ;
#264 = CARTESIAN_POINT ( 'NONE',  ( -22.89821200218845121, -11.84999999999999964, 5.150000000000000355 ) ) ;
#265 = CARTESIAN_POINT ( 'NONE',  ( -19.68316496728219889, 5.549278362721004498, 1.850000000000000089 ) ) ;
#266 = EDGE_CURVE ( 'NONE', #1175, #1045, #1376, .T. ) ;
#267 = CARTESIAN_POINT ( 'NONE',  ( 1.353563048652931977, -0.7827451686530302322, 5.149999999999999467 ) ) ;
#268 = CARTESIAN_POINT ( 'NONE',  ( -23.61436243513812272, -12.74477115171933228, 5.150000000000000355 ) ) ;
#269 = ORIENTED_EDGE ( 'NONE', *, *, #48, .T. ) ;
#270 = VERTEX_POINT ( 'NONE', #612 ) ;
#271 = CARTESIAN_POINT ( 'NONE',  ( -20.71415870839708617, 5.550448930011460114, -2.350000000000000089 ) ) ;
#272 = CARTESIAN_POINT ( 'NONE',  ( -21.19540081435292223, 5.353847714370391309, 1.850000000000000311 ) ) ;
#273 = B_SPLINE_CURVE_WITH_KNOTS ( 'NONE', 3,
 ( #1277, #1191, #288, #848 ),
 .UNSPECIFIED., .F., .F.,
 ( 4, 4 ),
 ( 0.000000000000000000, 1.000000000000000000 ),
 .UNSPECIFIED. ) ;
#274 = CARTESIAN_POINT ( 'NONE',  ( -21.50178799781155092, -8.750000000000000000, -5.150000000000000355 ) ) ;
#275 = CARTESIAN_POINT ( 'NONE',  ( -21.50178799781155092, -8.750000000000000000, 5.150000000000000355 ) ) ;
#276 = EDGE_CURVE ( 'NONE', #182, #1261, #869, .T. ) ;
#277 = EDGE_LOOP ( 'NONE', ( #751, #144, #625, #464 ) ) ;
#278 = ORIENTED_EDGE ( 'NONE', *, *, #662, .T. ) ;
#279 = EDGE_CURVE ( 'NONE', #810, #973, #1056, .T. ) ;
#280 = FACE_OUTER_BOUND ( 'NONE', #603, .T. ) ;
#281 = ORIENTED_EDGE ( 'NONE', *, *, #212, .T. ) ;
#282 = CARTESIAN_POINT ( 'NONE',  ( -21.60000000000000142, 2.399999999999999911, 1.850000000000000089 ) ) ;
#283 = CARTESIAN_POINT ( 'NONE',  ( 2.799999999999999822, -9.199999999999999289, 2.324999999999999734 ) ) ;
#284 = VERTEX_POINT ( 'NONE', #282 ) ;
#285 = ORIENTED_EDGE ( 'NONE', *, *, #1005, .F. ) ;
#286 = CARTESIAN_POINT ( 'NONE',  ( -9.679999999999999716, -13.10000000000000142, -2.425000000000000266 ) ) ;
#287 = ORIENTED_EDGE ( 'NONE', *, *, #1250, .T. ) ;
#288 = CARTESIAN_POINT ( 'NONE',  ( 2.800000000000000711, -2.866666666666666696, 2.325000000000000178 ) ) ;
#289 = CARTESIAN_POINT ( 'NONE',  ( -21.50178799781155092, -8.750000000000000000, -5.150000000000000355 ) ) ;
#290 = ORIENTED_EDGE ( 'NONE', *, *, #845, .T. ) ;
#291 = CARTESIAN_POINT ( 'NONE',  ( 2.799999999999999822, -3.200000000000000178, 2.324999999999999734 ) ) ;
#292 = ORIENTED_EDGE ( 'NONE', *, *, #324, .F. ) ;
#293 = CARTESIAN_POINT ( 'NONE',  ( -0.7800000000000001377, -16.00000000000000000, -0.8416666666666667851 ) ) ;
#294 = B_SPLINE_CURVE_WITH_KNOTS ( 'NONE', 3,
 ( #984, #873, #1051, #1378 ),
 .UNSPECIFIED., .F., .F.,
 ( 4, 4 ),
 ( 0.000000000000000000, 1.000000000000000000 ),
 .UNSPECIFIED. ) ;
#295 = CARTESIAN_POINT ( 'NONE',  ( -22.19999999999999929, -13.10000000000000142, -5.150000000000000355 ) ) ;
#296 = ORIENTED_EDGE ( 'NONE', *, *, #502, .F. ) ;
#297 = CARTESIAN_POINT ( 'NONE',  ( 0.9525474159611234670, -1.239483605717175418, -5.149999999999999467 ) ) ;
#298 = CARTESIAN_POINT ( 'NONE',  ( 6.133333333333333748, -8.700000000000001066, -2.425000000000000266 ) ) ;
#299 = VERTEX_POINT ( 'NONE', #981 ) ;
#300 = CYLINDRICAL_SURFACE ( 'NONE', #1090, 1.999999999999998224 ) ;
#301 = CARTESIAN_POINT ( 'NONE',  ( -20.50000000000000000, -9.972235358894826263, 5.150000000000000355 ) ) ;
#302 = B_SPLINE_CURVE_WITH_KNOTS ( 'NONE', 3,
 ( #1315, #111, #1015, #241 ),
 .UNSPECIFIED., .F., .F.,
 ( 4, 4 ),
 ( 0.000000000000000000, 1.000000000000000000 ),
 .UNSPECIFIED. ) ;
#303 = ORIENTED_EDGE ( 'NONE', *, *, #1137, .F. ) ;
#304 = CARTESIAN_POINT ( 'NONE',  ( 12.80000000000000071, -9.199999999999999289, 2.324999999999999734 ) ) ;
#305 = EDGE_CURVE ( 'NONE', #978, #648, #273, .T. ) ;
#306 = B_SPLINE_CURVE_WITH_KNOTS ( 'NONE', 3,
 ( #659, #1404, #434, #97, #441, #297, #752, #866, #744, #189, #328, #1296, #1084, #977, #312, #428, #544, #103 ),
 .UNSPECIFIED., .F., .F.,
 ( 4, 2, 2, 2, 2, 2, 2, 2, 4 ),
 ( 0.000000000000000000, 0.1250000000000000000, 0.2500000000000000000, 0.3750000000000000000, 0.5000000000000000000, 0.6250000000000000000, 0.7500000000000000000, 0.8750000000000000000, 1.000000000000000000 ),
 .UNSPECIFIED. ) ;
#307 = CARTESIAN_POINT ( 'NONE',  ( 2.799999999999999822, -5.440666965145416122E-15, -1.716666666666666785 ) ) ;
#308 = CARTESIAN_POINT ( 'NONE',  ( -9.679999999999999716, -16.00000000000000000, -2.425000000000000266 ) ) ;
#309 = CARTESIAN_POINT ( 'NONE',  ( -21.60000000000000142, 2.399999999999999911, -2.350000000000000089 ) ) ;
#310 = EDGE_CURVE ( 'NONE', #299, #645, #716, .T. ) ;
#311 = CARTESIAN_POINT ( 'NONE',  ( -25.00000000000000000, -3.433333333333333570, -5.150000000000000355 ) ) ;
#312 = CARTESIAN_POINT ( 'NONE',  ( -1.354368901949097870, -0.7806094195748971565, -5.150000000000000355 ) ) ;
#313 = ORIENTED_EDGE ( 'NONE', *, *, #1415, .F. ) ;
#314 = CARTESIAN_POINT ( 'NONE',  ( 12.80000000000000071, -9.199999999999999289, 2.324999999999999734 ) ) ;
#315 = ORIENTED_EDGE ( 'NONE', *, *, #390, .F. ) ;
#316 = CARTESIAN_POINT ( 'NONE',  ( -1.550000000000002931, 0.2053520290846800045, 5.150000000000001243 ) ) ;
#317 = CARTESIAN_POINT ( 'NONE',  ( -7.400000000000000355, -13.10000000000000142, -5.150000000000000355 ) ) ;
#318 = ORIENTED_EDGE ( 'NONE', *, *, #997, .T. ) ;
#319 = ADVANCED_FACE ( 'NONE', ( #974 ), #300, .T. ) ;
#320 = CARTESIAN_POINT ( 'NONE',  ( -24.43906715871490931, 1.720730815929760738, -5.149999999999999467 ) ) ;
#321 = ORIENTED_EDGE ( 'NONE', *, *, #390, .T. ) ;
#322 = AXIS2_PLACEMENT_3D ( 'NONE', #732, #531, #75 ) ;
#323 = DIRECTION ( 'NONE',  ( 1.000000000000000000, 0.000000000000000000, 0.000000000000000000 ) ) ;
#324 = EDGE_CURVE ( 'NONE', #872, #571, #263, .T. ) ;
#325 = CARTESIAN_POINT ( 'NONE',  ( 12.80000000000000071, -8.699999999999999289, 2.324999999999999734 ) ) ;
#326 = CARTESIAN_POINT ( 'NONE',  ( 12.80000000000000071, -2.700000000000000178, 2.324999999999999734 ) ) ;
#327 = CARTESIAN_POINT ( 'NONE',  ( -22.19999999999999929, 2.799999999999999822, 5.150000000000000355 ) ) ;
#328 = CARTESIAN_POINT ( 'NONE',  ( -0.4057092207568796516, -1.509657648835890820, -5.150000000000000355 ) ) ;
#329 = ORIENTED_EDGE ( 'NONE', *, *, #17, .F. ) ;
#330 = VERTEX_POINT ( 'NONE', #170 ) ;
#331 = B_SPLINE_CURVE_WITH_KNOTS ( 'NONE', 3,
 ( #932, #249, #583, #30 ),
 .UNSPECIFIED., .F., .F.,
 ( 4, 4 ),
 ( 0.000000000000000000, 1.000000000000000000 ),
 .UNSPECIFIED. ) ;
#332 = EDGE_CURVE ( 'NONE', #505, #8, #121, .T. ) ;
#333 = CARTESIAN_POINT ( 'NONE',  ( 0.3711124082255643497, -13.10000000000000142, 5.150000000000001243 ) ) ;
#334 = FACE_BOUND ( 'NONE', #837, .T. ) ;
#335 = FACE_OUTER_BOUND ( 'NONE', #917, .T. ) ;
#336 = CARTESIAN_POINT ( 'NONE',  ( -21.50178799781155092, -11.84999999999999964, 5.150000000000000355 ) ) ;
#337 = CARTESIAN_POINT ( 'NONE',  ( 2.799999999999999822, -8.334246010920460621E-17, -5.150000000000000355 ) ) ;
#338 = B_SPLINE_CURVE_WITH_KNOTS ( 'NONE', 3,
 ( #1358, #1373, #501, #267, #49, #598, #162, #1039, #373, #155, #1351, #1143, #719, #713, #484, #821, #1025, #362 ),
 .UNSPECIFIED., .F., .F.,
 ( 4, 2, 2, 2, 2, 2, 2, 2, 4 ),
 ( 0.000000000000000000, 0.1249999999999999722, 0.2499999999999999445, 0.3749999999999998890, 0.4999999999999998890, 0.6249999999999998890, 0.7499999999999997780, 0.8749999999999998890, 1.000000000000000000 ),
 .UNSPECIFIED. ) ;
#339 = CARTESIAN_POINT ( 'NONE',  ( 12.80000000000000071, -2.700000000000000178, -0.8416666666666667851 ) ) ;
#340 = EDGE_CURVE ( 'NONE', #615, #549, #786, .T. ) ;
#341 = CARTESIAN_POINT ( 'NONE',  ( 2.799999999999999822, -3.200000000000000178, -2.425000000000000266 ) ) ;
#342 = CARTESIAN_POINT ( 'NONE',  ( -20.50000000000000000, -10.30000000000000071, 1.716666666666666785 ) ) ;
#343 = CARTESIAN_POINT ( 'NONE',  ( 12.80000000000000071, -3.033333333333333659, -2.425000000000000266 ) ) ;
#344 = CARTESIAN_POINT ( 'NONE',  ( 2.799999999999999822, -2.700000000000000178, 2.324999999999999734 ) ) ;
#345 = VERTEX_POINT ( 'NONE', #1300 ) ;
#346 = PRESENTATION_LAYER_ASSIGNMENT (  '', '', ( #789 ) ) ;
#347 = CARTESIAN_POINT ( 'NONE',  ( 12.80000000000000071, -2.700000000000000178, 2.324999999999999734 ) ) ;
#348 = FACE_OUTER_BOUND ( 'NONE', #1099, .T. ) ;
#349 = DIRECTION ( 'NONE',  ( 1.000000000000000000, -3.898255002195069934E-16, 0.000000000000000000 ) ) ;
#350 = PLANE ( 'NONE',  #655 ) ;
#351 = CARTESIAN_POINT ( 'NONE',  ( 6.133333333333333748, -2.700000000000001066, 2.324999999999999734 ) ) ;
#352 = EDGE_LOOP ( 'NONE', ( #1227, #865, #1178, #1033 ) ) ;
#353 = CARTESIAN_POINT ( 'NONE',  ( -21.19807713867363219, 5.352677147079929476, -2.350000000000000533 ) ) ;
#354 = CARTESIAN_POINT ( 'NONE',  ( -22.89821200218845121, -8.750000000000000000, -1.716666666666666785 ) ) ;
#355 = CARTESIAN_POINT ( 'NONE',  ( 12.80000000000000071, -8.866666666666667140, -2.425000000000000266 ) ) ;
#356 = PLANE ( 'NONE',  #842 ) ;
#357 = CARTESIAN_POINT ( 'NONE',  ( 9.466666666666668561, -2.700000000000000622, 2.324999999999999734 ) ) ;
#358 = ORIENTED_EDGE ( 'NONE', *, *, #276, .T. ) ;
#359 = ORIENTED_EDGE ( 'NONE', *, *, #805, .T. ) ;
#360 = DIRECTION ( 'NONE',  ( 0.000000000000000000, -1.000000000000000000, 0.000000000000000000 ) ) ;
#361 = DIRECTION ( 'NONE',  ( 1.182887397053874000E-31, -8.673617379884039416E-16, -1.000000000000000000 ) ) ;
#362 = CARTESIAN_POINT ( 'NONE',  ( -1.550000000000000044, 1.265468359118931886E-16, 5.150000000000000355 ) ) ;
#363 = CARTESIAN_POINT ( 'NONE',  ( 0.7328940762059820146, 2.727123494671285009, -5.150000000000001243 ) ) ;
#364 = ORIENTED_EDGE ( 'NONE', *, *, #310, .F. ) ;
#365 = EDGE_CURVE ( 'NONE', #593, #182, #596, .T. ) ;
#366 = EDGE_LOOP ( 'NONE', ( #1187, #496, #169, #1158, #281, #62, #36, #359 ) ) ;
#367 = B_SPLINE_CURVE_WITH_KNOTS ( 'NONE', 3,
 ( #132, #936, #466, #482 ),
 .UNSPECIFIED., .F., .F.,
 ( 4, 4 ),
 ( 0.000000000000000000, 1.000000000000000000 ),
 .UNSPECIFIED. ) ;
#368 = FACE_OUTER_BOUND ( 'NONE', #1381, .T. ) ;
#369 = AXIS2_PLACEMENT_3D ( 'NONE', #1112, #1339, #679 ) ;
#370 = CARTESIAN_POINT ( 'NONE',  ( -6.713333333333332931, -16.00000000000000000, -2.425000000000000266 ) ) ;
#371 = APPLICATION_PROTOCOL_DEFINITION ( 'draft international standard', 'automotive_design', 1998, #1333 ) ;
#372 = EDGE_CURVE ( 'NONE', #588, #1151, #192, .T. ) ;
#373 = CARTESIAN_POINT ( 'NONE',  ( 0.2051760871094344407, -1.549927195578949979, 5.150000000000000355 ) ) ;
#374 = DIRECTION ( 'NONE',  ( -1.432100250781743747E-16, 1.000000000000000000, 0.000000000000000000 ) ) ;
#375 = ORIENTED_EDGE ( 'NONE', *, *, #1041, .F. ) ;
#376 = ORIENTED_EDGE ( 'NONE', *, *, #2, .T. ) ;
#377 = CARTESIAN_POINT ( 'NONE',  ( -9.179999999999999716, -14.69999999999999929, 2.324999999999999734 ) ) ;
#378 = B_SPLINE_CURVE_WITH_KNOTS ( 'NONE', 3,
 ( #295, #426, #317, #180 ),
 .UNSPECIFIED., .F., .F.,
 ( 4, 4 ),
 ( 0.000000000000000000, 1.000000000000000000 ),
 .UNSPECIFIED. ) ;
#379 = PLANE ( 'NONE',  #137 ) ;
#380 = B_SPLINE_CURVE_WITH_KNOTS ( 'NONE', 3,
 ( #970, #1425, #204, #1100, #834, #1264, #1179, #652 ),
 .UNSPECIFIED., .F., .F.,
 ( 4, 2, 2, 4 ),
 ( 0.000000000000000000, 0.2500000000000006106, 0.5000000000000012212, 1.000000000000000000 ),
 .UNSPECIFIED. ) ;
#381 = CARTESIAN_POINT ( 'NONE',  ( -9.179999999999999716, -14.69999999999999929, -2.425000000000000266 ) ) ;
#382 = ORIENTED_EDGE ( 'NONE', *, *, #1310, .T. ) ;
#383 = VERTEX_POINT ( 'NONE', #308 ) ;
#384 = CARTESIAN_POINT ( 'NONE',  ( -20.50000000000000000, -10.30000000000000071, 5.150000000000000355 ) ) ;
#385 = ADVANCED_FACE ( 'NONE', ( #1212 ), #793, .T. ) ;
#386 = CARTESIAN_POINT ( 'NONE',  ( -19.20459918564708701, 5.353847714370393973, 1.850000000000000089 ) ) ;
#387 = CARTESIAN_POINT ( 'NONE',  ( -22.89821200218845121, -11.84999999999999964, -5.150000000000000355 ) ) ;
#388 = CARTESIAN_POINT ( 'NONE',  ( -22.20000000000000284, 2.800000000000000711, 1.716666666666666785 ) ) ;
#389 = ORIENTED_EDGE ( 'NONE', *, *, #84, .T. ) ;
#390 = EDGE_CURVE ( 'NONE', #1159, #804, #1174, .T. ) ;
#391 = ORIENTED_EDGE ( 'NONE', *, *, #1362, .T. ) ;
#392 = CYLINDRICAL_SURFACE ( 'NONE', #884, 2.799999999999999822 ) ;
#393 = DIRECTION ( 'NONE',  ( -1.000000000000000000, 0.000000000000000000, 2.365774794107744935E-31 ) ) ;
#394 = AXIS2_PLACEMENT_3D ( 'NONE', #64, #707, #150 ) ;
#395 = ORIENTED_EDGE ( 'NONE', *, *, #1198, .F. ) ;
#396 = DIRECTION ( 'NONE',  ( 0.000000000000000000, -1.000000000000000000, 0.000000000000000000 ) ) ;
#397 = CARTESIAN_POINT ( 'NONE',  ( -22.89821200218845121, -11.84999999999999964, 5.150000000000000355 ) ) ;
#398 = EDGE_CURVE ( 'NONE', #145, #1280, #859, .T. ) ;
#399 = AXIS2_PLACEMENT_3D ( 'NONE', #1231, #242, #31 ) ;
#400 = EDGE_LOOP ( 'NONE', ( #1184, #230, #411, #601 ) ) ;
#401 = CARTESIAN_POINT ( 'NONE',  ( -25.00000000000000000, 8.673617379884039416E-16, -1.716666666666666785 ) ) ;
#402 = B_SPLINE_CURVE_WITH_KNOTS ( 'NONE', 3,
 ( #1204, #339, #1210, #347 ),
 .UNSPECIFIED., .F., .F.,
 ( 4, 4 ),
 ( 0.000000000000000000, 1.000000000000000000 ),
 .UNSPECIFIED. ) ;
#403 = CARTESIAN_POINT ( 'NONE',  ( 0.9525474159611174718, 1.239483605717180081, -5.150000000000000355 ) ) ;
#404 = CARTESIAN_POINT ( 'NONE',  ( 2.646249976203935021E-15, -13.10000000000000142, -5.150000000000000355 ) ) ;
#405 = CARTESIAN_POINT ( 'NONE',  ( -9.180000000000001492, -15.50000000000000000, 2.324999999999999734 ) ) ;
#406 = ADVANCED_FACE ( 'NONE', ( #334, #1096, #1199 ), #547, .T. ) ;
#407 = CARTESIAN_POINT ( 'NONE',  ( -25.00000000000000000, 7.228014483236699514E-16, 5.150000000000000355 ) ) ;
#408 = ORIENTED_EDGE ( 'NONE', *, *, #616, .T. ) ;
#409 = CARTESIAN_POINT ( 'NONE',  ( -1.241045432872617260, 0.9508826278064177462, 5.150000000000000355 ) ) ;
#410 = DIRECTION ( 'NONE',  ( -1.363776317591829836E-16, 1.000000000000000000, 9.130123557772669567E-17 ) ) ;
#411 = ORIENTED_EDGE ( 'NONE', *, *, #266, .T. ) ;
#412 = ORIENTED_EDGE ( 'NONE', *, *, #1078, .F. ) ;
#413 = CARTESIAN_POINT ( 'NONE',  ( -25.00000000000000000, -10.30000000000000071, -5.150000000000000355 ) ) ;
#414 = ORIENTED_EDGE ( 'NONE', *, *, #417, .T. ) ;
#415 = CARTESIAN_POINT ( 'NONE',  ( -0.2051760871101331596, 1.549927195578948425, 5.150000000000001243 ) ) ;
#416 = CARTESIAN_POINT ( 'NONE',  ( -23.80497792837221382, -9.651623895245673879, 5.150000000000000355 ) ) ;
#417 = EDGE_CURVE ( 'NONE', #145, #966, #1298, .T. ) ;
#418 = ORIENTED_EDGE ( 'NONE', *, *, #60, .F. ) ;
#419 = CARTESIAN_POINT ( 'NONE',  ( -22.56651914291881411, -13.10000000000000142, -5.150000000000000355 ) ) ;
#420 = ORIENTED_EDGE ( 'NONE', *, *, #674, .T. ) ;
#421 = B_SPLINE_CURVE_WITH_KNOTS ( 'NONE', 3,
 ( #1006, #333, #876, #761, #774, #457, #1197, #668, #451, #1107 ),
 .UNSPECIFIED., .F., .F.,
 ( 4, 2, 2, 2, 4 ),
 ( 0.000000000000000000, 0.2500000000000000555, 0.5000000000000001110, 0.7500000000000000000, 1.000000000000000000 ),
 .UNSPECIFIED. ) ;
#422 = PLANE ( 'NONE',  #206 ) ;
#423 = ADVANCED_FACE ( 'NONE', ( #1322 ), #1108, .F. ) ;
#424 = ORIENTED_EDGE ( 'NONE', *, *, #80, .T. ) ;
#425 = CARTESIAN_POINT ( 'NONE',  ( 0.7827451686533323238, 1.353563048652355327, 5.149999999999999467 ) ) ;
#426 = CARTESIAN_POINT ( 'NONE',  ( -14.80000000000000071, -13.10000000000000142, -5.150000000000000355 ) ) ;
#427 = ORIENTED_EDGE ( 'NONE', *, *, #860, .T. ) ;
#428 = CARTESIAN_POINT ( 'NONE',  ( -1.509657648835888599, -0.4057092207568873676, -5.149999999999999467 ) ) ;
#429 = B_SPLINE_CURVE_WITH_KNOTS ( 'NONE', 3,
 ( #1024, #438, #777, #577 ),
 .UNSPECIFIED., .F., .F.,
 ( 4, 4 ),
 ( 0.000000000000000000, 1.000000000000000000 ),
 .UNSPECIFIED. ) ;
#430 = CARTESIAN_POINT ( 'NONE',  ( -18.80000000000000071, 3.009428561902858235, -2.350000000000000089 ) ) ;
#431 = CARTESIAN_POINT ( 'NONE',  ( -0.7806094195748959352, 1.354368901949098758, -5.150000000000000355 ) ) ;
#432 = CARTESIAN_POINT ( 'NONE',  ( -23.80515544562123864, -10.94849083679011414, 5.149999999999998579 ) ) ;
#433 = ORIENTED_EDGE ( 'NONE', *, *, #1005, .T. ) ;
#434 = CARTESIAN_POINT ( 'NONE',  ( 1.509657648835891042, -0.4057092207568785969, -5.150000000000001243 ) ) ;
#435 = ADVANCED_FACE ( 'NONE', ( #348 ), #994, .T. ) ;
#436 = CARTESIAN_POINT ( 'NONE',  ( -18.80000000000000071, 5.028285685708580921, -2.350000000000000089 ) ) ;
#437 = CARTESIAN_POINT ( 'NONE',  ( 12.80000000000000071, -3.200000000000000178, -2.425000000000000266 ) ) ;
#438 = CARTESIAN_POINT ( 'NONE',  ( -21.96726266593718080, -8.749999999999998224, -5.150000000000000355 ) ) ;
#439 = B_SPLINE_CURVE_WITH_KNOTS ( 'NONE', 3,
 ( #16, #799, #806, #1012 ),
 .UNSPECIFIED., .F., .F.,
 ( 4, 4 ),
 ( 0.000000000000000000, 1.000000000000000000 ),
 .UNSPECIFIED. ) ;
#440 = PLANE ( 'NONE',  #1268 ) ;
#441 = CARTESIAN_POINT ( 'NONE',  ( 1.239483605717183634, -0.9525474159611129199, -5.150000000000000355 ) ) ;
#442 = EDGE_CURVE ( 'NONE', #1004, #745, #475, .T. ) ;
#443 = EDGE_LOOP ( 'NONE', ( #602, #524, #969, #843, #35, #518, #1209, #59 ) ) ;
#444 = FACE_OUTER_BOUND ( 'NONE', #245, .T. ) ;
#445 = CARTESIAN_POINT ( 'NONE',  ( 2.800000000000000711, -2.866666666666666696, -2.425000000000000266 ) ) ;
#446 = DIRECTION ( 'NONE',  ( 1.000000000000000000, 0.000000000000000000, 0.000000000000000000 ) ) ;
#447 = B_SPLINE_CURVE_WITH_KNOTS ( 'NONE', 3,
 ( #326, #221, #584, #118 ),
 .UNSPECIFIED., .F., .F.,
 ( 4, 4 ),
 ( 0.000000000000000000, 1.000000000000000000 ),
 .UNSPECIFIED. ) ;
#448 = CARTESIAN_POINT ( 'NONE',  ( -21.60000000000000142, 5.028285685708570263, 1.850000000000000089 ) ) ;
#449 = EDGE_CURVE ( 'NONE', #165, #210, #730, .T. ) ;
#450 = ORIENTED_EDGE ( 'NONE', *, *, #123, .F. ) ;
#451 = CARTESIAN_POINT ( 'NONE',  ( 2.799999999999996714, -10.67149358256504144, 5.149999999999999467 ) ) ;
#452 = DIRECTION ( 'NONE',  ( 1.000000000000000000, 0.000000000000000000, 0.000000000000000000 ) ) ;
#453 = CARTESIAN_POINT ( 'NONE',  ( -7.400000000000000355, 2.799999999999999822, -5.150000000000000355 ) ) ;
#454 = CARTESIAN_POINT ( 'NONE',  ( 12.80000000000000071, -3.200000000000000178, -2.425000000000000266 ) ) ;
#455 = FACE_OUTER_BOUND ( 'NONE', #976, .T. ) ;
#456 = ORIENTED_EDGE ( 'NONE', *, *, #904, .T. ) ;
#457 = CARTESIAN_POINT ( 'NONE',  ( 2.242242156112548734, -12.01765886168132802, 5.149999999999999467 ) ) ;
#458 = CARTESIAN_POINT ( 'NONE',  ( -22.89821200218845121, -8.750000000000000000, 1.716666666666666785 ) ) ;
#459 = CARTESIAN_POINT ( 'NONE',  ( 12.80000000000000071, -9.033333333333333215, -2.425000000000000266 ) ) ;
#460 = ADVANCED_FACE ( 'NONE', ( #110 ), #3, .F. ) ;
#461 = CARTESIAN_POINT ( 'NONE',  ( -0.7800000000000000266, -15.50000000000000000, -2.425000000000000266 ) ) ;
#462 = CARTESIAN_POINT ( 'NONE',  ( -18.80000000000000071, 2.799999999999999822, 1.850000000000000089 ) ) ;
#463 = EDGE_LOOP ( 'NONE', ( #1360, #74, #1049, #203 ) ) ;
#464 = ORIENTED_EDGE ( 'NONE', *, *, #442, .F. ) ;
#465 = AXIS2_PLACEMENT_3D ( 'NONE', #794, #691, #349 ) ;
#466 = CARTESIAN_POINT ( 'NONE',  ( -6.379999999999999005, -15.49999999999999822, -2.425000000000000266 ) ) ;
#467 = AXIS2_PLACEMENT_3D ( 'NONE', #725, #624, #1071 ) ;
#468 = EDGE_CURVE ( 'NONE', #1162, #630, #663, .T. ) ;
#469 = DIRECTION ( 'NONE',  ( 0.000000000000000000, 0.000000000000000000, -1.000000000000000000 ) ) ;
#470 = CARTESIAN_POINT ( 'NONE',  ( 2.734579500681388118E-15, -13.10000000000000142, -1.716666666666666785 ) ) ;
#471 = B_SPLINE_CURVE_WITH_KNOTS ( 'NONE', 3,
 ( #40, #492, #933, #1365 ),
 .UNSPECIFIED., .F., .F.,
 ( 4, 4 ),
 ( 0.000000000000000000, 1.000000000000000000 ),
 .UNSPECIFIED. ) ;
#472 = CARTESIAN_POINT ( 'NONE',  ( -24.92895423034387292, 0.7286647861041734009, 5.149999999999999467 ) ) ;
#473 = CARTESIAN_POINT ( 'NONE',  ( -20.66666666666666785, 2.799999999999999822, 1.850000000000000089 ) ) ;
#474 = AXIS2_PLACEMENT_3D ( 'NONE', #228, #136, #446 ) ;
#475 = B_SPLINE_CURVE_WITH_KNOTS ( 'NONE', 3,
 ( #1000, #885, #1314, #768 ),
 .UNSPECIFIED., .F., .F.,
 ( 4, 4 ),
 ( 0.000000000000000000, 1.000000000000000000 ),
 .UNSPECIFIED. ) ;
#476 = CARTESIAN_POINT ( 'NONE',  ( -25.00000000000000355, -10.66651914291879955, -5.149999999999999467 ) ) ;
#477 = DIRECTION ( 'NONE',  ( 1.363776317591829836E-16, -1.000000000000000000, 0.000000000000000000 ) ) ;
#478 = ADVANCED_FACE ( 'NONE', ( #827 ), #1229, .F. ) ;
#479 = CARTESIAN_POINT ( 'NONE',  ( -24.99999999999999645, -6.866666666666667140, 5.150000000000000355 ) ) ;
#480 = CARTESIAN_POINT ( 'NONE',  ( 6.133333333333333748, -3.200000000000000178, -2.425000000000000711 ) ) ;
#481 = EDGE_CURVE ( 'NONE', #1412, #145, #1291, .T. ) ;
#482 = CARTESIAN_POINT ( 'NONE',  ( -9.180000000000001492, -15.50000000000000000, -2.425000000000000266 ) ) ;
#483 = CARTESIAN_POINT ( 'NONE',  ( -18.98458152419057043, 5.209211768251084784, 1.850000000000000089 ) ) ;
#484 = CARTESIAN_POINT ( 'NONE',  ( -1.353355458987497650, -0.7828656633128501241, 5.149999999999999467 ) ) ;
#485 = CARTESIAN_POINT ( 'NONE',  ( -1.607709995918910096E-16, 2.799999999999999822, 5.150000000000000355 ) ) ;
#486 = EDGE_LOOP ( 'NONE', ( #1072, #703, #82, #1279 ) ) ;
#487 = ORIENTED_EDGE ( 'NONE', *, *, #860, .F. ) ;
#488 = EDGE_CURVE ( 'NONE', #23, #673, #190, .T. ) ;
#489 = CARTESIAN_POINT ( 'NONE',  ( -0.7800000000000000266, -15.50000000000000000, 2.324999999999999734 ) ) ;
#490 = AXIS2_PLACEMENT_3D ( 'NONE', #1036, #140, #1354 ) ;
#491 = FACE_OUTER_BOUND ( 'NONE', #42, .T. ) ;
#492 = CARTESIAN_POINT ( 'NONE',  ( 9.466666666666668561, -9.199999999999999289, -2.425000000000000266 ) ) ;
#493 =( NAMED_UNIT ( * ) PLANE_ANGLE_UNIT ( ) SI_UNIT ( $, .RADIAN. ) );
#494 = ORIENTED_EDGE ( 'NONE', *, *, #616, .F. ) ;
#495 = EDGE_CURVE ( 'NONE', #825, #514, #924, .T. ) ;
#496 = ORIENTED_EDGE ( 'NONE', *, *, #468, .F. ) ;
#497 = CARTESIAN_POINT ( 'NONE',  ( -21.96726266593718080, -8.749999999999998224, 5.150000000000000355 ) ) ;
#498 = FACE_OUTER_BOUND ( 'NONE', #173, .T. ) ;
#499 = PRODUCT_CONTEXT ( 'NONE', #175, 'mechanical' ) ;
#500 = PRODUCT ( 'Trigger Switch', 'Trigger Switch', '', ( #499 ) ) ;
#501 = CARTESIAN_POINT ( 'NONE',  ( 1.510463502132068037, -0.4035734716787504062, 5.150000000000000355 ) ) ;
#502 = EDGE_CURVE ( 'NONE', #1067, #1040, #1171, .T. ) ;
#503 = B_SPLINE_CURVE_WITH_KNOTS ( 'NONE', 3,
 ( #19, #892, #684, #106 ),
 .UNSPECIFIED., .F., .F.,
 ( 4, 4 ),
 ( 0.000000000000000000, 1.000000000000000000 ),
 .UNSPECIFIED. ) ;
#504 = EDGE_LOOP ( 'NONE', ( #533, #1295, #139, #1091 ) ) ;
#505 = VERTEX_POINT ( 'NONE', #161 ) ;
#506 = CARTESIAN_POINT ( 'NONE',  ( -0.7800000000000000266, -15.50000000000000000, 2.324999999999999734 ) ) ;
#507 = CARTESIAN_POINT ( 'NONE',  ( 1.550000000000000044, -1.265468359118931886E-16, -5.150000000000000355 ) ) ;
#508 = CARTESIAN_POINT ( 'NONE',  ( -25.00000000000000000, -10.30000000000000071, 5.150000000000000355 ) ) ;
#509 = SURFACE_SIDE_STYLE ('',( #1246 ) ) ;
#510 = ORIENTED_EDGE ( 'NONE', *, *, #997, .F. ) ;
#511 = EDGE_LOOP ( 'NONE', ( #151, #759 ) ) ;
#512 = CARTESIAN_POINT ( 'NONE',  ( -9.679999999999999716, -14.06666666666666643, -2.425000000000000266 ) ) ;
#513 = EDGE_CURVE ( 'NONE', #262, #858, #331, .T. ) ;
#514 = VERTEX_POINT ( 'NONE', #1379 ) ;
#515 = CARTESIAN_POINT ( 'NONE',  ( 1.550000000000000044, -1.265468359118931886E-16, -5.150000000000000355 ) ) ;
#516 = CARTESIAN_POINT ( 'NONE',  ( -9.679999999999999716, -16.00000000000000000, 2.324999999999999734 ) ) ;
#517 = AXIS2_PLACEMENT_3D ( 'NONE', #1121, #469, #558 ) ;
#518 = ORIENTED_EDGE ( 'NONE', *, *, #1273, .F. ) ;
#519 = DIRECTION ( 'NONE',  ( -2.365774794107744935E-31, 1.734723475976805122E-15, -1.000000000000000000 ) ) ;
#520 = ORIENTED_EDGE ( 'NONE', *, *, #1389, .T. ) ;
#521 = CARTESIAN_POINT ( 'NONE',  ( -1.353563048653366963, 0.7827451686527231445, 5.149999999999998579 ) ) ;
#522 = CARTESIAN_POINT ( 'NONE',  ( -22.89821200218845121, -8.750000000000000000, 5.150000000000000355 ) ) ;
#523 = B_SPLINE_CURVE_WITH_KNOTS ( 'NONE', 3,
 ( #955, #388, #163, #1383 ),
 .UNSPECIFIED., .F., .F.,
 ( 4, 4 ),
 ( 0.000000000000000000, 1.000000000000000000 ),
 .UNSPECIFIED. ) ;
#524 = ORIENTED_EDGE ( 'NONE', *, *, #1397, .T. ) ;
#525 = CARTESIAN_POINT ( 'NONE',  ( 2.799999999999999822, -3.200000000000000178, -2.425000000000000266 ) ) ;
#526 = ORIENTED_EDGE ( 'NONE', *, *, #398, .T. ) ;
#527 = CARTESIAN_POINT ( 'NONE',  ( -0.9509855888056848450, 1.241148393871881694, 5.149999999999998579 ) ) ;
#528 = CARTESIAN_POINT ( 'NONE',  ( 2.799999999999999822, -10.30000000000000071, -5.150000000000000355 ) ) ;
#529 = EDGE_LOOP ( 'NONE', ( #375, #315, #244, #420 ) ) ;
#530 = CARTESIAN_POINT ( 'NONE',  ( -0.7800000000000000266, -16.00000000000000000, 2.324999999999999734 ) ) ;
#531 = DIRECTION ( 'NONE',  ( 0.000000000000000000, 0.000000000000000000, -1.000000000000000000 ) ) ;
#532 = B_SPLINE_CURVE_WITH_KNOTS ( 'NONE', 3,
 ( #1252, #815, #946, #57 ),
 .UNSPECIFIED., .F., .F.,
 ( 4, 4 ),
 ( 0.000000000000000000, 1.000000000000000000 ),
 .UNSPECIFIED. ) ;
#533 = ORIENTED_EDGE ( 'NONE', *, *, #48, .F. ) ;
#534 = CARTESIAN_POINT ( 'NONE',  ( 2.799999999999999822, -10.30000000000000071, -5.150000000000000355 ) ) ;
#535 = CARTESIAN_POINT ( 'NONE',  ( -20.50000000000000000, -10.30000000000000071, -5.150000000000000355 ) ) ;
#536 = CARTESIAN_POINT ( 'NONE',  ( -25.00000000000000000, 7.228014483236699514E-16, -5.150000000000000355 ) ) ;
#537 = DIRECTION ( 'NONE',  ( -1.000000000000000000, 0.000000000000000000, 0.000000000000000000 ) ) ;
#538 = EDGE_CURVE ( 'NONE', #383, #973, #644, .T. ) ;
#539 = DIRECTION ( 'NONE',  ( -1.363776317591829836E-16, 1.000000000000000000, 0.000000000000000000 ) ) ;
#540 = CARTESIAN_POINT ( 'NONE',  ( -0.7800000000000000266, -16.00000000000000000, -2.425000000000000266 ) ) ;
#541 = CARTESIAN_POINT ( 'NONE',  ( 2.799999999999999822, -8.699999999999999289, -2.425000000000000266 ) ) ;
#542 = ADVANCED_FACE ( 'NONE', ( #1052 ), #1243, .F. ) ;
#543 = VERTEX_POINT ( 'NONE', #1364 ) ;
#544 = CARTESIAN_POINT ( 'NONE',  ( -1.549999999999999822, -0.2028945255443442286, -5.150000000000000355 ) ) ;
#545 = CARTESIAN_POINT ( 'NONE',  ( -18.80000000000000071, 2.399999999999999911, -2.350000000000000089 ) ) ;
#546 = EDGE_CURVE ( 'NONE', #1272, #726, #51, .T. ) ;
#547 = PLANE ( 'NONE',  #21 ) ;
#548 = CARTESIAN_POINT ( 'NONE',  ( -20.94964834399449316, -9.102934229000103628, 5.150000000000001243 ) ) ;
#549 = VERTEX_POINT ( 'NONE', #240 ) ;
#550 = CARTESIAN_POINT ( 'NONE',  ( 2.799999999999999822, -3.200000000000000178, 2.324999999999999734 ) ) ;
#551 = CARTESIAN_POINT ( 'NONE',  ( 6.133333333333333748, -2.700000000000001066, -2.425000000000000266 ) ) ;
#552 = CARTESIAN_POINT ( 'NONE',  ( -25.00000000000000000, 2.799999999999999822, 5.150000000000000355 ) ) ;
#553 = CARTESIAN_POINT ( 'NONE',  ( -22.43273733406281423, -11.84999999999999964, -5.150000000000000355 ) ) ;
#554 = CARTESIAN_POINT ( 'NONE',  ( -21.59999999999999787, 4.018857123805715581, 1.850000000000000089 ) ) ;
#555 = ORIENTED_EDGE ( 'NONE', *, *, #916, .F. ) ;
#556 = CARTESIAN_POINT ( 'NONE',  ( -18.80000000000000071, 2.799999999999999822, -2.349999999999999645 ) ) ;
#557 = B_SPLINE_CURVE_WITH_KNOTS ( 'NONE', 3,
 ( #436, #1217, #430, #545 ),
 .UNSPECIFIED., .F., .F.,
 ( 4, 4 ),
 ( 0.000000000000000000, 1.000000000000000000 ),
 .UNSPECIFIED. ) ;
#558 = DIRECTION ( 'NONE',  ( -1.000000000000000000, 0.000000000000000000, 0.000000000000000000 ) ) ;
#559 = APPLICATION_PROTOCOL_DEFINITION ( 'draft international standard', 'automotive_design', 1998, #175 ) ;
#560 = CARTESIAN_POINT ( 'NONE',  ( -21.50178799781154737, -11.84999999999999787, -1.716666666666666785 ) ) ;
#561 = CARTESIAN_POINT ( 'NONE',  ( -22.89821200218845121, -8.750000000000000000, -5.150000000000000355 ) ) ;
#562 = EDGE_LOOP ( 'NONE', ( #1119, #526, #681, #1027 ) ) ;
#563 = ORIENTED_EDGE ( 'NONE', *, *, #340, .F. ) ;
#564 = PLANE ( 'NONE',  #1427 ) ;
#565 = B_SPLINE_CURVE_WITH_KNOTS ( 'NONE', 3,
 ( #101, #757, #548, #632, #301, #1082 ),
 .UNSPECIFIED., .F., .F.,
 ( 4, 2, 4 ),
 ( 0.000000000000000000, 0.5000000000000000000, 1.000000000000000000 ),
 .UNSPECIFIED. ) ;
#566 = CARTESIAN_POINT ( 'NONE',  ( 2.239067158714906469, 1.720730815929760738, 5.150000000000001243 ) ) ;
#567 =( NAMED_UNIT ( * ) PLANE_ANGLE_UNIT ( ) SI_UNIT ( $, .RADIAN. ) );
#568 = CARTESIAN_POINT ( 'NONE',  ( -25.00000000000000000, 2.799999999999999822, 5.150000000000000355 ) ) ;
#569 = CARTESIAN_POINT ( 'NONE',  ( 4.647063167147150473E-17, 2.799999999999999822, -5.150000000000000355 ) ) ;
#570 = VERTEX_POINT ( 'NONE', #1043 ) ;
#571 = VERTEX_POINT ( 'NONE', #507 ) ;
#572 = ADVANCED_FACE ( 'NONE', ( #498 ), #705, .F. ) ;
#573 = ORIENTED_EDGE ( 'NONE', *, *, #1160, .F. ) ;
#574 = PLANE ( 'NONE',  #1020 ) ;
#575 = B_SPLINE_CURVE_WITH_KNOTS ( 'NONE', 3,
 ( #68, #1167, #853, #1161 ),
 .UNSPECIFIED., .F., .F.,
 ( 4, 4 ),
 ( 0.000000000000000000, 1.000000000000000000 ),
 .UNSPECIFIED. ) ;
#576 = DIRECTION ( 'NONE',  ( 0.000000000000000000, 1.000000000000000000, 0.000000000000000000 ) ) ;
#577 = CARTESIAN_POINT ( 'NONE',  ( -22.89821200218845121, -8.750000000000000000, -5.150000000000000355 ) ) ;
#578 = FACE_OUTER_BOUND ( 'NONE', #158, .T. ) ;
#579 = CARTESIAN_POINT ( 'NONE',  ( 2.239067158714905137, 1.720730815929760293, -5.149999999999999467 ) ) ;
#580 = CARTESIAN_POINT ( 'NONE',  ( -24.92712349467128519, -11.03289407620597551, -5.150000000000001243 ) ) ;
#581 = ADVANCED_FACE ( 'NONE', ( #491 ), #379, .F. ) ;
#582 = AXIS2_PLACEMENT_3D ( 'NONE', #38, #361, #141 ) ;
#583 = CARTESIAN_POINT ( 'NONE',  ( -22.89821200218845121, -11.84999999999999964, 1.716666666666666785 ) ) ;
#584 = CARTESIAN_POINT ( 'NONE',  ( 12.80000000000000071, -3.033333333333333659, 2.325000000000000178 ) ) ;
#585 = CARTESIAN_POINT ( 'NONE',  ( -20.19999999999999929, 3.600000000000000089, -2.350000000000000089 ) ) ;
#586 = CARTESIAN_POINT ( 'NONE',  ( 2.727123494671284565, 0.7328940762059806824, -5.150000000000000355 ) ) ;
#587 = EDGE_CURVE ( 'NONE', #962, #1131, #67, .T. ) ;
#588 = VERTEX_POINT ( 'NONE', #938 ) ;
#589 = CARTESIAN_POINT ( 'NONE',  ( -18.98706473615618862, 5.211645802832993724, -2.350000000000000533 ) ) ;
#590 = B_SPLINE_CURVE_WITH_KNOTS ( 'NONE', 3,
 ( #260, #822, #171, #831, #621, #1253, #268, #714, #1157, #613 ),
 .UNSPECIFIED., .F., .F.,
 ( 4, 2, 2, 2, 4 ),
 ( 0.000000000000000000, 0.2500000000000000000, 0.5000000000000000000, 0.7500000000000000000, 1.000000000000000000 ),
 .UNSPECIFIED. ) ;
#591 = DIRECTION ( 'NONE',  ( 1.182887397053874000E-31, -8.673617379884039416E-16, 1.000000000000000000 ) ) ;
#592 = FACE_OUTER_BOUND ( 'NONE', #66, .T. ) ;
#593 = VERTEX_POINT ( 'NONE', #61 ) ;
#594 = ORIENTED_EDGE ( 'NONE', *, *, #513, .T. ) ;
#595 = CARTESIAN_POINT ( 'NONE',  ( -9.180000000000001492, -15.50000000000000000, -2.425000000000000266 ) ) ;
#596 = B_SPLINE_CURVE_WITH_KNOTS ( 'NONE', 3,
 ( #756, #1342, #683, #325 ),
 .UNSPECIFIED., .F., .F.,
 ( 4, 4 ),
 ( 0.000000000000000000, 1.000000000000000000 ),
 .UNSPECIFIED. ) ;
#597 = CARTESIAN_POINT ( 'NONE',  ( -9.346666666666667567, -13.10000000000000142, -2.425000000000000266 ) ) ;
#598 = CARTESIAN_POINT ( 'NONE',  ( 0.9509855888061488072, -1.241148393871563060, 5.149999999999998579 ) ) ;
#599 = PRESENTATION_STYLE_ASSIGNMENT (( #1164 ) ) ;
#600 = ADVANCED_FACE ( 'NONE', ( #846 ), #176, .F. ) ;
#601 = ORIENTED_EDGE ( 'NONE', *, *, #1250, .F. ) ;
#602 = ORIENTED_EDGE ( 'NONE', *, *, #1008, .F. ) ;
#603 = EDGE_LOOP ( 'NONE', ( #1146, #658, #1332, #166 ) ) ;
#604 = FACE_OUTER_BOUND ( 'NONE', #1202, .T. ) ;
#605 = MECHANICAL_DESIGN_GEOMETRIC_PRESENTATION_REPRESENTATION (  '', ( #789 ), #1238 ) ;
#606 = CARTESIAN_POINT ( 'NONE',  ( 2.799999999999999822, -8.699999999999999289, -2.425000000000000266 ) ) ;
#607 = CARTESIAN_POINT ( 'NONE',  ( 2.799999999999999822, -3.200000000000000178, -2.425000000000000266 ) ) ;
#608 = CARTESIAN_POINT ( 'NONE',  ( -21.60000000000000142, 5.028285685708580921, 1.850000000000000089 ) ) ;
#609 = CARTESIAN_POINT ( 'NONE',  ( -25.00000000000000355, 0.3665191429188097705, -5.150000000000000355 ) ) ;
#610 = CARTESIAN_POINT ( 'NONE',  ( -3.746666666666666146, -16.00000000000000355, -2.425000000000000266 ) ) ;
#611 = B_SPLINE_CURVE_WITH_KNOTS ( 'NONE', 3,
 ( #595, #819, #711, #247 ),
 .UNSPECIFIED., .F., .F.,
 ( 4, 4 ),
 ( 0.000000000000000000, 1.000000000000000000 ),
 .UNSPECIFIED. ) ;
#612 = CARTESIAN_POINT ( 'NONE',  ( -22.19999999999999929, -13.10000000000000142, -5.150000000000000355 ) ) ;
#613 = CARTESIAN_POINT ( 'NONE',  ( -22.19999999999999929, -13.10000000000000142, 5.150000000000000355 ) ) ;
#614 = ORIENTED_EDGE ( 'NONE', *, *, #279, .T. ) ;
#615 = VERTEX_POINT ( 'NONE', #1399 ) ;
#616 = EDGE_CURVE ( 'NONE', #383, #673, #990, .T. ) ;
#617 = CARTESIAN_POINT ( 'NONE',  ( 2.799999999999999822, -8.699999999999999289, -2.425000000000000266 ) ) ;
#618 = B_SPLINE_CURVE_WITH_KNOTS ( 'NONE', 3,
 ( #535, #78, #864, #968, #72, #1402, #1278, #289 ),
 .UNSPECIFIED., .F., .F.,
 ( 4, 2, 2, 4 ),
 ( 0.000000000000000000, 0.2499999999999994449, 0.4999999999999988898, 1.000000000000000000 ),
 .UNSPECIFIED. ) ;
#619 = VERTEX_POINT ( 'NONE', #1275 ) ;
#620 = CARTESIAN_POINT ( 'NONE',  ( -18.80000000000000071, 2.000000000000000000, -2.350000000000000089 ) ) ;
#621 = CARTESIAN_POINT ( 'NONE',  ( -24.44213911296493080, -12.01755581853171506, 5.150000000000000355 ) ) ;
#622 = EDGE_LOOP ( 'NONE', ( #1308, #494, #729, #1057 ) ) ;
#623 = ADVANCED_FACE ( 'NONE', ( #280 ), #979, .T. ) ;
#624 = DIRECTION ( 'NONE',  ( -1.363776317591829836E-16, 1.000000000000000000, 0.000000000000000000 ) ) ;
#625 = ORIENTED_EDGE ( 'NONE', *, *, #1407, .F. ) ;
#626 = DIRECTION ( 'NONE',  ( -1.000000000000000000, 0.000000000000000000, 0.000000000000000000 ) ) ;
#627 = CARTESIAN_POINT ( 'NONE',  ( -22.19999999999999929, -10.30000000000000071, -5.150000000000000355 ) ) ;
#628 = ORIENTED_EDGE ( 'NONE', *, *, #879, .F. ) ;
#629 = CARTESIAN_POINT ( 'NONE',  ( -9.679999999999999716, -16.00000000000000000, -2.425000000000000266 ) ) ;
#630 = VERTEX_POINT ( 'NONE', #1299 ) ;
#631 = CARTESIAN_POINT ( 'NONE',  ( 1.550000000000000266, 0.2028945255443409812, -5.150000000000000355 ) ) ;
#632 = CARTESIAN_POINT ( 'NONE',  ( -20.59484455437875994, -9.651509163209377462, 5.149999999999999467 ) ) ;
#633 = EDGE_CURVE ( 'NONE', #549, #571, #575, .T. ) ;
#634 = VERTEX_POINT ( 'NONE', #413 ) ;
#635 = CARTESIAN_POINT ( 'NONE',  ( -22.19999999999999929, -13.10000000000000142, -1.716666666666666785 ) ) ;
#636 = B_SPLINE_CURVE_WITH_KNOTS ( 'NONE', 3,
 ( #1307, #763, #1200, #209 ),
 .UNSPECIFIED., .F., .F.,
 ( 4, 4 ),
 ( 0.000000000000000000, 1.000000000000000000 ),
 .UNSPECIFIED. ) ;
#637 = CARTESIAN_POINT ( 'NONE',  ( 9.466666666666668561, -8.699999999999999289, -2.425000000000000266 ) ) ;
#638 = ORIENTED_EDGE ( 'NONE', *, *, #879, .T. ) ;
#639 = CARTESIAN_POINT ( 'NONE',  ( 1.510671091797499921, 0.4034529770170968699, 5.150000000000000355 ) ) ;
#640 = CARTESIAN_POINT ( 'NONE',  ( 2.239067158714905137, -12.02073081592976678, -5.150000000000001243 ) ) ;
#641 = ORIENTED_EDGE ( 'NONE', *, *, #184, .F. ) ;
#642 = ADVANCED_FACE ( 'NONE', ( #1066 ), #861, .F. ) ;
#643 = CARTESIAN_POINT ( 'NONE',  ( -18.80000000000000071, 2.399999999999999911, 1.850000000000000089 ) ) ;
#644 = B_SPLINE_CURVE_WITH_KNOTS ( 'NONE', 3,
 ( #1038, #370, #610, #814 ),
 .UNSPECIFIED., .F., .F.,
 ( 4, 4 ),
 ( 0.000000000000000000, 1.000000000000000000 ),
 .UNSPECIFIED. ) ;
#645 = VERTEX_POINT ( 'NONE', #191 ) ;
#646 = PLANE ( 'NONE',  #836 ) ;
#647 = EDGE_CURVE ( 'NONE', #630, #1325, #1059, .T. ) ;
#648 = VERTEX_POINT ( 'NONE', #1289 ) ;
#649 = CARTESIAN_POINT ( 'NONE',  ( 0.2051760871101329375, 1.550072804421051886, 5.149999999999999467 ) ) ;
#650 = CARTESIAN_POINT ( 'NONE',  ( -21.59999999999999787, 3.009428561902858235, -2.350000000000000089 ) ) ;
#651 = EDGE_LOOP ( 'NONE', ( #285, #292 ) ) ;
#652 = CARTESIAN_POINT ( 'NONE',  ( -20.50000000000000000, -10.30000000000000071, -5.150000000000000355 ) ) ;
#653 = AXIS2_PLACEMENT_3D ( 'NONE', #1356, #477, #257 ) ;
#654 = CARTESIAN_POINT ( 'NONE',  ( -18.80000000000000071, 5.028285685708580921, 1.850000000000000089 ) ) ;
#655 = AXIS2_PLACEMENT_3D ( 'NONE', #461, #1207, #666 ) ;
#656 = DIRECTION ( 'NONE',  ( 1.000000000000000000, 0.000000000000000000, 0.000000000000000000 ) ) ;
#657 = PLANE ( 'NONE',  #972 ) ;
#658 = ORIENTED_EDGE ( 'NONE', *, *, #736, .T. ) ;
#659 = CARTESIAN_POINT ( 'NONE',  ( 1.550000000000000044, -1.265468359118931886E-16, -5.150000000000000355 ) ) ;
#660 = B_SPLINE_CURVE_WITH_KNOTS ( 'NONE', 3,
 ( #250, #1030, #479, #508 ),
 .UNSPECIFIED., .F., .F.,
 ( 4, 4 ),
 ( 0.000000000000000000, 1.000000000000000000 ),
 .UNSPECIFIED. ) ;
#661 = CARTESIAN_POINT ( 'NONE',  ( 2.800000000000000266, -2.700000000000001510, 0.7416666666666664742 ) ) ;
#662 = EDGE_CURVE ( 'NONE', #1190, #383, #854, .T. ) ;
#663 = B_SPLINE_CURVE_WITH_KNOTS ( 'NONE', 3,
 ( #784, #1218, #225, #1115, #117, #566, #10, #1007, #1014, #18 ),
 .UNSPECIFIED., .F., .F.,
 ( 4, 2, 2, 2, 4 ),
 ( 0.000000000000000000, 0.2499999999999999445, 0.4999999999999998890, 0.7499999999999998890, 1.000000000000000000 ),
 .UNSPECIFIED. ) ;
#664 = CARTESIAN_POINT ( 'NONE',  ( -9.679999999999999716, -16.00000000000000000, -2.425000000000000266 ) ) ;
#665 = CARTESIAN_POINT ( 'NONE',  ( -21.60000000000000142, 5.028285685708570263, 1.850000000000000089 ) ) ;
#666 = DIRECTION ( 'NONE',  ( 0.000000000000000000, 0.000000000000000000, 1.000000000000000000 ) ) ;
#667 = DIRECTION ( 'NONE',  ( 0.000000000000000000, 0.000000000000000000, 1.000000000000000000 ) ) ;
#668 = CARTESIAN_POINT ( 'NONE',  ( 2.728954230343864751, -11.02866478610579648, 5.150000000000001243 ) ) ;
#669 = CARTESIAN_POINT ( 'NONE',  ( -18.80000000000000071, 3.009428561902864008, 1.850000000000000089 ) ) ;
#670 = B_SPLINE_CURVE_WITH_KNOTS ( 'NONE', 3,
 ( #454, #343, #1316, #787 ),
 .UNSPECIFIED., .F., .F.,
 ( 4, 4 ),
 ( 0.000000000000000000, 1.000000000000000000 ),
 .UNSPECIFIED. ) ;
#671 = CARTESIAN_POINT ( 'NONE',  ( -21.50178799781154737, -11.84999999999999787, 1.716666666666666785 ) ) ;
#672 = CARTESIAN_POINT ( 'NONE',  ( 2.800000000000000711, 0.3665191429188047190, -5.150000000000001243 ) ) ;
#673 = VERTEX_POINT ( 'NONE', #1281 ) ;
#674 = EDGE_CURVE ( 'NONE', #978, #210, #258, .T. ) ;
#675 = DIRECTION ( 'NONE',  ( -1.000000000000000000, -1.432100250781743747E-16, 0.000000000000000000 ) ) ;
#676 = CARTESIAN_POINT ( 'NONE',  ( -18.80000000000000071, 4.018857123805722686, 1.850000000000000089 ) ) ;
#677 = CARTESIAN_POINT ( 'NONE',  ( 2.646249976203935021E-15, -13.10000000000000142, -5.150000000000000355 ) ) ;
#678 = CARTESIAN_POINT ( 'NONE',  ( -23.61424204614704081, 2.444978790637674315, 5.149999999999998579 ) ) ;
#679 = DIRECTION ( 'NONE',  ( -1.000000000000000000, 0.000000000000000000, 0.000000000000000000 ) ) ;
#680 = ADVANCED_FACE ( 'NONE', ( #965 ), #646, .F. ) ;
#681 = ORIENTED_EDGE ( 'NONE', *, *, #829, .F. ) ;
#682 = CARTESIAN_POINT ( 'NONE',  ( -23.80424420077712000, -10.94970604904550271, -5.149999999999998579 ) ) ;
#683 = CARTESIAN_POINT ( 'NONE',  ( 12.80000000000000071, -8.699999999999999289, 0.7416666666666664742 ) ) ;
#684 = CARTESIAN_POINT ( 'NONE',  ( -1.550000000000000044, -3.251871122470145875E-15, 1.716666666666666785 ) ) ;
#685 = CARTESIAN_POINT ( 'NONE',  ( -24.44224215611390250, 1.717658861679674187, 5.149999999999999467 ) ) ;
#686 = CARTESIAN_POINT ( 'NONE',  ( -25.00000000000000000, 7.228014483236699514E-16, -5.150000000000000355 ) ) ;
#687 = ORIENTED_EDGE ( 'NONE', *, *, #60, .T. ) ;
#688 = B_SPLINE_CURVE_WITH_KNOTS ( 'NONE', 3,
 ( #1213, #126, #342, #4 ),
 .UNSPECIFIED., .F., .F.,
 ( 4, 4 ),
 ( 0.000000000000000000, 1.000000000000000000 ),
 .UNSPECIFIED. ) ;
#689 = CARTESIAN_POINT ( 'NONE',  ( -9.180000000000001492, -13.10000000000000142, 2.324999999999999734 ) ) ;
#690 = CARTESIAN_POINT ( 'NONE',  ( -9.180000000000001492, -13.10000000000000142, -2.425000000000000266 ) ) ;
#691 = DIRECTION ( 'NONE',  ( 3.898255002195069934E-16, 1.000000000000000000, 0.000000000000000000 ) ) ;
#692 = EDGE_CURVE ( 'NONE', #1272, #593, #1312, .T. ) ;
#693 = CARTESIAN_POINT ( 'NONE',  ( -25.00000000000000000, -10.29999999999998828, -1.716666666666666785 ) ) ;
#694 = CYLINDRICAL_SURFACE ( 'NONE', #369, 2.800000000000000266 ) ;
#695 = ORIENTED_EDGE ( 'NONE', *, *, #449, .T. ) ;
#696 = DIRECTION ( 'NONE',  ( 0.000000000000000000, 1.000000000000000000, 0.000000000000000000 ) ) ;
#697 = ADVANCED_FACE ( 'NONE', ( #199, #1408, #1086 ), #422, .F. ) ;
#698 = CARTESIAN_POINT ( 'NONE',  ( -20.45846583220358639, 5.599999999999998757, 1.850000000000000089 ) ) ;
#699 = B_SPLINE_CURVE_WITH_KNOTS ( 'NONE', 3,
 ( #782, #218, #792, #1305 ),
 .UNSPECIFIED., .F., .F.,
 ( 4, 4 ),
 ( 0.000000000000000000, 1.000000000000000000 ),
 .UNSPECIFIED. ) ;
#700 = FACE_OUTER_BOUND ( 'NONE', #945, .T. ) ;
#701 = CARTESIAN_POINT ( 'NONE',  ( 0.7328940762059863445, -13.02712349467128661, -5.150000000000001243 ) ) ;
#702 = AXIS2_PLACEMENT_3D ( 'NONE', #585, #939, #396 ) ;
#703 = ORIENTED_EDGE ( 'NONE', *, *, #310, .T. ) ;
#704 = CARTESIAN_POINT ( 'NONE',  ( -24.64660188739191682, -11.71013314503850822, -5.149999999999998579 ) ) ;
#705 = PLANE ( 'NONE',  #582 ) ;
#706 = DIRECTION ( 'NONE',  ( 1.000000000000000000, 0.000000000000000000, 0.000000000000000000 ) ) ;
#707 = DIRECTION ( 'NONE',  ( 0.000000000000000000, 0.000000000000000000, 1.000000000000000000 ) ) ;
#708 = B_SPLINE_CURVE_WITH_KNOTS ( 'NONE', 3,
 ( #1106, #1118, #996, #1431 ),
 .UNSPECIFIED., .F., .F.,
 ( 4, 4 ),
 ( 0.000000000000000000, 1.000000000000000000 ),
 .UNSPECIFIED. ) ;
#709 = ORIENTED_EDGE ( 'NONE', *, *, #184, .T. ) ;
#710 = ORIENTED_EDGE ( 'NONE', *, *, #172, .F. ) ;
#711 = CARTESIAN_POINT ( 'NONE',  ( -9.179999999999999716, -15.49999999999999822, 0.7416666666666664742 ) ) ;
#712 = DIRECTION ( 'NONE',  ( -2.065146995210484941E-16, -1.000000000000000000, 0.000000000000000000 ) ) ;
#713 = CARTESIAN_POINT ( 'NONE',  ( -1.241148393871350564, -0.9509855888061667928, 5.149999999999998579 ) ) ;
#714 = CARTESIAN_POINT ( 'NONE',  ( -22.92866478610638481, -13.02895423034386546, 5.149999999999999467 ) ) ;
#715 = VERTEX_POINT ( 'NONE', #951 ) ;
#716 = B_SPLINE_CURVE_WITH_KNOTS ( 'NONE', 3,
 ( #534, #201, #1283, #1185 ),
 .UNSPECIFIED., .F., .F.,
 ( 4, 4 ),
 ( 0.000000000000000000, 1.000000000000000000 ),
 .UNSPECIFIED. ) ;
#717 = CARTESIAN_POINT ( 'NONE',  ( -23.92073081592977246, -12.53906715871490363, -5.149999999999999467 ) ) ;
#718 = CARTESIAN_POINT ( 'NONE',  ( -9.679999999999999716, -13.10000000000000142, 2.324999999999999734 ) ) ;
#719 = CARTESIAN_POINT ( 'NONE',  ( -0.9508826278069515414, -1.241045432872133425, 5.150000000000001243 ) ) ;
#720 = CARTESIAN_POINT ( 'NONE',  ( -22.43273733406281423, -11.84999999999999964, 5.150000000000000355 ) ) ;
#721 = ORIENTED_EDGE ( 'NONE', *, *, #692, .F. ) ;
#722 = EDGE_LOOP ( 'NONE', ( #764, #687, #1262, #959 ) ) ;
#723 = EDGE_CURVE ( 'NONE', #570, #345, #402, .T. ) ;
#724 = ORIENTED_EDGE ( 'NONE', *, *, #956, .T. ) ;
#725 = CARTESIAN_POINT ( 'NONE',  ( 12.80000000000000071, -9.199999999999999289, 2.324999999999999734 ) ) ;
#726 = VERTEX_POINT ( 'NONE', #1385 ) ;
#727 = CARTESIAN_POINT ( 'NONE',  ( 12.80000000000000071, -8.699999999999999289, 2.324999999999999734 ) ) ;
#728 = FILL_AREA_STYLE ('',( #1359 ) ) ;
#729 = ORIENTED_EDGE ( 'NONE', *, *, #662, .F. ) ;
#730 = B_SPLINE_CURVE_WITH_KNOTS ( 'NONE', 3,
 ( #1205, #445, #125, #341 ),
 .UNSPECIFIED., .F., .F.,
 ( 4, 4 ),
 ( 0.000000000000000000, 1.000000000000000000 ),
 .UNSPECIFIED. ) ;
#731 = EDGE_CURVE ( 'NONE', #1087, #1261, #1398, .T. ) ;
#732 = CARTESIAN_POINT ( 'NONE',  ( 0.000000000000000000, 4.336808689942019708E-16, 5.150000000000000355 ) ) ;
#733 = ORIENTED_EDGE ( 'NONE', *, *, #538, .T. ) ;
#734 = CARTESIAN_POINT ( 'NONE',  ( -0.2028945255443425633, 1.549999999999999822, -5.150000000000000355 ) ) ;
#735 = CARTESIAN_POINT ( 'NONE',  ( -9.679999999999999716, -15.03333333333333499, 2.324999999999999734 ) ) ;
#736 = EDGE_CURVE ( 'NONE', #1241, #1162, #699, .T. ) ;
#737 = EDGE_LOOP ( 'NONE', ( #950, #1011, #408, #855, #1193, #555 ) ) ;
#738 = CARTESIAN_POINT ( 'NONE',  ( -25.00000000000000000, 8.673617379884039416E-16, 1.716666666666666785 ) ) ;
#739 = EDGE_CURVE ( 'NONE', #1280, #505, #557, .T. ) ;
#740 = ORIENTED_EDGE ( 'NONE', *, *, #17, .T. ) ;
#741 = CARTESIAN_POINT ( 'NONE',  ( 1.239483605717178749, 0.9525474159611190261, -5.149999999999999467 ) ) ;
#742 = CARTESIAN_POINT ( 'NONE',  ( -21.60000000000000142, 5.028285685708570263, -2.350000000000000089 ) ) ;
#743 = ORIENTED_EDGE ( 'NONE', *, *, #949, .T. ) ;
#744 = CARTESIAN_POINT ( 'NONE',  ( 0.2028945255443461437, -1.549999999999999600, -5.150000000000000355 ) ) ;
#745 = VERTEX_POINT ( 'NONE', #213 ) ;
#746 = CARTESIAN_POINT ( 'NONE',  ( -9.679999999999999716, -16.00000000000000000, -0.8416666666666667851 ) ) ;
#747 = ADVANCED_FACE ( 'NONE', ( #444 ), #574, .T. ) ;
#748 = EDGE_LOOP ( 'NONE', ( #1331, #424, #1400, #287, #1247 ) ) ;
#749 = CARTESIAN_POINT ( 'NONE',  ( -1.550000000000000044, 1.265468359118931886E-16, -5.150000000000000355 ) ) ;
#750 = CARTESIAN_POINT ( 'NONE',  ( 4.647063167147150473E-17, 2.799999999999999822, -5.150000000000000355 ) ) ;
#751 = ORIENTED_EDGE ( 'NONE', *, *, #956, .F. ) ;
#752 = CARTESIAN_POINT ( 'NONE',  ( 0.7806094195748994879, -1.354368901949096982, -5.150000000000000355 ) ) ;
#753 = ORIENTED_EDGE ( 'NONE', *, *, #1198, .T. ) ;
#754 = CARTESIAN_POINT ( 'NONE',  ( -9.679999999999999716, -16.00000000000000000, 0.7416666666666664742 ) ) ;
#755 = ORIENTED_EDGE ( 'NONE', *, *, #1048, .F. ) ;
#756 = CARTESIAN_POINT ( 'NONE',  ( 12.80000000000000071, -8.699999999999999289, -2.425000000000000266 ) ) ;
#757 = CARTESIAN_POINT ( 'NONE',  ( -21.20362634346555808, -8.884309706875333390, 5.149999999999999467 ) ) ;
#758 = B_SPLINE_CURVE_WITH_KNOTS ( 'NONE', 3,
 ( #1417, #195, #735, #1074 ),
 .UNSPECIFIED., .F., .F.,
 ( 4, 4 ),
 ( 0.000000000000000000, 1.000000000000000000 ),
 .UNSPECIFIED. ) ;
#759 = ORIENTED_EDGE ( 'NONE', *, *, #172, .T. ) ;
#760 = CARTESIAN_POINT ( 'NONE',  ( -22.19999999999999929, 2.799999999999999822, -5.150000000000000355 ) ) ;
#761 = CARTESIAN_POINT ( 'NONE',  ( 1.414242046146148901, -12.74497879063829764, 5.149999999999999467 ) ) ;
#762 = CARTESIAN_POINT ( 'NONE',  ( -0.7800000000000001377, -16.00000000000000000, 0.7416666666666664742 ) ) ;
#763 = CARTESIAN_POINT ( 'NONE',  ( 6.133333333333333748, -9.199999999999999289, 2.324999999999998845 ) ) ;
#764 = ORIENTED_EDGE ( 'NONE', *, *, #987, .F. ) ;
#765 = CARTESIAN_POINT ( 'NONE',  ( -22.19999999999999929, -13.10000000000000142, 1.716666666666666785 ) ) ;
#766 = EDGE_CURVE ( 'NONE', #165, #648, #154, .T. ) ;
#767 = CARTESIAN_POINT ( 'NONE',  ( 2.799999999999999822, -8.699999999999999289, 2.324999999999999734 ) ) ;
#768 = CARTESIAN_POINT ( 'NONE',  ( 2.646249976203935021E-15, -13.10000000000000142, 5.150000000000000355 ) ) ;
#769 =( LENGTH_UNIT ( ) NAMED_UNIT ( * ) SI_UNIT ( .MILLI., .METRE. ) );
#770 = CARTESIAN_POINT ( 'NONE',  ( -21.50178799781155092, -11.84999999999999964, -5.150000000000000355 ) ) ;
#771 = CARTESIAN_POINT ( 'NONE',  ( -22.93289407620599007, 2.727123494671284121, -5.150000000000001243 ) ) ;
#772 = ORIENTED_EDGE ( 'NONE', *, *, #1374, .T. ) ;
#773 = VERTEX_POINT ( 'NONE', #314 ) ;
#774 = CARTESIAN_POINT ( 'NONE',  ( 1.717555818532149559, -12.54213911296336548, 5.149999999999999467 ) ) ;
#775 = B_SPLINE_CURVE_WITH_KNOTS ( 'NONE', 3,
 ( #337, #672, #586, #6, #579, #895, #237, #363, #1324, #569 ),
 .UNSPECIFIED., .F., .F.,
 ( 4, 2, 2, 2, 4 ),
 ( 0.000000000000000000, 0.2500000000000000555, 0.5000000000000001110, 0.7500000000000000000, 1.000000000000000000 ),
 .UNSPECIFIED. ) ;
#776 = DIRECTION ( 'NONE',  ( 1.000000000000000000, 0.000000000000000000, 0.000000000000000000 ) ) ;
#777 = CARTESIAN_POINT ( 'NONE',  ( -22.43273733406281423, -8.749999999999998224, -5.150000000000000355 ) ) ;
#778 = EDGE_CURVE ( 'NONE', #1040, #673, #1256, .T. ) ;
#779 = CARTESIAN_POINT ( 'NONE',  ( -3.746666666666666146, -16.00000000000000000, 2.324999999999999734 ) ) ;
#780 = CARTESIAN_POINT ( 'NONE',  ( -21.59999999999999787, 3.009428561902858235, 1.850000000000000089 ) ) ;
#781 = ORIENTED_EDGE ( 'NONE', *, *, #736, .F. ) ;
#782 = CARTESIAN_POINT ( 'NONE',  ( 4.647063167147150473E-17, 2.799999999999999822, -5.150000000000000355 ) ) ;
#783 = EDGE_CURVE ( 'NONE', #165, #570, #174, .T. ) ;
#784 = CARTESIAN_POINT ( 'NONE',  ( -1.607709995918910096E-16, 2.799999999999999822, 5.150000000000000355 ) ) ;
#785 = CARTESIAN_POINT ( 'NONE',  ( 12.80000000000000071, -9.199999999999999289, -2.425000000000000266 ) ) ;
#786 = B_SPLINE_CURVE_WITH_KNOTS ( 'NONE', 3,
 ( #1073, #316, #954, #521, #409, #527, #967, #1401, #415, #649, #1088, #425, #870, #863, #194, #639, #1081, #86 ),
 .UNSPECIFIED., .F., .F.,
 ( 4, 2, 2, 2, 2, 2, 2, 2, 4 ),
 ( 0.000000000000000000, 0.1250000000000000278, 0.2500000000000000000, 0.3749999999999999445, 0.5000000000000000000, 0.6250000000000000000, 0.7500000000000000000, 0.8750000000000001110, 1.000000000000000000 ),
 .UNSPECIFIED. ) ;
#787 = CARTESIAN_POINT ( 'NONE',  ( 12.80000000000000071, -2.700000000000000178, -2.425000000000000266 ) ) ;
#788 = CARTESIAN_POINT ( 'NONE',  ( -1.607709995918910096E-16, 2.799999999999999822, 5.150000000000000355 ) ) ;
#789 = STYLED_ITEM ( 'NONE', ( #599 ), #1183 ) ;
#790 = ORIENTED_EDGE ( 'NONE', *, *, #647, .F. ) ;
#791 = B_SPLINE_CURVE_WITH_KNOTS ( 'NONE', 3,
 ( #1220, #1329, #1002, #216 ),
 .UNSPECIFIED., .F., .F.,
 ( 4, 4 ),
 ( 0.000000000000000000, 1.000000000000000000 ),
 .UNSPECIFIED. ) ;
#792 = CARTESIAN_POINT ( 'NONE',  ( -4.523524808411243319E-15, 2.800000000000000266, 1.716666666666666785 ) ) ;
#793 = CYLINDRICAL_SURFACE ( 'NONE', #517, 2.800000000000000266 ) ;
#794 = CARTESIAN_POINT ( 'NONE',  ( -9.679999999999999716, -16.00000000000000000, -2.425000000000000266 ) ) ;
#795 = DIRECTION ( 'NONE',  ( 0.000000000000000000, 0.000000000000000000, -1.000000000000000000 ) ) ;
#796 = CARTESIAN_POINT ( 'NONE',  ( 12.80000000000000071, -9.199999999999999289, -2.425000000000000266 ) ) ;
#797 = B_SPLINE_CURVE_WITH_KNOTS ( 'NONE', 3,
 ( #808, #1244, #1239, #1269 ),
 .UNSPECIFIED., .F., .F.,
 ( 4, 4 ),
 ( 0.000000000000000000, 1.000000000000000000 ),
 .UNSPECIFIED. ) ;
#798 = ADVANCED_FACE ( 'NONE', ( #993 ), #564, .F. ) ;
#799 = CARTESIAN_POINT ( 'NONE',  ( 2.800000000000001155, -6.866666666666667140, -5.150000000000000355 ) ) ;
#800 = DIRECTION ( 'NONE',  ( 0.000000000000000000, -1.000000000000000000, -8.673617379884039416E-16 ) ) ;
#801 = FACE_BOUND ( 'NONE', #1286, .T. ) ;
#802 = CARTESIAN_POINT ( 'NONE',  ( -22.89821200218845121, -11.84999999999999964, -5.150000000000000355 ) ) ;
#803 = CARTESIAN_POINT ( 'NONE',  ( -7.400000000000000355, 2.799999999999999822, 5.150000000000000355 ) ) ;
#804 = VERTEX_POINT ( 'NONE', #1321 ) ;
#805 = EDGE_CURVE ( 'NONE', #745, #645, #421, .T. ) ;
#806 = CARTESIAN_POINT ( 'NONE',  ( 2.800000000000000711, -3.433333333333333570, -5.150000000000000355 ) ) ;
#807 = CARTESIAN_POINT ( 'NONE',  ( -9.679999999999999716, -13.10000000000000142, -2.425000000000000266 ) ) ;
#808 = CARTESIAN_POINT ( 'NONE',  ( 2.799999999999999822, -10.30000000000000071, 5.150000000000000355 ) ) ;
#809 = CARTESIAN_POINT ( 'NONE',  ( -25.00000000000000000, 7.228014483236699514E-16, 5.150000000000000355 ) ) ;
#810 = VERTEX_POINT ( 'NONE', #903 ) ;
#811 = ORIENTED_EDGE ( 'NONE', *, *, #1160, .T. ) ;
#812 = EDGE_CURVE ( 'NONE', #505, #966, #957, .T. ) ;
#813 = CARTESIAN_POINT ( 'NONE',  ( -9.180000000000001492, -13.10000000000000142, -0.8416666666666667851 ) ) ;
#814 = CARTESIAN_POINT ( 'NONE',  ( -0.7800000000000000266, -16.00000000000000000, -2.425000000000000266 ) ) ;
#815 = CARTESIAN_POINT ( 'NONE',  ( 2.800000000000000266, -8.700000000000001066, -0.8416666666666667851 ) ) ;
#816 = CARTESIAN_POINT ( 'NONE',  ( 2.799999999999999822, -9.199999999999999289, -2.425000000000000266 ) ) ;
#817 = ORIENTED_EDGE ( 'NONE', *, *, #1008, .T. ) ;
#818 = VERTEX_POINT ( 'NONE', #1334 ) ;
#819 = CARTESIAN_POINT ( 'NONE',  ( -9.179999999999999716, -15.49999999999999822, -0.8416666666666667851 ) ) ;
#820 = CARTESIAN_POINT ( 'NONE',  ( -0.7800000000000000266, -15.50000000000000000, -2.425000000000000266 ) ) ;
#821 = CARTESIAN_POINT ( 'NONE',  ( -1.510671091797501919, -0.4034529770189299036, 5.150000000000000355 ) ) ;
#822 = CARTESIAN_POINT ( 'NONE',  ( -25.00000000000000000, -10.67111240822741358, 5.149999999999999467 ) ) ;
#823 = EDGE_CURVE ( 'NONE', #262, #1151, #1077, .T. ) ;
#824 = ORIENTED_EDGE ( 'NONE', *, *, #1234, .T. ) ;
#825 = VERTEX_POINT ( 'NONE', #384 ) ;
#826 = CARTESIAN_POINT ( 'NONE',  ( -25.00000000000000000, -10.30000000000000071, -5.150000000000000355 ) ) ;
#827 = FACE_OUTER_BOUND ( 'NONE', #52, .T. ) ;
#828 = B_SPLINE_CURVE_WITH_KNOTS ( 'NONE', 3,
 ( #881, #635, #765, #197 ),
 .UNSPECIFIED., .F., .F.,
 ( 4, 4 ),
 ( 0.000000000000000000, 1.000000000000000000 ),
 .UNSPECIFIED. ) ;
#829 = EDGE_CURVE ( 'NONE', #102, #1280, #34, .T. ) ;
#830 = CARTESIAN_POINT ( 'NONE',  ( -21.50178799781155092, -8.750000000000000000, 5.150000000000000355 ) ) ;
#831 = CARTESIAN_POINT ( 'NONE',  ( -24.64497879063614150, -11.71424204614945452, 5.149999999999998579 ) ) ;
#832 = ORIENTED_EDGE ( 'NONE', *, *, #739, .F. ) ;
#833 = AXIS2_PLACEMENT_3D ( 'NONE', #561, #138, #914 ) ;
#834 = CARTESIAN_POINT ( 'NONE',  ( -20.86125649990667696, -11.36059542589375582, -5.150000000000000355 ) ) ;
#835 = CARTESIAN_POINT ( 'NONE',  ( 2.799999999999999822, -8.334246010920460621E-17, -5.150000000000000355 ) ) ;
#836 = AXIS2_PLACEMENT_3D ( 'NONE', #1266, #971, #1189 ) ;
#837 = EDGE_LOOP ( 'NONE', ( #1062, #811, #1083, #427, #157 ) ) ;
#838 = CARTESIAN_POINT ( 'NONE',  ( -21.50178799781154737, -8.750000000000001776, 1.716666666666666785 ) ) ;
#839 = CARTESIAN_POINT ( 'NONE',  ( 0.000000000000000000, 0.000000000000000000, -5.150000000000000355 ) ) ;
#840 = ADVANCED_FACE ( 'NONE', ( #368 ), #29, .T. ) ;
#841 = ORIENTED_EDGE ( 'NONE', *, *, #1110, .F. ) ;
#842 = AXIS2_PLACEMENT_3D ( 'NONE', #802, #906, #795 ) ;
#843 = ORIENTED_EDGE ( 'NONE', *, *, #845, .F. ) ;
#844 = B_SPLINE_CURVE_WITH_KNOTS ( 'NONE', 3,
 ( #1430, #1345, #779, #1338 ),
 .UNSPECIFIED., .F., .F.,
 ( 4, 4 ),
 ( 0.000000000000000000, 1.000000000000000000 ),
 .UNSPECIFIED. ) ;
#845 = EDGE_CURVE ( 'NONE', #299, #1325, #439, .T. ) ;
#846 = FACE_OUTER_BOUND ( 'NONE', #352, .T. ) ;
#847 = VERTEX_POINT ( 'NONE', #489 ) ;
#848 = CARTESIAN_POINT ( 'NONE',  ( 2.799999999999999822, -2.700000000000000178, 2.324999999999999734 ) ) ;
#849 = CARTESIAN_POINT ( 'NONE',  ( 2.800000000000002043, -10.66651914291881909, -5.150000000000000355 ) ) ;
#850 = CARTESIAN_POINT ( 'NONE',  ( -24.99999999999999645, -6.866666666666667140, -5.150000000000000355 ) ) ;
#851 = ADVANCED_FACE ( 'NONE', ( #604, #44 ), #1249, .F. ) ;
#852 = ORIENTED_EDGE ( 'NONE', *, *, #1194, .F. ) ;
#853 = CARTESIAN_POINT ( 'NONE',  ( 1.550000000000000044, 6.503742244940291749E-15, -1.716666666666666785 ) ) ;
#854 = B_SPLINE_CURVE_WITH_KNOTS ( 'NONE', 3,
 ( #1079, #754, #746, #629 ),
 .UNSPECIFIED., .F., .F.,
 ( 4, 4 ),
 ( 0.000000000000000000, 1.000000000000000000 ),
 .UNSPECIFIED. ) ;
#855 = ORIENTED_EDGE ( 'NONE', *, *, #488, .F. ) ;
#856 = CARTESIAN_POINT ( 'NONE',  ( 6.133333333333333748, -8.700000000000001066, 2.324999999999999734 ) ) ;
#857 = CARTESIAN_POINT ( 'NONE',  ( 2.799999999999999822, -8.334246010920460621E-17, -5.150000000000000355 ) ) ;
#858 = VERTEX_POINT ( 'NONE', #264 ) ;
#859 = B_SPLINE_CURVE_WITH_KNOTS ( 'NONE', 3,
 ( #897, #1104, #905, #208 ),
 .UNSPECIFIED., .F., .F.,
 ( 4, 4 ),
 ( 0.000000000000000000, 1.000000000000000000 ),
 .UNSPECIFIED. ) ;
#860 = EDGE_CURVE ( 'NONE', #588, #1175, #875, .T. ) ;
#861 = PLANE ( 'NONE',  #1265 ) ;
#862 = ORIENTED_EDGE ( 'NONE', *, *, #332, .T. ) ;
#863 = CARTESIAN_POINT ( 'NONE',  ( 1.241148393872346434, 0.9509855888056329976, 5.149999999999999467 ) ) ;
#864 = CARTESIAN_POINT ( 'NONE',  ( -20.52300584561059082, -9.976291145293552987, -5.149999999999999467 ) ) ;
#865 = ORIENTED_EDGE ( 'NONE', *, *, #1125, .F. ) ;
#866 = CARTESIAN_POINT ( 'NONE',  ( 0.4057092207568898101, -1.509657648835887933, -5.149999999999999467 ) ) ;
#867 = PRODUCT_DEFINITION_CONTEXT ( 'detailed design', #1333, 'design' ) ;
#868 = CARTESIAN_POINT ( 'NONE',  ( 2.799999999999999822, 2.799999999999999822, 5.150000000000000355 ) ) ;
#869 = B_SPLINE_CURVE_WITH_KNOTS ( 'NONE', 3,
 ( #727, #27, #856, #63 ),
 .UNSPECIFIED., .F., .F.,
 ( 4, 4 ),
 ( 0.000000000000000000, 1.000000000000000000 ),
 .UNSPECIFIED. ) ;
#870 = CARTESIAN_POINT ( 'NONE',  ( 0.9508826278059485659, 1.241045432872666554, 5.150000000000000355 ) ) ;
#871 = FACE_OUTER_BOUND ( 'NONE', #463, .T. ) ;
#872 = VERTEX_POINT ( 'NONE', #1235 ) ;
#873 = CARTESIAN_POINT ( 'NONE',  ( 6.133333333333333748, -3.200000000000000178, 2.325000000000000178 ) ) ;
#874 = ORIENTED_EDGE ( 'NONE', *, *, #365, .T. ) ;
#875 = B_SPLINE_CURVE_WITH_KNOTS ( 'NONE', 3,
 ( #1042, #1363, #497, #1132 ),
 .UNSPECIFIED., .F., .F.,
 ( 4, 4 ),
 ( 0.000000000000000000, 1.000000000000000000 ),
 .UNSPECIFIED. ) ;
#876 = CARTESIAN_POINT ( 'NONE',  ( 0.7287851750983448396, -13.02874659142489833, 5.150000000000000355 ) ) ;
#877 = CARTESIAN_POINT ( 'NONE',  ( -0.4057092207568860354, 1.509657648835888821, -5.149999999999999467 ) ) ;
#878 = CARTESIAN_POINT ( 'NONE',  ( -22.19999999999999929, 2.799999999999999822, 5.150000000000000355 ) ) ;
#879 = EDGE_CURVE ( 'NONE', #715, #7, #611, .T. ) ;
#880 = ORIENTED_EDGE ( 'NONE', *, *, #227, .F. ) ;
#881 = CARTESIAN_POINT ( 'NONE',  ( -22.19999999999999929, -13.10000000000000142, -5.150000000000000355 ) ) ;
#882 = B_SPLINE_CURVE_WITH_KNOTS ( 'NONE', 3,
 ( #226, #1337, #470, #677 ),
 .UNSPECIFIED., .F., .F.,
 ( 4, 4 ),
 ( 0.000000000000000000, 1.000000000000000000 ),
 .UNSPECIFIED. ) ;
#883 = CARTESIAN_POINT ( 'NONE',  ( 2.799999999999999822, -2.700000000000000178, -2.425000000000000266 ) ) ;
#884 = AXIS2_PLACEMENT_3D ( 'NONE', #1317, #81, #537 ) ;
#885 = CARTESIAN_POINT ( 'NONE',  ( -14.80000000000000071, -13.10000000000000142, 5.150000000000000355 ) ) ;
#886 = CARTESIAN_POINT ( 'NONE',  ( -14.80000000000000071, 2.799999999999999822, -5.150000000000000355 ) ) ;
#887 = CARTESIAN_POINT ( 'NONE',  ( -21.50178799781155092, -11.84999999999999964, -5.150000000000000355 ) ) ;
#888 = CARTESIAN_POINT ( 'NONE',  ( 12.80000000000000071, -8.866666666666667140, 2.324999999999999289 ) ) ;
#889 = CARTESIAN_POINT ( 'NONE',  ( -9.679999999999999716, -13.10000000000000142, -0.8416666666666667851 ) ) ;
#890 = EDGE_CURVE ( 'NONE', #7, #1067, #90, .T. ) ;
#891 = CARTESIAN_POINT ( 'NONE',  ( -22.89821200218845121, -8.750000000000000000, -5.150000000000000355 ) ) ;
#892 = CARTESIAN_POINT ( 'NONE',  ( -1.550000000000000044, -3.251871122470145875E-15, -1.716666666666666785 ) ) ;
#893 = B_SPLINE_CURVE_WITH_KNOTS ( 'NONE', 3,
 ( #826, #476, #580, #704, #1257, #717, #1154, #1303, #419, #89 ),
 .UNSPECIFIED., .F., .F.,
 ( 4, 2, 2, 2, 4 ),
 ( 0.000000000000000000, 0.2500000000000000000, 0.5000000000000000000, 0.7500000000000000000, 1.000000000000000000 ),
 .UNSPECIFIED. ) ;
#894 = CARTESIAN_POINT ( 'NONE',  ( -23.91755581853076862, 2.242139112964994574, 5.150000000000000355 ) ) ;
#895 = CARTESIAN_POINT ( 'NONE',  ( 1.720730815929761404, 2.239067158714905137, -5.149999999999999467 ) ) ;
#896 = CARTESIAN_POINT ( 'NONE',  ( 2.800000000000001599, -8.866666666666667140, 2.325000000000000178 ) ) ;
#897 = CARTESIAN_POINT ( 'NONE',  ( -18.80000000000000071, 5.028285685708570263, 1.850000000000000089 ) ) ;
#898 = CARTESIAN_POINT ( 'NONE',  ( -22.19999999999999929, 2.799999999999999822, -5.150000000000000355 ) ) ;
#899 = CARTESIAN_POINT ( 'NONE',  ( -22.89821200218845121, -11.84999999999999964, -5.150000000000000355 ) ) ;
#900 = CARTESIAN_POINT ( 'NONE',  ( 12.80000000000000071, -9.199999999999999289, 0.7416666666666664742 ) ) ;
#901 = ORIENTED_EDGE ( 'NONE', *, *, #84, .F. ) ;
#902 = ORIENTED_EDGE ( 'NONE', *, *, #305, .F. ) ;
#903 = CARTESIAN_POINT ( 'NONE',  ( -0.7800000000000000266, -16.00000000000000000, 2.324999999999999734 ) ) ;
#904 = EDGE_CURVE ( 'NONE', #23, #1067, #1347, .T. ) ;
#905 = CARTESIAN_POINT ( 'NONE',  ( -18.80000000000000426, 5.028285685708576480, -0.9499999999999998446 ) ) ;
#906 = DIRECTION ( 'NONE',  ( 0.000000000000000000, -1.000000000000000000, 0.000000000000000000 ) ) ;
#907 = CARTESIAN_POINT ( 'NONE',  ( 12.80000000000000071, -9.199999999999999289, -0.8416666666666667851 ) ) ;
#908 = ORIENTED_EDGE ( 'NONE', *, *, #783, .F. ) ;
#909 = CARTESIAN_POINT ( 'NONE',  ( -21.41320720798583821, 5.211379244256763243, -2.350000000000000089 ) ) ;
#910 = CARTESIAN_POINT ( 'NONE',  ( 12.80000000000000071, -3.200000000000000178, 2.324999999999999734 ) ) ;
#911 = CARTESIAN_POINT ( 'NONE',  ( -6.379999999999999005, -15.49999999999999822, 2.324999999999999734 ) ) ;
#912 = ADVANCED_FACE ( 'NONE', ( #1369 ), #1147, .F. ) ;
#913 = FACE_OUTER_BOUND ( 'NONE', #1101, .T. ) ;
#914 = DIRECTION ( 'NONE',  ( 1.000000000000000000, 0.000000000000000000, 0.000000000000000000 ) ) ;
#915 = EDGE_LOOP ( 'NONE', ( #1233, #1386, #563, #1375 ) ) ;
#916 = EDGE_CURVE ( 'NONE', #1311, #715, #367, .T. ) ;
#917 = EDGE_LOOP ( 'NONE', ( #278, #733, #253, #329 ) ) ;
#918 = CARTESIAN_POINT ( 'NONE',  ( -25.00000000000000000, 2.799999999999999822, 5.150000000000000355 ) ) ;
#919 = CARTESIAN_POINT ( 'NONE',  ( 2.800000000000001599, -8.866666666666667140, -2.425000000000000266 ) ) ;
#920 = B_SPLINE_CURVE_WITH_KNOTS ( 'NONE', 3,
 ( #448, #554, #780, #1226 ),
 .UNSPECIFIED., .F., .F.,
 ( 4, 4 ),
 ( 0.000000000000000000, 1.000000000000000000 ),
 .UNSPECIFIED. ) ;
#921 = CARTESIAN_POINT ( 'NONE',  ( -21.59999999999999787, 5.028285685708570263, 0.4500000000000002887 ) ) ;
#922 = CYLINDRICAL_SURFACE ( 'NONE', #1172, 1.700000000000000178 ) ;
#923 = ORIENTED_EDGE ( 'NONE', *, *, #937, .T. ) ;
#924 = B_SPLINE_CURVE_WITH_KNOTS ( 'NONE', 3,
 ( #1029, #1236, #148, #1155, #1127, #1134 ),
 .UNSPECIFIED., .F., .F.,
 ( 4, 2, 4 ),
 ( 0.000000000000000000, 0.5000000000000000000, 1.000000000000000000 ),
 .UNSPECIFIED. ) ;
#925 = CARTESIAN_POINT ( 'NONE',  ( -22.89821200218845121, -8.750000000000000000, -5.150000000000000355 ) ) ;
#926 = CARTESIAN_POINT ( 'NONE',  ( -9.513333333333331865, -13.10000000000000142, 2.324999999999999734 ) ) ;
#927 = DIRECTION ( 'NONE',  ( 0.000000000000000000, 0.000000000000000000, 1.000000000000000000 ) ) ;
#928 = CARTESIAN_POINT ( 'NONE',  ( -21.60000000000000142, 5.028285685708570263, -2.350000000000000089 ) ) ;
#929 = CARTESIAN_POINT ( 'NONE',  ( -22.89821200218845121, -8.750000000000000000, -5.150000000000000355 ) ) ;
#930 = ORIENTED_EDGE ( 'NONE', *, *, #1348, .F. ) ;
#931 = CARTESIAN_POINT ( 'NONE',  ( -18.80000000000000071, 5.028285685708580921, -2.350000000000000089 ) ) ;
#932 = CARTESIAN_POINT ( 'NONE',  ( -22.89821200218845121, -11.84999999999999964, -5.150000000000000355 ) ) ;
#933 = CARTESIAN_POINT ( 'NONE',  ( 6.133333333333333748, -9.199999999999999289, -2.425000000000000266 ) ) ;
#934 = ORIENTED_EDGE ( 'NONE', *, *, #766, .F. ) ;
#935 = ORIENTED_EDGE ( 'NONE', *, *, #1344, .F. ) ;
#936 = CARTESIAN_POINT ( 'NONE',  ( -3.579999999999999627, -15.50000000000000000, -2.425000000000000266 ) ) ;
#937 = EDGE_CURVE ( 'NONE', #634, #270, #893, .T. ) ;
#938 = CARTESIAN_POINT ( 'NONE',  ( -22.89821200218845121, -8.750000000000000000, 5.150000000000000355 ) ) ;
#939 = DIRECTION ( 'NONE',  ( 0.000000000000000000, 0.000000000000000000, -1.000000000000000000 ) ) ;
#940 = CARTESIAN_POINT ( 'NONE',  ( 12.80000000000000071, -3.200000000000000178, 2.324999999999999734 ) ) ;
#941 = EDGE_LOOP ( 'NONE', ( #641, #1271, #303, #1390 ) ) ;
#942 = CARTESIAN_POINT ( 'NONE',  ( -25.00000000000000000, 7.228014483236699514E-16, -5.150000000000000355 ) ) ;
#943 = PRODUCT_RELATED_PRODUCT_CATEGORY ( 'part', '', ( #500 ) ) ;
#944 = CARTESIAN_POINT ( 'NONE',  ( -21.41541847580943170, 5.209211768251082120, 1.849999999999999867 ) ) ;
#945 = EDGE_LOOP ( 'NONE', ( #1240, #930, #93, #178 ) ) ;
#946 = CARTESIAN_POINT ( 'NONE',  ( 2.800000000000000266, -8.700000000000001066, 0.7416666666666664742 ) ) ;
#947 = B_SPLINE_CURVE_WITH_KNOTS ( 'NONE', 3,
 ( #898, #886, #453, #1219 ),
 .UNSPECIFIED., .F., .F.,
 ( 4, 4 ),
 ( 0.000000000000000000, 1.000000000000000000 ),
 .UNSPECIFIED. ) ;
#948 = ORIENTED_EDGE ( 'NONE', *, *, #266, .F. ) ;
#949 = EDGE_CURVE ( 'NONE', #978, #1159, #294, .T. ) ;
#950 = ORIENTED_EDGE ( 'NONE', *, *, #1110, .T. ) ;
#951 = CARTESIAN_POINT ( 'NONE',  ( -9.180000000000001492, -15.50000000000000000, -2.425000000000000266 ) ) ;
#952 = AXIS2_PLACEMENT_3D ( 'NONE', #214, #234, #776 ) ;
#953 = ORIENTED_EDGE ( 'NONE', *, *, #1125, .T. ) ;
#954 = CARTESIAN_POINT ( 'NONE',  ( -1.510463502131633051, 0.4035734716790562171, 5.150000000000001243 ) ) ;
#955 = CARTESIAN_POINT ( 'NONE',  ( -22.19999999999999929, 2.799999999999999822, 5.150000000000000355 ) ) ;
#956 = EDGE_CURVE ( 'NONE', #270, #1004, #828, .T. ) ;
#957 = B_SPLINE_CURVE_WITH_KNOTS ( 'NONE', 3,
 ( #556, #999, #207, #1 ),
 .UNSPECIFIED., .F., .F.,
 ( 4, 4 ),
 ( 0.000000000000000000, 1.000000000000000000 ),
 .UNSPECIFIED. ) ;
#958 = CARTESIAN_POINT ( 'NONE',  ( 2.799999999999999822, -5.440666965145416122E-15, 1.716666666666666785 ) ) ;
#959 = ORIENTED_EDGE ( 'NONE', *, *, #1380, .F. ) ;
#960 = CARTESIAN_POINT ( 'NONE',  ( 1.509657648835889487, 0.4057092207568847031, -5.149999999999999467 ) ) ;
#961 = DIRECTION ( 'NONE',  ( 1.000000000000000000, 1.363776317591829836E-16, 0.000000000000000000 ) ) ;
#962 = VERTEX_POINT ( 'NONE', #942 ) ;
#963 = EDGE_CURVE ( 'NONE', #182, #773, #45, .T. ) ;
#964 = B_SPLINE_CURVE_WITH_KNOTS ( 'NONE', 3,
 ( #536, #311, #850, #1170 ),
 .UNSPECIFIED., .F., .F.,
 ( 4, 4 ),
 ( 0.000000000000000000, 1.000000000000000000 ),
 .UNSPECIFIED. ) ;
#965 = FACE_OUTER_BOUND ( 'NONE', #1181, .T. ) ;
#966 = VERTEX_POINT ( 'NONE', #643 ) ;
#967 = CARTESIAN_POINT ( 'NONE',  ( -0.7826894465616318630, 1.353428523623583013, 5.149999999999999467 ) ) ;
#968 = CARTESIAN_POINT ( 'NONE',  ( -20.61595719158670548, -9.661608066205284118, -5.149999999999999467 ) ) ;
#969 = ORIENTED_EDGE ( 'NONE', *, *, #1035, .F. ) ;
#970 = CARTESIAN_POINT ( 'NONE',  ( -21.50178799781155092, -11.84999999999999964, -5.150000000000000355 ) ) ;
#971 = DIRECTION ( 'NONE',  ( 0.000000000000000000, 0.000000000000000000, -1.000000000000000000 ) ) ;
#972 = AXIS2_PLACEMENT_3D ( 'NONE', #989, #410, #961 ) ;
#973 = VERTEX_POINT ( 'NONE', #1076 ) ;
#974 = FACE_OUTER_BOUND ( 'NONE', #562, .T. ) ;
#975 = CARTESIAN_POINT ( 'NONE',  ( -23.45052917325452313, -9.102819496963807211, 5.149999999999999467 ) ) ;
#976 = EDGE_LOOP ( 'NONE', ( #1282, #935, #948, #487 ) ) ;
#977 = CARTESIAN_POINT ( 'NONE',  ( -1.239483605717176751, -0.9525474159611211356, -5.149999999999999467 ) ) ;
#978 = VERTEX_POINT ( 'NONE', #550 ) ;
#979 = CYLINDRICAL_SURFACE ( 'NONE', #322, 2.799999999999999822 ) ;
#980 = ADVANCED_FACE ( 'NONE', ( #992 ), #392, .T. ) ;
#981 = CARTESIAN_POINT ( 'NONE',  ( 2.799999999999999822, -10.30000000000000071, -5.150000000000000355 ) ) ;
#982 = CARTESIAN_POINT ( 'NONE',  ( -0.7800000000000000266, -15.50000000000000000, -2.425000000000000266 ) ) ;
#983 = EDGE_LOOP ( 'NONE', ( #628, #880, #456, #1368 ) ) ;
#984 = CARTESIAN_POINT ( 'NONE',  ( 2.799999999999999822, -3.200000000000000178, 2.324999999999999734 ) ) ;
#985 = EDGE_LOOP ( 'NONE', ( #817, #1034, #200, #753 ) ) ;
#986 = CARTESIAN_POINT ( 'NONE',  ( -9.679999999999999716, -13.10000000000000142, -2.425000000000000266 ) ) ;
#987 = EDGE_CURVE ( 'NONE', #1418, #818, #380, .T. ) ;
#988 = CARTESIAN_POINT ( 'NONE',  ( -0.7800000000000000266, -15.50000000000000000, 2.324999999999999734 ) ) ;
#989 = CARTESIAN_POINT ( 'NONE',  ( 12.80000000000000071, -3.200000000000000178, 2.324999999999999734 ) ) ;
#990 = B_SPLINE_CURVE_WITH_KNOTS ( 'NONE', 3,
 ( #1392, #1182, #512, #286 ),
 .UNSPECIFIED., .F., .F.,
 ( 4, 4 ),
 ( 0.000000000000000000, 1.000000000000000000 ),
 .UNSPECIFIED. ) ;
#991 = CARTESIAN_POINT ( 'NONE',  ( -21.60000000000000142, 5.028285685708570263, -2.350000000000000089 ) ) ;
#992 = FACE_OUTER_BOUND ( 'NONE', #486, .T. ) ;
#993 = FACE_OUTER_BOUND ( 'NONE', #1267, .T. ) ;
#994 = PLANE ( 'NONE',  #70 ) ;
#995 = FACE_BOUND ( 'NONE', #651, .T. ) ;
#996 = CARTESIAN_POINT ( 'NONE',  ( -0.7800000000000001377, -15.83333333333333393, -2.425000000000000266 ) ) ;
#997 = EDGE_CURVE ( 'NONE', #810, #847, #252, .T. ) ;
#998 = ORIENTED_EDGE ( 'NONE', *, *, #80, .F. ) ;
#999 = CARTESIAN_POINT ( 'NONE',  ( -18.80000000000000071, 2.799999999999999822, -0.9499999999999998446 ) ) ;
#1000 = CARTESIAN_POINT ( 'NONE',  ( -22.19999999999999929, -13.10000000000000142, 5.150000000000000355 ) ) ;
#1001 = DIRECTION ( 'NONE',  ( 6.240012503513698929E-17, 1.000000000000000000, 0.000000000000000000 ) ) ;
#1002 = CARTESIAN_POINT ( 'NONE',  ( -21.60000000000000142, 2.799999999999999822, -0.9499999999999998446 ) ) ;
#1003 = CARTESIAN_POINT ( 'NONE',  ( 2.799999999999999822, -9.199999999999999289, 2.324999999999999734 ) ) ;
#1004 = VERTEX_POINT ( 'NONE', #54 ) ;
#1005 = EDGE_CURVE ( 'NONE', #571, #872, #306, .T. ) ;
#1006 = CARTESIAN_POINT ( 'NONE',  ( 2.646249976203935021E-15, -13.10000000000000142, 5.150000000000000355 ) ) ;
#1007 = CARTESIAN_POINT ( 'NONE',  ( 2.727123494671284565, 0.7328940762059806824, 5.150000000000001243 ) ) ;
#1008 = EDGE_CURVE ( 'NONE', #543, #962, #1287, .T. ) ;
#1009 = DIRECTION ( 'NONE',  ( 1.000000000000000000, 2.182042108146930006E-16, 0.000000000000000000 ) ) ;
#1010 = CARTESIAN_POINT ( 'NONE',  ( -22.19999999999999929, 2.799999999999999822, 5.150000000000000355 ) ) ;
#1011 = ORIENTED_EDGE ( 'NONE', *, *, #538, .F. ) ;
#1012 = CARTESIAN_POINT ( 'NONE',  ( 2.799999999999999822, -8.334246010920460621E-17, -5.150000000000000355 ) ) ;
#1013 = B_SPLINE_CURVE_WITH_KNOTS ( 'NONE', 3,
 ( #785, #459, #355, #1230 ),
 .UNSPECIFIED., .F., .F.,
 ( 4, 4 ),
 ( 0.000000000000000000, 1.000000000000000000 ),
 .UNSPECIFIED. ) ;
#1014 = CARTESIAN_POINT ( 'NONE',  ( 2.800000000000000711, 0.3665191429188048855, 5.150000000000000355 ) ) ;
#1015 = CARTESIAN_POINT ( 'NONE',  ( -0.7800000000000000266, -15.50000000000000000, 0.7416666666666664742 ) ) ;
#1016 = AXIS2_PLACEMENT_3D ( 'NONE', #608, #1150, #374 ) ;
#1017 = CYLINDRICAL_SURFACE ( 'NONE', #399, 1.550000000000000044 ) ;
#1018 = CARTESIAN_POINT ( 'NONE',  ( 12.80000000000000071, -3.200000000000000178, -2.425000000000000266 ) ) ;
#1019 = ORIENTED_EDGE ( 'NONE', *, *, #587, .F. ) ;
#1020 = AXIS2_PLACEMENT_3D ( 'NONE', #1414, #323, #116 ) ;
#1021 = CARTESIAN_POINT ( 'NONE',  ( -9.180000000000001492, -13.10000000000000142, 0.7416666666666664742 ) ) ;
#1022 = EDGE_CURVE ( 'NONE', #1412, #284, #920, .T. ) ;
#1023 = CARTESIAN_POINT ( 'NONE',  ( 2.800000000000001599, -9.033333333333333215, -2.425000000000000266 ) ) ;
#1024 = CARTESIAN_POINT ( 'NONE',  ( -21.50178799781155092, -8.750000000000000000, -5.150000000000000355 ) ) ;
#1025 = CARTESIAN_POINT ( 'NONE',  ( -1.550000000000002265, -0.2057332036303001488, 5.149999999999998579 ) ) ;
#1026 = CARTESIAN_POINT ( 'NONE',  ( -9.180000000000001492, -13.10000000000000142, 2.324999999999999734 ) ) ;
#1027 = ORIENTED_EDGE ( 'NONE', *, *, #177, .T. ) ;
#1028 = CARTESIAN_POINT ( 'NONE',  ( -23.19466512238976108, -8.883540081684369483, -5.150000000000000355 ) ) ;
#1029 = CARTESIAN_POINT ( 'NONE',  ( -20.50000000000000000, -10.30000000000000071, 5.150000000000000355 ) ) ;
#1030 = CARTESIAN_POINT ( 'NONE',  ( -25.00000000000000000, -3.433333333333333570, 5.150000000000000355 ) ) ;
#1031 = CARTESIAN_POINT ( 'NONE',  ( -21.96726266593718080, -11.84999999999999964, 5.150000000000000355 ) ) ;
#1032 = B_SPLINE_CURVE_WITH_KNOTS ( 'NONE', 3,
 ( #404, #251, #701, #156, #1294, #640, #1423, #1097, #849, #528 ),
 .UNSPECIFIED., .F., .F.,
 ( 4, 2, 2, 2, 4 ),
 ( 0.000000000000000000, 0.2500000000000000555, 0.5000000000000000000, 0.7500000000000000000, 1.000000000000000000 ),
 .UNSPECIFIED. ) ;
#1033 = ORIENTED_EDGE ( 'NONE', *, *, #1137, .T. ) ;
#1034 = ORIENTED_EDGE ( 'NONE', *, *, #587, .T. ) ;
#1035 = EDGE_CURVE ( 'NONE', #1325, #1241, #775, .T. ) ;
#1036 = CARTESIAN_POINT ( 'NONE',  ( 12.80000000000000071, -2.700000000000000178, 2.324999999999999734 ) ) ;
#1037 = B_SPLINE_CURVE_WITH_KNOTS ( 'NONE', 3,
 ( #462, #1221, #473, #243 ),
 .UNSPECIFIED., .F., .F.,
 ( 4, 4 ),
 ( 0.000000000000000000, 1.000000000000000000 ),
 .UNSPECIFIED. ) ;
#1038 = CARTESIAN_POINT ( 'NONE',  ( -9.679999999999999716, -16.00000000000000000, -2.425000000000000266 ) ) ;
#1039 = CARTESIAN_POINT ( 'NONE',  ( 0.4036291937705011046, -1.510598027161404566, 5.149999999999999467 ) ) ;
#1040 = VERTEX_POINT ( 'NONE', #1330 ) ;
#1041 = EDGE_CURVE ( 'NONE', #804, #210, #1166, .T. ) ;
#1042 = CARTESIAN_POINT ( 'NONE',  ( -22.89821200218845121, -8.750000000000000000, 5.150000000000000355 ) ) ;
#1043 = CARTESIAN_POINT ( 'NONE',  ( 12.80000000000000071, -2.700000000000000178, -2.425000000000000266 ) ) ;
#1044 = PLANE ( 'NONE',  #702 ) ;
#1045 = VERTEX_POINT ( 'NONE', #1124 ) ;
#1046 = EDGE_LOOP ( 'NONE', ( #412, #185, #908, #1393 ) ) ;
#1047 = B_SPLINE_CURVE_WITH_KNOTS ( 'NONE', 3,
 ( #327, #112, #1123, #678, #894, #685, #1129, #472, #107, #1323 ),
 .UNSPECIFIED., .F., .F.,
 ( 4, 2, 2, 2, 4 ),
 ( 0.000000000000000000, 0.2500000000000000000, 0.5000000000000000000, 0.7500000000000000000, 1.000000000000000000 ),
 .UNSPECIFIED. ) ;
#1048 = EDGE_CURVE ( 'NONE', #966, #284, #1037, .T. ) ;
#1049 = ORIENTED_EDGE ( 'NONE', *, *, #372, .F. ) ;
#1050 = PRODUCT_DEFINITION_SHAPE ( 'NONE', 'NONE',  #246 ) ;
#1051 = CARTESIAN_POINT ( 'NONE',  ( 9.466666666666668561, -3.200000000000000178, 2.325000000000000178 ) ) ;
#1052 = FACE_OUTER_BOUND ( 'NONE', #1319, .T. ) ;
#1053 = CARTESIAN_POINT ( 'NONE',  ( -9.180000000000001492, -15.50000000000000000, -2.425000000000000266 ) ) ;
#1054 = FACE_OUTER_BOUND ( 'NONE', #400, .T. ) ;
#1055 = ADVANCED_FACE ( 'NONE', ( #108 ), #217, .F. ) ;
#1056 = B_SPLINE_CURVE_WITH_KNOTS ( 'NONE', 3,
 ( #186, #762, #293, #540 ),
 .UNSPECIFIED., .F., .F.,
 ( 4, 4 ),
 ( 0.000000000000000000, 1.000000000000000000 ),
 .UNSPECIFIED. ) ;
#1057 = ORIENTED_EDGE ( 'NONE', *, *, #1234, .F. ) ;
#1058 = ORIENTED_EDGE ( 'NONE', *, *, #398, .F. ) ;
#1059 = B_SPLINE_CURVE_WITH_KNOTS ( 'NONE', 3,
 ( #92, #958, #307, #835 ),
 .UNSPECIFIED., .F., .F.,
 ( 4, 4 ),
 ( 0.000000000000000000, 1.000000000000000000 ),
 .UNSPECIFIED. ) ;
#1060 = DIRECTION ( 'NONE',  ( -1.000000000000000000, -1.363776317591829836E-16, 0.000000000000000000 ) ) ;
#1061 = ADVANCED_FACE ( 'NONE', ( #455 ), #223, .F. ) ;
#1062 = ORIENTED_EDGE ( 'NONE', *, *, #495, .T. ) ;
#1063 = CARTESIAN_POINT ( 'NONE',  ( -19.73333333333333428, 2.000000000000000000, -2.350000000000000089 ) ) ;
#1064 = PLANE ( 'NONE',  #1016 ) ;
#1065 = AXIS2_PLACEMENT_3D ( 'NONE', #918, #360, #147 ) ;
#1066 = FACE_OUTER_BOUND ( 'NONE', #1153, .T. ) ;
#1067 = VERTEX_POINT ( 'NONE', #1026 ) ;
#1068 = CARTESIAN_POINT ( 'NONE',  ( -20.19999999999999929, 3.600000000000000089, 1.850000000000000089 ) ) ;
#1069 = DIRECTION ( 'NONE',  ( 0.000000000000000000, 0.000000000000000000, 1.000000000000000000 ) ) ;
#1070 = ORIENTED_EDGE ( 'NONE', *, *, #305, .T. ) ;
#1071 = DIRECTION ( 'NONE',  ( 1.000000000000000000, 1.363776317591829836E-16, 0.000000000000000000 ) ) ;
#1072 = ORIENTED_EDGE ( 'NONE', *, *, #1211, .T. ) ;
#1073 = CARTESIAN_POINT ( 'NONE',  ( -1.550000000000000044, 1.265468359118931886E-16, 5.150000000000000355 ) ) ;
#1074 = CARTESIAN_POINT ( 'NONE',  ( -9.679999999999999716, -16.00000000000000000, 2.324999999999999734 ) ) ;
#1075 = ORIENTED_EDGE ( 'NONE', *, *, #488, .T. ) ;
#1076 = CARTESIAN_POINT ( 'NONE',  ( -0.7800000000000000266, -16.00000000000000000, -2.425000000000000266 ) ) ;
#1077 = B_SPLINE_CURVE_WITH_KNOTS ( 'NONE', 3,
 ( #1222, #233, #124, #682, #1120, #1095, #99, #160, #1028, #925 ),
 .UNSPECIFIED., .F., .F.,
 ( 4, 2, 2, 2, 4 ),
 ( 0.000000000000000000, 0.2500000000000000000, 0.5000000000000000000, 0.7500000000000000000, 1.000000000000000000 ),
 .UNSPECIFIED. ) ;
#1078 = EDGE_CURVE ( 'NONE', #345, #648, #1085, .T. ) ;
#1079 = CARTESIAN_POINT ( 'NONE',  ( -9.679999999999999716, -16.00000000000000000, 2.324999999999999734 ) ) ;
#1080 = ORIENTED_EDGE ( 'NONE', *, *, #1078, .T. ) ;
#1081 = CARTESIAN_POINT ( 'NONE',  ( 1.549999999999999378, 0.2057332036284665322, 5.150000000000001243 ) ) ;
#1082 = CARTESIAN_POINT ( 'NONE',  ( -20.50000000000000000, -10.30000000000000071, 5.150000000000000355 ) ) ;
#1083 = ORIENTED_EDGE ( 'NONE', *, *, #1255, .T. ) ;
#1084 = CARTESIAN_POINT ( 'NONE',  ( -0.9525474159611150293, -1.239483605717181858, -5.150000000000000355 ) ) ;
#1085 = B_SPLINE_CURVE_WITH_KNOTS ( 'NONE', 3,
 ( #229, #357, #351, #344 ),
 .UNSPECIFIED., .F., .F.,
 ( 4, 4 ),
 ( 0.000000000000000000, 1.000000000000000000 ),
 .UNSPECIFIED. ) ;
#1086 = FACE_BOUND ( 'NONE', #1145, .T. ) ;
#1087 = VERTEX_POINT ( 'NONE', #1003 ) ;
#1088 = CARTESIAN_POINT ( 'NONE',  ( 0.4035734716784679099, 1.510463502132632696, 5.150000000000000355 ) ) ;
#1089 = CYLINDRICAL_SURFACE ( 'NONE', #1196, 1.700000000000000178 ) ;
#1090 = AXIS2_PLACEMENT_3D ( 'NONE', #1068, #1387, #626 ) ;
#1091 = ORIENTED_EDGE ( 'NONE', *, *, #1290, .F. ) ;
#1092 = CARTESIAN_POINT ( 'NONE',  ( 12.80000000000000071, -8.699999999999999289, 2.324999999999999734 ) ) ;
#1093 = CLOSED_SHELL ( 'NONE', ( #1133, #232, #680, #319, #798, #623, #851, #55, #697, #406, #385, #127, #980, #1335, #1098, #1142, #167, #1304, #542, #600, #912, #1318, #460, #1055, #159, #1061, #642, #747, #215, #572, #840, #478, #435, #423, #1355, #581, #1103, #1180, #133 ) ) ;
#1094 = EDGE_CURVE ( 'NONE', #1162, #1276, #1426, .T. ) ;
#1095 = CARTESIAN_POINT ( 'NONE',  ( -23.90000000000000213, -9.974857868166308705, -5.149999999999999467 ) ) ;
#1096 = FACE_BOUND ( 'NONE', #511, .T. ) ;
#1097 = CARTESIAN_POINT ( 'NONE',  ( 2.727123494671283233, -11.03289407620599327, -5.149999999999999467 ) ) ;
#1098 = ADVANCED_FACE ( 'NONE', ( #1346 ), #694, .T. ) ;
#1099 = EDGE_LOOP ( 'NONE', ( #740, #318, #520, #15, #1409, #824 ) ) ;
#1100 = CARTESIAN_POINT ( 'NONE',  ( -20.96734988341615491, -11.48207849574674100, -5.149999999999999467 ) ) ;
#1101 = EDGE_LOOP ( 'NONE', ( #418, #998, #594, #573 ) ) ;
#1102 = CARTESIAN_POINT ( 'NONE',  ( -9.679999999999999716, -13.10000000000000142, 2.324999999999999734 ) ) ;
#1103 = ADVANCED_FACE ( 'NONE', ( #1130 ), #922, .F. ) ;
#1104 = CARTESIAN_POINT ( 'NONE',  ( -18.80000000000000426, 5.028285685708576480, 0.4500000000000002887 ) ) ;
#1105 = CARTESIAN_POINT ( 'NONE',  ( -18.80000000000000071, 5.028285685708570263, 1.850000000000000089 ) ) ;
#1106 = CARTESIAN_POINT ( 'NONE',  ( -0.7800000000000000266, -15.50000000000000000, -2.425000000000000266 ) ) ;
#1107 = CARTESIAN_POINT ( 'NONE',  ( 2.799999999999999822, -10.30000000000000071, 5.150000000000000355 ) ) ;
#1108 = PLANE ( 'NONE',  #952 ) ;
#1109 = CARTESIAN_POINT ( 'NONE',  ( 12.80000000000000071, -9.199999999999999289, -2.425000000000000266 ) ) ;
#1110 = EDGE_CURVE ( 'NONE', #1311, #973, #708, .T. ) ;
#1111 = CARTESIAN_POINT ( 'NONE',  ( -21.96726266593718080, -11.84999999999999964, -5.150000000000000355 ) ) ;
#1112 = CARTESIAN_POINT ( 'NONE',  ( -22.19999999999999929, -10.30000000000000071, 5.150000000000000355 ) ) ;
#1113 = ORIENTED_EDGE ( 'NONE', *, *, #963, .F. ) ;
#1114 = CARTESIAN_POINT ( 'NONE',  ( 2.800000000000001599, -9.033333333333333215, 2.325000000000000178 ) ) ;
#1115 = CARTESIAN_POINT ( 'NONE',  ( 1.410133145038518165, 2.446601887391923302, 5.150000000000000355 ) ) ;
#1116 = B_SPLINE_CURVE_WITH_KNOTS ( 'NONE', 3,
 ( #928, #1156, #921, #1163 ),
 .UNSPECIFIED., .F., .F.,
 ( 4, 4 ),
 ( 0.000000000000000000, 1.000000000000000000 ),
 .UNSPECIFIED. ) ;
#1117 = FACE_OUTER_BOUND ( 'NONE', #53, .T. ) ;
#1118 = CARTESIAN_POINT ( 'NONE',  ( -0.7800000000000000266, -15.66666666666666607, -2.425000000000000266 ) ) ;
#1119 = ORIENTED_EDGE ( 'NONE', *, *, #481, .T. ) ;
#1120 = CARTESIAN_POINT ( 'NONE',  ( -23.90000000000000568, -10.62514213183369094, -5.150000000000000355 ) ) ;
#1121 = CARTESIAN_POINT ( 'NONE',  ( -22.19999999999999929, 8.673617379884039416E-16, 5.150000000000000355 ) ) ;
#1122 = PLANE ( 'NONE',  #181 ) ;
#1123 = CARTESIAN_POINT ( 'NONE',  ( -22.92878517509745251, 2.728746591425532220, 5.150000000000001243 ) ) ;
#1124 = CARTESIAN_POINT ( 'NONE',  ( -21.50178799781155092, -8.750000000000000000, -5.150000000000000355 ) ) ;
#1125 = EDGE_CURVE ( 'NONE', #773, #1391, #113, .T. ) ;
#1126 = CARTESIAN_POINT ( 'NONE',  ( -9.180000000000001492, -13.10000000000000142, 2.324999999999999734 ) ) ;
#1127 = CARTESIAN_POINT ( 'NONE',  ( -21.20294376621963295, -11.71538281981789353, 5.150000000000000355 ) ) ;
#1128 = CARTESIAN_POINT ( 'NONE',  ( -0.7800000000000000266, -15.50000000000000000, 2.324999999999999734 ) ) ;
#1129 = CARTESIAN_POINT ( 'NONE',  ( -24.64477115171933619, 1.414362435140327001, 5.150000000000000355 ) ) ;
#1130 = FACE_OUTER_BOUND ( 'NONE', #722, .T. ) ;
#1131 = VERTEX_POINT ( 'NONE', #809 ) ;
#1132 = CARTESIAN_POINT ( 'NONE',  ( -21.50178799781155092, -8.750000000000000000, 5.150000000000000355 ) ) ;
#1133 = ADVANCED_FACE ( 'NONE', ( #1136 ), #1064, .F. ) ;
#1134 = CARTESIAN_POINT ( 'NONE',  ( -21.50178799781155092, -11.84999999999999964, 5.150000000000000355 ) ) ;
#1135 = PLANE ( 'NONE',  #1320 ) ;
#1136 = FACE_OUTER_BOUND ( 'NONE', #504, .T. ) ;
#1137 = EDGE_CURVE ( 'NONE', #1087, #726, #1340, .T. ) ;
#1138 = ORIENTED_EDGE ( 'NONE', *, *, #963, .T. ) ;
#1139 = EDGE_LOOP ( 'NONE', ( #923, #724, #852, #389 ) ) ;
#1140 = DIRECTION ( 'NONE',  ( 1.000000000000000000, 0.000000000000000000, 0.000000000000000000 ) ) ;
#1141 = CARTESIAN_POINT ( 'NONE',  ( -18.80000000000000071, 5.028285685708570263, 1.850000000000000089 ) ) ;
#1142 = ADVANCED_FACE ( 'NONE', ( #50 ), #1260, .F. ) ;
#1143 = CARTESIAN_POINT ( 'NONE',  ( -0.7827451686535680242, -1.353563048652542067, 5.150000000000001243 ) ) ;
#1144 = DIRECTION ( 'NONE',  ( 1.000000000000000000, 0.000000000000000000, 0.000000000000000000 ) ) ;
#1145 = EDGE_LOOP ( 'NONE', ( #934, #695, #261, #1070 ) ) ;
#1146 = ORIENTED_EDGE ( 'NONE', *, *, #1035, .T. ) ;
#1147 = PLANE ( 'NONE',  #490 ) ;
#1148 = DIRECTION ( 'NONE',  ( -1.000000000000000000, 2.065146995210484941E-16, 0.000000000000000000 ) ) ;
#1149 = CARTESIAN_POINT ( 'NONE',  ( 12.80000000000000071, -8.699999999999999289, 2.324999999999999734 ) ) ;
#1150 = DIRECTION ( 'NONE',  ( 1.000000000000000000, 1.432100250781743747E-16, 0.000000000000000000 ) ) ;
#1151 = VERTEX_POINT ( 'NONE', #929 ) ;
#1152 = ORIENTED_EDGE ( 'NONE', *, *, #1022, .T. ) ;
#1153 = EDGE_LOOP ( 'NONE', ( #382, #1113, #358, #146 ) ) ;
#1154 = CARTESIAN_POINT ( 'NONE',  ( -23.61013314503851745, -12.74660188739192179, -5.150000000000000355 ) ) ;
#1155 = CARTESIAN_POINT ( 'NONE',  ( -20.94947082674772787, -11.49718050303864736, 5.149999999999999467 ) ) ;
#1156 = CARTESIAN_POINT ( 'NONE',  ( -21.59999999999999787, 5.028285685708570263, -0.9499999999999998446 ) ) ;
#1157 = CARTESIAN_POINT ( 'NONE',  ( -22.57149358256563687, -13.10000000000000142, 5.150000000000000355 ) ) ;
#1158 = ORIENTED_EDGE ( 'NONE', *, *, #33, .T. ) ;
#1159 = VERTEX_POINT ( 'NONE', #940 ) ;
#1160 = EDGE_CURVE ( 'NONE', #514, #858, #164, .T. ) ;
#1161 = CARTESIAN_POINT ( 'NONE',  ( 1.550000000000000044, -1.265468359118931886E-16, -5.150000000000000355 ) ) ;
#1162 = VERTEX_POINT ( 'NONE', #485 ) ;
#1163 = CARTESIAN_POINT ( 'NONE',  ( -21.60000000000000142, 5.028285685708570263, 1.850000000000000089 ) ) ;
#1164 = SURFACE_STYLE_USAGE ( .BOTH. , #509 ) ;
#1165 = ORIENTED_EDGE ( 'NONE', *, *, #1348, .T. ) ;
#1166 = B_SPLINE_CURVE_WITH_KNOTS ( 'NONE', 3,
 ( #1018, #22, #480, #129 ),
 .UNSPECIFIED., .F., .F.,
 ( 4, 4 ),
 ( 0.000000000000000000, 1.000000000000000000 ),
 .UNSPECIFIED. ) ;
#1167 = CARTESIAN_POINT ( 'NONE',  ( 1.550000000000000044, 6.503742244940291749E-15, 1.716666666666666785 ) ) ;
#1168 = CARTESIAN_POINT ( 'NONE',  ( 0.2028945255443392881, 1.550000000000000488, -5.149999999999999467 ) ) ;
#1169 = CARTESIAN_POINT ( 'NONE',  ( -23.90010568326976781, -9.973342632528721552, 5.149999999999999467 ) ) ;
#1170 = CARTESIAN_POINT ( 'NONE',  ( -25.00000000000000000, -10.30000000000000071, -5.150000000000000355 ) ) ;
#1171 = B_SPLINE_CURVE_WITH_KNOTS ( 'NONE', 3,
 ( #25, #153, #926, #718 ),
 .UNSPECIFIED., .F., .F.,
 ( 4, 4 ),
 ( 0.000000000000000000, 1.000000000000000000 ),
 .UNSPECIFIED. ) ;
#1172 = AXIS2_PLACEMENT_3D ( 'NONE', #1215, #114, #1352 ) ;
#1173 = CARTESIAN_POINT ( 'NONE',  ( 2.800000000000000266, -3.200000000000001510, 0.7416666666666664742 ) ) ;
#1174 = B_SPLINE_CURVE_WITH_KNOTS ( 'NONE', 3,
 ( #910, #100, #105, #437 ),
 .UNSPECIFIED., .F., .F.,
 ( 4, 4 ),
 ( 0.000000000000000000, 1.000000000000000000 ),
 .UNSPECIFIED. ) ;
#1175 = VERTEX_POINT ( 'NONE', #275 ) ;
#1176 = CARTESIAN_POINT ( 'NONE',  ( 1.354368901949098980, 0.7806094195748944919, -5.150000000000000355 ) ) ;
#1177 = FACE_OUTER_BOUND ( 'NONE', #529, .T. ) ;
#1178 = ORIENTED_EDGE ( 'NONE', *, *, #1310, .F. ) ;
#1179 = CARTESIAN_POINT ( 'NONE',  ( -20.49999999999999289, -10.62701600799060841, -5.149999999999998579 ) ) ;
#1180 = ADVANCED_FACE ( 'NONE', ( #1054 ), #1388, .F. ) ;
#1181 = EDGE_LOOP ( 'NONE', ( #91, #1152, #755, #88 ) ) ;
#1182 = CARTESIAN_POINT ( 'NONE',  ( -9.679999999999999716, -15.03333333333333499, -2.425000000000000266 ) ) ;
#1183 = MANIFOLD_SOLID_BREP ( 'NONE', #1093 ) ;
#1184 = ORIENTED_EDGE ( 'NONE', *, *, #1380, .T. ) ;
#1185 = CARTESIAN_POINT ( 'NONE',  ( 2.799999999999999822, -10.30000000000000071, 5.150000000000000355 ) ) ;
#1186 = CARTESIAN_POINT ( 'NONE',  ( -23.19637365653318994, -11.71569029312525068, 5.149999999999999467 ) ) ;
#1187 = ORIENTED_EDGE ( 'NONE', *, *, #205, .T. ) ;
#1188 = CARTESIAN_POINT ( 'NONE',  ( 12.80000000000000071, -9.033333333333333215, 2.324999999999999289 ) ) ;
#1189 = DIRECTION ( 'NONE',  ( 0.000000000000000000, -1.000000000000000000, 0.000000000000000000 ) ) ;
#1190 = VERTEX_POINT ( 'NONE', #516 ) ;
#1191 = CARTESIAN_POINT ( 'NONE',  ( 2.800000000000000711, -3.033333333333333215, 2.325000000000000178 ) ) ;
#1192 = CARTESIAN_POINT ( 'NONE',  ( -23.19705623378163750, -8.884617180182669216, 5.150000000000000355 ) ) ;
#1193 = ORIENTED_EDGE ( 'NONE', *, *, #227, .T. ) ;
#1194 = EDGE_CURVE ( 'NONE', #330, #1004, #590, .T. ) ;
#1195 = CARTESIAN_POINT ( 'NONE',  ( -22.56651914291881056, 2.800000000000000266, -5.149999999999999467 ) ) ;
#1196 = AXIS2_PLACEMENT_3D ( 'NONE', #627, #1069, #95 ) ;
#1197 = CARTESIAN_POINT ( 'NONE',  ( 2.444771151719333790, -11.71436243513872810, 5.150000000000000355 ) ) ;
#1198 = EDGE_CURVE ( 'NONE', #1276, #543, #523, .T. ) ;
#1199 = FACE_OUTER_BOUND ( 'NONE', #366, .T. ) ;
#1200 = CARTESIAN_POINT ( 'NONE',  ( 9.466666666666668561, -9.199999999999999289, 2.324999999999998845 ) ) ;
#1201 = AXIS2_PLACEMENT_3D ( 'NONE', #134, #591, #800 ) ;
#1202 = EDGE_LOOP ( 'NONE', ( #395, #188, #781, #1254 ) ) ;
#1203 = CARTESIAN_POINT ( 'NONE',  ( -0.7800000000000001377, -15.83333333333333393, 2.324999999999999734 ) ) ;
#1204 = CARTESIAN_POINT ( 'NONE',  ( 12.80000000000000071, -2.700000000000000178, -2.425000000000000266 ) ) ;
#1205 = CARTESIAN_POINT ( 'NONE',  ( 2.799999999999999822, -2.700000000000000178, -2.425000000000000266 ) ) ;
#1206 =( NAMED_UNIT ( * ) SI_UNIT ( $, .STERADIAN. ) SOLID_ANGLE_UNIT ( ) );
#1207 = DIRECTION ( 'NONE',  ( -1.000000000000000000, 2.168404344971005170E-16, 0.000000000000000000 ) ) ;
#1208 = CARTESIAN_POINT ( 'NONE',  ( -24.92712349467128519, 0.7328940762059845682, -5.149999999999999467 ) ) ;
#1209 = ORIENTED_EDGE ( 'NONE', *, *, #937, .F. ) ;
#1210 = CARTESIAN_POINT ( 'NONE',  ( 12.80000000000000071, -2.700000000000000178, 0.7416666666666664742 ) ) ;
#1211 = EDGE_CURVE ( 'NONE', #619, #299, #1032, .T. ) ;
#1212 = FACE_OUTER_BOUND ( 'NONE', #985, .T. ) ;
#1213 = CARTESIAN_POINT ( 'NONE',  ( -20.50000000000000000, -10.30000000000000071, -5.150000000000000355 ) ) ;
#1214 = PLANE ( 'NONE',  #474 ) ;
#1215 = CARTESIAN_POINT ( 'NONE',  ( -22.19999999999999929, -10.30000000000000071, -5.150000000000000355 ) ) ;
#1216 = B_SPLINE_CURVE_WITH_KNOTS ( 'NONE', 3,
 ( #309, #650, #1301, #742 ),
 .UNSPECIFIED., .F., .F.,
 ( 4, 4 ),
 ( 0.000000000000000000, 1.000000000000000000 ),
 .UNSPECIFIED. ) ;
#1217 = CARTESIAN_POINT ( 'NONE',  ( -18.80000000000000071, 4.018857123805715581, -2.350000000000000089 ) ) ;
#1218 = CARTESIAN_POINT ( 'NONE',  ( 0.3665191429188056071, 2.800000000000001155, 5.150000000000000355 ) ) ;
#1219 = CARTESIAN_POINT ( 'NONE',  ( 4.647063167147150473E-17, 2.799999999999999822, -5.150000000000000355 ) ) ;
#1220 = CARTESIAN_POINT ( 'NONE',  ( -21.60000000000000142, 2.799999999999999822, 1.850000000000000089 ) ) ;
#1221 = CARTESIAN_POINT ( 'NONE',  ( -19.73333333333333428, 2.799999999999999822, 1.850000000000000089 ) ) ;
#1222 = CARTESIAN_POINT ( 'NONE',  ( -22.89821200218845121, -11.84999999999999964, -5.150000000000000355 ) ) ;
#1223 = CARTESIAN_POINT ( 'NONE',  ( -18.80000000000000071, 2.399999999999999911, 1.850000000000000089 ) ) ;
#1224 = CARTESIAN_POINT ( 'NONE',  ( -9.180000000000001492, -15.50000000000000000, 2.324999999999999734 ) ) ;
#1225 = CARTESIAN_POINT ( 'NONE',  ( 2.799999999999999822, -2.700000000000000178, -2.425000000000000266 ) ) ;
#1226 = CARTESIAN_POINT ( 'NONE',  ( -21.60000000000000142, 2.399999999999999911, 1.850000000000000089 ) ) ;
#1227 = ORIENTED_EDGE ( 'NONE', *, *, #219, .F. ) ;
#1228 = CARTESIAN_POINT ( 'NONE',  ( -9.180000000000001492, -15.50000000000000000, 2.324999999999999734 ) ) ;
#1229 = PLANE ( 'NONE',  #1201 ) ;
#1230 = CARTESIAN_POINT ( 'NONE',  ( 12.80000000000000071, -8.699999999999999289, -2.425000000000000266 ) ) ;
#1231 = CARTESIAN_POINT ( 'NONE',  ( 0.000000000000000000, 0.000000000000000000, -5.150000000000000355 ) ) ;
#1232 = CARTESIAN_POINT ( 'NONE',  ( -9.180000000000001492, -13.10000000000000142, -2.425000000000000266 ) ) ;
#1233 = ORIENTED_EDGE ( 'NONE', *, *, #324, .T. ) ;
#1234 = EDGE_CURVE ( 'NONE', #1040, #1190, #758, .T. ) ;
#1235 = CARTESIAN_POINT ( 'NONE',  ( -1.550000000000000044, 1.265468359118931886E-16, -5.150000000000000355 ) ) ;
#1236 = CARTESIAN_POINT ( 'NONE',  ( -20.50000000000000000, -10.62701600799061197, 5.149999999999999467 ) ) ;
#1237 = EDGE_CURVE ( 'NONE', #1175, #825, #565, .T. ) ;
#1238 =( GEOMETRIC_REPRESENTATION_CONTEXT ( 3 ) GLOBAL_UNCERTAINTY_ASSIGNED_CONTEXT ( ( #1274 ) ) GLOBAL_UNIT_ASSIGNED_CONTEXT ( ( #41, #493, #1366 ) ) REPRESENTATION_CONTEXT ( 'NONE', 'WORKASPACE' ) );
#1239 = CARTESIAN_POINT ( 'NONE',  ( 2.799999999999997158, -3.433333333333333570, 5.150000000000000355 ) ) ;
#1240 = ORIENTED_EDGE ( 'NONE', *, *, #692, .T. ) ;
#1241 = VERTEX_POINT ( 'NONE', #750 ) ;
#1242 = CARTESIAN_POINT ( 'NONE',  ( -19.20169209497774077, 5.352738253778701605, -2.350000000000000977 ) ) ;
#1243 = PLANE ( 'NONE',  #653 ) ;
#1244 = CARTESIAN_POINT ( 'NONE',  ( 2.799999999999997158, -6.866666666666667140, 5.150000000000000355 ) ) ;
#1245 = B_SPLINE_CURVE_WITH_KNOTS ( 'NONE', 3,
 ( #899, #553, #1111, #887 ),
 .UNSPECIFIED., .F., .F.,
 ( 4, 4 ),
 ( 0.000000000000000000, 1.000000000000000000 ),
 .UNSPECIFIED. ) ;
#1246 = SURFACE_STYLE_FILL_AREA ( #728 ) ;
#1247 = ORIENTED_EDGE ( 'NONE', *, *, #1344, .T. ) ;
#1248 = ORIENTED_EDGE ( 'NONE', *, *, #783, .T. ) ;
#1249 = PLANE ( 'NONE',  #1065 ) ;
#1250 = EDGE_CURVE ( 'NONE', #818, #1045, #618, .T. ) ;
#1251 = CARTESIAN_POINT ( 'NONE',  ( -9.513333333333333641, -13.10000000000000142, -2.425000000000000266 ) ) ;
#1252 = CARTESIAN_POINT ( 'NONE',  ( 2.799999999999999822, -8.699999999999999289, -2.425000000000000266 ) ) ;
#1253 = CARTESIAN_POINT ( 'NONE',  ( -23.91765886167973676, -12.54224215611298376, 5.149999999999999467 ) ) ;
#1254 = ORIENTED_EDGE ( 'NONE', *, *, #1397, .F. ) ;
#1255 = EDGE_CURVE ( 'NONE', #858, #588, #231, .T. ) ;
#1256 = B_SPLINE_CURVE_WITH_KNOTS ( 'NONE', 3,
 ( #1102, #104, #889, #986 ),
 .UNSPECIFIED., .F., .F.,
 ( 4, 4 ),
 ( 0.000000000000000000, 1.000000000000000000 ),
 .UNSPECIFIED. ) ;
#1257 = CARTESIAN_POINT ( 'NONE',  ( -24.43906715871491286, -12.02073081592975434, -5.150000000000000355 ) ) ;
#1258 = CARTESIAN_POINT ( 'NONE',  ( -19.94153416779641574, 5.600000000000000533, 1.850000000000000089 ) ) ;
#1259 = CARTESIAN_POINT ( 'NONE',  ( -21.50178799781154737, -8.750000000000001776, -1.716666666666666785 ) ) ;
#1260 = CYLINDRICAL_SURFACE ( 'NONE', #1263, 1.550000000000000044 ) ;
#1261 = VERTEX_POINT ( 'NONE', #1395 ) ;
#1262 = ORIENTED_EDGE ( 'NONE', *, *, #495, .F. ) ;
#1263 = AXIS2_PLACEMENT_3D ( 'NONE', #839, #1270, #1144 ) ;
#1264 = CARTESIAN_POINT ( 'NONE',  ( -20.59422634774653105, -10.94714405989827455, -5.150000000000000355 ) ) ;
#1265 = AXIS2_PLACEMENT_3D ( 'NONE', #168, #519, #393 ) ;
#1266 = CARTESIAN_POINT ( 'NONE',  ( -20.19999999999999929, 3.600000000000000089, 1.850000000000000089 ) ) ;
#1267 = EDGE_LOOP ( 'NONE', ( #1058, #414, #76, #832 ) ) ;
#1268 = AXIS2_PLACEMENT_3D ( 'NONE', #568, #1009, #128 ) ;
#1269 = CARTESIAN_POINT ( 'NONE',  ( 2.799999999999999822, 7.648216714117220729E-16, 5.150000000000000355 ) ) ;
#1270 = DIRECTION ( 'NONE',  ( 0.000000000000000000, 0.000000000000000000, 1.000000000000000000 ) ) ;
#1271 = ORIENTED_EDGE ( 'NONE', *, *, #546, .T. ) ;
#1272 = VERTEX_POINT ( 'NONE', #541 ) ;
#1273 = EDGE_CURVE ( 'NONE', #270, #619, #378, .T. ) ;
#1274 = UNCERTAINTY_MEASURE_WITH_UNIT (LENGTH_MEASURE( 1.000000000000000082E-05 ), #41, 'distance_accuracy_value', 'NONE');
#1275 = CARTESIAN_POINT ( 'NONE',  ( 2.646249976203935021E-15, -13.10000000000000142, -5.150000000000000355 ) ) ;
#1276 = VERTEX_POINT ( 'NONE', #878 ) ;
#1277 = CARTESIAN_POINT ( 'NONE',  ( 2.799999999999999822, -3.200000000000000178, 2.324999999999999734 ) ) ;
#1278 = CARTESIAN_POINT ( 'NONE',  ( -21.20362634346554387, -8.884309706875333390, -5.149999999999998579 ) ) ;
#1279 = ORIENTED_EDGE ( 'NONE', *, *, #1407, .T. ) ;
#1280 = VERTEX_POINT ( 'NONE', #1411 ) ;
#1281 = CARTESIAN_POINT ( 'NONE',  ( -9.679999999999999716, -13.10000000000000142, -2.425000000000000266 ) ) ;
#1282 = ORIENTED_EDGE ( 'NONE', *, *, #372, .T. ) ;
#1283 = CARTESIAN_POINT ( 'NONE',  ( 2.800000000000002043, -10.30000000000000604, 1.716666666666666785 ) ) ;
#1284 = CARTESIAN_POINT ( 'NONE',  ( -23.45035165600550187, -11.49706577100040583, 5.150000000000001243 ) ) ;
#1285 = ADVANCED_BREP_SHAPE_REPRESENTATION ( 'Trigger Switch', ( #1183, #39 ), #1357 ) ;
#1286 = EDGE_LOOP ( 'NONE', ( #131, #296, #1297, #1075 ) ) ;
#1287 = B_SPLINE_CURVE_WITH_KNOTS ( 'NONE', 3,
 ( #760, #1195, #771, #1419, #1309, #320, #211, #1208, #609, #686 ),
 .UNSPECIFIED., .F., .F.,
 ( 4, 2, 2, 2, 4 ),
 ( 0.000000000000000000, 0.2500000000000000000, 0.5000000000000000000, 0.7500000000000000000, 1.000000000000000000 ),
 .UNSPECIFIED. ) ;
#1288 = COLOUR_RGB ( '',0.7921568627450980005, 0.8196078431372548767, 0.9333333333333333481 ) ;
#1289 = CARTESIAN_POINT ( 'NONE',  ( 2.799999999999999822, -2.700000000000000178, 2.324999999999999734 ) ) ;
#1290 = EDGE_CURVE ( 'NONE', #8, #102, #1216, .T. ) ;
#1291 = B_SPLINE_CURVE_WITH_KNOTS ( 'NONE', 3,
 ( #46, #944, #272, #1350, #698, #1258, #265, #386, #483, #1141 ),
 .UNSPECIFIED., .F., .F.,
 ( 4, 2, 2, 2, 4 ),
 ( 0.000000000000000000, 0.2500000000000000000, 0.5000000000000000000, 0.7500000000000000000, 1.000000000000000000 ),
 .UNSPECIFIED. ) ;
#1292 = ORIENTED_EDGE ( 'NONE', *, *, #723, .T. ) ;
#1293 = CARTESIAN_POINT ( 'NONE',  ( -21.59999999999999787, 2.000000000000000000, -2.350000000000000089 ) ) ;
#1294 = CARTESIAN_POINT ( 'NONE',  ( 1.720730815929762514, -12.53906715871490718, -5.150000000000000355 ) ) ;
#1295 = ORIENTED_EDGE ( 'NONE', *, *, #1022, .F. ) ;
#1296 = CARTESIAN_POINT ( 'NONE',  ( -0.7806094195748901621, -1.354368901949101867, -5.149999999999999467 ) ) ;
#1297 = ORIENTED_EDGE ( 'NONE', *, *, #904, .F. ) ;
#1298 = B_SPLINE_CURVE_WITH_KNOTS ( 'NONE', 3,
 ( #1327, #676, #669, #1223 ),
 .UNSPECIFIED., .F., .F.,
 ( 4, 4 ),
 ( 0.000000000000000000, 1.000000000000000000 ),
 .UNSPECIFIED. ) ;
#1299 = CARTESIAN_POINT ( 'NONE',  ( 2.799999999999999822, 7.648216714117220729E-16, 5.150000000000000355 ) ) ;
#1300 = CARTESIAN_POINT ( 'NONE',  ( 12.80000000000000071, -2.700000000000000178, 2.324999999999999734 ) ) ;
#1301 = CARTESIAN_POINT ( 'NONE',  ( -21.59999999999999787, 4.018857123805715581, -2.350000000000000089 ) ) ;
#1302 = ORIENTED_EDGE ( 'NONE', *, *, #123, .T. ) ;
#1303 = CARTESIAN_POINT ( 'NONE',  ( -22.93289407620599363, -13.02712349467128661, -5.149999999999999467 ) ) ;
#1304 = ADVANCED_FACE ( 'NONE', ( #871 ), #1089, .F. ) ;
#1305 = CARTESIAN_POINT ( 'NONE',  ( -1.607709995918910096E-16, 2.799999999999999822, 5.150000000000000355 ) ) ;
#1306 = CARTESIAN_POINT ( 'NONE',  ( 0.4057092207568829267, 1.509657648835889709, -5.150000000000000355 ) ) ;
#1307 = CARTESIAN_POINT ( 'NONE',  ( 2.799999999999999822, -9.199999999999999289, 2.324999999999999734 ) ) ;
#1308 = ORIENTED_EDGE ( 'NONE', *, *, #778, .T. ) ;
#1309 = CARTESIAN_POINT ( 'NONE',  ( -23.92073081592977246, 2.239067158714903805, -5.150000000000000355 ) ) ;
#1310 = EDGE_CURVE ( 'NONE', #1087, #773, #636, .T. ) ;
#1311 = VERTEX_POINT ( 'NONE', #982 ) ;
#1312 = B_SPLINE_CURVE_WITH_KNOTS ( 'NONE', 3,
 ( #617, #298, #637, #83 ),
 .UNSPECIFIED., .F., .F.,
 ( 4, 4 ),
 ( 0.000000000000000000, 1.000000000000000000 ),
 .UNSPECIFIED. ) ;
#1313 = CARTESIAN_POINT ( 'NONE',  ( 2.800000000000000266, -2.700000000000001066, -0.8416666666666667851 ) ) ;
#1314 = CARTESIAN_POINT ( 'NONE',  ( -7.400000000000000355, -13.10000000000000142, 5.150000000000000355 ) ) ;
#1315 = CARTESIAN_POINT ( 'NONE',  ( -0.7800000000000000266, -15.50000000000000000, -2.425000000000000266 ) ) ;
#1316 = CARTESIAN_POINT ( 'NONE',  ( 12.80000000000000071, -2.866666666666666696, -2.425000000000000266 ) ) ;
#1317 = CARTESIAN_POINT ( 'NONE',  ( 2.220227845039500023E-15, -10.30000000000000071, 5.150000000000000355 ) ) ;
#1318 = ADVANCED_FACE ( 'NONE', ( #1177 ), #657, .F. ) ;
#1319 = EDGE_LOOP ( 'NONE', ( #79, #1396, #721, #709 ) ) ;
#1320 = AXIS2_PLACEMENT_3D ( 'NONE', #149, #259, #706 ) ;
#1321 = CARTESIAN_POINT ( 'NONE',  ( 12.80000000000000071, -3.200000000000000178, -2.425000000000000266 ) ) ;
#1322 = FACE_OUTER_BOUND ( 'NONE', #737, .T. ) ;
#1323 = CARTESIAN_POINT ( 'NONE',  ( -25.00000000000000000, 7.228014483236699514E-16, 5.150000000000000355 ) ) ;
#1324 = CARTESIAN_POINT ( 'NONE',  ( 0.3665191429188056071, 2.800000000000001599, -5.149999999999999467 ) ) ;
#1325 = VERTEX_POINT ( 'NONE', #857 ) ;
#1326 = CARTESIAN_POINT ( 'NONE',  ( 12.80000000000000071, -2.700000000000000178, -2.425000000000000266 ) ) ;
#1327 = CARTESIAN_POINT ( 'NONE',  ( -18.80000000000000071, 5.028285685708570263, 1.850000000000000089 ) ) ;
#1328 = CARTESIAN_POINT ( 'NONE',  ( -25.00000000000000000, -13.10000000000000142, 5.150000000000000355 ) ) ;
#1329 = CARTESIAN_POINT ( 'NONE',  ( -21.60000000000000142, 2.799999999999999822, 0.4500000000000002887 ) ) ;
#1330 = CARTESIAN_POINT ( 'NONE',  ( -9.679999999999999716, -13.10000000000000142, 2.324999999999999734 ) ) ;
#1331 = ORIENTED_EDGE ( 'NONE', *, *, #823, .F. ) ;
#1332 = ORIENTED_EDGE ( 'NONE', *, *, #468, .T. ) ;
#1333 = APPLICATION_CONTEXT ( 'automotive_design' ) ;
#1334 = CARTESIAN_POINT ( 'NONE',  ( -20.50000000000000000, -10.30000000000000071, -5.150000000000000355 ) ) ;
#1335 = ADVANCED_FACE ( 'NONE', ( #187, #801 ), #1122, .F. ) ;
#1336 = CARTESIAN_POINT ( 'NONE',  ( -22.89821200218845121, -8.750000000000000000, 5.150000000000000355 ) ) ;
#1337 = CARTESIAN_POINT ( 'NONE',  ( 2.734579500681388118E-15, -13.10000000000000142, 1.716666666666666785 ) ) ;
#1338 = CARTESIAN_POINT ( 'NONE',  ( -0.7800000000000000266, -16.00000000000000000, 2.324999999999999734 ) ) ;
#1339 = DIRECTION ( 'NONE',  ( 0.000000000000000000, 0.000000000000000000, -1.000000000000000000 ) ) ;
#1340 = B_SPLINE_CURVE_WITH_KNOTS ( 'NONE', 3,
 ( #283, #32, #143, #816 ),
 .UNSPECIFIED., .F., .F.,
 ( 4, 4 ),
 ( 0.000000000000000000, 1.000000000000000000 ),
 .UNSPECIFIED. ) ;
#1341 = CARTESIAN_POINT ( 'NONE',  ( -20.46138606725432751, 5.599928118829559764, -2.350000000000000533 ) ) ;
#1342 = CARTESIAN_POINT ( 'NONE',  ( 12.80000000000000071, -8.699999999999999289, -0.8416666666666667851 ) ) ;
#1343 = DIRECTION ( 'NONE',  ( 1.000000000000000000, -6.240012503513698929E-17, 0.000000000000000000 ) ) ;
#1344 = EDGE_CURVE ( 'NONE', #1045, #1151, #429, .T. ) ;
#1345 = CARTESIAN_POINT ( 'NONE',  ( -6.713333333333332931, -16.00000000000000000, 2.324999999999999734 ) ) ;
#1346 = FACE_OUTER_BOUND ( 'NONE', #1139, .T. ) ;
#1347 = B_SPLINE_CURVE_WITH_KNOTS ( 'NONE', 3,
 ( #256, #813, #1021, #1126 ),
 .UNSPECIFIED., .F., .F.,
 ( 4, 4 ),
 ( 0.000000000000000000, 1.000000000000000000 ),
 .UNSPECIFIED. ) ;
#1348 = EDGE_CURVE ( 'NONE', #1391, #593, #1013, .T. ) ;
#1349 = CARTESIAN_POINT ( 'NONE',  ( -19.93861393274566041, 5.600071881170439525, -2.350000000000000977 ) ) ;
#1350 = CARTESIAN_POINT ( 'NONE',  ( -20.71683503271780680, 5.549278362721000946, 1.849999999999999867 ) ) ;
#1351 = CARTESIAN_POINT ( 'NONE',  ( -0.4035734716782319875, -1.510463502132448177, 5.150000000000000355 ) ) ;
#1352 = DIRECTION ( 'NONE',  ( 1.000000000000000000, 0.000000000000000000, 0.000000000000000000 ) ) ;
#1353 = ORIENTED_EDGE ( 'NONE', *, *, #739, .T. ) ;
#1354 = DIRECTION ( 'NONE',  ( 0.000000000000000000, 9.130123557772669567E-17, -1.000000000000000000 ) ) ;
#1355 = ADVANCED_FACE ( 'NONE', ( #335 ), #235, .F. ) ;
#1356 = CARTESIAN_POINT ( 'NONE',  ( 12.80000000000000071, -8.699999999999999289, 2.324999999999999734 ) ) ;
#1357 =( GEOMETRIC_REPRESENTATION_CONTEXT ( 3 ) GLOBAL_UNCERTAINTY_ASSIGNED_CONTEXT ( ( #1406 ) ) GLOBAL_UNIT_ASSIGNED_CONTEXT ( ( #769, #567, #1206 ) ) REPRESENTATION_CONTEXT ( 'NONE', 'WORKASPACE' ) );
#1358 = CARTESIAN_POINT ( 'NONE',  ( 1.550000000000000044, -1.265468359118931886E-16, 5.150000000000000355 ) ) ;
#1359 = FILL_AREA_STYLE_COLOUR ( '', #1288 ) ;
#1360 = ORIENTED_EDGE ( 'NONE', *, *, #513, .F. ) ;
#1361 = ORIENTED_EDGE ( 'NONE', *, *, #1389, .F. ) ;
#1362 = EDGE_CURVE ( 'NONE', #1311, #847, #302, .T. ) ;
#1363 = CARTESIAN_POINT ( 'NONE',  ( -22.43273733406281423, -8.749999999999998224, 5.150000000000000355 ) ) ;
#1364 = CARTESIAN_POINT ( 'NONE',  ( -22.19999999999999929, 2.799999999999999822, -5.150000000000000355 ) ) ;
#1365 = CARTESIAN_POINT ( 'NONE',  ( 2.799999999999999822, -9.199999999999999289, -2.425000000000000266 ) ) ;
#1366 =( NAMED_UNIT ( * ) SI_UNIT ( $, .STERADIAN. ) SOLID_ANGLE_UNIT ( ) );
#1367 = EDGE_LOOP ( 'NONE', ( #364, #290, #790, #43 ) ) ;
#1368 = ORIENTED_EDGE ( 'NONE', *, *, #890, .F. ) ;
#1369 = FACE_OUTER_BOUND ( 'NONE', #1046, .T. ) ;
#1370 = B_SPLINE_CURVE_WITH_KNOTS ( 'NONE', 3,
 ( #5, #119, #693, #222 ),
 .UNSPECIFIED., .F., .F.,
 ( 4, 4 ),
 ( 0.000000000000000000, 1.000000000000000000 ),
 .UNSPECIFIED. ) ;
#1371 = CARTESIAN_POINT ( 'NONE',  ( -25.00000000000000000, 7.228014483236699514E-16, -5.150000000000000355 ) ) ;
#1372 = DIRECTION ( 'NONE',  ( 1.000000000000000000, 0.000000000000000000, 0.000000000000000000 ) ) ;
#1373 = CARTESIAN_POINT ( 'NONE',  ( 1.549999999999999822, -0.2053520290854100872, 5.150000000000000355 ) ) ;
#1374 = EDGE_CURVE ( 'NONE', #872, #615, #503, .T. ) ;
#1375 = ORIENTED_EDGE ( 'NONE', *, *, #1374, .F. ) ;
#1376 = B_SPLINE_CURVE_WITH_KNOTS ( 'NONE', 3,
 ( #830, #838, #1259, #274 ),
 .UNSPECIFIED., .F., .F.,
 ( 4, 4 ),
 ( 0.000000000000000000, 1.000000000000000000 ),
 .UNSPECIFIED. ) ;
#1377 = ORIENTED_EDGE ( 'NONE', *, *, #812, .T. ) ;
#1378 = CARTESIAN_POINT ( 'NONE',  ( 12.80000000000000071, -3.200000000000000178, 2.324999999999999734 ) ) ;
#1379 = CARTESIAN_POINT ( 'NONE',  ( -21.50178799781155092, -11.84999999999999964, 5.150000000000000355 ) ) ;
#1380 = EDGE_CURVE ( 'NONE', #818, #825, #688, .T. ) ;
#1381 = EDGE_LOOP ( 'NONE', ( #1302, #1292, #69, #321 ) ) ;
#1382 = CARTESIAN_POINT ( 'NONE',  ( -9.180000000000001492, -13.10000000000000142, -2.425000000000000266 ) ) ;
#1383 = CARTESIAN_POINT ( 'NONE',  ( -22.19999999999999929, 2.799999999999999822, -5.150000000000000355 ) ) ;
#1384 = ORIENTED_EDGE ( 'NONE', *, *, #1041, .T. ) ;
#1385 = CARTESIAN_POINT ( 'NONE',  ( 2.799999999999999822, -9.199999999999999289, -2.425000000000000266 ) ) ;
#1386 = ORIENTED_EDGE ( 'NONE', *, *, #633, .F. ) ;
#1387 = DIRECTION ( 'NONE',  ( 0.000000000000000000, 0.000000000000000000, -1.000000000000000000 ) ) ;
#1388 = CYLINDRICAL_SURFACE ( 'NONE', #394, 1.700000000000000178 ) ;
#1389 = EDGE_CURVE ( 'NONE', #847, #7, #98, .T. ) ;
#1390 = ORIENTED_EDGE ( 'NONE', *, *, #731, .T. ) ;
#1391 = VERTEX_POINT ( 'NONE', #1109 ) ;
#1392 = CARTESIAN_POINT ( 'NONE',  ( -9.679999999999999716, -16.00000000000000000, -2.425000000000000266 ) ) ;
#1393 = ORIENTED_EDGE ( 'NONE', *, *, #766, .T. ) ;
#1394 = CARTESIAN_POINT ( 'NONE',  ( -1.354368901949100534, 0.7806094195748917164, -5.149999999999998579 ) ) ;
#1395 = CARTESIAN_POINT ( 'NONE',  ( 2.799999999999999822, -8.699999999999999289, 2.324999999999999734 ) ) ;
#1396 = ORIENTED_EDGE ( 'NONE', *, *, #365, .F. ) ;
#1397 = EDGE_CURVE ( 'NONE', #543, #1241, #947, .T. ) ;
#1398 = B_SPLINE_CURVE_WITH_KNOTS ( 'NONE', 3,
 ( #1421, #1114, #896, #767 ),
 .UNSPECIFIED., .F., .F.,
 ( 4, 4 ),
 ( 0.000000000000000000, 1.000000000000000000 ),
 .UNSPECIFIED. ) ;
#1399 = CARTESIAN_POINT ( 'NONE',  ( -1.550000000000000044, 1.265468359118931886E-16, 5.150000000000000355 ) ) ;
#1400 = ORIENTED_EDGE ( 'NONE', *, *, #987, .T. ) ;
#1401 = CARTESIAN_POINT ( 'NONE',  ( -0.4036291937701679822, 1.510598027161405010, 5.150000000000000355 ) ) ;
#1402 = CARTESIAN_POINT ( 'NONE',  ( -20.95044486491657310, -9.101702699277991471, -5.149999999999999467 ) ) ;
#1403 = ORIENTED_EDGE ( 'NONE', *, *, #829, .T. ) ;
#1404 = CARTESIAN_POINT ( 'NONE',  ( 1.550000000000000488, -0.2028945255443344586, -5.149999999999999467 ) ) ;
#1405 = PRODUCT_DEFINITION_FORMATION_WITH_SPECIFIED_SOURCE ( 'ANY', '', #500, .NOT_KNOWN. ) ;
#1406 = UNCERTAINTY_MEASURE_WITH_UNIT (LENGTH_MEASURE( 1.000000000000000082E-05 ), #769, 'distance_accuracy_value', 'NONE');
#1407 = EDGE_CURVE ( 'NONE', #745, #619, #882, .T. ) ;
#1408 = FACE_BOUND ( 'NONE', #941, .T. ) ;
#1409 = ORIENTED_EDGE ( 'NONE', *, *, #502, .T. ) ;
#1410 = CARTESIAN_POINT ( 'NONE',  ( -1.239483605717180748, 0.9525474159611160285, -5.150000000000000355 ) ) ;
#1411 = CARTESIAN_POINT ( 'NONE',  ( -18.80000000000000071, 5.028285685708580921, -2.350000000000000089 ) ) ;
#1412 = VERTEX_POINT ( 'NONE', #665 ) ;
#1413 = CARTESIAN_POINT ( 'NONE',  ( -0.7800000000000000266, -15.66666666666666607, 2.324999999999999734 ) ) ;
#1414 = CARTESIAN_POINT ( 'NONE',  ( 12.80000000000000071, -9.199999999999999289, 2.324999999999999734 ) ) ;
#1415 = EDGE_CURVE ( 'NONE', #345, #1159, #447, .T. ) ;
#1416 = CARTESIAN_POINT ( 'NONE',  ( -1.509657648835890154, 0.4057092207568817055, -5.150000000000001243 ) ) ;
#1417 = CARTESIAN_POINT ( 'NONE',  ( -9.679999999999999716, -13.10000000000000142, 2.324999999999999734 ) ) ;
#1418 = VERTEX_POINT ( 'NONE', #135 ) ;
#1419 = CARTESIAN_POINT ( 'NONE',  ( -23.61013314503851390, 2.446601887391921082, -5.149999999999998579 ) ) ;
#1420 = ORIENTED_EDGE ( 'NONE', *, *, #1048, .T. ) ;
#1421 = CARTESIAN_POINT ( 'NONE',  ( 2.799999999999999822, -9.199999999999999289, 2.324999999999999734 ) ) ;
#1422 = DIRECTION ( 'NONE',  ( 1.000000000000000000, 0.000000000000000000, 0.000000000000000000 ) ) ;
#1423 = CARTESIAN_POINT ( 'NONE',  ( 2.446601887391922858, -11.71013314503852065, -5.150000000000000355 ) ) ;
#1424 = FACE_BOUND ( 'NONE', #748, .T. ) ;
#1425 = CARTESIAN_POINT ( 'NONE',  ( -21.35236588201559016, -11.78269140990894925, -5.149999999999999467 ) ) ;
#1426 = B_SPLINE_CURVE_WITH_KNOTS ( 'NONE', 3,
 ( #788, #803, #28, #1010 ),
 .UNSPECIFIED., .F., .F.,
 ( 4, 4 ),
 ( 0.000000000000000000, 1.000000000000000000 ),
 .UNSPECIFIED. ) ;
#1427 = AXIS2_PLACEMENT_3D ( 'NONE', #654, #675, #1428 ) ;
#1428 = DIRECTION ( 'NONE',  ( -1.432100250781743747E-16, 1.000000000000000000, 0.000000000000000000 ) ) ;
#1429 = DIRECTION ( 'NONE',  ( 0.000000000000000000, 0.000000000000000000, 1.000000000000000000 ) ) ;
#1430 = CARTESIAN_POINT ( 'NONE',  ( -9.679999999999999716, -16.00000000000000000, 2.324999999999999734 ) ) ;
#1431 = CARTESIAN_POINT ( 'NONE',  ( -0.7800000000000000266, -16.00000000000000000, -2.425000000000000266 ) ) ;
ENDSEC;
END-ISO-10303-21;
